question_ref,lo_code,question_type,question_text,explanation,subtopic_codes,difficulty,source,verified,option_key,option_text,answer_value,sort_order
d-1-01,D1,mc,A retail company stores 50TB of historical transaction data in Amazon S3 as gzipped CSV files; data scientists report that SageMaker training jobs spend most of their time loading and parsing data rather than training. The team will run dozens of experiments per week against the same dataset filtered by transaction date. Which approach will most improve training read performance while reducing storage cost?,Parquet is a columnar format that supports compression and predicate pushdown; partitioning by date lets training jobs read only the relevant partitions which dramatically reduces I/O and storage costs. CSV with more instances does not reduce parsing overhead or scan cost. JSON Lines is row-based and verbose so it does not help with read performance and EFS is much more expensive than S3 for read-mostly ML datasets. FSx for Lustre is useful but does not solve the inefficient CSV format and increases cost compared to optimizing the format in S3.,k-1-1-5|s-1-1-1|k-1-2-1,medium,ai-generated,FALSE,A,Keep the CSV format and increase the number of training instances to parallelize reads,FALSE,1
d-1-01,D1,mc,A retail company stores 50TB of historical transaction data in Amazon S3 as gzipped CSV files; data scientists report that SageMaker training jobs spend most of their time loading and parsing data rather than training. The team will run dozens of experiments per week against the same dataset filtered by transaction date. Which approach will most improve training read performance while reducing storage cost?,Parquet is a columnar format that supports compression and predicate pushdown; partitioning by date lets training jobs read only the relevant partitions which dramatically reduces I/O and storage costs. CSV with more instances does not reduce parsing overhead or scan cost. JSON Lines is row-based and verbose so it does not help with read performance and EFS is much more expensive than S3 for read-mostly ML datasets. FSx for Lustre is useful but does not solve the inefficient CSV format and increases cost compared to optimizing the format in S3.,k-1-1-5|s-1-1-1|k-1-2-1,medium,ai-generated,FALSE,B,Convert the data to Apache Parquet using an AWS Glue ETL job and partition by transaction date in S3,TRUE,2
d-1-01,D1,mc,A retail company stores 50TB of historical transaction data in Amazon S3 as gzipped CSV files; data scientists report that SageMaker training jobs spend most of their time loading and parsing data rather than training. The team will run dozens of experiments per week against the same dataset filtered by transaction date. Which approach will most improve training read performance while reducing storage cost?,Parquet is a columnar format that supports compression and predicate pushdown; partitioning by date lets training jobs read only the relevant partitions which dramatically reduces I/O and storage costs. CSV with more instances does not reduce parsing overhead or scan cost. JSON Lines is row-based and verbose so it does not help with read performance and EFS is much more expensive than S3 for read-mostly ML datasets. FSx for Lustre is useful but does not solve the inefficient CSV format and increases cost compared to optimizing the format in S3.,k-1-1-5|s-1-1-1|k-1-2-1,medium,ai-generated,FALSE,C,Convert the dataset to JSON Lines and store in Amazon EFS for high-throughput access,FALSE,3
d-1-01,D1,mc,A retail company stores 50TB of historical transaction data in Amazon S3 as gzipped CSV files; data scientists report that SageMaker training jobs spend most of their time loading and parsing data rather than training. The team will run dozens of experiments per week against the same dataset filtered by transaction date. Which approach will most improve training read performance while reducing storage cost?,Parquet is a columnar format that supports compression and predicate pushdown; partitioning by date lets training jobs read only the relevant partitions which dramatically reduces I/O and storage costs. CSV with more instances does not reduce parsing overhead or scan cost. JSON Lines is row-based and verbose so it does not help with read performance and EFS is much more expensive than S3 for read-mostly ML datasets. FSx for Lustre is useful but does not solve the inefficient CSV format and increases cost compared to optimizing the format in S3.,k-1-1-5|s-1-1-1|k-1-2-1,medium,ai-generated,FALSE,D,Move the CSV files to Amazon FSx for Lustre and continue using the existing format,FALSE,4
d-1-02,D1,mc,A media company wants to land high-volume clickstream events from its mobile apps into Amazon S3 for nightly model retraining; the team wants minimal operational overhead and prefers data to arrive in a query-efficient columnar format without writing custom processing code. Which ingestion approach best meets these requirements?,Kinesis Data Firehose offers built-in record format conversion to Parquet or ORC using a referenced AWS Glue table schema and delivers automatically to S3 with no custom code - the lowest-overhead managed path. Kinesis Data Streams plus a custom Lambda works but requires writing and operating consumer code which conflicts with the minimal-overhead goal. Self-managed Kafka adds significant operational burden. Direct S3 PUTs from mobile apps are not durable streaming and shift heavy work to clients.,k-1-1-2|s-1-1-1|k-1-2-1,medium,ai-generated,FALSE,A,Send events to Amazon Kinesis Data Streams and write a custom Lambda consumer that converts records to Parquet and writes to S3,FALSE,1
d-1-02,D1,mc,A media company wants to land high-volume clickstream events from its mobile apps into Amazon S3 for nightly model retraining; the team wants minimal operational overhead and prefers data to arrive in a query-efficient columnar format without writing custom processing code. Which ingestion approach best meets these requirements?,Kinesis Data Firehose offers built-in record format conversion to Parquet or ORC using a referenced AWS Glue table schema and delivers automatically to S3 with no custom code - the lowest-overhead managed path. Kinesis Data Streams plus a custom Lambda works but requires writing and operating consumer code which conflicts with the minimal-overhead goal. Self-managed Kafka adds significant operational burden. Direct S3 PUTs from mobile apps are not durable streaming and shift heavy work to clients.,k-1-1-2|s-1-1-1|k-1-2-1,medium,ai-generated,FALSE,B,Send events to Amazon Kinesis Data Firehose with built-in record format conversion to Parquet using a Glue table schema,TRUE,2
d-1-02,D1,mc,A media company wants to land high-volume clickstream events from its mobile apps into Amazon S3 for nightly model retraining; the team wants minimal operational overhead and prefers data to arrive in a query-efficient columnar format without writing custom processing code. Which ingestion approach best meets these requirements?,Kinesis Data Firehose offers built-in record format conversion to Parquet or ORC using a referenced AWS Glue table schema and delivers automatically to S3 with no custom code - the lowest-overhead managed path. Kinesis Data Streams plus a custom Lambda works but requires writing and operating consumer code which conflicts with the minimal-overhead goal. Self-managed Kafka adds significant operational burden. Direct S3 PUTs from mobile apps are not durable streaming and shift heavy work to clients.,k-1-1-2|s-1-1-1|k-1-2-1,medium,ai-generated,FALSE,C,Run a self-managed Apache Kafka cluster on EC2 and use Kafka Connect to write to S3 in CSV,FALSE,3
d-1-02,D1,mc,A media company wants to land high-volume clickstream events from its mobile apps into Amazon S3 for nightly model retraining; the team wants minimal operational overhead and prefers data to arrive in a query-efficient columnar format without writing custom processing code. Which ingestion approach best meets these requirements?,Kinesis Data Firehose offers built-in record format conversion to Parquet or ORC using a referenced AWS Glue table schema and delivers automatically to S3 with no custom code - the lowest-overhead managed path. Kinesis Data Streams plus a custom Lambda works but requires writing and operating consumer code which conflicts with the minimal-overhead goal. Self-managed Kafka adds significant operational burden. Direct S3 PUTs from mobile apps are not durable streaming and shift heavy work to clients.,k-1-1-2|s-1-1-1|k-1-2-1,medium,ai-generated,FALSE,D,Have mobile apps write directly to Amazon S3 using batched PUT requests with client-side Parquet conversion,FALSE,4
d-1-03,D1,mc,A research team runs distributed SageMaker training jobs that read the same 5TB tabular dataset for 200 epochs; the dataset currently exists as gzipped CSV in S3 and GPU utilization stays under 30% because workers spend time on I/O and CSV parsing. Which combination most efficiently raises training throughput?,Parquet eliminates expensive CSV parsing and supports columnar reads while FSx for Lustre linked to S3 provides high-throughput low-latency access for repeated multi-epoch reads while keeping the canonical dataset in S3. EFS is general-purpose and does not address CSV parsing cost. SageMaker File mode plus more memory does not address parsing or read latency. Per-job copies to instance-store waste time at the start of every job and do not scale across distributed training instances.,k-1-1-6|k-1-1-5|k-1-2-1|s-1-1-1,hard,ai-generated,FALSE,A,Use AWS Glue to convert the dataset to Parquet and use Amazon FSx for Lustre linked to the S3 bucket for SageMaker training input,TRUE,1
d-1-03,D1,mc,A research team runs distributed SageMaker training jobs that read the same 5TB tabular dataset for 200 epochs; the dataset currently exists as gzipped CSV in S3 and GPU utilization stays under 30% because workers spend time on I/O and CSV parsing. Which combination most efficiently raises training throughput?,Parquet eliminates expensive CSV parsing and supports columnar reads while FSx for Lustre linked to S3 provides high-throughput low-latency access for repeated multi-epoch reads while keeping the canonical dataset in S3. EFS is general-purpose and does not address CSV parsing cost. SageMaker File mode plus more memory does not address parsing or read latency. Per-job copies to instance-store waste time at the start of every job and do not scale across distributed training instances.,k-1-1-6|k-1-1-5|k-1-2-1|s-1-1-1,hard,ai-generated,FALSE,B,Replace S3 with Amazon EFS as the primary store for the gzipped CSV dataset,FALSE,2
d-1-03,D1,mc,A research team runs distributed SageMaker training jobs that read the same 5TB tabular dataset for 200 epochs; the dataset currently exists as gzipped CSV in S3 and GPU utilization stays under 30% because workers spend time on I/O and CSV parsing. Which combination most efficiently raises training throughput?,Parquet eliminates expensive CSV parsing and supports columnar reads while FSx for Lustre linked to S3 provides high-throughput low-latency access for repeated multi-epoch reads while keeping the canonical dataset in S3. EFS is general-purpose and does not address CSV parsing cost. SageMaker File mode plus more memory does not address parsing or read latency. Per-job copies to instance-store waste time at the start of every job and do not scale across distributed training instances.,k-1-1-6|k-1-1-5|k-1-2-1|s-1-1-1,hard,ai-generated,FALSE,C,Use SageMaker File mode with the existing CSV and increase instance memory,FALSE,3
d-1-03,D1,mc,A research team runs distributed SageMaker training jobs that read the same 5TB tabular dataset for 200 epochs; the dataset currently exists as gzipped CSV in S3 and GPU utilization stays under 30% because workers spend time on I/O and CSV parsing. Which combination most efficiently raises training throughput?,Parquet eliminates expensive CSV parsing and supports columnar reads while FSx for Lustre linked to S3 provides high-throughput low-latency access for repeated multi-epoch reads while keeping the canonical dataset in S3. EFS is general-purpose and does not address CSV parsing cost. SageMaker File mode plus more memory does not address parsing or read latency. Per-job copies to instance-store waste time at the start of every job and do not scale across distributed training instances.,k-1-1-6|k-1-1-5|k-1-2-1|s-1-1-1,hard,ai-generated,FALSE,D,Copy the gzipped CSV to instance-store volumes at the start of every training job,FALSE,4
d-1-04,D1,mr,A data engineering team is building an analytics layer over a multi-petabyte Amazon S3 data lake; data scientists need ad hoc SQL exploration while ETL developers need consistent table metadata for AWS Glue jobs and SageMaker Data Wrangler flows. Which TWO services together provide this capability with the least operational overhead? (Select TWO),Athena provides serverless SQL over S3 and uses the Glue Data Catalog as its metastore so queries scale without infrastructure management. The Glue Data Catalog is a shared metadata layer that Glue ETL Athena and SageMaker Data Wrangler can all reference - giving consistent schemas across consumers. FSx for Lustre is high-performance file storage for training not a data lake metadata or query layer. Kinesis Data Streams is for streaming ingestion not historical SQL. SageMaker Feature Store is for ML features not general data lake metadata.,k-1-1-5|k-1-1-8|k-1-2-5,medium,ai-generated,FALSE,A,Amazon Athena for serverless SQL queries against S3,TRUE,1
d-1-04,D1,mr,A data engineering team is building an analytics layer over a multi-petabyte Amazon S3 data lake; data scientists need ad hoc SQL exploration while ETL developers need consistent table metadata for AWS Glue jobs and SageMaker Data Wrangler flows. Which TWO services together provide this capability with the least operational overhead? (Select TWO),Athena provides serverless SQL over S3 and uses the Glue Data Catalog as its metastore so queries scale without infrastructure management. The Glue Data Catalog is a shared metadata layer that Glue ETL Athena and SageMaker Data Wrangler can all reference - giving consistent schemas across consumers. FSx for Lustre is high-performance file storage for training not a data lake metadata or query layer. Kinesis Data Streams is for streaming ingestion not historical SQL. SageMaker Feature Store is for ML features not general data lake metadata.,k-1-1-5|k-1-1-8|k-1-2-5,medium,ai-generated,FALSE,B,AWS Glue Data Catalog as the shared metadata store,TRUE,2
d-1-04,D1,mr,A data engineering team is building an analytics layer over a multi-petabyte Amazon S3 data lake; data scientists need ad hoc SQL exploration while ETL developers need consistent table metadata for AWS Glue jobs and SageMaker Data Wrangler flows. Which TWO services together provide this capability with the least operational overhead? (Select TWO),Athena provides serverless SQL over S3 and uses the Glue Data Catalog as its metastore so queries scale without infrastructure management. The Glue Data Catalog is a shared metadata layer that Glue ETL Athena and SageMaker Data Wrangler can all reference - giving consistent schemas across consumers. FSx for Lustre is high-performance file storage for training not a data lake metadata or query layer. Kinesis Data Streams is for streaming ingestion not historical SQL. SageMaker Feature Store is for ML features not general data lake metadata.,k-1-1-5|k-1-1-8|k-1-2-5,medium,ai-generated,FALSE,C,Amazon FSx for Lustre as the primary data lake storage,FALSE,3
d-1-04,D1,mr,A data engineering team is building an analytics layer over a multi-petabyte Amazon S3 data lake; data scientists need ad hoc SQL exploration while ETL developers need consistent table metadata for AWS Glue jobs and SageMaker Data Wrangler flows. Which TWO services together provide this capability with the least operational overhead? (Select TWO),Athena provides serverless SQL over S3 and uses the Glue Data Catalog as its metastore so queries scale without infrastructure management. The Glue Data Catalog is a shared metadata layer that Glue ETL Athena and SageMaker Data Wrangler can all reference - giving consistent schemas across consumers. FSx for Lustre is high-performance file storage for training not a data lake metadata or query layer. Kinesis Data Streams is for streaming ingestion not historical SQL. SageMaker Feature Store is for ML features not general data lake metadata.,k-1-1-5|k-1-1-8|k-1-2-5,medium,ai-generated,FALSE,D,Amazon Kinesis Data Streams to query historical S3 data,FALSE,4
d-1-04,D1,mr,A data engineering team is building an analytics layer over a multi-petabyte Amazon S3 data lake; data scientists need ad hoc SQL exploration while ETL developers need consistent table metadata for AWS Glue jobs and SageMaker Data Wrangler flows. Which TWO services together provide this capability with the least operational overhead? (Select TWO),Athena provides serverless SQL over S3 and uses the Glue Data Catalog as its metastore so queries scale without infrastructure management. The Glue Data Catalog is a shared metadata layer that Glue ETL Athena and SageMaker Data Wrangler can all reference - giving consistent schemas across consumers. FSx for Lustre is high-performance file storage for training not a data lake metadata or query layer. Kinesis Data Streams is for streaming ingestion not historical SQL. SageMaker Feature Store is for ML features not general data lake metadata.,k-1-1-5|k-1-1-8|k-1-2-5,medium,ai-generated,FALSE,E,SageMaker Feature Store as the metadata layer for the data lake,FALSE,5
d-1-05,D1,mc,A company already operates several on-premises Apache Kafka topics and plans to migrate the streaming workloads to AWS so that an Amazon EMR Spark Structured Streaming job can consume them as input to feature engineering. The team wants to keep its existing Kafka client libraries and configurations unchanged. Which AWS service is the best fit for the streaming layer?,Amazon MSK is a managed Apache Kafka service that supports native Kafka APIs and protocols so existing producers consumers and configurations can be reused with minimal changes - and EMR Spark has direct Kafka connectors. Kinesis Data Streams uses a Kinesis-specific API not the Kafka API and would require client rewrites. Firehose is a delivery service not a Kafka-compatible broker. SQS is a queue service not a streaming platform and is not Kafka-compatible.,k-1-1-4|k-1-2-2,medium,ai-generated,FALSE,A,Amazon Kinesis Data Streams,FALSE,1
d-1-05,D1,mc,A company already operates several on-premises Apache Kafka topics and plans to migrate the streaming workloads to AWS so that an Amazon EMR Spark Structured Streaming job can consume them as input to feature engineering. The team wants to keep its existing Kafka client libraries and configurations unchanged. Which AWS service is the best fit for the streaming layer?,Amazon MSK is a managed Apache Kafka service that supports native Kafka APIs and protocols so existing producers consumers and configurations can be reused with minimal changes - and EMR Spark has direct Kafka connectors. Kinesis Data Streams uses a Kinesis-specific API not the Kafka API and would require client rewrites. Firehose is a delivery service not a Kafka-compatible broker. SQS is a queue service not a streaming platform and is not Kafka-compatible.,k-1-1-4|k-1-2-2,medium,ai-generated,FALSE,B,Amazon Kinesis Data Firehose,FALSE,2
d-1-05,D1,mc,A company already operates several on-premises Apache Kafka topics and plans to migrate the streaming workloads to AWS so that an Amazon EMR Spark Structured Streaming job can consume them as input to feature engineering. The team wants to keep its existing Kafka client libraries and configurations unchanged. Which AWS service is the best fit for the streaming layer?,Amazon MSK is a managed Apache Kafka service that supports native Kafka APIs and protocols so existing producers consumers and configurations can be reused with minimal changes - and EMR Spark has direct Kafka connectors. Kinesis Data Streams uses a Kinesis-specific API not the Kafka API and would require client rewrites. Firehose is a delivery service not a Kafka-compatible broker. SQS is a queue service not a streaming platform and is not Kafka-compatible.,k-1-1-4|k-1-2-2,medium,ai-generated,FALSE,C,Amazon Managed Streaming for Apache Kafka (Amazon MSK),TRUE,3
d-1-05,D1,mc,A company already operates several on-premises Apache Kafka topics and plans to migrate the streaming workloads to AWS so that an Amazon EMR Spark Structured Streaming job can consume them as input to feature engineering. The team wants to keep its existing Kafka client libraries and configurations unchanged. Which AWS service is the best fit for the streaming layer?,Amazon MSK is a managed Apache Kafka service that supports native Kafka APIs and protocols so existing producers consumers and configurations can be reused with minimal changes - and EMR Spark has direct Kafka connectors. Kinesis Data Streams uses a Kinesis-specific API not the Kafka API and would require client rewrites. Firehose is a delivery service not a Kafka-compatible broker. SQS is a queue service not a streaming platform and is not Kafka-compatible.,k-1-1-4|k-1-2-2,medium,ai-generated,FALSE,D,Amazon SQS FIFO queues,FALSE,4
d-1-06,D1,mc,A finance team uses Amazon Athena to query a 4PB S3 data lake of trade data for ML feature generation; queries scan terabytes per run and costs have grown sharply. Files are currently stored as gzipped CSV partitioned only by year. Which combination of changes will most reduce both query time and cost?,Parquet is columnar and supports predicate pushdown and column projection which Athena uses to skip unread data; finer-grained partitions on commonly filtered columns drastically cut bytes scanned and Athena charges by bytes scanned. JSON Lines is row-based and verbose increasing scan size. Increasing concurrency does not reduce per-query bytes scanned. Migrating to Redshift is a much larger architectural change and the question asks how to make Athena efficient.,k-1-1-5|s-1-1-1|k-1-2-5,medium,ai-generated,FALSE,A,Convert to Apache Parquet with Snappy compression and add partitions on year month and trade desk,TRUE,1
d-1-06,D1,mc,A finance team uses Amazon Athena to query a 4PB S3 data lake of trade data for ML feature generation; queries scan terabytes per run and costs have grown sharply. Files are currently stored as gzipped CSV partitioned only by year. Which combination of changes will most reduce both query time and cost?,Parquet is columnar and supports predicate pushdown and column projection which Athena uses to skip unread data; finer-grained partitions on commonly filtered columns drastically cut bytes scanned and Athena charges by bytes scanned. JSON Lines is row-based and verbose increasing scan size. Increasing concurrency does not reduce per-query bytes scanned. Migrating to Redshift is a much larger architectural change and the question asks how to make Athena efficient.,k-1-1-5|s-1-1-1|k-1-2-5,medium,ai-generated,FALSE,B,Convert to JSON Lines with gzip and remove all partitioning to simplify queries,FALSE,2
d-1-06,D1,mc,A finance team uses Amazon Athena to query a 4PB S3 data lake of trade data for ML feature generation; queries scan terabytes per run and costs have grown sharply. Files are currently stored as gzipped CSV partitioned only by year. Which combination of changes will most reduce both query time and cost?,Parquet is columnar and supports predicate pushdown and column projection which Athena uses to skip unread data; finer-grained partitions on commonly filtered columns drastically cut bytes scanned and Athena charges by bytes scanned. JSON Lines is row-based and verbose increasing scan size. Increasing concurrency does not reduce per-query bytes scanned. Migrating to Redshift is a much larger architectural change and the question asks how to make Athena efficient.,k-1-1-5|s-1-1-1|k-1-2-5,medium,ai-generated,FALSE,C,Increase Athena workgroup query concurrency limits and keep CSV unchanged,FALSE,3
d-1-06,D1,mc,A finance team uses Amazon Athena to query a 4PB S3 data lake of trade data for ML feature generation; queries scan terabytes per run and costs have grown sharply. Files are currently stored as gzipped CSV partitioned only by year. Which combination of changes will most reduce both query time and cost?,Parquet is columnar and supports predicate pushdown and column projection which Athena uses to skip unread data; finer-grained partitions on commonly filtered columns drastically cut bytes scanned and Athena charges by bytes scanned. JSON Lines is row-based and verbose increasing scan size. Increasing concurrency does not reduce per-query bytes scanned. Migrating to Redshift is a much larger architectural change and the question asks how to make Athena efficient.,k-1-1-5|s-1-1-1|k-1-2-5,medium,ai-generated,FALSE,D,Migrate the data to Amazon Redshift and stop using Athena,FALSE,4
d-1-07,D1,mc,A regulated insurance company stores claims data in Amazon S3 and uses SageMaker Data Wrangler for feature engineering; auditors require that some data scientists can read only non-sensitive columns while others can read all columns and all access must be auditable and managed centrally. Which approach best meets these requirements?,Lake Formation provides centralized fine-grained access control including column-level and row-level permissions on Glue Data Catalog tables and integrates with Athena Glue and SageMaker tools - all access is logged through CloudTrail. S3 bucket policies operate at the object level and cannot grant or deny specific columns. KMS controls encryption keys not column-level data access. Presigned URLs do not enforce per-column access and are operationally unscalable.,k-1-1-8|k-1-2-4,medium,ai-generated,FALSE,A,Apply only S3 bucket policies that restrict access by IAM principal,FALSE,1
d-1-07,D1,mc,A regulated insurance company stores claims data in Amazon S3 and uses SageMaker Data Wrangler for feature engineering; auditors require that some data scientists can read only non-sensitive columns while others can read all columns and all access must be auditable and managed centrally. Which approach best meets these requirements?,Lake Formation provides centralized fine-grained access control including column-level and row-level permissions on Glue Data Catalog tables and integrates with Athena Glue and SageMaker tools - all access is logged through CloudTrail. S3 bucket policies operate at the object level and cannot grant or deny specific columns. KMS controls encryption keys not column-level data access. Presigned URLs do not enforce per-column access and are operationally unscalable.,k-1-1-8|k-1-2-4,medium,ai-generated,FALSE,B,Encrypt the bucket with KMS and rely on KMS key policies for column-level controls,FALSE,2
d-1-07,D1,mc,A regulated insurance company stores claims data in Amazon S3 and uses SageMaker Data Wrangler for feature engineering; auditors require that some data scientists can read only non-sensitive columns while others can read all columns and all access must be auditable and managed centrally. Which approach best meets these requirements?,Lake Formation provides centralized fine-grained access control including column-level and row-level permissions on Glue Data Catalog tables and integrates with Athena Glue and SageMaker tools - all access is logged through CloudTrail. S3 bucket policies operate at the object level and cannot grant or deny specific columns. KMS controls encryption keys not column-level data access. Presigned URLs do not enforce per-column access and are operationally unscalable.,k-1-1-8|k-1-2-4,medium,ai-generated,FALSE,C,Register the S3 location with AWS Lake Formation and define column-level permissions on the Glue tables consumed by Data Wrangler,TRUE,3
d-1-07,D1,mc,A regulated insurance company stores claims data in Amazon S3 and uses SageMaker Data Wrangler for feature engineering; auditors require that some data scientists can read only non-sensitive columns while others can read all columns and all access must be auditable and managed centrally. Which approach best meets these requirements?,Lake Formation provides centralized fine-grained access control including column-level and row-level permissions on Glue Data Catalog tables and integrates with Athena Glue and SageMaker tools - all access is logged through CloudTrail. S3 bucket policies operate at the object level and cannot grant or deny specific columns. KMS controls encryption keys not column-level data access. Presigned URLs do not enforce per-column access and are operationally unscalable.,k-1-1-8|k-1-2-4,medium,ai-generated,FALSE,D,Generate per-user S3 presigned URLs for each Parquet file consumed by Data Wrangler,FALSE,4
d-1-08,D1,mc,A payment processor needs sub-100ms feature lookups for a fraud-detection model invoked at transaction time; features are derived from a high-throughput event stream. The same features must also be available offline for retraining. Which architecture best meets both online and offline requirements?,SageMaker Feature Store supports paired online and offline stores - the online store provides millisecond lookups for inference while the offline store backs training and analytics from the same feature definitions. Kinesis Data Streams supports the high-throughput low-latency event ingestion required for real-time feature computation. Athena queries on S3 are not designed for sub-100ms inference paths. EFS file reads are not optimized for low-latency ML feature lookup. Building a custom DynamoDB plus nightly rebuild reinvents Feature Store and forfeits its managed integration with SageMaker.,k-1-1-3|k-1-2-7,hard,ai-generated,FALSE,A,Land events with Kinesis Data Firehose into S3 only and query features with Athena at inference time,FALSE,1
d-1-08,D1,mc,A payment processor needs sub-100ms feature lookups for a fraud-detection model invoked at transaction time; features are derived from a high-throughput event stream. The same features must also be available offline for retraining. Which architecture best meets both online and offline requirements?,SageMaker Feature Store supports paired online and offline stores - the online store provides millisecond lookups for inference while the offline store backs training and analytics from the same feature definitions. Kinesis Data Streams supports the high-throughput low-latency event ingestion required for real-time feature computation. Athena queries on S3 are not designed for sub-100ms inference paths. EFS file reads are not optimized for low-latency ML feature lookup. Building a custom DynamoDB plus nightly rebuild reinvents Feature Store and forfeits its managed integration with SageMaker.,k-1-1-3|k-1-2-7,hard,ai-generated,FALSE,B,Stream events through Kinesis Data Streams; compute features and write to both the SageMaker Feature Store online and offline stores,TRUE,2
d-1-08,D1,mc,A payment processor needs sub-100ms feature lookups for a fraud-detection model invoked at transaction time; features are derived from a high-throughput event stream. The same features must also be available offline for retraining. Which architecture best meets both online and offline requirements?,SageMaker Feature Store supports paired online and offline stores - the online store provides millisecond lookups for inference while the offline store backs training and analytics from the same feature definitions. Kinesis Data Streams supports the high-throughput low-latency event ingestion required for real-time feature computation. Athena queries on S3 are not designed for sub-100ms inference paths. EFS file reads are not optimized for low-latency ML feature lookup. Building a custom DynamoDB plus nightly rebuild reinvents Feature Store and forfeits its managed integration with SageMaker.,k-1-1-3|k-1-2-7,hard,ai-generated,FALSE,C,Use Amazon EFS as a feature cache and have the inference service read files at request time,FALSE,3
d-1-08,D1,mc,A payment processor needs sub-100ms feature lookups for a fraud-detection model invoked at transaction time; features are derived from a high-throughput event stream. The same features must also be available offline for retraining. Which architecture best meets both online and offline requirements?,SageMaker Feature Store supports paired online and offline stores - the online store provides millisecond lookups for inference while the offline store backs training and analytics from the same feature definitions. Kinesis Data Streams supports the high-throughput low-latency event ingestion required for real-time feature computation. Athena queries on S3 are not designed for sub-100ms inference paths. EFS file reads are not optimized for low-latency ML feature lookup. Building a custom DynamoDB plus nightly rebuild reinvents Feature Store and forfeits its managed integration with SageMaker.,k-1-1-3|k-1-2-7,hard,ai-generated,FALSE,D,Store all features in DynamoDB only and rebuild S3 datasets nightly with a custom job,FALSE,4
d-1-09,D1,mc,A medical imaging startup has 1.2 million unlabeled DICOM images in Amazon S3 and needs high-quality bounding box labels from clinical annotators with consistent quality controls and audit trails before training a detection model. Which approach is most appropriate?,SageMaker Ground Truth supports private public and vendor workforces with built-in label consolidation auto-labeling and audit trails - the right fit when domain experts must label data stored in S3. Rekognition Custom Labels itself requires labeled training data and is not a labeling workflow. Email-based distribution lacks auditability quality controls and integration with downstream ML pipelines. SageMaker Clarify analyzes bias and explainability and does not perform labeling.,k-1-1-5|k-1-3-1,medium,ai-generated,FALSE,A,Use Amazon Rekognition Custom Labels to auto-generate bounding boxes,FALSE,1
d-1-09,D1,mc,A medical imaging startup has 1.2 million unlabeled DICOM images in Amazon S3 and needs high-quality bounding box labels from clinical annotators with consistent quality controls and audit trails before training a detection model. Which approach is most appropriate?,SageMaker Ground Truth supports private public and vendor workforces with built-in label consolidation auto-labeling and audit trails - the right fit when domain experts must label data stored in S3. Rekognition Custom Labels itself requires labeled training data and is not a labeling workflow. Email-based distribution lacks auditability quality controls and integration with downstream ML pipelines. SageMaker Clarify analyzes bias and explainability and does not perform labeling.,k-1-1-5|k-1-3-1,medium,ai-generated,FALSE,B,Use Amazon SageMaker Ground Truth with a private workforce and built-in label consolidation against the S3 data,TRUE,2
d-1-09,D1,mc,A medical imaging startup has 1.2 million unlabeled DICOM images in Amazon S3 and needs high-quality bounding box labels from clinical annotators with consistent quality controls and audit trails before training a detection model. Which approach is most appropriate?,SageMaker Ground Truth supports private public and vendor workforces with built-in label consolidation auto-labeling and audit trails - the right fit when domain experts must label data stored in S3. Rekognition Custom Labels itself requires labeled training data and is not a labeling workflow. Email-based distribution lacks auditability quality controls and integration with downstream ML pipelines. SageMaker Clarify analyzes bias and explainability and does not perform labeling.,k-1-1-5|k-1-3-1,medium,ai-generated,FALSE,C,Manually distribute images via email to annotators and collect labels through spreadsheets,FALSE,3
d-1-09,D1,mc,A medical imaging startup has 1.2 million unlabeled DICOM images in Amazon S3 and needs high-quality bounding box labels from clinical annotators with consistent quality controls and audit trails before training a detection model. Which approach is most appropriate?,SageMaker Ground Truth supports private public and vendor workforces with built-in label consolidation auto-labeling and audit trails - the right fit when domain experts must label data stored in S3. Rekognition Custom Labels itself requires labeled training data and is not a labeling workflow. Email-based distribution lacks auditability quality controls and integration with downstream ML pipelines. SageMaker Clarify analyzes bias and explainability and does not perform labeling.,k-1-1-5|k-1-3-1,medium,ai-generated,FALSE,D,Use SageMaker Clarify to label images automatically before training,FALSE,4
d-1-10,D1,mc,A logistics company ingests vehicle telemetry through Amazon Kinesis Data Firehose into Amazon S3; downstream training jobs began producing degraded models because some sensors started reporting nulls and out-of-range values. The team wants automated checks before data reaches the training set with minimal custom code. Which solution is most appropriate?,AWS Glue Data Quality lets teams declare DQDL rules - including completeness uniqueness range and freshness checks - against Glue Catalog tables and run them as part of pipelines with minimal code. CloudWatch alarms on Firehose metrics track delivery health not record-level data quality. SageMaker Model Monitor evaluates model inputs and outputs at inference time which is too late to keep bad data out of training. Manual spot checks are not reliable or scalable across millions of records per day.,k-1-1-2|k-1-3-4,medium,ai-generated,FALSE,A,Add AWS Glue Data Quality rules that validate completeness and value ranges on the cataloged dataset and stop downstream jobs on rule failure,TRUE,1
d-1-10,D1,mc,A logistics company ingests vehicle telemetry through Amazon Kinesis Data Firehose into Amazon S3; downstream training jobs began producing degraded models because some sensors started reporting nulls and out-of-range values. The team wants automated checks before data reaches the training set with minimal custom code. Which solution is most appropriate?,AWS Glue Data Quality lets teams declare DQDL rules - including completeness uniqueness range and freshness checks - against Glue Catalog tables and run them as part of pipelines with minimal code. CloudWatch alarms on Firehose metrics track delivery health not record-level data quality. SageMaker Model Monitor evaluates model inputs and outputs at inference time which is too late to keep bad data out of training. Manual spot checks are not reliable or scalable across millions of records per day.,k-1-1-2|k-1-3-4,medium,ai-generated,FALSE,B,Create CloudWatch alarms on Firehose error and delivery metrics,FALSE,2
d-1-10,D1,mc,A logistics company ingests vehicle telemetry through Amazon Kinesis Data Firehose into Amazon S3; downstream training jobs began producing degraded models because some sensors started reporting nulls and out-of-range values. The team wants automated checks before data reaches the training set with minimal custom code. Which solution is most appropriate?,AWS Glue Data Quality lets teams declare DQDL rules - including completeness uniqueness range and freshness checks - against Glue Catalog tables and run them as part of pipelines with minimal code. CloudWatch alarms on Firehose metrics track delivery health not record-level data quality. SageMaker Model Monitor evaluates model inputs and outputs at inference time which is too late to keep bad data out of training. Manual spot checks are not reliable or scalable across millions of records per day.,k-1-1-2|k-1-3-4,medium,ai-generated,FALSE,C,Configure SageMaker Model Monitor on the production endpoint to detect bad data,FALSE,3
d-1-10,D1,mc,A logistics company ingests vehicle telemetry through Amazon Kinesis Data Firehose into Amazon S3; downstream training jobs began producing degraded models because some sensors started reporting nulls and out-of-range values. The team wants automated checks before data reaches the training set with minimal custom code. Which solution is most appropriate?,AWS Glue Data Quality lets teams declare DQDL rules - including completeness uniqueness range and freshness checks - against Glue Catalog tables and run them as part of pipelines with minimal code. CloudWatch alarms on Firehose metrics track delivery health not record-level data quality. SageMaker Model Monitor evaluates model inputs and outputs at inference time which is too late to keep bad data out of training. Manual spot checks are not reliable or scalable across millions of records per day.,k-1-1-2|k-1-3-4,medium,ai-generated,FALSE,D,Have data scientists spot-check files in S3 before each training run,FALSE,4
d-1-11,D1,mr,A hospital network is building an ML pipeline that uses patient records subject to HIPAA; raw data lands in Amazon S3 and feeds AWS Glue jobs and SageMaker training. Which TWO controls best help protect PHI and identify accidental exposure within this pipeline? (Select TWO),KMS customer-managed keys combined with bucket policies that deny unencrypted requests enforce encryption at rest and in transit and provide auditable key usage; Macie automatically discovers and alerts on sensitive data such as PHI in S3 buckets. Public buckets violate HIPAA controls. Long-lived presigned URLs bypass IAM and reduce auditability. Disabling CloudTrail eliminates the audit trail required for compliance investigations and detection.,k-1-1-5|k-1-3-5|s-1-3-1,hard,ai-generated,FALSE,A,Encrypt the S3 buckets with AWS KMS customer-managed keys and apply bucket policies that deny unencrypted requests,TRUE,1
d-1-11,D1,mr,A hospital network is building an ML pipeline that uses patient records subject to HIPAA; raw data lands in Amazon S3 and feeds AWS Glue jobs and SageMaker training. Which TWO controls best help protect PHI and identify accidental exposure within this pipeline? (Select TWO),KMS customer-managed keys combined with bucket policies that deny unencrypted requests enforce encryption at rest and in transit and provide auditable key usage; Macie automatically discovers and alerts on sensitive data such as PHI in S3 buckets. Public buckets violate HIPAA controls. Long-lived presigned URLs bypass IAM and reduce auditability. Disabling CloudTrail eliminates the audit trail required for compliance investigations and detection.,k-1-1-5|k-1-3-5|s-1-3-1,hard,ai-generated,FALSE,B,Enable Amazon Macie to scan the S3 buckets and alert on sensitive data findings,TRUE,2
d-1-11,D1,mr,A hospital network is building an ML pipeline that uses patient records subject to HIPAA; raw data lands in Amazon S3 and feeds AWS Glue jobs and SageMaker training. Which TWO controls best help protect PHI and identify accidental exposure within this pipeline? (Select TWO),KMS customer-managed keys combined with bucket policies that deny unencrypted requests enforce encryption at rest and in transit and provide auditable key usage; Macie automatically discovers and alerts on sensitive data such as PHI in S3 buckets. Public buckets violate HIPAA controls. Long-lived presigned URLs bypass IAM and reduce auditability. Disabling CloudTrail eliminates the audit trail required for compliance investigations and detection.,k-1-1-5|k-1-3-5|s-1-3-1,hard,ai-generated,FALSE,C,Make the S3 buckets public-read so internal users do not need credentials,FALSE,3
d-1-11,D1,mr,A hospital network is building an ML pipeline that uses patient records subject to HIPAA; raw data lands in Amazon S3 and feeds AWS Glue jobs and SageMaker training. Which TWO controls best help protect PHI and identify accidental exposure within this pipeline? (Select TWO),KMS customer-managed keys combined with bucket policies that deny unencrypted requests enforce encryption at rest and in transit and provide auditable key usage; Macie automatically discovers and alerts on sensitive data such as PHI in S3 buckets. Public buckets violate HIPAA controls. Long-lived presigned URLs bypass IAM and reduce auditability. Disabling CloudTrail eliminates the audit trail required for compliance investigations and detection.,k-1-1-5|k-1-3-5|s-1-3-1,hard,ai-generated,FALSE,D,Distribute patient records via long-lived S3 presigned URLs to data scientists,FALSE,4
d-1-11,D1,mr,A hospital network is building an ML pipeline that uses patient records subject to HIPAA; raw data lands in Amazon S3 and feeds AWS Glue jobs and SageMaker training. Which TWO controls best help protect PHI and identify accidental exposure within this pipeline? (Select TWO),KMS customer-managed keys combined with bucket policies that deny unencrypted requests enforce encryption at rest and in transit and provide auditable key usage; Macie automatically discovers and alerts on sensitive data such as PHI in S3 buckets. Public buckets violate HIPAA controls. Long-lived presigned URLs bypass IAM and reduce auditability. Disabling CloudTrail eliminates the audit trail required for compliance investigations and detection.,k-1-1-5|k-1-3-5|s-1-3-1,hard,ai-generated,FALSE,E,Disable CloudTrail logging on the data accounts to reduce log volume,FALSE,5
d-1-12,D1,mc,An ML team is preparing a credit-decisioning dataset stored in Amazon S3 and cataloged in AWS Glue; before training the team wants to quantify class imbalance between approved and denied applicants and check for representation bias across protected attributes such as gender and age group. Which AWS capability is purpose-built for this task?,SageMaker Clarify supports pre-training bias metrics such as class imbalance and difference in proportions of positive labels across protected attributes - exactly the audit being requested before model training. Model Monitor focuses on production data and prediction drift not pre-training bias. DataBrew profiling provides general statistics like distributions but not the specific bias metrics that Clarify implements. QuickSight ML Insights surfaces business-level anomalies and forecasts not pre-training bias.,k-1-1-8|k-1-3-2,medium,ai-generated,FALSE,A,SageMaker Clarify pre-training bias analysis,TRUE,1
d-1-12,D1,mc,An ML team is preparing a credit-decisioning dataset stored in Amazon S3 and cataloged in AWS Glue; before training the team wants to quantify class imbalance between approved and denied applicants and check for representation bias across protected attributes such as gender and age group. Which AWS capability is purpose-built for this task?,SageMaker Clarify supports pre-training bias metrics such as class imbalance and difference in proportions of positive labels across protected attributes - exactly the audit being requested before model training. Model Monitor focuses on production data and prediction drift not pre-training bias. DataBrew profiling provides general statistics like distributions but not the specific bias metrics that Clarify implements. QuickSight ML Insights surfaces business-level anomalies and forecasts not pre-training bias.,k-1-1-8|k-1-3-2,medium,ai-generated,FALSE,B,SageMaker Model Monitor data quality jobs,FALSE,2
d-1-12,D1,mc,An ML team is preparing a credit-decisioning dataset stored in Amazon S3 and cataloged in AWS Glue; before training the team wants to quantify class imbalance between approved and denied applicants and check for representation bias across protected attributes such as gender and age group. Which AWS capability is purpose-built for this task?,SageMaker Clarify supports pre-training bias metrics such as class imbalance and difference in proportions of positive labels across protected attributes - exactly the audit being requested before model training. Model Monitor focuses on production data and prediction drift not pre-training bias. DataBrew profiling provides general statistics like distributions but not the specific bias metrics that Clarify implements. QuickSight ML Insights surfaces business-level anomalies and forecasts not pre-training bias.,k-1-1-8|k-1-3-2,medium,ai-generated,FALSE,C,AWS Glue DataBrew profiling jobs,FALSE,3
d-1-12,D1,mc,An ML team is preparing a credit-decisioning dataset stored in Amazon S3 and cataloged in AWS Glue; before training the team wants to quantify class imbalance between approved and denied applicants and check for representation bias across protected attributes such as gender and age group. Which AWS capability is purpose-built for this task?,SageMaker Clarify supports pre-training bias metrics such as class imbalance and difference in proportions of positive labels across protected attributes - exactly the audit being requested before model training. Model Monitor focuses on production data and prediction drift not pre-training bias. DataBrew profiling provides general statistics like distributions but not the specific bias metrics that Clarify implements. QuickSight ML Insights surfaces business-level anomalies and forecasts not pre-training bias.,k-1-1-8|k-1-3-2,medium,ai-generated,FALSE,D,Amazon QuickSight ML Insights,FALSE,4
d-1-13,D1,mc,A team is training a fraud model on a CSV dataset in Amazon S3 where only 0.3% of records are positive examples; the resulting model has high overall accuracy but near-zero recall on fraud cases. Which sampling change is most likely to improve recall while preserving information from the majority class?,SMOTE generates synthetic minority samples giving the model more positive signal without discarding majority data; class weighting and stratified sampling are common alternatives that also work. Dropping the minority class removes the very signal the model needs to learn. Mean imputation is a missing-value strategy and does nothing to address class imbalance. Undersampling the minority class is incoherent - the minority is already too small - so this option is wrong on its face.,k-1-1-5|s-1-1-1|k-1-3-3|s-1-3-2,hard,ai-generated,FALSE,A,Apply SMOTE to synthesize new minority-class examples in the training set,TRUE,1
d-1-13,D1,mc,A team is training a fraud model on a CSV dataset in Amazon S3 where only 0.3% of records are positive examples; the resulting model has high overall accuracy but near-zero recall on fraud cases. Which sampling change is most likely to improve recall while preserving information from the majority class?,SMOTE generates synthetic minority samples giving the model more positive signal without discarding majority data; class weighting and stratified sampling are common alternatives that also work. Dropping the minority class removes the very signal the model needs to learn. Mean imputation is a missing-value strategy and does nothing to address class imbalance. Undersampling the minority class is incoherent - the minority is already too small - so this option is wrong on its face.,k-1-1-5|s-1-1-1|k-1-3-3|s-1-3-2,hard,ai-generated,FALSE,B,Drop the minority class entirely and reframe the problem as anomaly scoring over majority statistics,FALSE,2
d-1-13,D1,mc,A team is training a fraud model on a CSV dataset in Amazon S3 where only 0.3% of records are positive examples; the resulting model has high overall accuracy but near-zero recall on fraud cases. Which sampling change is most likely to improve recall while preserving information from the majority class?,SMOTE generates synthetic minority samples giving the model more positive signal without discarding majority data; class weighting and stratified sampling are common alternatives that also work. Dropping the minority class removes the very signal the model needs to learn. Mean imputation is a missing-value strategy and does nothing to address class imbalance. Undersampling the minority class is incoherent - the minority is already too small - so this option is wrong on its face.,k-1-1-5|s-1-1-1|k-1-3-3|s-1-3-2,hard,ai-generated,FALSE,C,Train on the unmodified dataset and apply mean imputation to any missing feature values,FALSE,3
d-1-13,D1,mc,A team is training a fraud model on a CSV dataset in Amazon S3 where only 0.3% of records are positive examples; the resulting model has high overall accuracy but near-zero recall on fraud cases. Which sampling change is most likely to improve recall while preserving information from the majority class?,SMOTE generates synthetic minority samples giving the model more positive signal without discarding majority data; class weighting and stratified sampling are common alternatives that also work. Dropping the minority class removes the very signal the model needs to learn. Mean imputation is a missing-value strategy and does nothing to address class imbalance. Undersampling the minority class is incoherent - the minority is already too small - so this option is wrong on its face.,k-1-1-5|s-1-1-1|k-1-3-3|s-1-3-2,hard,ai-generated,FALSE,D,Apply random undersampling of the minority class to match the majority count,FALSE,4
d-1-14,D1,mc,A team uses Amazon Kinesis Data Firehose to deliver semi-structured JSON events from many producers into Amazon S3; downstream Glue jobs began failing intermittently after producers added new fields and changed types without coordination. Which approach best prevents these schema-change failures from breaking the training data pipeline?,The AWS Glue Schema Registry centrally manages schemas and enforces compatibility rules - producers can validate before publishing and consumers can evolve safely. Manual catalog updates after failures are reactive and fragile. Silently dropping records with unknown fields loses information and breaks new features as soon as they ship. Firehose buffer size has no effect on schema compatibility.,k-1-1-2|k-1-1-8|k-1-3-4,hard,ai-generated,FALSE,A,Manually update Glue table definitions whenever a downstream job fails,FALSE,1
d-1-14,D1,mc,A team uses Amazon Kinesis Data Firehose to deliver semi-structured JSON events from many producers into Amazon S3; downstream Glue jobs began failing intermittently after producers added new fields and changed types without coordination. Which approach best prevents these schema-change failures from breaking the training data pipeline?,The AWS Glue Schema Registry centrally manages schemas and enforces compatibility rules - producers can validate before publishing and consumers can evolve safely. Manual catalog updates after failures are reactive and fragile. Silently dropping records with unknown fields loses information and breaks new features as soon as they ship. Firehose buffer size has no effect on schema compatibility.,k-1-1-2|k-1-1-8|k-1-3-4,hard,ai-generated,FALSE,B,Use the AWS Glue Schema Registry with producer-side schema validation and configured compatibility rules,TRUE,2
d-1-14,D1,mc,A team uses Amazon Kinesis Data Firehose to deliver semi-structured JSON events from many producers into Amazon S3; downstream Glue jobs began failing intermittently after producers added new fields and changed types without coordination. Which approach best prevents these schema-change failures from breaking the training data pipeline?,The AWS Glue Schema Registry centrally manages schemas and enforces compatibility rules - producers can validate before publishing and consumers can evolve safely. Manual catalog updates after failures are reactive and fragile. Silently dropping records with unknown fields loses information and breaks new features as soon as they ship. Firehose buffer size has no effect on schema compatibility.,k-1-1-2|k-1-1-8|k-1-3-4,hard,ai-generated,FALSE,C,Drop any record with a previously unseen field in a Lambda Firehose transform,FALSE,3
d-1-14,D1,mc,A team uses Amazon Kinesis Data Firehose to deliver semi-structured JSON events from many producers into Amazon S3; downstream Glue jobs began failing intermittently after producers added new fields and changed types without coordination. Which approach best prevents these schema-change failures from breaking the training data pipeline?,The AWS Glue Schema Registry centrally manages schemas and enforces compatibility rules - producers can validate before publishing and consumers can evolve safely. Manual catalog updates after failures are reactive and fragile. Silently dropping records with unknown fields loses information and breaks new features as soon as they ship. Firehose buffer size has no effect on schema compatibility.,k-1-1-2|k-1-1-8|k-1-3-4,hard,ai-generated,FALSE,D,Increase Firehose buffer size so records with schema changes are batched together,FALSE,4
d-1-15,D1,mc,A team is preparing a retail demand-forecasting model from three years of daily sales records stored in Amazon S3; an engineer proposes a random 80/20 train-test split. The lead ML engineer rejects this approach. What is the most appropriate way to split this dataset?,For time-series forecasting random splits leak future information into the training set and produce optimistic offline metrics that do not reflect deployment performance; a chronological split where the test set is the most recent contiguous time window respects temporal order. Stratified random sampling on day-of-week still shuffles time and causes leakage. K-fold cross-validation with random shuffling has the same leakage problem. Leave-one-store-out tests store generalization but does not address the time-leakage issue which is the primary concern for forecasting.,k-1-1-5|s-1-3-2,medium,ai-generated,FALSE,A,Use a chronological split where the test set is the most recent contiguous time window,TRUE,1
d-1-15,D1,mc,A team is preparing a retail demand-forecasting model from three years of daily sales records stored in Amazon S3; an engineer proposes a random 80/20 train-test split. The lead ML engineer rejects this approach. What is the most appropriate way to split this dataset?,For time-series forecasting random splits leak future information into the training set and produce optimistic offline metrics that do not reflect deployment performance; a chronological split where the test set is the most recent contiguous time window respects temporal order. Stratified random sampling on day-of-week still shuffles time and causes leakage. K-fold cross-validation with random shuffling has the same leakage problem. Leave-one-store-out tests store generalization but does not address the time-leakage issue which is the primary concern for forecasting.,k-1-1-5|s-1-3-2,medium,ai-generated,FALSE,B,Use stratified random sampling on the day-of-week column,FALSE,2
d-1-15,D1,mc,A team is preparing a retail demand-forecasting model from three years of daily sales records stored in Amazon S3; an engineer proposes a random 80/20 train-test split. The lead ML engineer rejects this approach. What is the most appropriate way to split this dataset?,For time-series forecasting random splits leak future information into the training set and produce optimistic offline metrics that do not reflect deployment performance; a chronological split where the test set is the most recent contiguous time window respects temporal order. Stratified random sampling on day-of-week still shuffles time and causes leakage. K-fold cross-validation with random shuffling has the same leakage problem. Leave-one-store-out tests store generalization but does not address the time-leakage issue which is the primary concern for forecasting.,k-1-1-5|s-1-3-2,medium,ai-generated,FALSE,C,Use k-fold cross-validation with random shuffling across all dates,FALSE,3
d-1-15,D1,mc,A team is preparing a retail demand-forecasting model from three years of daily sales records stored in Amazon S3; an engineer proposes a random 80/20 train-test split. The lead ML engineer rejects this approach. What is the most appropriate way to split this dataset?,For time-series forecasting random splits leak future information into the training set and produce optimistic offline metrics that do not reflect deployment performance; a chronological split where the test set is the most recent contiguous time window respects temporal order. Stratified random sampling on day-of-week still shuffles time and causes leakage. K-fold cross-validation with random shuffling has the same leakage problem. Leave-one-store-out tests store generalization but does not address the time-leakage issue which is the primary concern for forecasting.,k-1-1-5|s-1-3-2,medium,ai-generated,FALSE,D,Use leave-one-store-out cross-validation across all records,FALSE,4
d-1-16,D1,mc,An EU-headquartered bank trains models on customer data and must comply with data-residency requirements that prohibit personal data from leaving EU regions. The team also uses S3 cross-region replication for some non-personal datasets. Which design correctly upholds residency while still allowing legitimate cross-region replication for non-personal data?,Residency is fundamentally about where data physically resides; keeping EU personal data in EU-region S3 buckets with replication scoped to other EU regions enforces this while non-personal buckets can replicate freely. Storing EU personal data in us-east-1 violates residency regardless of access logs. Replicating personal data to us-east-1 also violates residency. KMS keys are regional resources; using a us-east-1 key forces cryptographic operations through us-east-1 and is incompatible with strict residency for the underlying data.,k-1-1-5|k-1-3-5,medium,ai-generated,FALSE,A,Store all data in us-east-1 and rely on access logs to demonstrate compliance,FALSE,1
d-1-16,D1,mc,An EU-headquartered bank trains models on customer data and must comply with data-residency requirements that prohibit personal data from leaving EU regions. The team also uses S3 cross-region replication for some non-personal datasets. Which design correctly upholds residency while still allowing legitimate cross-region replication for non-personal data?,Residency is fundamentally about where data physically resides; keeping EU personal data in EU-region S3 buckets with replication scoped to other EU regions enforces this while non-personal buckets can replicate freely. Storing EU personal data in us-east-1 violates residency regardless of access logs. Replicating personal data to us-east-1 also violates residency. KMS keys are regional resources; using a us-east-1 key forces cryptographic operations through us-east-1 and is incompatible with strict residency for the underlying data.,k-1-1-5|k-1-3-5,medium,ai-generated,FALSE,B,Store EU personal data in EU-region S3 buckets with replication disabled or restricted to EU regions only,TRUE,2
d-1-16,D1,mc,An EU-headquartered bank trains models on customer data and must comply with data-residency requirements that prohibit personal data from leaving EU regions. The team also uses S3 cross-region replication for some non-personal datasets. Which design correctly upholds residency while still allowing legitimate cross-region replication for non-personal data?,Residency is fundamentally about where data physically resides; keeping EU personal data in EU-region S3 buckets with replication scoped to other EU regions enforces this while non-personal buckets can replicate freely. Storing EU personal data in us-east-1 violates residency regardless of access logs. Replicating personal data to us-east-1 also violates residency. KMS keys are regional resources; using a us-east-1 key forces cryptographic operations through us-east-1 and is incompatible with strict residency for the underlying data.,k-1-1-5|k-1-3-5,medium,ai-generated,FALSE,C,Replicate all S3 buckets including personal data to us-east-1 for disaster recovery,FALSE,3
d-1-16,D1,mc,An EU-headquartered bank trains models on customer data and must comply with data-residency requirements that prohibit personal data from leaving EU regions. The team also uses S3 cross-region replication for some non-personal datasets. Which design correctly upholds residency while still allowing legitimate cross-region replication for non-personal data?,Residency is fundamentally about where data physically resides; keeping EU personal data in EU-region S3 buckets with replication scoped to other EU regions enforces this while non-personal buckets can replicate freely. Storing EU personal data in us-east-1 violates residency regardless of access logs. Replicating personal data to us-east-1 also violates residency. KMS keys are regional resources; using a us-east-1 key forces cryptographic operations through us-east-1 and is incompatible with strict residency for the underlying data.,k-1-1-5|k-1-3-5,medium,ai-generated,FALSE,D,Encrypt EU personal data with KMS keys located in us-east-1 to centralize key management,FALSE,4
d-1-17,D1,mc,A data scientist using SageMaker Data Wrangler discovers that the target class for a churn dataset is heavily imbalanced with only 5% positive labels; the team wants to address this within the same Data Wrangler flow without exporting to other tools. Which Data Wrangler capability is the appropriate choice?,Data Wrangler ships a Balance Data transform that offers random oversampling random undersampling and SMOTE specifically to address class imbalance directly inside a flow. Quick Model only evaluates a baseline model and does not change the data. Drop Duplicate Rows is unrelated to class imbalance. One-Hot Encode is a categorical-feature transformation and does nothing for class balance.,k-1-2-4|k-1-3-3,medium,ai-generated,FALSE,A,The Balance Data transform with random oversampling or SMOTE for the minority class,TRUE,1
d-1-17,D1,mc,A data scientist using SageMaker Data Wrangler discovers that the target class for a churn dataset is heavily imbalanced with only 5% positive labels; the team wants to address this within the same Data Wrangler flow without exporting to other tools. Which Data Wrangler capability is the appropriate choice?,Data Wrangler ships a Balance Data transform that offers random oversampling random undersampling and SMOTE specifically to address class imbalance directly inside a flow. Quick Model only evaluates a baseline model and does not change the data. Drop Duplicate Rows is unrelated to class imbalance. One-Hot Encode is a categorical-feature transformation and does nothing for class balance.,k-1-2-4|k-1-3-3,medium,ai-generated,FALSE,B,The Quick Model insight to evaluate baseline accuracy on the imbalanced data,FALSE,2
d-1-17,D1,mc,A data scientist using SageMaker Data Wrangler discovers that the target class for a churn dataset is heavily imbalanced with only 5% positive labels; the team wants to address this within the same Data Wrangler flow without exporting to other tools. Which Data Wrangler capability is the appropriate choice?,Data Wrangler ships a Balance Data transform that offers random oversampling random undersampling and SMOTE specifically to address class imbalance directly inside a flow. Quick Model only evaluates a baseline model and does not change the data. Drop Duplicate Rows is unrelated to class imbalance. One-Hot Encode is a categorical-feature transformation and does nothing for class balance.,k-1-2-4|k-1-3-3,medium,ai-generated,FALSE,C,The Drop Duplicate Rows transform applied to the target column,FALSE,3
d-1-17,D1,mc,A data scientist using SageMaker Data Wrangler discovers that the target class for a churn dataset is heavily imbalanced with only 5% positive labels; the team wants to address this within the same Data Wrangler flow without exporting to other tools. Which Data Wrangler capability is the appropriate choice?,Data Wrangler ships a Balance Data transform that offers random oversampling random undersampling and SMOTE specifically to address class imbalance directly inside a flow. Quick Model only evaluates a baseline model and does not change the data. Drop Duplicate Rows is unrelated to class imbalance. One-Hot Encode is a categorical-feature transformation and does nothing for class balance.,k-1-2-4|k-1-3-3,medium,ai-generated,FALSE,D,The One-Hot Encode transform applied to the target column,FALSE,4
d-1-18,D1,mc,A team uses AWS Glue ETL jobs to prepare ML training datasets; recently bad upstream changes introduced nulls in critical features and silently degraded model accuracy in production. The team wants to fail the pipeline early when data quality regresses. Which is the most efficient solution?,Glue Data Quality natively integrates with Glue jobs supports DQDL rules and can be configured to fail the run when critical rules fail - earliest detection with the least custom code. Model Monitor catches issues only after the model is deployed which is far too late. Custom PySpark assertions in every job duplicate the work Glue Data Quality already provides and add maintenance burden. Migrating to EMR is unnecessary work that loses the native Glue Data Quality integration.,k-1-2-1|k-1-3-4,medium,ai-generated,FALSE,A,Add a SageMaker Model Monitor job to detect data quality issues at inference time,FALSE,1
d-1-18,D1,mc,A team uses AWS Glue ETL jobs to prepare ML training datasets; recently bad upstream changes introduced nulls in critical features and silently degraded model accuracy in production. The team wants to fail the pipeline early when data quality regresses. Which is the most efficient solution?,Glue Data Quality natively integrates with Glue jobs supports DQDL rules and can be configured to fail the run when critical rules fail - earliest detection with the least custom code. Model Monitor catches issues only after the model is deployed which is far too late. Custom PySpark assertions in every job duplicate the work Glue Data Quality already provides and add maintenance burden. Migrating to EMR is unnecessary work that loses the native Glue Data Quality integration.,k-1-2-1|k-1-3-4,medium,ai-generated,FALSE,B,Add AWS Glue Data Quality rules with DQDL inside the Glue job and stop the run on rule failure,TRUE,2
d-1-18,D1,mc,A team uses AWS Glue ETL jobs to prepare ML training datasets; recently bad upstream changes introduced nulls in critical features and silently degraded model accuracy in production. The team wants to fail the pipeline early when data quality regresses. Which is the most efficient solution?,Glue Data Quality natively integrates with Glue jobs supports DQDL rules and can be configured to fail the run when critical rules fail - earliest detection with the least custom code. Model Monitor catches issues only after the model is deployed which is far too late. Custom PySpark assertions in every job duplicate the work Glue Data Quality already provides and add maintenance burden. Migrating to EMR is unnecessary work that loses the native Glue Data Quality integration.,k-1-2-1|k-1-3-4,medium,ai-generated,FALSE,C,Write custom PySpark assertions in every Glue job and email the results to data scientists,FALSE,3
d-1-18,D1,mc,A team uses AWS Glue ETL jobs to prepare ML training datasets; recently bad upstream changes introduced nulls in critical features and silently degraded model accuracy in production. The team wants to fail the pipeline early when data quality regresses. Which is the most efficient solution?,Glue Data Quality natively integrates with Glue jobs supports DQDL rules and can be configured to fail the run when critical rules fail - earliest detection with the least custom code. Model Monitor catches issues only after the model is deployed which is far too late. Custom PySpark assertions in every job duplicate the work Glue Data Quality already provides and add maintenance burden. Migrating to EMR is unnecessary work that loses the native Glue Data Quality integration.,k-1-2-1|k-1-3-4,medium,ai-generated,FALSE,D,Move the workload to Amazon EMR and write Spark expectations from scratch,FALSE,4
d-1-19,D1,mr,A team is building features that include customer email addresses and government IDs in SageMaker Feature Store; they must remain compliant with internal PII handling policies. Which TWO actions appropriately reduce PII exposure while keeping the features useful for downstream training and inference? (Select TWO),Hashing or tokenizing PII in Data Wrangler removes raw identifiers from features while preserving join keys for analytics; KMS customer-managed keys protect data at rest in both the online and offline Feature Store stores and provide auditable key usage. Storing raw PII in plain text in any store violates least-privilege handling regardless of bucket policies. Network isolation alone without encryption is not sufficient. Disabling IAM removes the primary access-control layer entirely.,k-1-2-4|k-1-2-7|k-1-3-5,hard,ai-generated,FALSE,A,Apply hashing or tokenization transforms in SageMaker Data Wrangler before ingesting features into the Feature Store,TRUE,1
d-1-19,D1,mr,A team is building features that include customer email addresses and government IDs in SageMaker Feature Store; they must remain compliant with internal PII handling policies. Which TWO actions appropriately reduce PII exposure while keeping the features useful for downstream training and inference? (Select TWO),Hashing or tokenizing PII in Data Wrangler removes raw identifiers from features while preserving join keys for analytics; KMS customer-managed keys protect data at rest in both the online and offline Feature Store stores and provide auditable key usage. Storing raw PII in plain text in any store violates least-privilege handling regardless of bucket policies. Network isolation alone without encryption is not sufficient. Disabling IAM removes the primary access-control layer entirely.,k-1-2-4|k-1-2-7|k-1-3-5,hard,ai-generated,FALSE,B,Encrypt the Feature Store online and offline stores with AWS KMS customer-managed keys,TRUE,2
d-1-19,D1,mr,A team is building features that include customer email addresses and government IDs in SageMaker Feature Store; they must remain compliant with internal PII handling policies. Which TWO actions appropriately reduce PII exposure while keeping the features useful for downstream training and inference? (Select TWO),Hashing or tokenizing PII in Data Wrangler removes raw identifiers from features while preserving join keys for analytics; KMS customer-managed keys protect data at rest in both the online and offline Feature Store stores and provide auditable key usage. Storing raw PII in plain text in any store violates least-privilege handling regardless of bucket policies. Network isolation alone without encryption is not sufficient. Disabling IAM removes the primary access-control layer entirely.,k-1-2-4|k-1-2-7|k-1-3-5,hard,ai-generated,FALSE,C,Store raw PII in plain text in the offline store only and rely on bucket-level controls,FALSE,3
d-1-19,D1,mr,A team is building features that include customer email addresses and government IDs in SageMaker Feature Store; they must remain compliant with internal PII handling policies. Which TWO actions appropriately reduce PII exposure while keeping the features useful for downstream training and inference? (Select TWO),Hashing or tokenizing PII in Data Wrangler removes raw identifiers from features while preserving join keys for analytics; KMS customer-managed keys protect data at rest in both the online and offline Feature Store stores and provide auditable key usage. Storing raw PII in plain text in any store violates least-privilege handling regardless of bucket policies. Network isolation alone without encryption is not sufficient. Disabling IAM removes the primary access-control layer entirely.,k-1-2-4|k-1-2-7|k-1-3-5,hard,ai-generated,FALSE,D,Skip encryption and rely solely on VPC private subnets to protect the Feature Store,FALSE,4
d-1-19,D1,mr,A team is building features that include customer email addresses and government IDs in SageMaker Feature Store; they must remain compliant with internal PII handling policies. Which TWO actions appropriately reduce PII exposure while keeping the features useful for downstream training and inference? (Select TWO),Hashing or tokenizing PII in Data Wrangler removes raw identifiers from features while preserving join keys for analytics; KMS customer-managed keys protect data at rest in both the online and offline Feature Store stores and provide auditable key usage. Storing raw PII in plain text in any store violates least-privilege handling regardless of bucket policies. Network isolation alone without encryption is not sufficient. Disabling IAM removes the primary access-control layer entirely.,k-1-2-4|k-1-2-7|k-1-3-5,hard,ai-generated,FALSE,E,Disable IAM policies on the Feature Store and rely on perimeter network controls,FALSE,5
d-1-20,D1,mc,A marketing team uses AWS Glue DataBrew to prepare customer datasets for ML; a recent upload contains personal data including names emails and phone numbers that must be masked before downstream consumers receive the data. Which approach is most appropriate?,DataBrew provides built-in PII handling transformations including masking hashing replacement and encryption that can be applied as recipe steps with minimal code. Dropping all string columns destroys legitimate non-PII features and is far too coarse. A custom Lambda for redaction reinvents capability already in DataBrew and adds maintenance overhead. S3 bucket policies do not redact data they only control object-level access so consumers still see PII once granted access.,k-1-2-3|k-1-3-5,medium,ai-generated,FALSE,A,Apply DataBrew built-in PII transformations such as masking and substitution within the recipe,TRUE,1
d-1-20,D1,mc,A marketing team uses AWS Glue DataBrew to prepare customer datasets for ML; a recent upload contains personal data including names emails and phone numbers that must be masked before downstream consumers receive the data. Which approach is most appropriate?,DataBrew provides built-in PII handling transformations including masking hashing replacement and encryption that can be applied as recipe steps with minimal code. Dropping all string columns destroys legitimate non-PII features and is far too coarse. A custom Lambda for redaction reinvents capability already in DataBrew and adds maintenance overhead. S3 bucket policies do not redact data they only control object-level access so consumers still see PII once granted access.,k-1-2-3|k-1-3-5,medium,ai-generated,FALSE,B,Drop all string columns from the dataset to be safe,FALSE,2
d-1-20,D1,mc,A marketing team uses AWS Glue DataBrew to prepare customer datasets for ML; a recent upload contains personal data including names emails and phone numbers that must be masked before downstream consumers receive the data. Which approach is most appropriate?,DataBrew provides built-in PII handling transformations including masking hashing replacement and encryption that can be applied as recipe steps with minimal code. Dropping all string columns destroys legitimate non-PII features and is far too coarse. A custom Lambda for redaction reinvents capability already in DataBrew and adds maintenance overhead. S3 bucket policies do not redact data they only control object-level access so consumers still see PII once granted access.,k-1-2-3|k-1-3-5,medium,ai-generated,FALSE,C,Send the raw file to a custom Lambda for redaction and skip DataBrew entirely,FALSE,3
d-1-20,D1,mc,A marketing team uses AWS Glue DataBrew to prepare customer datasets for ML; a recent upload contains personal data including names emails and phone numbers that must be masked before downstream consumers receive the data. Which approach is most appropriate?,DataBrew provides built-in PII handling transformations including masking hashing replacement and encryption that can be applied as recipe steps with minimal code. Dropping all string columns destroys legitimate non-PII features and is far too coarse. A custom Lambda for redaction reinvents capability already in DataBrew and adds maintenance overhead. S3 bucket policies do not redact data they only control object-level access so consumers still see PII once granted access.,k-1-2-3|k-1-3-5,medium,ai-generated,FALSE,D,Rely on S3 bucket policies to limit who can read the file,FALSE,4
d-1-21,D1,mc,A team uses Amazon EMR Spark to engineer features over a large imbalanced classification dataset before training; they want their train-validation split to preserve the class ratio so their offline evaluation reflects the imbalanced production distribution. Which approach is most appropriate?,Stratified sampling on the label preserves class ratios in both splits which is exactly the requirement; Spark MLlib supports this directly with sampleBy or stratified split utilities. The default randomSplit ignores label distribution and can over- or under-represent rare classes especially when imbalance is severe. An Athena random select also ignores stratification. Chronological splits are appropriate for time-series problems not for preserving class ratios in a static classification dataset.,k-1-2-2|k-1-2-6|k-1-3-3|s-1-3-2,hard,ai-generated,FALSE,A,Use Spark MLlib stratified sampling on the label column to produce train and validation sets,TRUE,1
d-1-21,D1,mc,A team uses Amazon EMR Spark to engineer features over a large imbalanced classification dataset before training; they want their train-validation split to preserve the class ratio so their offline evaluation reflects the imbalanced production distribution. Which approach is most appropriate?,Stratified sampling on the label preserves class ratios in both splits which is exactly the requirement; Spark MLlib supports this directly with sampleBy or stratified split utilities. The default randomSplit ignores label distribution and can over- or under-represent rare classes especially when imbalance is severe. An Athena random select also ignores stratification. Chronological splits are appropriate for time-series problems not for preserving class ratios in a static classification dataset.,k-1-2-2|k-1-2-6|k-1-3-3|s-1-3-2,hard,ai-generated,FALSE,B,Use Spark randomSplit with default parameters,FALSE,2
d-1-21,D1,mc,A team uses Amazon EMR Spark to engineer features over a large imbalanced classification dataset before training; they want their train-validation split to preserve the class ratio so their offline evaluation reflects the imbalanced production distribution. Which approach is most appropriate?,Stratified sampling on the label preserves class ratios in both splits which is exactly the requirement; Spark MLlib supports this directly with sampleBy or stratified split utilities. The default randomSplit ignores label distribution and can over- or under-represent rare classes especially when imbalance is severe. An Athena random select also ignores stratification. Chronological splits are appropriate for time-series problems not for preserving class ratios in a static classification dataset.,k-1-2-2|k-1-2-6|k-1-3-3|s-1-3-2,hard,ai-generated,FALSE,C,Use Athena to randomly select 20% of rows for validation,FALSE,3
d-1-21,D1,mc,A team uses Amazon EMR Spark to engineer features over a large imbalanced classification dataset before training; they want their train-validation split to preserve the class ratio so their offline evaluation reflects the imbalanced production distribution. Which approach is most appropriate?,Stratified sampling on the label preserves class ratios in both splits which is exactly the requirement; Spark MLlib supports this directly with sampleBy or stratified split utilities. The default randomSplit ignores label distribution and can over- or under-represent rare classes especially when imbalance is severe. An Athena random select also ignores stratification. Chronological splits are appropriate for time-series problems not for preserving class ratios in a static classification dataset.,k-1-2-2|k-1-2-6|k-1-3-3|s-1-3-2,hard,ai-generated,FALSE,D,Use a chronological split based on row insertion order,FALSE,4
d-1-22,D1,mr,An analyst notices that Athena queries against a Glue cataloged dataset produce unstable model metrics; investigation reveals duplicate rows from upstream Kinesis replays are silently inflating some classes. Which TWO actions form the most robust long-term fix? (Select TWO),Adding deduplication logic in the Glue ETL prevents duplicates from propagating to downstream consumers and a Glue Data Quality uniqueness rule on the primary key alerts the team if duplicates reappear - together they form a durable fix close to the source. Increasing Athena scan limits does not address duplicates at all. Per-query filtering is fragile and easy to forget across many teams and queries. Letting duplicates through and relying on regularization corrupts metrics and biases the model toward duplicated examples.,k-1-2-1|k-1-2-5|k-1-3-4,hard,ai-generated,FALSE,A,Add deduplication logic in the AWS Glue ETL job that produces the dataset,TRUE,1
d-1-22,D1,mr,An analyst notices that Athena queries against a Glue cataloged dataset produce unstable model metrics; investigation reveals duplicate rows from upstream Kinesis replays are silently inflating some classes. Which TWO actions form the most robust long-term fix? (Select TWO),Adding deduplication logic in the Glue ETL prevents duplicates from propagating to downstream consumers and a Glue Data Quality uniqueness rule on the primary key alerts the team if duplicates reappear - together they form a durable fix close to the source. Increasing Athena scan limits does not address duplicates at all. Per-query filtering is fragile and easy to forget across many teams and queries. Letting duplicates through and relying on regularization corrupts metrics and biases the model toward duplicated examples.,k-1-2-1|k-1-2-5|k-1-3-4,hard,ai-generated,FALSE,B,Define a Glue Data Quality uniqueness rule on the primary key column,TRUE,2
d-1-22,D1,mr,An analyst notices that Athena queries against a Glue cataloged dataset produce unstable model metrics; investigation reveals duplicate rows from upstream Kinesis replays are silently inflating some classes. Which TWO actions form the most robust long-term fix? (Select TWO),Adding deduplication logic in the Glue ETL prevents duplicates from propagating to downstream consumers and a Glue Data Quality uniqueness rule on the primary key alerts the team if duplicates reappear - together they form a durable fix close to the source. Increasing Athena scan limits does not address duplicates at all. Per-query filtering is fragile and easy to forget across many teams and queries. Letting duplicates through and relying on regularization corrupts metrics and biases the model toward duplicated examples.,k-1-2-1|k-1-2-5|k-1-3-4,hard,ai-generated,FALSE,C,Increase Athena workgroup data scan limits and ignore the duplicates,FALSE,3
d-1-22,D1,mr,An analyst notices that Athena queries against a Glue cataloged dataset produce unstable model metrics; investigation reveals duplicate rows from upstream Kinesis replays are silently inflating some classes. Which TWO actions form the most robust long-term fix? (Select TWO),Adding deduplication logic in the Glue ETL prevents duplicates from propagating to downstream consumers and a Glue Data Quality uniqueness rule on the primary key alerts the team if duplicates reappear - together they form a durable fix close to the source. Increasing Athena scan limits does not address duplicates at all. Per-query filtering is fragile and easy to forget across many teams and queries. Letting duplicates through and relying on regularization corrupts metrics and biases the model toward duplicated examples.,k-1-2-1|k-1-2-5|k-1-3-4,hard,ai-generated,FALSE,D,Filter duplicates at query time in every downstream Athena SQL statement,FALSE,4
d-1-22,D1,mr,An analyst notices that Athena queries against a Glue cataloged dataset produce unstable model metrics; investigation reveals duplicate rows from upstream Kinesis replays are silently inflating some classes. Which TWO actions form the most robust long-term fix? (Select TWO),Adding deduplication logic in the Glue ETL prevents duplicates from propagating to downstream consumers and a Glue Data Quality uniqueness rule on the primary key alerts the team if duplicates reappear - together they form a durable fix close to the source. Increasing Athena scan limits does not address duplicates at all. Per-query filtering is fragile and easy to forget across many teams and queries. Letting duplicates through and relying on regularization corrupts metrics and biases the model toward duplicated examples.,k-1-2-1|k-1-2-5|k-1-3-4,hard,ai-generated,FALSE,E,Train models on the duplicated data and rely on regularization to compensate,FALSE,5
d-1-23,D1,mc,A team is engineering features for a rare-event medical model where positives represent fewer than 1% of cases; after one-hot encoding and scaling features the imbalance remains and model recall is poor. Which feature- or sample-level technique most directly addresses this imbalance?,SMOTE generates synthetic minority samples and class weighting penalizes minority misclassification - both directly target imbalance and are the canonical fixes for low recall on rare classes. PCA addresses dimensionality and collinearity not class balance. Log transformations help with skewed numeric distributions but do not change class proportions. Removing majority outliers can shift the decision boundary unpredictably and does not reliably improve minority recall.,k-1-2-6|k-1-3-3,medium,ai-generated,FALSE,A,Apply SMOTE or class-weighted training to emphasize the minority class,TRUE,1
d-1-23,D1,mc,A team is engineering features for a rare-event medical model where positives represent fewer than 1% of cases; after one-hot encoding and scaling features the imbalance remains and model recall is poor. Which feature- or sample-level technique most directly addresses this imbalance?,SMOTE generates synthetic minority samples and class weighting penalizes minority misclassification - both directly target imbalance and are the canonical fixes for low recall on rare classes. PCA addresses dimensionality and collinearity not class balance. Log transformations help with skewed numeric distributions but do not change class proportions. Removing majority outliers can shift the decision boundary unpredictably and does not reliably improve minority recall.,k-1-2-6|k-1-3-3,medium,ai-generated,FALSE,B,Apply principal component analysis to reduce feature dimensionality,FALSE,2
d-1-23,D1,mc,A team is engineering features for a rare-event medical model where positives represent fewer than 1% of cases; after one-hot encoding and scaling features the imbalance remains and model recall is poor. Which feature- or sample-level technique most directly addresses this imbalance?,SMOTE generates synthetic minority samples and class weighting penalizes minority misclassification - both directly target imbalance and are the canonical fixes for low recall on rare classes. PCA addresses dimensionality and collinearity not class balance. Log transformations help with skewed numeric distributions but do not change class proportions. Removing majority outliers can shift the decision boundary unpredictably and does not reliably improve minority recall.,k-1-2-6|k-1-3-3,medium,ai-generated,FALSE,C,Apply log transformation to skewed numeric features,FALSE,3
d-1-23,D1,mc,A team is engineering features for a rare-event medical model where positives represent fewer than 1% of cases; after one-hot encoding and scaling features the imbalance remains and model recall is poor. Which feature- or sample-level technique most directly addresses this imbalance?,SMOTE generates synthetic minority samples and class weighting penalizes minority misclassification - both directly target imbalance and are the canonical fixes for low recall on rare classes. PCA addresses dimensionality and collinearity not class balance. Log transformations help with skewed numeric distributions but do not change class proportions. Removing majority outliers can shift the decision boundary unpredictably and does not reliably improve minority recall.,k-1-2-6|k-1-3-3,medium,ai-generated,FALSE,D,Remove statistical outliers from the majority class,FALSE,4
d-1-24,D1,mr,A computer-vision startup needs to label 200000 new product images and serve image-derived features to both a training pipeline and a low-latency recommendation API. Which TWO AWS services are the best fit for these requirements? (Select TWO),Ground Truth is purpose-built for labeling workflows with quality consolidation custom workflows and audit trails; Feature Store provides paired online and offline stores so the same image-derived features serve both training and low-latency inference. Athena is a SQL query engine and not designed for low-latency online lookup. DataBrew is a tabular data prep tool and does not perform image labeling. Firehose is a delivery stream and cannot label images.,k-1-2-7|k-1-3-1,medium,ai-generated,FALSE,A,Amazon SageMaker Ground Truth for managed labeling workflows with quality controls,TRUE,1
d-1-24,D1,mr,A computer-vision startup needs to label 200000 new product images and serve image-derived features to both a training pipeline and a low-latency recommendation API. Which TWO AWS services are the best fit for these requirements? (Select TWO),Ground Truth is purpose-built for labeling workflows with quality consolidation custom workflows and audit trails; Feature Store provides paired online and offline stores so the same image-derived features serve both training and low-latency inference. Athena is a SQL query engine and not designed for low-latency online lookup. DataBrew is a tabular data prep tool and does not perform image labeling. Firehose is a delivery stream and cannot label images.,k-1-2-7|k-1-3-1,medium,ai-generated,FALSE,B,Amazon SageMaker Feature Store for low-latency online feature lookup and offline training data,TRUE,2
d-1-24,D1,mr,A computer-vision startup needs to label 200000 new product images and serve image-derived features to both a training pipeline and a low-latency recommendation API. Which TWO AWS services are the best fit for these requirements? (Select TWO),Ground Truth is purpose-built for labeling workflows with quality consolidation custom workflows and audit trails; Feature Store provides paired online and offline stores so the same image-derived features serve both training and low-latency inference. Athena is a SQL query engine and not designed for low-latency online lookup. DataBrew is a tabular data prep tool and does not perform image labeling. Firehose is a delivery stream and cannot label images.,k-1-2-7|k-1-3-1,medium,ai-generated,FALSE,C,Amazon Athena as the primary low-latency feature lookup service for the recommendation API,FALSE,3
d-1-24,D1,mr,A computer-vision startup needs to label 200000 new product images and serve image-derived features to both a training pipeline and a low-latency recommendation API. Which TWO AWS services are the best fit for these requirements? (Select TWO),Ground Truth is purpose-built for labeling workflows with quality consolidation custom workflows and audit trails; Feature Store provides paired online and offline stores so the same image-derived features serve both training and low-latency inference. Athena is a SQL query engine and not designed for low-latency online lookup. DataBrew is a tabular data prep tool and does not perform image labeling. Firehose is a delivery stream and cannot label images.,k-1-2-7|k-1-3-1,medium,ai-generated,FALSE,D,AWS Glue DataBrew as the labeling tool for image bounding boxes,FALSE,4
d-1-24,D1,mr,A computer-vision startup needs to label 200000 new product images and serve image-derived features to both a training pipeline and a low-latency recommendation API. Which TWO AWS services are the best fit for these requirements? (Select TWO),Ground Truth is purpose-built for labeling workflows with quality consolidation custom workflows and audit trails; Feature Store provides paired online and offline stores so the same image-derived features serve both training and low-latency inference. Athena is a SQL query engine and not designed for low-latency online lookup. DataBrew is a tabular data prep tool and does not perform image labeling. Firehose is a delivery stream and cannot label images.,k-1-2-7|k-1-3-1,medium,ai-generated,FALSE,E,Amazon Kinesis Data Firehose to label images in transit,FALSE,5
d-1-25,D1,mc,A streaming team must build an end-to-end ML data pipeline that ingests IoT sensor events with sub-second latency runs feature transformations enforces quality checks before training and serves features to both training and online inference. Which architecture best satisfies all of these requirements?,Kinesis Data Streams supports sub-second event ingestion satisfying the streaming requirement (TS1.1); a stream processor lands events in S3 for batch and feeds Glue ETL where Glue Data Quality enforces rules before training (TS1.2 plus TS1.3); SageMaker Feature Store online and offline stores serve both inference and training from the same feature definitions (TS1.2). Firehose plus nightly Athena cannot meet sub-second inference. Direct sensor PUTs without quality checks violate the integrity requirement and offer no streaming guarantees. MSK with batch-only EMR cannot serve low-latency online features.,k-1-1-3|k-1-2-1|k-1-2-7|k-1-3-4,hard,ai-generated,FALSE,A,Kinesis Data Firehose to S3; nightly Athena queries; export to CSV files for online inference,FALSE,1
d-1-25,D1,mc,A streaming team must build an end-to-end ML data pipeline that ingests IoT sensor events with sub-second latency runs feature transformations enforces quality checks before training and serves features to both training and online inference. Which architecture best satisfies all of these requirements?,Kinesis Data Streams supports sub-second event ingestion satisfying the streaming requirement (TS1.1); a stream processor lands events in S3 for batch and feeds Glue ETL where Glue Data Quality enforces rules before training (TS1.2 plus TS1.3); SageMaker Feature Store online and offline stores serve both inference and training from the same feature definitions (TS1.2). Firehose plus nightly Athena cannot meet sub-second inference. Direct sensor PUTs without quality checks violate the integrity requirement and offer no streaming guarantees. MSK with batch-only EMR cannot serve low-latency online features.,k-1-1-3|k-1-2-1|k-1-2-7|k-1-3-4,hard,ai-generated,FALSE,B,Kinesis Data Streams to a stream processor that writes to S3; AWS Glue ETL with Glue Data Quality rules; SageMaker Feature Store online and offline stores,TRUE,2
d-1-25,D1,mc,A streaming team must build an end-to-end ML data pipeline that ingests IoT sensor events with sub-second latency runs feature transformations enforces quality checks before training and serves features to both training and online inference. Which architecture best satisfies all of these requirements?,Kinesis Data Streams supports sub-second event ingestion satisfying the streaming requirement (TS1.1); a stream processor lands events in S3 for batch and feeds Glue ETL where Glue Data Quality enforces rules before training (TS1.2 plus TS1.3); SageMaker Feature Store online and offline stores serve both inference and training from the same feature definitions (TS1.2). Firehose plus nightly Athena cannot meet sub-second inference. Direct sensor PUTs without quality checks violate the integrity requirement and offer no streaming guarantees. MSK with batch-only EMR cannot serve low-latency online features.,k-1-1-3|k-1-2-1|k-1-2-7|k-1-3-4,hard,ai-generated,FALSE,C,Direct sensor PUT to S3; manual Glue jobs without quality checks; DynamoDB-only feature lookup,FALSE,3
d-1-25,D1,mc,A streaming team must build an end-to-end ML data pipeline that ingests IoT sensor events with sub-second latency runs feature transformations enforces quality checks before training and serves features to both training and online inference. Which architecture best satisfies all of these requirements?,Kinesis Data Streams supports sub-second event ingestion satisfying the streaming requirement (TS1.1); a stream processor lands events in S3 for batch and feeds Glue ETL where Glue Data Quality enforces rules before training (TS1.2 plus TS1.3); SageMaker Feature Store online and offline stores serve both inference and training from the same feature definitions (TS1.2). Firehose plus nightly Athena cannot meet sub-second inference. Direct sensor PUTs without quality checks violate the integrity requirement and offer no streaming guarantees. MSK with batch-only EMR cannot serve low-latency online features.,k-1-1-3|k-1-2-1|k-1-2-7|k-1-3-4,hard,ai-generated,FALSE,D,Amazon MSK to EMR Spark batch jobs only; no Feature Store; offline training only,FALSE,4
d-1-26,D1,mc,A team of data scientists shares a single SageMaker Studio domain and needs a POSIX-compliant file system that multiple notebook users can read and write concurrently for collaborative feature engineering and small dataset prep; the data is too small to justify a high-performance file system but should not be copied into each user's home directory.,Amazon EFS provides a shared POSIX-compliant file system that mounts directly to SageMaker notebooks and supports concurrent reads and writes - ideal for collaborative work on shared prep artifacts. S3 is object storage and does not provide POSIX semantics for shared concurrent file editing without sync overhead. FSx for Lustre is overkill and more expensive for small collaborative datasets and is optimized for high-throughput training I/O. Local NVMe is per-instance ephemeral storage and is not shared across users.,k-1-1-7|k-1-2-4|s-1-1-2,medium,ai-generated,FALSE,A,Use Amazon S3 with periodic sync scripts on each notebook,FALSE,1
d-1-26,D1,mc,A team of data scientists shares a single SageMaker Studio domain and needs a POSIX-compliant file system that multiple notebook users can read and write concurrently for collaborative feature engineering and small dataset prep; the data is too small to justify a high-performance file system but should not be copied into each user's home directory.,Amazon EFS provides a shared POSIX-compliant file system that mounts directly to SageMaker notebooks and supports concurrent reads and writes - ideal for collaborative work on shared prep artifacts. S3 is object storage and does not provide POSIX semantics for shared concurrent file editing without sync overhead. FSx for Lustre is overkill and more expensive for small collaborative datasets and is optimized for high-throughput training I/O. Local NVMe is per-instance ephemeral storage and is not shared across users.,k-1-1-7|k-1-2-4|s-1-1-2,medium,ai-generated,FALSE,B,Mount Amazon EFS to all SageMaker Studio notebooks for shared file access,TRUE,2
d-1-26,D1,mc,A team of data scientists shares a single SageMaker Studio domain and needs a POSIX-compliant file system that multiple notebook users can read and write concurrently for collaborative feature engineering and small dataset prep; the data is too small to justify a high-performance file system but should not be copied into each user's home directory.,Amazon EFS provides a shared POSIX-compliant file system that mounts directly to SageMaker notebooks and supports concurrent reads and writes - ideal for collaborative work on shared prep artifacts. S3 is object storage and does not provide POSIX semantics for shared concurrent file editing without sync overhead. FSx for Lustre is overkill and more expensive for small collaborative datasets and is optimized for high-throughput training I/O. Local NVMe is per-instance ephemeral storage and is not shared across users.,k-1-1-7|k-1-2-4|s-1-1-2,medium,ai-generated,FALSE,C,Provision Amazon FSx for Lustre with daily dataset reload,FALSE,3
d-1-26,D1,mc,A team of data scientists shares a single SageMaker Studio domain and needs a POSIX-compliant file system that multiple notebook users can read and write concurrently for collaborative feature engineering and small dataset prep; the data is too small to justify a high-performance file system but should not be copied into each user's home directory.,Amazon EFS provides a shared POSIX-compliant file system that mounts directly to SageMaker notebooks and supports concurrent reads and writes - ideal for collaborative work on shared prep artifacts. S3 is object storage and does not provide POSIX semantics for shared concurrent file editing without sync overhead. FSx for Lustre is overkill and more expensive for small collaborative datasets and is optimized for high-throughput training I/O. Local NVMe is per-instance ephemeral storage and is not shared across users.,k-1-1-7|k-1-2-4|s-1-1-2,medium,ai-generated,FALSE,D,Use the per-instance NVMe volumes attached to each notebook instance,FALSE,4
d-1-27,D1,mr,An ML feature pipeline reads from Amazon Kinesis Data Streams; producer throughput has grown to roughly 8 MB per second and consumers report iterator-age increasing into the hours which is delaying feature freshness for an online model. Which TWO actions will most directly restore consumer throughput? (Select TWO),KDS shard limits are 1 MB/s ingest and 2 MB/s read per shard so increasing the shard count is the canonical fix for throughput; running multiple parallel consumer instances using the KCL or Lambda parallelization factor matches additional consumers to the additional shards. Switching to Firehose changes the architecture and removes consumer flexibility. Reducing retention has no effect on consumer throughput. SQS is not a stream and does not preserve order or replay - it is the wrong primitive.,k-1-1-3|k-1-2-1,hard,ai-generated,FALSE,A,Increase the number of shards in the Kinesis Data Stream,TRUE,1
d-1-27,D1,mr,An ML feature pipeline reads from Amazon Kinesis Data Streams; producer throughput has grown to roughly 8 MB per second and consumers report iterator-age increasing into the hours which is delaying feature freshness for an online model. Which TWO actions will most directly restore consumer throughput? (Select TWO),KDS shard limits are 1 MB/s ingest and 2 MB/s read per shard so increasing the shard count is the canonical fix for throughput; running multiple parallel consumer instances using the KCL or Lambda parallelization factor matches additional consumers to the additional shards. Switching to Firehose changes the architecture and removes consumer flexibility. Reducing retention has no effect on consumer throughput. SQS is not a stream and does not preserve order or replay - it is the wrong primitive.,k-1-1-3|k-1-2-1,hard,ai-generated,FALSE,B,Run multiple consumers in parallel using KCL or increase the Lambda parallelization factor,TRUE,2
d-1-27,D1,mr,An ML feature pipeline reads from Amazon Kinesis Data Streams; producer throughput has grown to roughly 8 MB per second and consumers report iterator-age increasing into the hours which is delaying feature freshness for an online model. Which TWO actions will most directly restore consumer throughput? (Select TWO),KDS shard limits are 1 MB/s ingest and 2 MB/s read per shard so increasing the shard count is the canonical fix for throughput; running multiple parallel consumer instances using the KCL or Lambda parallelization factor matches additional consumers to the additional shards. Switching to Firehose changes the architecture and removes consumer flexibility. Reducing retention has no effect on consumer throughput. SQS is not a stream and does not preserve order or replay - it is the wrong primitive.,k-1-1-3|k-1-2-1,hard,ai-generated,FALSE,C,Switch from Kinesis Data Streams to Kinesis Data Firehose,FALSE,3
d-1-27,D1,mr,An ML feature pipeline reads from Amazon Kinesis Data Streams; producer throughput has grown to roughly 8 MB per second and consumers report iterator-age increasing into the hours which is delaying feature freshness for an online model. Which TWO actions will most directly restore consumer throughput? (Select TWO),KDS shard limits are 1 MB/s ingest and 2 MB/s read per shard so increasing the shard count is the canonical fix for throughput; running multiple parallel consumer instances using the KCL or Lambda parallelization factor matches additional consumers to the additional shards. Switching to Firehose changes the architecture and removes consumer flexibility. Reducing retention has no effect on consumer throughput. SQS is not a stream and does not preserve order or replay - it is the wrong primitive.,k-1-1-3|k-1-2-1,hard,ai-generated,FALSE,D,Reduce the data retention period on the stream from 168 hours to 24 hours,FALSE,4
d-1-27,D1,mr,An ML feature pipeline reads from Amazon Kinesis Data Streams; producer throughput has grown to roughly 8 MB per second and consumers report iterator-age increasing into the hours which is delaying feature freshness for an online model. Which TWO actions will most directly restore consumer throughput? (Select TWO),KDS shard limits are 1 MB/s ingest and 2 MB/s read per shard so increasing the shard count is the canonical fix for throughput; running multiple parallel consumer instances using the KCL or Lambda parallelization factor matches additional consumers to the additional shards. Switching to Firehose changes the architecture and removes consumer flexibility. Reducing retention has no effect on consumer throughput. SQS is not a stream and does not preserve order or replay - it is the wrong primitive.,k-1-1-3|k-1-2-1,hard,ai-generated,FALSE,E,Replace Kinesis Data Streams with an Amazon SQS standard queue,FALSE,5
d-1-28,D1,mc,An ML team has accumulated tens of millions of small JSON files in Amazon S3 from a logging system; Athena queries are slow and Glue jobs spend most of their time on file listing rather than processing. Which change to the storage layout most improves both query and ETL performance?,The small-files problem causes excessive S3 listing and per-object overhead in both Athena and Glue; compacting many small JSON files into larger Parquet files dramatically reduces listing cost and lets Athena leverage columnar pruning. Adding workgroups does nothing for the underlying file count. FSx for Lustre is for training I/O not S3 query performance and would still inherit the small-files issue. Lifecycle to Glacier makes the data inaccessible to Athena and Glue without restore.,k-1-1-5|s-1-1-1|s-1-1-2|k-1-2-1,medium,ai-generated,FALSE,A,Run a Glue ETL job that compacts the JSON files into larger Parquet files partitioned by date,TRUE,1
d-1-28,D1,mc,An ML team has accumulated tens of millions of small JSON files in Amazon S3 from a logging system; Athena queries are slow and Glue jobs spend most of their time on file listing rather than processing. Which change to the storage layout most improves both query and ETL performance?,The small-files problem causes excessive S3 listing and per-object overhead in both Athena and Glue; compacting many small JSON files into larger Parquet files dramatically reduces listing cost and lets Athena leverage columnar pruning. Adding workgroups does nothing for the underlying file count. FSx for Lustre is for training I/O not S3 query performance and would still inherit the small-files issue. Lifecycle to Glacier makes the data inaccessible to Athena and Glue without restore.,k-1-1-5|s-1-1-1|s-1-1-2|k-1-2-1,medium,ai-generated,FALSE,B,Add additional Athena workgroups to parallelize queries,FALSE,2
d-1-28,D1,mc,An ML team has accumulated tens of millions of small JSON files in Amazon S3 from a logging system; Athena queries are slow and Glue jobs spend most of their time on file listing rather than processing. Which change to the storage layout most improves both query and ETL performance?,The small-files problem causes excessive S3 listing and per-object overhead in both Athena and Glue; compacting many small JSON files into larger Parquet files dramatically reduces listing cost and lets Athena leverage columnar pruning. Adding workgroups does nothing for the underlying file count. FSx for Lustre is for training I/O not S3 query performance and would still inherit the small-files issue. Lifecycle to Glacier makes the data inaccessible to Athena and Glue without restore.,k-1-1-5|s-1-1-1|s-1-1-2|k-1-2-1,medium,ai-generated,FALSE,C,Move the JSON files to FSx for Lustre and query through Athena federation,FALSE,3
d-1-28,D1,mc,An ML team has accumulated tens of millions of small JSON files in Amazon S3 from a logging system; Athena queries are slow and Glue jobs spend most of their time on file listing rather than processing. Which change to the storage layout most improves both query and ETL performance?,The small-files problem causes excessive S3 listing and per-object overhead in both Athena and Glue; compacting many small JSON files into larger Parquet files dramatically reduces listing cost and lets Athena leverage columnar pruning. Adding workgroups does nothing for the underlying file count. FSx for Lustre is for training I/O not S3 query performance and would still inherit the small-files issue. Lifecycle to Glacier makes the data inaccessible to Athena and Glue without restore.,k-1-1-5|s-1-1-1|s-1-1-2|k-1-2-1,medium,ai-generated,FALSE,D,Apply S3 Lifecycle rules to transition the JSON files to Glacier Deep Archive,FALSE,4
d-1-29,D1,mc,A streaming ingestion pipeline uses Amazon Kinesis Data Firehose to deliver clickstream JSON to Amazon S3; the team needs to enrich each record with a user-tier field looked up from a small reference table before the data lands in S3 so the training pipeline does not need a downstream join. Which design adds the lookup with the least operational overhead?,Firehose supports a built-in data transformation Lambda invoked on each batch which is the simplest managed way to enrich records inline before delivery to S3. A downstream Glue job adds latency and an extra hop. KDS with custom consumers reinvents what Firehose delivery already does. Skipping enrichment defeats the purpose and forces every downstream consumer to repeat the join.,k-1-1-2|k-1-2-1,medium,ai-generated,FALSE,A,Configure a Firehose data transformation Lambda function that performs the lookup and enriches each record,TRUE,1
d-1-29,D1,mc,A streaming ingestion pipeline uses Amazon Kinesis Data Firehose to deliver clickstream JSON to Amazon S3; the team needs to enrich each record with a user-tier field looked up from a small reference table before the data lands in S3 so the training pipeline does not need a downstream join. Which design adds the lookup with the least operational overhead?,Firehose supports a built-in data transformation Lambda invoked on each batch which is the simplest managed way to enrich records inline before delivery to S3. A downstream Glue job adds latency and an extra hop. KDS with custom consumers reinvents what Firehose delivery already does. Skipping enrichment defeats the purpose and forces every downstream consumer to repeat the join.,k-1-1-2|k-1-2-1,medium,ai-generated,FALSE,B,Land raw records to S3 and run a downstream AWS Glue job to enrich them,FALSE,2
d-1-29,D1,mc,A streaming ingestion pipeline uses Amazon Kinesis Data Firehose to deliver clickstream JSON to Amazon S3; the team needs to enrich each record with a user-tier field looked up from a small reference table before the data lands in S3 so the training pipeline does not need a downstream join. Which design adds the lookup with the least operational overhead?,Firehose supports a built-in data transformation Lambda invoked on each batch which is the simplest managed way to enrich records inline before delivery to S3. A downstream Glue job adds latency and an extra hop. KDS with custom consumers reinvents what Firehose delivery already does. Skipping enrichment defeats the purpose and forces every downstream consumer to repeat the join.,k-1-1-2|k-1-2-1,medium,ai-generated,FALSE,C,Replace Firehose with Kinesis Data Streams and write a custom KCL consumer that enriches records,FALSE,3
d-1-29,D1,mc,A streaming ingestion pipeline uses Amazon Kinesis Data Firehose to deliver clickstream JSON to Amazon S3; the team needs to enrich each record with a user-tier field looked up from a small reference table before the data lands in S3 so the training pipeline does not need a downstream join. Which design adds the lookup with the least operational overhead?,Firehose supports a built-in data transformation Lambda invoked on each batch which is the simplest managed way to enrich records inline before delivery to S3. A downstream Glue job adds latency and an extra hop. KDS with custom consumers reinvents what Firehose delivery already does. Skipping enrichment defeats the purpose and forces every downstream consumer to repeat the join.,k-1-1-2|k-1-2-1,medium,ai-generated,FALSE,D,Skip enrichment and have every training job perform the lookup at training time,FALSE,4
d-1-30,D1,mc,An ML team adds new daily partitions to an S3 dataset; data scientists complain that Athena queries return no rows for the latest day until someone manually runs MSCK REPAIR TABLE. The team wants the new partitions to become discoverable automatically with minimal effort. Which approach is best?,An AWS Glue Crawler scheduled to run after the daily landing automatically detects new partitions and updates the Glue Data Catalog so Athena queries see the new data without manual repair. Manual MSCK is the operational toil the team is trying to eliminate. Recreating the table daily is destructive and expensive. S3 Select reads object content and is unrelated to catalog partition discovery.,k-1-1-8|k-1-2-1|k-1-2-5,medium,ai-generated,FALSE,A,Schedule an AWS Glue Crawler to run after daily data lands and update the Glue Data Catalog,TRUE,1
d-1-30,D1,mc,An ML team adds new daily partitions to an S3 dataset; data scientists complain that Athena queries return no rows for the latest day until someone manually runs MSCK REPAIR TABLE. The team wants the new partitions to become discoverable automatically with minimal effort. Which approach is best?,An AWS Glue Crawler scheduled to run after the daily landing automatically detects new partitions and updates the Glue Data Catalog so Athena queries see the new data without manual repair. Manual MSCK is the operational toil the team is trying to eliminate. Recreating the table daily is destructive and expensive. S3 Select reads object content and is unrelated to catalog partition discovery.,k-1-1-8|k-1-2-1|k-1-2-5,medium,ai-generated,FALSE,B,Have a person run MSCK REPAIR TABLE every morning,FALSE,2
d-1-30,D1,mc,An ML team adds new daily partitions to an S3 dataset; data scientists complain that Athena queries return no rows for the latest day until someone manually runs MSCK REPAIR TABLE. The team wants the new partitions to become discoverable automatically with minimal effort. Which approach is best?,An AWS Glue Crawler scheduled to run after the daily landing automatically detects new partitions and updates the Glue Data Catalog so Athena queries see the new data without manual repair. Manual MSCK is the operational toil the team is trying to eliminate. Recreating the table daily is destructive and expensive. S3 Select reads object content and is unrelated to catalog partition discovery.,k-1-1-8|k-1-2-1|k-1-2-5,medium,ai-generated,FALSE,C,Drop and recreate the Glue table from scratch every day,FALSE,3
d-1-30,D1,mc,An ML team adds new daily partitions to an S3 dataset; data scientists complain that Athena queries return no rows for the latest day until someone manually runs MSCK REPAIR TABLE. The team wants the new partitions to become discoverable automatically with minimal effort. Which approach is best?,An AWS Glue Crawler scheduled to run after the daily landing automatically detects new partitions and updates the Glue Data Catalog so Athena queries see the new data without manual repair. Manual MSCK is the operational toil the team is trying to eliminate. Recreating the table daily is destructive and expensive. S3 Select reads object content and is unrelated to catalog partition discovery.,k-1-1-8|k-1-2-1|k-1-2-5,medium,ai-generated,FALSE,D,Use S3 Select against the new partition objects from the Athena console,FALSE,4
d-1-31,D1,mr,An organization is standing up Amazon MSK to back a feature engineering pipeline that consumes from many Kafka topics. The team must ensure consistent throughput predictable cost and a managed integration with downstream feature processing. Which TWO design choices best meet these requirements? (Select TWO),MSK provisioned mode delivers consistent throughput characteristics with predictable broker sizing and pricing - well suited for steady ML feature workloads. AWS Glue streaming jobs can natively consume from MSK topics providing a managed Spark Structured Streaming consumer with no servers to operate. Firehose does not write to MSK - the direction is wrong. SageMaker training jobs do not consume Kafka topics directly. Disabling replication eliminates broker fault tolerance and is unsafe.,k-1-1-4|k-1-2-1,hard,ai-generated,FALSE,A,Use MSK provisioned mode with broker sizing matched to throughput requirements,TRUE,1
d-1-31,D1,mr,An organization is standing up Amazon MSK to back a feature engineering pipeline that consumes from many Kafka topics. The team must ensure consistent throughput predictable cost and a managed integration with downstream feature processing. Which TWO design choices best meet these requirements? (Select TWO),MSK provisioned mode delivers consistent throughput characteristics with predictable broker sizing and pricing - well suited for steady ML feature workloads. AWS Glue streaming jobs can natively consume from MSK topics providing a managed Spark Structured Streaming consumer with no servers to operate. Firehose does not write to MSK - the direction is wrong. SageMaker training jobs do not consume Kafka topics directly. Disabling replication eliminates broker fault tolerance and is unsafe.,k-1-1-4|k-1-2-1,hard,ai-generated,FALSE,B,Use AWS Glue streaming jobs to consume MSK topics for feature engineering,TRUE,2
d-1-31,D1,mr,An organization is standing up Amazon MSK to back a feature engineering pipeline that consumes from many Kafka topics. The team must ensure consistent throughput predictable cost and a managed integration with downstream feature processing. Which TWO design choices best meet these requirements? (Select TWO),MSK provisioned mode delivers consistent throughput characteristics with predictable broker sizing and pricing - well suited for steady ML feature workloads. AWS Glue streaming jobs can natively consume from MSK topics providing a managed Spark Structured Streaming consumer with no servers to operate. Firehose does not write to MSK - the direction is wrong. SageMaker training jobs do not consume Kafka topics directly. Disabling replication eliminates broker fault tolerance and is unsafe.,k-1-1-4|k-1-2-1,hard,ai-generated,FALSE,C,Use Kinesis Data Firehose to deliver records into MSK,FALSE,3
d-1-31,D1,mr,An organization is standing up Amazon MSK to back a feature engineering pipeline that consumes from many Kafka topics. The team must ensure consistent throughput predictable cost and a managed integration with downstream feature processing. Which TWO design choices best meet these requirements? (Select TWO),MSK provisioned mode delivers consistent throughput characteristics with predictable broker sizing and pricing - well suited for steady ML feature workloads. AWS Glue streaming jobs can natively consume from MSK topics providing a managed Spark Structured Streaming consumer with no servers to operate. Firehose does not write to MSK - the direction is wrong. SageMaker training jobs do not consume Kafka topics directly. Disabling replication eliminates broker fault tolerance and is unsafe.,k-1-1-4|k-1-2-1,hard,ai-generated,FALSE,D,Have SageMaker training jobs subscribe directly to Kafka topics on MSK,FALSE,4
d-1-31,D1,mr,An organization is standing up Amazon MSK to back a feature engineering pipeline that consumes from many Kafka topics. The team must ensure consistent throughput predictable cost and a managed integration with downstream feature processing. Which TWO design choices best meet these requirements? (Select TWO),MSK provisioned mode delivers consistent throughput characteristics with predictable broker sizing and pricing - well suited for steady ML feature workloads. AWS Glue streaming jobs can natively consume from MSK topics providing a managed Spark Structured Streaming consumer with no servers to operate. Firehose does not write to MSK - the direction is wrong. SageMaker training jobs do not consume Kafka topics directly. Disabling replication eliminates broker fault tolerance and is unsafe.,k-1-1-4|k-1-2-1,hard,ai-generated,FALSE,E,Disable broker replication to save cost,FALSE,5
d-1-32,D1,mc,A marketing operations team at a retailer needs to clean and standardize a CSV product catalog stored in S3 before it feeds an ML pipeline; the team consists of business analysts who do not write Python or Spark code and want a visual interface with reusable recipes. Which AWS service best fits this requirement?,Glue DataBrew is a visual no-code data preparation tool with a recipe abstraction designed for business analysts to clean and normalize data in S3 - a direct match for this audience. Glue ETL Spark requires code. EMR Notebooks require Spark or Python expertise. Athena CTAS requires SQL skill and is also limited to query-shaped transformations.,k-1-1-5|k-1-2-3|s-1-2-1,medium,ai-generated,FALSE,A,AWS Glue DataBrew with a saved recipe applied to the S3 catalog,TRUE,1
d-1-32,D1,mc,A marketing operations team at a retailer needs to clean and standardize a CSV product catalog stored in S3 before it feeds an ML pipeline; the team consists of business analysts who do not write Python or Spark code and want a visual interface with reusable recipes. Which AWS service best fits this requirement?,Glue DataBrew is a visual no-code data preparation tool with a recipe abstraction designed for business analysts to clean and normalize data in S3 - a direct match for this audience. Glue ETL Spark requires code. EMR Notebooks require Spark or Python expertise. Athena CTAS requires SQL skill and is also limited to query-shaped transformations.,k-1-1-5|k-1-2-3|s-1-2-1,medium,ai-generated,FALSE,B,Custom AWS Glue ETL Spark scripts written by the analysts,FALSE,2
d-1-32,D1,mc,A marketing operations team at a retailer needs to clean and standardize a CSV product catalog stored in S3 before it feeds an ML pipeline; the team consists of business analysts who do not write Python or Spark code and want a visual interface with reusable recipes. Which AWS service best fits this requirement?,Glue DataBrew is a visual no-code data preparation tool with a recipe abstraction designed for business analysts to clean and normalize data in S3 - a direct match for this audience. Glue ETL Spark requires code. EMR Notebooks require Spark or Python expertise. Athena CTAS requires SQL skill and is also limited to query-shaped transformations.,k-1-1-5|k-1-2-3|s-1-2-1,medium,ai-generated,FALSE,C,EMR Studio notebooks running PySpark,FALSE,3
d-1-32,D1,mc,A marketing operations team at a retailer needs to clean and standardize a CSV product catalog stored in S3 before it feeds an ML pipeline; the team consists of business analysts who do not write Python or Spark code and want a visual interface with reusable recipes. Which AWS service best fits this requirement?,Glue DataBrew is a visual no-code data preparation tool with a recipe abstraction designed for business analysts to clean and normalize data in S3 - a direct match for this audience. Glue ETL Spark requires code. EMR Notebooks require Spark or Python expertise. Athena CTAS requires SQL skill and is also limited to query-shaped transformations.,k-1-1-5|k-1-2-3|s-1-2-1,medium,ai-generated,FALSE,D,Athena CTAS statements only,FALSE,4
d-1-33,D1,mc,A computer-vision team has 5 million unlabeled product images in Amazon S3 and a fixed labeling budget; they want to reduce per-image labeling cost while still producing high-quality bounding boxes. Which Ground Truth feature most directly addresses this need?,Ground Truth automated data labeling trains an active-learning model alongside human labelers and routes only ambiguous examples to humans which materially reduces labeling spend on large datasets while maintaining quality through human review of uncertain cases. A manual-only workforce ignores the cost reduction. Mechanical Turk without active learning is still purely manual. SageMaker Clarify analyzes bias and explainability and does not produce labels.,k-1-1-5|k-1-3-1,medium,ai-generated,FALSE,A,Use Ground Truth automated data labeling with active learning to send only uncertain images to humans,TRUE,1
d-1-33,D1,mc,A computer-vision team has 5 million unlabeled product images in Amazon S3 and a fixed labeling budget; they want to reduce per-image labeling cost while still producing high-quality bounding boxes. Which Ground Truth feature most directly addresses this need?,Ground Truth automated data labeling trains an active-learning model alongside human labelers and routes only ambiguous examples to humans which materially reduces labeling spend on large datasets while maintaining quality through human review of uncertain cases. A manual-only workforce ignores the cost reduction. Mechanical Turk without active learning is still purely manual. SageMaker Clarify analyzes bias and explainability and does not produce labels.,k-1-1-5|k-1-3-1,medium,ai-generated,FALSE,B,Use a private workforce only with no automation,FALSE,2
d-1-33,D1,mc,A computer-vision team has 5 million unlabeled product images in Amazon S3 and a fixed labeling budget; they want to reduce per-image labeling cost while still producing high-quality bounding boxes. Which Ground Truth feature most directly addresses this need?,Ground Truth automated data labeling trains an active-learning model alongside human labelers and routes only ambiguous examples to humans which materially reduces labeling spend on large datasets while maintaining quality through human review of uncertain cases. A manual-only workforce ignores the cost reduction. Mechanical Turk without active learning is still purely manual. SageMaker Clarify analyzes bias and explainability and does not produce labels.,k-1-1-5|k-1-3-1,medium,ai-generated,FALSE,C,Use Mechanical Turk crowd workers without active learning,FALSE,3
d-1-33,D1,mc,A computer-vision team has 5 million unlabeled product images in Amazon S3 and a fixed labeling budget; they want to reduce per-image labeling cost while still producing high-quality bounding boxes. Which Ground Truth feature most directly addresses this need?,Ground Truth automated data labeling trains an active-learning model alongside human labelers and routes only ambiguous examples to humans which materially reduces labeling spend on large datasets while maintaining quality through human review of uncertain cases. A manual-only workforce ignores the cost reduction. Mechanical Turk without active learning is still purely manual. SageMaker Clarify analyzes bias and explainability and does not produce labels.,k-1-1-5|k-1-3-1,medium,ai-generated,FALSE,D,Use SageMaker Clarify to generate the bounding boxes automatically,FALSE,4
d-1-34,D1,mr,A regulated lender governs its training data with AWS Lake Formation and wants to run a SageMaker Clarify pre-training bias job over an S3 dataset cataloged in Glue. Which TWO actions are required to make the bias job succeed without granting the Clarify role broad S3 access? (Select TWO),Clarify reads the dataset using a processing role that needs Lake Formation permissions on the relevant Glue Catalog table to access governed data; running the job against the cataloged dataset is the supported pre-training bias workflow. Macie discovers PII not bias. Glue Data Quality measures rule conformance not bias metrics. S3 Object Lambda does not perform bias analysis.,k-1-1-8|k-1-3-2|k-1-3-5,hard,ai-generated,FALSE,A,Run a SageMaker Clarify pre-training bias job referencing the Glue cataloged dataset,TRUE,1
d-1-34,D1,mr,A regulated lender governs its training data with AWS Lake Formation and wants to run a SageMaker Clarify pre-training bias job over an S3 dataset cataloged in Glue. Which TWO actions are required to make the bias job succeed without granting the Clarify role broad S3 access? (Select TWO),Clarify reads the dataset using a processing role that needs Lake Formation permissions on the relevant Glue Catalog table to access governed data; running the job against the cataloged dataset is the supported pre-training bias workflow. Macie discovers PII not bias. Glue Data Quality measures rule conformance not bias metrics. S3 Object Lambda does not perform bias analysis.,k-1-1-8|k-1-3-2|k-1-3-5,hard,ai-generated,FALSE,B,Grant Lake Formation permissions on the relevant Glue Catalog table to the Clarify processing role,TRUE,2
d-1-34,D1,mr,A regulated lender governs its training data with AWS Lake Formation and wants to run a SageMaker Clarify pre-training bias job over an S3 dataset cataloged in Glue. Which TWO actions are required to make the bias job succeed without granting the Clarify role broad S3 access? (Select TWO),Clarify reads the dataset using a processing role that needs Lake Formation permissions on the relevant Glue Catalog table to access governed data; running the job against the cataloged dataset is the supported pre-training bias workflow. Macie discovers PII not bias. Glue Data Quality measures rule conformance not bias metrics. S3 Object Lambda does not perform bias analysis.,k-1-1-8|k-1-3-2|k-1-3-5,hard,ai-generated,FALSE,C,Use Amazon Macie to detect bias in the dataset,FALSE,3
d-1-34,D1,mr,A regulated lender governs its training data with AWS Lake Formation and wants to run a SageMaker Clarify pre-training bias job over an S3 dataset cataloged in Glue. Which TWO actions are required to make the bias job succeed without granting the Clarify role broad S3 access? (Select TWO),Clarify reads the dataset using a processing role that needs Lake Formation permissions on the relevant Glue Catalog table to access governed data; running the job against the cataloged dataset is the supported pre-training bias workflow. Macie discovers PII not bias. Glue Data Quality measures rule conformance not bias metrics. S3 Object Lambda does not perform bias analysis.,k-1-1-8|k-1-3-2|k-1-3-5,hard,ai-generated,FALSE,D,Use Glue Data Quality rules to compute bias metrics,FALSE,4
d-1-34,D1,mr,A regulated lender governs its training data with AWS Lake Formation and wants to run a SageMaker Clarify pre-training bias job over an S3 dataset cataloged in Glue. Which TWO actions are required to make the bias job succeed without granting the Clarify role broad S3 access? (Select TWO),Clarify reads the dataset using a processing role that needs Lake Formation permissions on the relevant Glue Catalog table to access governed data; running the job against the cataloged dataset is the supported pre-training bias workflow. Macie discovers PII not bias. Glue Data Quality measures rule conformance not bias metrics. S3 Object Lambda does not perform bias analysis.,k-1-1-8|k-1-3-2|k-1-3-5,hard,ai-generated,FALSE,E,Use S3 Object Lambda to perform bias analysis at read time,FALSE,5
d-1-35,D1,mc,A multinational retailer collects personal data from customers in the EU and the United States; data residency rules require EU personal data to remain in EU regions and US data to remain in US regions but the company still wants to deploy a recommendation model in both regions. Which strategy correctly balances residency with model deployment?,The simplest residency-respecting design is to keep regional data in regional buckets and train regional models so personal data never crosses regional boundaries while the model artifacts can still be served in each region. Replicating EU data to a US region directly violates residency. Encryption alone does not change where data physically resides for residency purposes. Federated learning may be valid in principle but is much more complex than the question requires and the option here is anonymization-based which still risks residency violation if the raw data crosses the boundary.,k-1-1-5|k-1-3-5,medium,ai-generated,FALSE,A,Replicate all EU data to a US region for centralized training and replicate the model back to EU,FALSE,1
d-1-35,D1,mc,A multinational retailer collects personal data from customers in the EU and the United States; data residency rules require EU personal data to remain in EU regions and US data to remain in US regions but the company still wants to deploy a recommendation model in both regions. Which strategy correctly balances residency with model deployment?,The simplest residency-respecting design is to keep regional data in regional buckets and train regional models so personal data never crosses regional boundaries while the model artifacts can still be served in each region. Replicating EU data to a US region directly violates residency. Encryption alone does not change where data physically resides for residency purposes. Federated learning may be valid in principle but is much more complex than the question requires and the option here is anonymization-based which still risks residency violation if the raw data crosses the boundary.,k-1-1-5|k-1-3-5,medium,ai-generated,FALSE,B,Train and store regional model artifacts in each region using only that region's S3 data,TRUE,2
d-1-35,D1,mc,A multinational retailer collects personal data from customers in the EU and the United States; data residency rules require EU personal data to remain in EU regions and US data to remain in US regions but the company still wants to deploy a recommendation model in both regions. Which strategy correctly balances residency with model deployment?,The simplest residency-respecting design is to keep regional data in regional buckets and train regional models so personal data never crosses regional boundaries while the model artifacts can still be served in each region. Replicating EU data to a US region directly violates residency. Encryption alone does not change where data physically resides for residency purposes. Federated learning may be valid in principle but is much more complex than the question requires and the option here is anonymization-based which still risks residency violation if the raw data crosses the boundary.,k-1-1-5|k-1-3-5,medium,ai-generated,FALSE,C,Encrypt EU data with KMS and replicate it to a US region for unified training,FALSE,3
d-1-35,D1,mc,A multinational retailer collects personal data from customers in the EU and the United States; data residency rules require EU personal data to remain in EU regions and US data to remain in US regions but the company still wants to deploy a recommendation model in both regions. Which strategy correctly balances residency with model deployment?,The simplest residency-respecting design is to keep regional data in regional buckets and train regional models so personal data never crosses regional boundaries while the model artifacts can still be served in each region. Replicating EU data to a US region directly violates residency. Encryption alone does not change where data physically resides for residency purposes. Federated learning may be valid in principle but is much more complex than the question requires and the option here is anonymization-based which still risks residency violation if the raw data crosses the boundary.,k-1-1-5|k-1-3-5,medium,ai-generated,FALSE,D,Anonymize EU data on the fly and stream it to a US training cluster,FALSE,4
d-1-36,D1,mc,A team has a 12 TB CSV dataset in S3 used for binary classification with 99.5% negative and 0.5% positive labels; they need to repeatedly load only the positive examples plus a sampled subset of negatives for training experiments and current full scans are slow and expensive. Which storage change most directly accelerates this access pattern?,Partitioning by label class on Parquet lets a Spark or Athena reader skip the entire negative-label prefix and read only the positive partition; combined with Parquet's columnar projection this dramatically reduces both bytes scanned and parse time when repeatedly accessing the rare class. Manifest files do not reduce CSV scan cost. JSON is row-based and verbose. FSx for Lustre does not reduce class-filtering scan cost since it still must scan to find the minority class.,k-1-1-5|s-1-1-1|k-1-3-3,hard,ai-generated,FALSE,A,Convert to Apache Parquet partitioned by the label column,TRUE,1
d-1-36,D1,mc,A team has a 12 TB CSV dataset in S3 used for binary classification with 99.5% negative and 0.5% positive labels; they need to repeatedly load only the positive examples plus a sampled subset of negatives for training experiments and current full scans are slow and expensive. Which storage change most directly accelerates this access pattern?,Partitioning by label class on Parquet lets a Spark or Athena reader skip the entire negative-label prefix and read only the positive partition; combined with Parquet's columnar projection this dramatically reduces both bytes scanned and parse time when repeatedly accessing the rare class. Manifest files do not reduce CSV scan cost. JSON is row-based and verbose. FSx for Lustre does not reduce class-filtering scan cost since it still must scan to find the minority class.,k-1-1-5|s-1-1-1|k-1-3-3,hard,ai-generated,FALSE,B,Keep CSV but add an S3 manifest file listing positive-class objects,FALSE,2
d-1-36,D1,mc,A team has a 12 TB CSV dataset in S3 used for binary classification with 99.5% negative and 0.5% positive labels; they need to repeatedly load only the positive examples plus a sampled subset of negatives for training experiments and current full scans are slow and expensive. Which storage change most directly accelerates this access pattern?,Partitioning by label class on Parquet lets a Spark or Athena reader skip the entire negative-label prefix and read only the positive partition; combined with Parquet's columnar projection this dramatically reduces both bytes scanned and parse time when repeatedly accessing the rare class. Manifest files do not reduce CSV scan cost. JSON is row-based and verbose. FSx for Lustre does not reduce class-filtering scan cost since it still must scan to find the minority class.,k-1-1-5|s-1-1-1|k-1-3-3,hard,ai-generated,FALSE,C,Convert to JSON Lines without partitioning,FALSE,3
d-1-36,D1,mc,A team has a 12 TB CSV dataset in S3 used for binary classification with 99.5% negative and 0.5% positive labels; they need to repeatedly load only the positive examples plus a sampled subset of negatives for training experiments and current full scans are slow and expensive. Which storage change most directly accelerates this access pattern?,Partitioning by label class on Parquet lets a Spark or Athena reader skip the entire negative-label prefix and read only the positive partition; combined with Parquet's columnar projection this dramatically reduces both bytes scanned and parse time when repeatedly accessing the rare class. Manifest files do not reduce CSV scan cost. JSON is row-based and verbose. FSx for Lustre does not reduce class-filtering scan cost since it still must scan to find the minority class.,k-1-1-5|s-1-1-1|k-1-3-3,hard,ai-generated,FALSE,D,Move the CSV to FSx for Lustre,FALSE,4
d-1-37,D1,mc,A SaaS company recently moved customer support chats into S3 via Kinesis Data Firehose for downstream ML; the security team is worried that some incoming chats may contain credit card numbers or government IDs that should not be present in the training corpus. Which AWS service most directly identifies inadvertent PII in the resulting S3 data?,Macie automates discovery and classification of sensitive data such as credit card numbers and government IDs in S3 buckets and produces findings the security team can act on. Athena queries to find sensitive data require manual brittle regex and miss many formats. CloudTrail logs API activity not data content. Clarify performs bias and explainability analysis not PII discovery.,k-1-1-2|k-1-3-5,medium,ai-generated,FALSE,A,Schedule Amazon Macie discovery jobs against the destination S3 bucket,TRUE,1
d-1-37,D1,mc,A SaaS company recently moved customer support chats into S3 via Kinesis Data Firehose for downstream ML; the security team is worried that some incoming chats may contain credit card numbers or government IDs that should not be present in the training corpus. Which AWS service most directly identifies inadvertent PII in the resulting S3 data?,Macie automates discovery and classification of sensitive data such as credit card numbers and government IDs in S3 buckets and produces findings the security team can act on. Athena queries to find sensitive data require manual brittle regex and miss many formats. CloudTrail logs API activity not data content. Clarify performs bias and explainability analysis not PII discovery.,k-1-1-2|k-1-3-5,medium,ai-generated,FALSE,B,Run Athena queries with regex over the S3 data weekly,FALSE,2
d-1-37,D1,mc,A SaaS company recently moved customer support chats into S3 via Kinesis Data Firehose for downstream ML; the security team is worried that some incoming chats may contain credit card numbers or government IDs that should not be present in the training corpus. Which AWS service most directly identifies inadvertent PII in the resulting S3 data?,Macie automates discovery and classification of sensitive data such as credit card numbers and government IDs in S3 buckets and produces findings the security team can act on. Athena queries to find sensitive data require manual brittle regex and miss many formats. CloudTrail logs API activity not data content. Clarify performs bias and explainability analysis not PII discovery.,k-1-1-2|k-1-3-5,medium,ai-generated,FALSE,C,Use AWS CloudTrail to detect record content,FALSE,3
d-1-37,D1,mc,A SaaS company recently moved customer support chats into S3 via Kinesis Data Firehose for downstream ML; the security team is worried that some incoming chats may contain credit card numbers or government IDs that should not be present in the training corpus. Which AWS service most directly identifies inadvertent PII in the resulting S3 data?,Macie automates discovery and classification of sensitive data such as credit card numbers and government IDs in S3 buckets and produces findings the security team can act on. Athena queries to find sensitive data require manual brittle regex and miss many formats. CloudTrail logs API activity not data content. Clarify performs bias and explainability analysis not PII discovery.,k-1-1-2|k-1-3-5,medium,ai-generated,FALSE,D,Use SageMaker Clarify to scan for PII,FALSE,4
d-1-38,D1,mc,A team training an image classifier has only 5000 labeled images in S3 across 20 classes; the model overfits quickly with high training accuracy but poor validation accuracy. Which technique most directly addresses limited training data and reduces overfitting?,Image augmentation - random rotations flips crops and color jitter - synthetically expands the training distribution and is the standard remedy for small image datasets that overfit. Reducing model size alone may underfit and does not increase the effective dataset. Reducing the training share gives the model less data and worsens overfitting. Replacing real images with pure synthetic data risks domain shift and is rarely the right answer for this scenario.,k-1-1-5|s-1-3-2,medium,ai-generated,FALSE,A,Apply image augmentation such as random crops flips and color jitter during training,TRUE,1
d-1-38,D1,mc,A team training an image classifier has only 5000 labeled images in S3 across 20 classes; the model overfits quickly with high training accuracy but poor validation accuracy. Which technique most directly addresses limited training data and reduces overfitting?,Image augmentation - random rotations flips crops and color jitter - synthetically expands the training distribution and is the standard remedy for small image datasets that overfit. Reducing model size alone may underfit and does not increase the effective dataset. Reducing the training share gives the model less data and worsens overfitting. Replacing real images with pure synthetic data risks domain shift and is rarely the right answer for this scenario.,k-1-1-5|s-1-3-2,medium,ai-generated,FALSE,B,Drastically reduce model parameter count and rely on the same dataset,FALSE,2
d-1-38,D1,mc,A team training an image classifier has only 5000 labeled images in S3 across 20 classes; the model overfits quickly with high training accuracy but poor validation accuracy. Which technique most directly addresses limited training data and reduces overfitting?,Image augmentation - random rotations flips crops and color jitter - synthetically expands the training distribution and is the standard remedy for small image datasets that overfit. Reducing model size alone may underfit and does not increase the effective dataset. Reducing the training share gives the model less data and worsens overfitting. Replacing real images with pure synthetic data risks domain shift and is rarely the right answer for this scenario.,k-1-1-5|s-1-3-2,medium,ai-generated,FALSE,C,Reduce the training set to 50% so the model sees fewer examples per epoch,FALSE,3
d-1-38,D1,mc,A team training an image classifier has only 5000 labeled images in S3 across 20 classes; the model overfits quickly with high training accuracy but poor validation accuracy. Which technique most directly addresses limited training data and reduces overfitting?,Image augmentation - random rotations flips crops and color jitter - synthetically expands the training distribution and is the standard remedy for small image datasets that overfit. Reducing model size alone may underfit and does not increase the effective dataset. Reducing the training share gives the model less data and worsens overfitting. Replacing real images with pure synthetic data risks domain shift and is rarely the right answer for this scenario.,k-1-1-5|s-1-3-2,medium,ai-generated,FALSE,D,Replace the real images with fully synthetic images and discard the real dataset,FALSE,4
d-1-39,D1,mr,A team ingests sensor events through Amazon Kinesis Data Streams into S3 and runs daily training jobs on the cataloged data; recent silent quality regressions caused poor models. The team wants quality issues to be detected automatically before training rather than after. Which TWO additions are most effective? (Select TWO),Glue Data Quality rules embedded in the ETL job catch issues at transformation time before the dataset is published; scheduled DQ ruleset evaluations on the Glue Catalog table provide continuous monitoring. CloudWatch alarms on training accuracy detect issues only after training. Increasing instance memory has no effect on data quality. Macie focuses on PII not on data quality regressions.,k-1-1-3|k-1-3-4,hard,ai-generated,FALSE,A,Embed Glue Data Quality rule evaluation steps inside the Glue ETL job and fail the job on critical rule failures,TRUE,1
d-1-39,D1,mr,A team ingests sensor events through Amazon Kinesis Data Streams into S3 and runs daily training jobs on the cataloged data; recent silent quality regressions caused poor models. The team wants quality issues to be detected automatically before training rather than after. Which TWO additions are most effective? (Select TWO),Glue Data Quality rules embedded in the ETL job catch issues at transformation time before the dataset is published; scheduled DQ ruleset evaluations on the Glue Catalog table provide continuous monitoring. CloudWatch alarms on training accuracy detect issues only after training. Increasing instance memory has no effect on data quality. Macie focuses on PII not on data quality regressions.,k-1-1-3|k-1-3-4,hard,ai-generated,FALSE,B,Schedule Glue Data Quality ruleset evaluations against the cataloged table and alert on failures,TRUE,2
d-1-39,D1,mr,A team ingests sensor events through Amazon Kinesis Data Streams into S3 and runs daily training jobs on the cataloged data; recent silent quality regressions caused poor models. The team wants quality issues to be detected automatically before training rather than after. Which TWO additions are most effective? (Select TWO),Glue Data Quality rules embedded in the ETL job catch issues at transformation time before the dataset is published; scheduled DQ ruleset evaluations on the Glue Catalog table provide continuous monitoring. CloudWatch alarms on training accuracy detect issues only after training. Increasing instance memory has no effect on data quality. Macie focuses on PII not on data quality regressions.,k-1-1-3|k-1-3-4,hard,ai-generated,FALSE,C,Add a CloudWatch alarm on training-job accuracy metrics to detect quality issues,FALSE,3
d-1-39,D1,mr,A team ingests sensor events through Amazon Kinesis Data Streams into S3 and runs daily training jobs on the cataloged data; recent silent quality regressions caused poor models. The team wants quality issues to be detected automatically before training rather than after. Which TWO additions are most effective? (Select TWO),Glue Data Quality rules embedded in the ETL job catch issues at transformation time before the dataset is published; scheduled DQ ruleset evaluations on the Glue Catalog table provide continuous monitoring. CloudWatch alarms on training accuracy detect issues only after training. Increasing instance memory has no effect on data quality. Macie focuses on PII not on data quality regressions.,k-1-1-3|k-1-3-4,hard,ai-generated,FALSE,D,Increase SageMaker training instance memory so bad data is tolerated,FALSE,4
d-1-39,D1,mr,A team ingests sensor events through Amazon Kinesis Data Streams into S3 and runs daily training jobs on the cataloged data; recent silent quality regressions caused poor models. The team wants quality issues to be detected automatically before training rather than after. Which TWO additions are most effective? (Select TWO),Glue Data Quality rules embedded in the ETL job catch issues at transformation time before the dataset is published; scheduled DQ ruleset evaluations on the Glue Catalog table provide continuous monitoring. CloudWatch alarms on training accuracy detect issues only after training. Increasing instance memory has no effect on data quality. Macie focuses on PII not on data quality regressions.,k-1-1-3|k-1-3-4,hard,ai-generated,FALSE,E,Run Amazon Macie discovery jobs to detect data quality regressions,FALSE,5
d-1-40,D1,mc,A bank uses Amazon MSK to stream customer transaction events that include account numbers and partial card data; the team must comply with internal policies that forbid plaintext PII anywhere in the streaming layer. Which configuration best meets these requirements?,Encryption in transit between clients and brokers and encryption at rest using KMS plus IAM authentication for clients are MSK best practices; tokenizing PII at the producer ensures even leaked broker storage cannot reveal raw values. Plaintext topics behind a VPC do not satisfy a no-plaintext-PII requirement. Encryption only at rest leaves data in transit exposed. Skipping encryption entirely violates the policy regardless of network controls.,k-1-1-4|k-1-3-5,medium,ai-generated,FALSE,A,Enable MSK encryption in transit and at rest; use IAM client auth; tokenize PII at the producer before publish,TRUE,1
d-1-40,D1,mc,A bank uses Amazon MSK to stream customer transaction events that include account numbers and partial card data; the team must comply with internal policies that forbid plaintext PII anywhere in the streaming layer. Which configuration best meets these requirements?,Encryption in transit between clients and brokers and encryption at rest using KMS plus IAM authentication for clients are MSK best practices; tokenizing PII at the producer ensures even leaked broker storage cannot reveal raw values. Plaintext topics behind a VPC do not satisfy a no-plaintext-PII requirement. Encryption only at rest leaves data in transit exposed. Skipping encryption entirely violates the policy regardless of network controls.,k-1-1-4|k-1-3-5,medium,ai-generated,FALSE,B,Use plaintext topics inside a private VPC and rely on network isolation,FALSE,2
d-1-40,D1,mc,A bank uses Amazon MSK to stream customer transaction events that include account numbers and partial card data; the team must comply with internal policies that forbid plaintext PII anywhere in the streaming layer. Which configuration best meets these requirements?,Encryption in transit between clients and brokers and encryption at rest using KMS plus IAM authentication for clients are MSK best practices; tokenizing PII at the producer ensures even leaked broker storage cannot reveal raw values. Plaintext topics behind a VPC do not satisfy a no-plaintext-PII requirement. Encryption only at rest leaves data in transit exposed. Skipping encryption entirely violates the policy regardless of network controls.,k-1-1-4|k-1-3-5,medium,ai-generated,FALSE,C,Encrypt data only at rest and use plaintext for in-transit traffic,FALSE,3
d-1-40,D1,mc,A bank uses Amazon MSK to stream customer transaction events that include account numbers and partial card data; the team must comply with internal policies that forbid plaintext PII anywhere in the streaming layer. Which configuration best meets these requirements?,Encryption in transit between clients and brokers and encryption at rest using KMS plus IAM authentication for clients are MSK best practices; tokenizing PII at the producer ensures even leaked broker storage cannot reveal raw values. Plaintext topics behind a VPC do not satisfy a no-plaintext-PII requirement. Encryption only at rest leaves data in transit exposed. Skipping encryption entirely violates the policy regardless of network controls.,k-1-1-4|k-1-3-5,medium,ai-generated,FALSE,D,Skip encryption entirely and rely on subnet ACLs,FALSE,4
d-1-41,D1,mc,A data preparation team uses AWS Glue DataBrew to clean a customer dataset and wants automated statistics on missing values column distributions outliers and correlations to identify data integrity issues quickly. Which capability is purpose-built for this?,DataBrew profile jobs generate detailed dataset profiles including missing values value distributions correlations and outliers - exactly the integrity insights requested with no custom code. Glue Data Quality is rule-based and tests specific assertions rather than producing a comprehensive profile. Manual Athena queries are slow ad hoc and fragile. Clarify focuses on bias and explainability not general profiling.,k-1-2-3|k-1-3-4,medium,ai-generated,FALSE,A,Run a DataBrew profile job on the dataset,TRUE,1
d-1-41,D1,mc,A data preparation team uses AWS Glue DataBrew to clean a customer dataset and wants automated statistics on missing values column distributions outliers and correlations to identify data integrity issues quickly. Which capability is purpose-built for this?,DataBrew profile jobs generate detailed dataset profiles including missing values value distributions correlations and outliers - exactly the integrity insights requested with no custom code. Glue Data Quality is rule-based and tests specific assertions rather than producing a comprehensive profile. Manual Athena queries are slow ad hoc and fragile. Clarify focuses on bias and explainability not general profiling.,k-1-2-3|k-1-3-4,medium,ai-generated,FALSE,B,Use Glue Data Quality rule evaluation only,FALSE,2
d-1-41,D1,mc,A data preparation team uses AWS Glue DataBrew to clean a customer dataset and wants automated statistics on missing values column distributions outliers and correlations to identify data integrity issues quickly. Which capability is purpose-built for this?,DataBrew profile jobs generate detailed dataset profiles including missing values value distributions correlations and outliers - exactly the integrity insights requested with no custom code. Glue Data Quality is rule-based and tests specific assertions rather than producing a comprehensive profile. Manual Athena queries are slow ad hoc and fragile. Clarify focuses on bias and explainability not general profiling.,k-1-2-3|k-1-3-4,medium,ai-generated,FALSE,C,Run hand-written Athena queries to count nulls per column,FALSE,3
d-1-41,D1,mc,A data preparation team uses AWS Glue DataBrew to clean a customer dataset and wants automated statistics on missing values column distributions outliers and correlations to identify data integrity issues quickly. Which capability is purpose-built for this?,DataBrew profile jobs generate detailed dataset profiles including missing values value distributions correlations and outliers - exactly the integrity insights requested with no custom code. Glue Data Quality is rule-based and tests specific assertions rather than producing a comprehensive profile. Manual Athena queries are slow ad hoc and fragile. Clarify focuses on bias and explainability not general profiling.,k-1-2-3|k-1-3-4,medium,ai-generated,FALSE,D,Use SageMaker Clarify to profile the dataset,FALSE,4
d-1-42,D1,mc,A team manages features in SageMaker Feature Store; before retraining a credit-decision model an ML engineer wants to assess representation bias in the feature group across protected attributes. Which approach is correct?,Clarify reads training data from the Feature Store offline store - which is the historical S3-backed store designed for analytics and training - and computes pre-training bias metrics. The online store is optimized for low-latency inference lookups not for batch analytics jobs. Post-prediction bias analysis requires a trained model and answers a different question. Macie discovers PII not bias.,k-1-2-7|k-1-3-2,medium,ai-generated,FALSE,A,Run a SageMaker Clarify pre-training bias job against the offline store of the feature group,TRUE,1
d-1-42,D1,mc,A team manages features in SageMaker Feature Store; before retraining a credit-decision model an ML engineer wants to assess representation bias in the feature group across protected attributes. Which approach is correct?,Clarify reads training data from the Feature Store offline store - which is the historical S3-backed store designed for analytics and training - and computes pre-training bias metrics. The online store is optimized for low-latency inference lookups not for batch analytics jobs. Post-prediction bias analysis requires a trained model and answers a different question. Macie discovers PII not bias.,k-1-2-7|k-1-3-2,medium,ai-generated,FALSE,B,Run Clarify against the online store directly during inference,FALSE,2
d-1-42,D1,mc,A team manages features in SageMaker Feature Store; before retraining a credit-decision model an ML engineer wants to assess representation bias in the feature group across protected attributes. Which approach is correct?,Clarify reads training data from the Feature Store offline store - which is the historical S3-backed store designed for analytics and training - and computes pre-training bias metrics. The online store is optimized for low-latency inference lookups not for batch analytics jobs. Post-prediction bias analysis requires a trained model and answers a different question. Macie discovers PII not bias.,k-1-2-7|k-1-3-2,medium,ai-generated,FALSE,C,Run a post-prediction bias analysis on the production endpoint,FALSE,3
d-1-42,D1,mc,A team manages features in SageMaker Feature Store; before retraining a credit-decision model an ML engineer wants to assess representation bias in the feature group across protected attributes. Which approach is correct?,Clarify reads training data from the Feature Store offline store - which is the historical S3-backed store designed for analytics and training - and computes pre-training bias metrics. The online store is optimized for low-latency inference lookups not for batch analytics jobs. Post-prediction bias analysis requires a trained model and answers a different question. Macie discovers PII not bias.,k-1-2-7|k-1-3-2,medium,ai-generated,FALSE,D,Run Macie on the offline store to detect bias,FALSE,4
d-1-43,D1,mr,An ML team uses Amazon EMR Spark to prepare a heavily imbalanced credit dataset where defaults make up 1.5% of records; they want to handle imbalance correctly without distorting offline evaluation metrics. Which TWO actions follow ML best practice? (Select TWO),Resampling and class weighting must be applied only after the train-test split otherwise synthetic or duplicated minority samples can leak into the test set inflating metrics; computing class weights from the training distribution preserves the test set as a fair estimator of production performance. Oversampling before splitting causes leakage. Dropping the minority class destroys signal. Augmenting the test set invalidates evaluation.,k-1-2-2|k-1-2-6|k-1-3-3|s-1-3-2,hard,ai-generated,FALSE,A,Apply SMOTE oversampling only to the training split after the train-test split,TRUE,1
d-1-43,D1,mr,An ML team uses Amazon EMR Spark to prepare a heavily imbalanced credit dataset where defaults make up 1.5% of records; they want to handle imbalance correctly without distorting offline evaluation metrics. Which TWO actions follow ML best practice? (Select TWO),Resampling and class weighting must be applied only after the train-test split otherwise synthetic or duplicated minority samples can leak into the test set inflating metrics; computing class weights from the training distribution preserves the test set as a fair estimator of production performance. Oversampling before splitting causes leakage. Dropping the minority class destroys signal. Augmenting the test set invalidates evaluation.,k-1-2-2|k-1-2-6|k-1-3-3|s-1-3-2,hard,ai-generated,FALSE,B,Compute class weights from the training distribution and feed them to the model trainer,TRUE,2
d-1-43,D1,mr,An ML team uses Amazon EMR Spark to prepare a heavily imbalanced credit dataset where defaults make up 1.5% of records; they want to handle imbalance correctly without distorting offline evaluation metrics. Which TWO actions follow ML best practice? (Select TWO),Resampling and class weighting must be applied only after the train-test split otherwise synthetic or duplicated minority samples can leak into the test set inflating metrics; computing class weights from the training distribution preserves the test set as a fair estimator of production performance. Oversampling before splitting causes leakage. Dropping the minority class destroys signal. Augmenting the test set invalidates evaluation.,k-1-2-2|k-1-2-6|k-1-3-3|s-1-3-2,hard,ai-generated,FALSE,C,Apply oversampling to the entire dataset before splitting into train and test,FALSE,3
d-1-43,D1,mr,An ML team uses Amazon EMR Spark to prepare a heavily imbalanced credit dataset where defaults make up 1.5% of records; they want to handle imbalance correctly without distorting offline evaluation metrics. Which TWO actions follow ML best practice? (Select TWO),Resampling and class weighting must be applied only after the train-test split otherwise synthetic or duplicated minority samples can leak into the test set inflating metrics; computing class weights from the training distribution preserves the test set as a fair estimator of production performance. Oversampling before splitting causes leakage. Dropping the minority class destroys signal. Augmenting the test set invalidates evaluation.,k-1-2-2|k-1-2-6|k-1-3-3|s-1-3-2,hard,ai-generated,FALSE,D,Drop the minority class from the dataset to balance the classes,FALSE,4
d-1-43,D1,mr,An ML team uses Amazon EMR Spark to prepare a heavily imbalanced credit dataset where defaults make up 1.5% of records; they want to handle imbalance correctly without distorting offline evaluation metrics. Which TWO actions follow ML best practice? (Select TWO),Resampling and class weighting must be applied only after the train-test split otherwise synthetic or duplicated minority samples can leak into the test set inflating metrics; computing class weights from the training distribution preserves the test set as a fair estimator of production performance. Oversampling before splitting causes leakage. Dropping the minority class destroys signal. Augmenting the test set invalidates evaluation.,k-1-2-2|k-1-2-6|k-1-3-3|s-1-3-2,hard,ai-generated,FALSE,E,Augment the test set with duplicated minority examples,FALSE,5
d-1-44,D1,mc,A data scientist working in SageMaker Data Wrangler wants to inspect the dataset for representation bias on a protected attribute before exporting features for training. Which built-in capability provides this inspection?,Data Wrangler's Bias Report is powered by SageMaker Clarify and surfaces pre-training bias metrics directly inside a flow without exporting to other tools - the right answer for inspection within the same prep workflow. Quick Model evaluates a baseline model and does not produce bias metrics. Pandas-only code is possible but not the built-in capability requested. Macie detects PII not bias.,k-1-2-4|k-1-3-2,medium,ai-generated,FALSE,A,Use the Data Wrangler Bias Report transform powered by SageMaker Clarify,TRUE,1
d-1-44,D1,mc,A data scientist working in SageMaker Data Wrangler wants to inspect the dataset for representation bias on a protected attribute before exporting features for training. Which built-in capability provides this inspection?,Data Wrangler's Bias Report is powered by SageMaker Clarify and surfaces pre-training bias metrics directly inside a flow without exporting to other tools - the right answer for inspection within the same prep workflow. Quick Model evaluates a baseline model and does not produce bias metrics. Pandas-only code is possible but not the built-in capability requested. Macie detects PII not bias.,k-1-2-4|k-1-3-2,medium,ai-generated,FALSE,B,Use the Quick Model insight only,FALSE,2
d-1-44,D1,mc,A data scientist working in SageMaker Data Wrangler wants to inspect the dataset for representation bias on a protected attribute before exporting features for training. Which built-in capability provides this inspection?,Data Wrangler's Bias Report is powered by SageMaker Clarify and surfaces pre-training bias metrics directly inside a flow without exporting to other tools - the right answer for inspection within the same prep workflow. Quick Model evaluates a baseline model and does not produce bias metrics. Pandas-only code is possible but not the built-in capability requested. Macie detects PII not bias.,k-1-2-4|k-1-3-2,medium,ai-generated,FALSE,C,Write custom Pandas code in a notebook outside Data Wrangler,FALSE,3
d-1-44,D1,mc,A data scientist working in SageMaker Data Wrangler wants to inspect the dataset for representation bias on a protected attribute before exporting features for training. Which built-in capability provides this inspection?,Data Wrangler's Bias Report is powered by SageMaker Clarify and surfaces pre-training bias metrics directly inside a flow without exporting to other tools - the right answer for inspection within the same prep workflow. Quick Model evaluates a baseline model and does not produce bias metrics. Pandas-only code is possible but not the built-in capability requested. Macie detects PII not bias.,k-1-2-4|k-1-3-2,medium,ai-generated,FALSE,D,Run Macie on the Data Wrangler S3 staging bucket,FALSE,4
d-1-45,D1,mc,A team uses Amazon Athena to materialize daily training datasets via CTAS and is concerned about silent data-quality regressions in input tables that feed those queries; they want a managed mechanism that runs ongoing checks against the cataloged tables and emits alerts when rules fail. Which is the best fit?,Glue Data Quality supports DQDL rulesets attached to Glue Catalog tables with scheduled evaluations and CloudWatch and EventBridge integration for alerting - directly meeting the managed-ongoing-check requirement. Custom Athena null counts in scripts are ad hoc per script and easy to forget. Macie focuses on sensitive data not data quality. Quick Model is a Data Wrangler feature for baseline model accuracy not table-level quality monitoring.,k-1-2-5|k-1-3-4,medium,ai-generated,FALSE,A,Define an AWS Glue Data Quality ruleset on the Glue Catalog tables and schedule recurring evaluations with EventBridge alerts,TRUE,1
d-1-45,D1,mc,A team uses Amazon Athena to materialize daily training datasets via CTAS and is concerned about silent data-quality regressions in input tables that feed those queries; they want a managed mechanism that runs ongoing checks against the cataloged tables and emits alerts when rules fail. Which is the best fit?,Glue Data Quality supports DQDL rulesets attached to Glue Catalog tables with scheduled evaluations and CloudWatch and EventBridge integration for alerting - directly meeting the managed-ongoing-check requirement. Custom Athena null counts in scripts are ad hoc per script and easy to forget. Macie focuses on sensitive data not data quality. Quick Model is a Data Wrangler feature for baseline model accuracy not table-level quality monitoring.,k-1-2-5|k-1-3-4,medium,ai-generated,FALSE,B,Add custom Athena queries to count nulls in every CTAS script,FALSE,2
d-1-45,D1,mc,A team uses Amazon Athena to materialize daily training datasets via CTAS and is concerned about silent data-quality regressions in input tables that feed those queries; they want a managed mechanism that runs ongoing checks against the cataloged tables and emits alerts when rules fail. Which is the best fit?,Glue Data Quality supports DQDL rulesets attached to Glue Catalog tables with scheduled evaluations and CloudWatch and EventBridge integration for alerting - directly meeting the managed-ongoing-check requirement. Custom Athena null counts in scripts are ad hoc per script and easy to forget. Macie focuses on sensitive data not data quality. Quick Model is a Data Wrangler feature for baseline model accuracy not table-level quality monitoring.,k-1-2-5|k-1-3-4,medium,ai-generated,FALSE,C,Schedule Macie discovery jobs on the source S3 buckets,FALSE,3
d-1-45,D1,mc,A team uses Amazon Athena to materialize daily training datasets via CTAS and is concerned about silent data-quality regressions in input tables that feed those queries; they want a managed mechanism that runs ongoing checks against the cataloged tables and emits alerts when rules fail. Which is the best fit?,Glue Data Quality supports DQDL rulesets attached to Glue Catalog tables with scheduled evaluations and CloudWatch and EventBridge integration for alerting - directly meeting the managed-ongoing-check requirement. Custom Athena null counts in scripts are ad hoc per script and easy to forget. Macie focuses on sensitive data not data quality. Quick Model is a Data Wrangler feature for baseline model accuracy not table-level quality monitoring.,k-1-2-5|k-1-3-4,medium,ai-generated,FALSE,D,Use SageMaker Data Wrangler Quick Model insight as a quality monitor,FALSE,4
d-1-46,D1,mc,An ML engineer plans to use target encoding on a high-cardinality categorical feature representing zip codes; their initial approach computes encodings on the entire dataset before splitting train and test. Validation accuracy is suspiciously high but production performance is poor. What change avoids the leakage?,Target encoding on the full dataset before splitting causes target leakage because test-set targets influence the encoder values seen during training; computing the encoding only from the training fold within each cross-validation fold prevents leakage and reflects realistic production behavior. One-hot encoding 100000 zip codes is impractical and dropping the feature loses signal. Encoding on the test set alone is methodologically incorrect and does nothing to fix the train-side leakage.,k-1-2-6|s-1-3-2,hard,ai-generated,FALSE,A,Compute target encoding only from the training fold within each cross-validation fold,TRUE,1
d-1-46,D1,mc,An ML engineer plans to use target encoding on a high-cardinality categorical feature representing zip codes; their initial approach computes encodings on the entire dataset before splitting train and test. Validation accuracy is suspiciously high but production performance is poor. What change avoids the leakage?,Target encoding on the full dataset before splitting causes target leakage because test-set targets influence the encoder values seen during training; computing the encoding only from the training fold within each cross-validation fold prevents leakage and reflects realistic production behavior. One-hot encoding 100000 zip codes is impractical and dropping the feature loses signal. Encoding on the test set alone is methodologically incorrect and does nothing to fix the train-side leakage.,k-1-2-6|s-1-3-2,hard,ai-generated,FALSE,B,One-hot encode all 100000 zip codes,FALSE,2
d-1-46,D1,mc,An ML engineer plans to use target encoding on a high-cardinality categorical feature representing zip codes; their initial approach computes encodings on the entire dataset before splitting train and test. Validation accuracy is suspiciously high but production performance is poor. What change avoids the leakage?,Target encoding on the full dataset before splitting causes target leakage because test-set targets influence the encoder values seen during training; computing the encoding only from the training fold within each cross-validation fold prevents leakage and reflects realistic production behavior. One-hot encoding 100000 zip codes is impractical and dropping the feature loses signal. Encoding on the test set alone is methodologically incorrect and does nothing to fix the train-side leakage.,k-1-2-6|s-1-3-2,hard,ai-generated,FALSE,C,Drop the zip code feature entirely from the dataset,FALSE,3
d-1-46,D1,mc,An ML engineer plans to use target encoding on a high-cardinality categorical feature representing zip codes; their initial approach computes encodings on the entire dataset before splitting train and test. Validation accuracy is suspiciously high but production performance is poor. What change avoids the leakage?,Target encoding on the full dataset before splitting causes target leakage because test-set targets influence the encoder values seen during training; computing the encoding only from the training fold within each cross-validation fold prevents leakage and reflects realistic production behavior. One-hot encoding 100000 zip codes is impractical and dropping the feature loses signal. Encoding on the test set alone is methodologically incorrect and does nothing to fix the train-side leakage.,k-1-2-6|s-1-3-2,hard,ai-generated,FALSE,D,Compute target encoding only on the test set,FALSE,4
d-1-47,D1,mc,A team labeled 500000 images using SageMaker Ground Truth which produced an augmented manifest in S3; the team now wants to join those labels with feature data in a Glue ETL pipeline before training. What is the most direct way to do this?,The Ground Truth augmented manifest is a JSON Lines file pointing to S3 image objects with attached labels and is natively readable by Glue Spark ETL where it can be joined with feature data. Athena CTAS can work but is more limited for nested labels and image references. Glue cannot label data so re-labeling there is invalid. DataBrew is tabular-only and not suited for image manifests.,k-1-2-1|k-1-3-1,medium,ai-generated,FALSE,A,Read the augmented manifest in a Glue PySpark job and join it with the feature dataset,TRUE,1
d-1-47,D1,mc,A team labeled 500000 images using SageMaker Ground Truth which produced an augmented manifest in S3; the team now wants to join those labels with feature data in a Glue ETL pipeline before training. What is the most direct way to do this?,The Ground Truth augmented manifest is a JSON Lines file pointing to S3 image objects with attached labels and is natively readable by Glue Spark ETL where it can be joined with feature data. Athena CTAS can work but is more limited for nested labels and image references. Glue cannot label data so re-labeling there is invalid. DataBrew is tabular-only and not suited for image manifests.,k-1-2-1|k-1-3-1,medium,ai-generated,FALSE,B,Re-label the dataset inside an AWS Glue job,FALSE,2
d-1-47,D1,mc,A team labeled 500000 images using SageMaker Ground Truth which produced an augmented manifest in S3; the team now wants to join those labels with feature data in a Glue ETL pipeline before training. What is the most direct way to do this?,The Ground Truth augmented manifest is a JSON Lines file pointing to S3 image objects with attached labels and is natively readable by Glue Spark ETL where it can be joined with feature data. Athena CTAS can work but is more limited for nested labels and image references. Glue cannot label data so re-labeling there is invalid. DataBrew is tabular-only and not suited for image manifests.,k-1-2-1|k-1-3-1,medium,ai-generated,FALSE,C,Open the manifest in DataBrew as an image dataset,FALSE,3
d-1-47,D1,mc,A team labeled 500000 images using SageMaker Ground Truth which produced an augmented manifest in S3; the team now wants to join those labels with feature data in a Glue ETL pipeline before training. What is the most direct way to do this?,The Ground Truth augmented manifest is a JSON Lines file pointing to S3 image objects with attached labels and is natively readable by Glue Spark ETL where it can be joined with feature data. Athena CTAS can work but is more limited for nested labels and image references. Glue cannot label data so re-labeling there is invalid. DataBrew is tabular-only and not suited for image manifests.,k-1-2-1|k-1-3-1,medium,ai-generated,FALSE,D,Manually email the manifest to data scientists to join in Excel,FALSE,4
d-1-48,D1,mc,A team is preparing a numeric feature with 30% missing values that is highly predictive of the target; mean imputation has noticeably degraded model performance and dropping the column or rows is unacceptable. Which technique most likely improves model quality while preserving the missingness signal?,KNN or model-based imputation produces estimates conditioned on the other features rather than collapsing to a constant; adding a binary missingness indicator preserves the signal that the value was originally missing - both are standard techniques when missingness itself is informative. Dropping the column or rows discards information. Replacing with zero introduces bias since zero is a meaningful number for many features. Imputing with a global maximum is even more distortive.,k-1-2-6|k-1-3-4|s-1-3-1,hard,ai-generated,FALSE,A,Use KNN or model-based imputation and add a binary missingness indicator feature,TRUE,1
d-1-48,D1,mc,A team is preparing a numeric feature with 30% missing values that is highly predictive of the target; mean imputation has noticeably degraded model performance and dropping the column or rows is unacceptable. Which technique most likely improves model quality while preserving the missingness signal?,KNN or model-based imputation produces estimates conditioned on the other features rather than collapsing to a constant; adding a binary missingness indicator preserves the signal that the value was originally missing - both are standard techniques when missingness itself is informative. Dropping the column or rows discards information. Replacing with zero introduces bias since zero is a meaningful number for many features. Imputing with a global maximum is even more distortive.,k-1-2-6|k-1-3-4|s-1-3-1,hard,ai-generated,FALSE,B,Drop the column despite its predictive value,FALSE,2
d-1-48,D1,mc,A team is preparing a numeric feature with 30% missing values that is highly predictive of the target; mean imputation has noticeably degraded model performance and dropping the column or rows is unacceptable. Which technique most likely improves model quality while preserving the missingness signal?,KNN or model-based imputation produces estimates conditioned on the other features rather than collapsing to a constant; adding a binary missingness indicator preserves the signal that the value was originally missing - both are standard techniques when missingness itself is informative. Dropping the column or rows discards information. Replacing with zero introduces bias since zero is a meaningful number for many features. Imputing with a global maximum is even more distortive.,k-1-2-6|k-1-3-4|s-1-3-1,hard,ai-generated,FALSE,C,Drop all rows with any missing value in this column,FALSE,3
d-1-48,D1,mc,A team is preparing a numeric feature with 30% missing values that is highly predictive of the target; mean imputation has noticeably degraded model performance and dropping the column or rows is unacceptable. Which technique most likely improves model quality while preserving the missingness signal?,KNN or model-based imputation produces estimates conditioned on the other features rather than collapsing to a constant; adding a binary missingness indicator preserves the signal that the value was originally missing - both are standard techniques when missingness itself is informative. Dropping the column or rows discards information. Replacing with zero introduces bias since zero is a meaningful number for many features. Imputing with a global maximum is even more distortive.,k-1-2-6|k-1-3-4|s-1-3-1,hard,ai-generated,FALSE,D,Replace missing values with the global maximum of the column,FALSE,4
d-1-49,D1,mc,An online lender needs an end-to-end ML data architecture that ingests transactions in real time engineers features for both training and online inference and audits training data for bias before retraining. Which combination best satisfies all three requirements?,Kinesis Data Streams provides the real-time ingestion (TS1.1); a Glue streaming or Spark consumer computes features that land in both the SageMaker Feature Store online and offline stores (TS1.2) so the same definitions serve inference and training; Clarify pre-training bias jobs run on the offline store before retraining (TS1.3). Firehose plus nightly Athena cannot meet the real-time inference requirement and Macie does not perform bias analysis. EMR batch only fails the streaming requirement. Direct PUT with no bias check fails the audit requirement.,k-1-1-3|k-1-2-1|k-1-2-7|k-1-3-2,hard,ai-generated,FALSE,A,Kinesis Data Firehose to S3 only; nightly Athena CTAS; Macie bias check before training,FALSE,1
d-1-49,D1,mc,An online lender needs an end-to-end ML data architecture that ingests transactions in real time engineers features for both training and online inference and audits training data for bias before retraining. Which combination best satisfies all three requirements?,Kinesis Data Streams provides the real-time ingestion (TS1.1); a Glue streaming or Spark consumer computes features that land in both the SageMaker Feature Store online and offline stores (TS1.2) so the same definitions serve inference and training; Clarify pre-training bias jobs run on the offline store before retraining (TS1.3). Firehose plus nightly Athena cannot meet the real-time inference requirement and Macie does not perform bias analysis. EMR batch only fails the streaming requirement. Direct PUT with no bias check fails the audit requirement.,k-1-1-3|k-1-2-1|k-1-2-7|k-1-3-2,hard,ai-generated,FALSE,B,Kinesis Data Streams to a Glue streaming job; SageMaker Feature Store online and offline stores; SageMaker Clarify pre-training bias job before retraining,TRUE,2
d-1-49,D1,mc,An online lender needs an end-to-end ML data architecture that ingests transactions in real time engineers features for both training and online inference and audits training data for bias before retraining. Which combination best satisfies all three requirements?,Kinesis Data Streams provides the real-time ingestion (TS1.1); a Glue streaming or Spark consumer computes features that land in both the SageMaker Feature Store online and offline stores (TS1.2) so the same definitions serve inference and training; Clarify pre-training bias jobs run on the offline store before retraining (TS1.3). Firehose plus nightly Athena cannot meet the real-time inference requirement and Macie does not perform bias analysis. EMR batch only fails the streaming requirement. Direct PUT with no bias check fails the audit requirement.,k-1-1-3|k-1-2-1|k-1-2-7|k-1-3-2,hard,ai-generated,FALSE,C,EMR batch jobs only with no streaming layer; DynamoDB-only feature lookup; no bias auditing,FALSE,3
d-1-49,D1,mc,An online lender needs an end-to-end ML data architecture that ingests transactions in real time engineers features for both training and online inference and audits training data for bias before retraining. Which combination best satisfies all three requirements?,Kinesis Data Streams provides the real-time ingestion (TS1.1); a Glue streaming or Spark consumer computes features that land in both the SageMaker Feature Store online and offline stores (TS1.2) so the same definitions serve inference and training; Clarify pre-training bias jobs run on the offline store before retraining (TS1.3). Firehose plus nightly Athena cannot meet the real-time inference requirement and Macie does not perform bias analysis. EMR batch only fails the streaming requirement. Direct PUT with no bias check fails the audit requirement.,k-1-1-3|k-1-2-1|k-1-2-7|k-1-3-2,hard,ai-generated,FALSE,D,Direct application PUT to S3; per-team CSV files; skip bias audit to ship faster,FALSE,4
d-1-50,D1,mr,A regulated company is hardening its end-to-end ML data pipeline that ingests cataloged data prepares it engineers features and feeds training. The team must address governance quality and PII handling consistently across all stages. Which TWO combined practices most strongly enforce the company's posture across ingestion preparation and integrity? (Select TWO),Lake Formation centrally governs catalog access while Glue Data Quality enforces rule-based validity at the prep layer - together covering governance and integrity. Feature Store with KMS protects features at rest in both online and offline stores while tokenizing PII before ingest reduces sensitive exposure across every downstream stage - covering PII handling. Skipping schema registry leaves consumers fragile. A single random split for time series leaks the future. Macie does not compute bias and is the wrong tool here.,k-1-1-8|k-1-2-7|k-1-3-4|k-1-3-5,hard,ai-generated,FALSE,A,Govern dataset access through AWS Lake Formation and validate prep outputs with AWS Glue Data Quality rulesets,TRUE,1
d-1-50,D1,mr,A regulated company is hardening its end-to-end ML data pipeline that ingests cataloged data prepares it engineers features and feeds training. The team must address governance quality and PII handling consistently across all stages. Which TWO combined practices most strongly enforce the company's posture across ingestion preparation and integrity? (Select TWO),Lake Formation centrally governs catalog access while Glue Data Quality enforces rule-based validity at the prep layer - together covering governance and integrity. Feature Store with KMS protects features at rest in both online and offline stores while tokenizing PII before ingest reduces sensitive exposure across every downstream stage - covering PII handling. Skipping schema registry leaves consumers fragile. A single random split for time series leaks the future. Macie does not compute bias and is the wrong tool here.,k-1-1-8|k-1-2-7|k-1-3-4|k-1-3-5,hard,ai-generated,FALSE,B,Use SageMaker Feature Store with KMS customer-managed keys and tokenize PII before ingestion to feature groups,TRUE,2
d-1-50,D1,mr,A regulated company is hardening its end-to-end ML data pipeline that ingests cataloged data prepares it engineers features and feeds training. The team must address governance quality and PII handling consistently across all stages. Which TWO combined practices most strongly enforce the company's posture across ingestion preparation and integrity? (Select TWO),Lake Formation centrally governs catalog access while Glue Data Quality enforces rule-based validity at the prep layer - together covering governance and integrity. Feature Store with KMS protects features at rest in both online and offline stores while tokenizing PII before ingest reduces sensitive exposure across every downstream stage - covering PII handling. Skipping schema registry leaves consumers fragile. A single random split for time series leaks the future. Macie does not compute bias and is the wrong tool here.,k-1-1-8|k-1-2-7|k-1-3-4|k-1-3-5,hard,ai-generated,FALSE,C,Skip Glue Schema Registry and let consumers handle schema drift independently,FALSE,3
d-1-50,D1,mr,A regulated company is hardening its end-to-end ML data pipeline that ingests cataloged data prepares it engineers features and feeds training. The team must address governance quality and PII handling consistently across all stages. Which TWO combined practices most strongly enforce the company's posture across ingestion preparation and integrity? (Select TWO),Lake Formation centrally governs catalog access while Glue Data Quality enforces rule-based validity at the prep layer - together covering governance and integrity. Feature Store with KMS protects features at rest in both online and offline stores while tokenizing PII before ingest reduces sensitive exposure across every downstream stage - covering PII handling. Skipping schema registry leaves consumers fragile. A single random split for time series leaks the future. Macie does not compute bias and is the wrong tool here.,k-1-1-8|k-1-2-7|k-1-3-4|k-1-3-5,hard,ai-generated,FALSE,D,Use a single random train-test split for all time-series data,FALSE,4
d-1-50,D1,mr,A regulated company is hardening its end-to-end ML data pipeline that ingests cataloged data prepares it engineers features and feeds training. The team must address governance quality and PII handling consistently across all stages. Which TWO combined practices most strongly enforce the company's posture across ingestion preparation and integrity? (Select TWO),Lake Formation centrally governs catalog access while Glue Data Quality enforces rule-based validity at the prep layer - together covering governance and integrity. Feature Store with KMS protects features at rest in both online and offline stores while tokenizing PII before ingest reduces sensitive exposure across every downstream stage - covering PII handling. Skipping schema registry leaves consumers fragile. A single random split for time series leaks the future. Macie does not compute bias and is the wrong tool here.,k-1-1-8|k-1-2-7|k-1-3-4|k-1-3-5,hard,ai-generated,FALSE,E,Run Macie discovery jobs to compute pre-training bias metrics,FALSE,5
d-1-51,D1,mc,An ML team needs to orchestrate a multi-step training data pipeline; when new sensor batches arrive in S3 the system must run a Glue crawler then a Glue ETL job that produces Parquet then start a SageMaker training job. The team wants per-step visibility automatic retries on failure and minimal custom code. Which orchestration approach best meets these requirements?,Step Functions provides native service integrations for AWS Glue and SageMaker including built-in retry and per-state visibility - the lowest-code managed orchestrator for this pattern; combined with EventBridge for the S3 trigger it gives an event-driven serverless pipeline. A cron-based EC2 script reintroduces server management and lacks per-step visibility. Chaining Lambdas across long-running Glue and SageMaker jobs requires manual polling and timeout handling. A single Glue job is not an orchestrator across other services and cannot natively start a SageMaker training job with retries.,k-1-1-5|k-1-2-1|s-1-2-2,medium,ai-generated,FALSE,A,A cron job on an EC2 instance that runs each step sequentially via the AWS CLI,FALSE,1
d-1-51,D1,mc,An ML team needs to orchestrate a multi-step training data pipeline; when new sensor batches arrive in S3 the system must run a Glue crawler then a Glue ETL job that produces Parquet then start a SageMaker training job. The team wants per-step visibility automatic retries on failure and minimal custom code. Which orchestration approach best meets these requirements?,Step Functions provides native service integrations for AWS Glue and SageMaker including built-in retry and per-state visibility - the lowest-code managed orchestrator for this pattern; combined with EventBridge for the S3 trigger it gives an event-driven serverless pipeline. A cron-based EC2 script reintroduces server management and lacks per-step visibility. Chaining Lambdas across long-running Glue and SageMaker jobs requires manual polling and timeout handling. A single Glue job is not an orchestrator across other services and cannot natively start a SageMaker training job with retries.,k-1-1-5|k-1-2-1|s-1-2-2,medium,ai-generated,FALSE,B,An AWS Step Functions state machine using native Glue and SageMaker integrations triggered by EventBridge,TRUE,2
d-1-51,D1,mc,An ML team needs to orchestrate a multi-step training data pipeline; when new sensor batches arrive in S3 the system must run a Glue crawler then a Glue ETL job that produces Parquet then start a SageMaker training job. The team wants per-step visibility automatic retries on failure and minimal custom code. Which orchestration approach best meets these requirements?,Step Functions provides native service integrations for AWS Glue and SageMaker including built-in retry and per-state visibility - the lowest-code managed orchestrator for this pattern; combined with EventBridge for the S3 trigger it gives an event-driven serverless pipeline. A cron-based EC2 script reintroduces server management and lacks per-step visibility. Chaining Lambdas across long-running Glue and SageMaker jobs requires manual polling and timeout handling. A single Glue job is not an orchestrator across other services and cannot natively start a SageMaker training job with retries.,k-1-1-5|k-1-2-1|s-1-2-2,medium,ai-generated,FALSE,C,A chain of Lambda functions invoking each long-running service and polling status,FALSE,3
d-1-51,D1,mc,An ML team needs to orchestrate a multi-step training data pipeline; when new sensor batches arrive in S3 the system must run a Glue crawler then a Glue ETL job that produces Parquet then start a SageMaker training job. The team wants per-step visibility automatic retries on failure and minimal custom code. Which orchestration approach best meets these requirements?,Step Functions provides native service integrations for AWS Glue and SageMaker including built-in retry and per-state visibility - the lowest-code managed orchestrator for this pattern; combined with EventBridge for the S3 trigger it gives an event-driven serverless pipeline. A cron-based EC2 script reintroduces server management and lacks per-step visibility. Chaining Lambdas across long-running Glue and SageMaker jobs requires manual polling and timeout handling. A single Glue job is not an orchestrator across other services and cannot natively start a SageMaker training job with retries.,k-1-1-5|k-1-2-1|s-1-2-2,medium,ai-generated,FALSE,D,A single Glue ETL job that internally calls the crawler and SageMaker APIs,FALSE,4
d-1-52,D1,mc,A team wants to train SageMaker models on transactional data currently in Amazon Redshift; they need a repeatable cost-effective method for providing training data to SageMaker without overloading the production warehouse. Which approach is best?,UNLOAD writes Redshift query results to S3 in Parquet which decouples training I/O from the warehouse and lets SageMaker training read from S3 at scale - the recommended pattern. JDBC reads inside training jobs hammer the warehouse during every epoch and are slow. Cluster resize replication is an unrelated and expensive operation. Redshift Spectrum from inside the training script still routes I/O through the cluster and offers no improvement.,k-1-1-5|k-1-2-1|s-1-1-2,medium,ai-generated,FALSE,A,Use Redshift UNLOAD to write query results to S3 in Parquet and use the S3 dataset as SageMaker training input,TRUE,1
d-1-52,D1,mc,A team wants to train SageMaker models on transactional data currently in Amazon Redshift; they need a repeatable cost-effective method for providing training data to SageMaker without overloading the production warehouse. Which approach is best?,UNLOAD writes Redshift query results to S3 in Parquet which decouples training I/O from the warehouse and lets SageMaker training read from S3 at scale - the recommended pattern. JDBC reads inside training jobs hammer the warehouse during every epoch and are slow. Cluster resize replication is an unrelated and expensive operation. Redshift Spectrum from inside the training script still routes I/O through the cluster and offers no improvement.,k-1-1-5|k-1-2-1|s-1-1-2,medium,ai-generated,FALSE,B,Have SageMaker training jobs query Redshift directly via JDBC during every epoch,FALSE,2
d-1-52,D1,mc,A team wants to train SageMaker models on transactional data currently in Amazon Redshift; they need a repeatable cost-effective method for providing training data to SageMaker without overloading the production warehouse. Which approach is best?,UNLOAD writes Redshift query results to S3 in Parquet which decouples training I/O from the warehouse and lets SageMaker training read from S3 at scale - the recommended pattern. JDBC reads inside training jobs hammer the warehouse during every epoch and are slow. Cluster resize replication is an unrelated and expensive operation. Redshift Spectrum from inside the training script still routes I/O through the cluster and offers no improvement.,k-1-1-5|k-1-2-1|s-1-1-2,medium,ai-generated,FALSE,C,Replicate the entire Redshift cluster nightly using classic resize and read from the replica,FALSE,3
d-1-52,D1,mc,A team wants to train SageMaker models on transactional data currently in Amazon Redshift; they need a repeatable cost-effective method for providing training data to SageMaker without overloading the production warehouse. Which approach is best?,UNLOAD writes Redshift query results to S3 in Parquet which decouples training I/O from the warehouse and lets SageMaker training read from S3 at scale - the recommended pattern. JDBC reads inside training jobs hammer the warehouse during every epoch and are slow. Cluster resize replication is an unrelated and expensive operation. Redshift Spectrum from inside the training script still routes I/O through the cluster and offers no improvement.,k-1-1-5|k-1-2-1|s-1-1-2,medium,ai-generated,FALSE,D,Call Redshift Spectrum from inside the training script for every batch read,FALSE,4
d-1-53,D1,mc,A team's training data pipeline runs on a fixed schedule but new training data arrives at unpredictable times; they want the Glue ETL job to start as soon as new files arrive under a specific S3 prefix without polling and with minimal additional infrastructure. Which approach is best?,S3 Event Notifications with EventBridge can match Object Created events on a specific prefix and start an AWS Glue job through a native target - event-driven and serverless with no polling. Increasing schedule frequency is still polling and wastes invocations. S3 Inventory reports are daily not real-time. A Step Functions wait state introduces unnecessary polling latency and complexity for a simple S3-to-Glue trigger.,k-1-1-5|k-1-2-1|s-1-2-2,medium,ai-generated,FALSE,A,Increase the Glue schedule to every 5 minutes,FALSE,1
d-1-53,D1,mc,A team's training data pipeline runs on a fixed schedule but new training data arrives at unpredictable times; they want the Glue ETL job to start as soon as new files arrive under a specific S3 prefix without polling and with minimal additional infrastructure. Which approach is best?,S3 Event Notifications with EventBridge can match Object Created events on a specific prefix and start an AWS Glue job through a native target - event-driven and serverless with no polling. Increasing schedule frequency is still polling and wastes invocations. S3 Inventory reports are daily not real-time. A Step Functions wait state introduces unnecessary polling latency and complexity for a simple S3-to-Glue trigger.,k-1-1-5|k-1-2-1|s-1-2-2,medium,ai-generated,FALSE,B,Configure an EventBridge rule on S3 Object Created events that targets the Glue job,TRUE,2
d-1-53,D1,mc,A team's training data pipeline runs on a fixed schedule but new training data arrives at unpredictable times; they want the Glue ETL job to start as soon as new files arrive under a specific S3 prefix without polling and with minimal additional infrastructure. Which approach is best?,S3 Event Notifications with EventBridge can match Object Created events on a specific prefix and start an AWS Glue job through a native target - event-driven and serverless with no polling. Increasing schedule frequency is still polling and wastes invocations. S3 Inventory reports are daily not real-time. A Step Functions wait state introduces unnecessary polling latency and complexity for a simple S3-to-Glue trigger.,k-1-1-5|k-1-2-1|s-1-2-2,medium,ai-generated,FALSE,C,Use S3 Inventory reports to detect new files,FALSE,3
d-1-53,D1,mc,A team's training data pipeline runs on a fixed schedule but new training data arrives at unpredictable times; they want the Glue ETL job to start as soon as new files arrive under a specific S3 prefix without polling and with minimal additional infrastructure. Which approach is best?,S3 Event Notifications with EventBridge can match Object Created events on a specific prefix and start an AWS Glue job through a native target - event-driven and serverless with no polling. Increasing schedule frequency is still polling and wastes invocations. S3 Inventory reports are daily not real-time. A Step Functions wait state introduces unnecessary polling latency and complexity for a simple S3-to-Glue trigger.,k-1-1-5|k-1-2-1|s-1-2-2,medium,ai-generated,FALSE,D,Use a Step Functions state machine that polls S3 with a wait state,FALSE,4
d-1-54,D1,mr,An EMR Spark feature engineering job runs nightly over hundreds of GB of S3 data and is heavily cost-constrained; occasional task interruptions are tolerable as long as the job eventually completes. Which TWO configuration choices reduce cost while preserving overall job completion? (Select TWO),Running task nodes on Spot reduces compute cost significantly and the cluster tolerates Spot interruptions because task nodes don't store HDFS data; EMR managed scaling rightsizes the cluster automatically based on workload reducing wasted capacity. Running the master on Spot is unsafe because master loss terminates the cluster. Doubling on-demand capacity raises cost. Persisting all intermediate data to S3 between every transform increases I/O and S3 cost without reducing compute spend.,k-1-1-5|k-1-2-2,hard,ai-generated,FALSE,A,Run task nodes on Spot Instances while keeping the master node on On-Demand,TRUE,1
d-1-54,D1,mr,An EMR Spark feature engineering job runs nightly over hundreds of GB of S3 data and is heavily cost-constrained; occasional task interruptions are tolerable as long as the job eventually completes. Which TWO configuration choices reduce cost while preserving overall job completion? (Select TWO),Running task nodes on Spot reduces compute cost significantly and the cluster tolerates Spot interruptions because task nodes don't store HDFS data; EMR managed scaling rightsizes the cluster automatically based on workload reducing wasted capacity. Running the master on Spot is unsafe because master loss terminates the cluster. Doubling on-demand capacity raises cost. Persisting all intermediate data to S3 between every transform increases I/O and S3 cost without reducing compute spend.,k-1-1-5|k-1-2-2,hard,ai-generated,FALSE,B,Enable EMR managed scaling to right-size the cluster to the workload,TRUE,2
d-1-54,D1,mr,An EMR Spark feature engineering job runs nightly over hundreds of GB of S3 data and is heavily cost-constrained; occasional task interruptions are tolerable as long as the job eventually completes. Which TWO configuration choices reduce cost while preserving overall job completion? (Select TWO),Running task nodes on Spot reduces compute cost significantly and the cluster tolerates Spot interruptions because task nodes don't store HDFS data; EMR managed scaling rightsizes the cluster automatically based on workload reducing wasted capacity. Running the master on Spot is unsafe because master loss terminates the cluster. Doubling on-demand capacity raises cost. Persisting all intermediate data to S3 between every transform increases I/O and S3 cost without reducing compute spend.,k-1-1-5|k-1-2-2,hard,ai-generated,FALSE,C,Run the master node on Spot Instances to maximize savings,FALSE,3
d-1-54,D1,mr,An EMR Spark feature engineering job runs nightly over hundreds of GB of S3 data and is heavily cost-constrained; occasional task interruptions are tolerable as long as the job eventually completes. Which TWO configuration choices reduce cost while preserving overall job completion? (Select TWO),Running task nodes on Spot reduces compute cost significantly and the cluster tolerates Spot interruptions because task nodes don't store HDFS data; EMR managed scaling rightsizes the cluster automatically based on workload reducing wasted capacity. Running the master on Spot is unsafe because master loss terminates the cluster. Doubling on-demand capacity raises cost. Persisting all intermediate data to S3 between every transform increases I/O and S3 cost without reducing compute spend.,k-1-1-5|k-1-2-2,hard,ai-generated,FALSE,D,Double the On-Demand cluster size to finish faster,FALSE,4
d-1-54,D1,mr,An EMR Spark feature engineering job runs nightly over hundreds of GB of S3 data and is heavily cost-constrained; occasional task interruptions are tolerable as long as the job eventually completes. Which TWO configuration choices reduce cost while preserving overall job completion? (Select TWO),Running task nodes on Spot reduces compute cost significantly and the cluster tolerates Spot interruptions because task nodes don't store HDFS data; EMR managed scaling rightsizes the cluster automatically based on workload reducing wasted capacity. Running the master on Spot is unsafe because master loss terminates the cluster. Doubling on-demand capacity raises cost. Persisting all intermediate data to S3 between every transform increases I/O and S3 cost without reducing compute spend.,k-1-1-5|k-1-2-2,hard,ai-generated,FALSE,E,Persist every intermediate Spark transform output to S3 between stages,FALSE,5
d-1-55,D1,mc,An ML team has three workloads to place: distributed SageMaker training jobs that need maximum sustained read throughput across many epochs; an event archive that is scanned at most once a month by Athena; and a small shared scratch space where data scientists co-edit notebook artifacts concurrently. Which mapping correctly matches each workload to the right AWS storage service?,FSx for Lustre delivers the highest sustained throughput for distributed multi-epoch training and integrates with S3 as a backing store; S3 is the lowest-cost durable choice for a rarely scanned archive and Athena queries it natively; EFS provides POSIX semantics for concurrent shared edits across notebook users. Putting training data on S3 sacrifices throughput compared to FSx; putting an archive on FSx wastes its high-performance pricing; using EFS for training is not optimized for high-throughput parallel reads.,k-1-1-5|k-1-1-6|k-1-1-7|s-1-1-2|k-1-2-1,hard,ai-generated,FALSE,A,FSx for Lustre for training; S3 for archive; EFS for shared notebook scratch,TRUE,1
d-1-55,D1,mc,An ML team has three workloads to place: distributed SageMaker training jobs that need maximum sustained read throughput across many epochs; an event archive that is scanned at most once a month by Athena; and a small shared scratch space where data scientists co-edit notebook artifacts concurrently. Which mapping correctly matches each workload to the right AWS storage service?,FSx for Lustre delivers the highest sustained throughput for distributed multi-epoch training and integrates with S3 as a backing store; S3 is the lowest-cost durable choice for a rarely scanned archive and Athena queries it natively; EFS provides POSIX semantics for concurrent shared edits across notebook users. Putting training data on S3 sacrifices throughput compared to FSx; putting an archive on FSx wastes its high-performance pricing; using EFS for training is not optimized for high-throughput parallel reads.,k-1-1-5|k-1-1-6|k-1-1-7|s-1-1-2|k-1-2-1,hard,ai-generated,FALSE,B,S3 for training; FSx for Lustre for archive; EFS for shared notebook scratch,FALSE,2
d-1-55,D1,mc,An ML team has three workloads to place: distributed SageMaker training jobs that need maximum sustained read throughput across many epochs; an event archive that is scanned at most once a month by Athena; and a small shared scratch space where data scientists co-edit notebook artifacts concurrently. Which mapping correctly matches each workload to the right AWS storage service?,FSx for Lustre delivers the highest sustained throughput for distributed multi-epoch training and integrates with S3 as a backing store; S3 is the lowest-cost durable choice for a rarely scanned archive and Athena queries it natively; EFS provides POSIX semantics for concurrent shared edits across notebook users. Putting training data on S3 sacrifices throughput compared to FSx; putting an archive on FSx wastes its high-performance pricing; using EFS for training is not optimized for high-throughput parallel reads.,k-1-1-5|k-1-1-6|k-1-1-7|s-1-1-2|k-1-2-1,hard,ai-generated,FALSE,C,EFS for training; S3 for archive; FSx for Lustre for shared notebook scratch,FALSE,3
d-1-55,D1,mc,An ML team has three workloads to place: distributed SageMaker training jobs that need maximum sustained read throughput across many epochs; an event archive that is scanned at most once a month by Athena; and a small shared scratch space where data scientists co-edit notebook artifacts concurrently. Which mapping correctly matches each workload to the right AWS storage service?,FSx for Lustre delivers the highest sustained throughput for distributed multi-epoch training and integrates with S3 as a backing store; S3 is the lowest-cost durable choice for a rarely scanned archive and Athena queries it natively; EFS provides POSIX semantics for concurrent shared edits across notebook users. Putting training data on S3 sacrifices throughput compared to FSx; putting an archive on FSx wastes its high-performance pricing; using EFS for training is not optimized for high-throughput parallel reads.,k-1-1-5|k-1-1-6|k-1-1-7|s-1-1-2|k-1-2-1,hard,ai-generated,FALSE,D,All three workloads on Amazon S3 with different prefixes,FALSE,4
d-1-56,D1,mc,A medical labeling project uses Ground Truth for tumor segmentation in radiology images; the team is concerned that labeler disagreement on ambiguous cases is producing noisy training labels that hurt downstream model quality. Which Ground Truth feature most directly mitigates this label noise?,Configuring multiple workers per object combined with Ground Truth's annotation consolidation algorithm produces a single high-quality label by combining per-worker outputs which mitigates noise on ambiguous examples. Reducing to one worker per object eliminates the consensus mechanism and increases noise. Macie discovers PII in S3 and is unrelated to label noise. Disabling Ground Truth and using a spreadsheet eliminates quality controls entirely.,k-1-1-5|k-1-3-1,medium,ai-generated,FALSE,A,Configure multiple workers per object and use the built-in annotation consolidation,TRUE,1
d-1-56,D1,mc,A medical labeling project uses Ground Truth for tumor segmentation in radiology images; the team is concerned that labeler disagreement on ambiguous cases is producing noisy training labels that hurt downstream model quality. Which Ground Truth feature most directly mitigates this label noise?,Configuring multiple workers per object combined with Ground Truth's annotation consolidation algorithm produces a single high-quality label by combining per-worker outputs which mitigates noise on ambiguous examples. Reducing to one worker per object eliminates the consensus mechanism and increases noise. Macie discovers PII in S3 and is unrelated to label noise. Disabling Ground Truth and using a spreadsheet eliminates quality controls entirely.,k-1-1-5|k-1-3-1,medium,ai-generated,FALSE,B,Reduce the number of workers per object to one to remove disagreement,FALSE,2
d-1-56,D1,mc,A medical labeling project uses Ground Truth for tumor segmentation in radiology images; the team is concerned that labeler disagreement on ambiguous cases is producing noisy training labels that hurt downstream model quality. Which Ground Truth feature most directly mitigates this label noise?,Configuring multiple workers per object combined with Ground Truth's annotation consolidation algorithm produces a single high-quality label by combining per-worker outputs which mitigates noise on ambiguous examples. Reducing to one worker per object eliminates the consensus mechanism and increases noise. Macie discovers PII in S3 and is unrelated to label noise. Disabling Ground Truth and using a spreadsheet eliminates quality controls entirely.,k-1-1-5|k-1-3-1,medium,ai-generated,FALSE,C,Use Amazon Macie to detect labeler disagreement in the S3 manifest,FALSE,3
d-1-56,D1,mc,A medical labeling project uses Ground Truth for tumor segmentation in radiology images; the team is concerned that labeler disagreement on ambiguous cases is producing noisy training labels that hurt downstream model quality. Which Ground Truth feature most directly mitigates this label noise?,Configuring multiple workers per object combined with Ground Truth's annotation consolidation algorithm produces a single high-quality label by combining per-worker outputs which mitigates noise on ambiguous examples. Reducing to one worker per object eliminates the consensus mechanism and increases noise. Macie discovers PII in S3 and is unrelated to label noise. Disabling Ground Truth and using a spreadsheet eliminates quality controls entirely.,k-1-1-5|k-1-3-1,medium,ai-generated,FALSE,D,Disable Ground Truth and label cases via a shared spreadsheet,FALSE,4
d-1-57,D1,mc,A streaming clickstream pipeline ingests events from EU users into Kinesis Data Streams in eu-west-1 and from US users into a separate Kinesis Data Streams in us-east-1; the team currently combines both into a unified training dataset in us-east-1. New compliance rules require that EU personal data must remain in EU regions. The team still needs to deliver recommendation models for both markets. Which change keeps the pipeline compliant?,Training a regional model in eu-west-1 against eu-west-1 data and a separate model in us-east-1 against us-east-1 data ensures EU personal data never crosses regional boundaries while still serving both markets. Streaming EU events to us-east-1 over PrivateLink still moves personal data out of region. Encryption with KMS does not change where the data physically resides. Aggregating in a third region compounds the residency violation.,k-1-1-3|k-1-3-5,medium,ai-generated,FALSE,A,Stream EU events to us-east-1 over PrivateLink and train a single combined model,FALSE,1
d-1-57,D1,mc,A streaming clickstream pipeline ingests events from EU users into Kinesis Data Streams in eu-west-1 and from US users into a separate Kinesis Data Streams in us-east-1; the team currently combines both into a unified training dataset in us-east-1. New compliance rules require that EU personal data must remain in EU regions. The team still needs to deliver recommendation models for both markets. Which change keeps the pipeline compliant?,Training a regional model in eu-west-1 against eu-west-1 data and a separate model in us-east-1 against us-east-1 data ensures EU personal data never crosses regional boundaries while still serving both markets. Streaming EU events to us-east-1 over PrivateLink still moves personal data out of region. Encryption with KMS does not change where the data physically resides. Aggregating in a third region compounds the residency violation.,k-1-1-3|k-1-3-5,medium,ai-generated,FALSE,B,Train an EU-only model in eu-west-1 from eu-west-1 data and a US-only model in us-east-1 from us-east-1 data,TRUE,2
d-1-57,D1,mc,A streaming clickstream pipeline ingests events from EU users into Kinesis Data Streams in eu-west-1 and from US users into a separate Kinesis Data Streams in us-east-1; the team currently combines both into a unified training dataset in us-east-1. New compliance rules require that EU personal data must remain in EU regions. The team still needs to deliver recommendation models for both markets. Which change keeps the pipeline compliant?,Training a regional model in eu-west-1 against eu-west-1 data and a separate model in us-east-1 against us-east-1 data ensures EU personal data never crosses regional boundaries while still serving both markets. Streaming EU events to us-east-1 over PrivateLink still moves personal data out of region. Encryption with KMS does not change where the data physically resides. Aggregating in a third region compounds the residency violation.,k-1-1-3|k-1-3-5,medium,ai-generated,FALSE,C,Encrypt EU events with KMS and replicate them to us-east-1 for unified training,FALSE,3
d-1-57,D1,mc,A streaming clickstream pipeline ingests events from EU users into Kinesis Data Streams in eu-west-1 and from US users into a separate Kinesis Data Streams in us-east-1; the team currently combines both into a unified training dataset in us-east-1. New compliance rules require that EU personal data must remain in EU regions. The team still needs to deliver recommendation models for both markets. Which change keeps the pipeline compliant?,Training a regional model in eu-west-1 against eu-west-1 data and a separate model in us-east-1 against us-east-1 data ensures EU personal data never crosses regional boundaries while still serving both markets. Streaming EU events to us-east-1 over PrivateLink still moves personal data out of region. Encryption with KMS does not change where the data physically resides. Aggregating in a third region compounds the residency violation.,k-1-1-3|k-1-3-5,medium,ai-generated,FALSE,D,Aggregate both EU and US streams into a third region for centralized training,FALSE,4
d-1-58,D1,mc,A team uses Kinesis Data Firehose to deliver events to S3 partitioned by hour; some upstream sensors deliver late and the cataloged dataset for a given hour is incomplete when the daily training job runs causing inconsistent model behavior. The team wants to detect incomplete partitions before training. Which approach is most appropriate?,A Glue Data Quality completeness rule - for example a minimum row count or freshness check on the hourly partition - lets the pipeline detect incomplete data and gate training so only complete partitions feed the model. Increasing Firehose buffer interval only changes batch size and does not address late-arriving sensors. Training on whatever is present is exactly the regression the team is trying to fix. Disabling hourly partitioning loses the time fidelity the dataset was designed around.,k-1-1-2|k-1-3-4,hard,ai-generated,FALSE,A,Define a Glue Data Quality completeness rule on the hourly partition and gate training on rule pass,TRUE,1
d-1-58,D1,mc,A team uses Kinesis Data Firehose to deliver events to S3 partitioned by hour; some upstream sensors deliver late and the cataloged dataset for a given hour is incomplete when the daily training job runs causing inconsistent model behavior. The team wants to detect incomplete partitions before training. Which approach is most appropriate?,A Glue Data Quality completeness rule - for example a minimum row count or freshness check on the hourly partition - lets the pipeline detect incomplete data and gate training so only complete partitions feed the model. Increasing Firehose buffer interval only changes batch size and does not address late-arriving sensors. Training on whatever is present is exactly the regression the team is trying to fix. Disabling hourly partitioning loses the time fidelity the dataset was designed around.,k-1-1-2|k-1-3-4,hard,ai-generated,FALSE,B,Increase the Firehose buffering interval so all sensors deliver in the same batch,FALSE,2
d-1-58,D1,mc,A team uses Kinesis Data Firehose to deliver events to S3 partitioned by hour; some upstream sensors deliver late and the cataloged dataset for a given hour is incomplete when the daily training job runs causing inconsistent model behavior. The team wants to detect incomplete partitions before training. Which approach is most appropriate?,A Glue Data Quality completeness rule - for example a minimum row count or freshness check on the hourly partition - lets the pipeline detect incomplete data and gate training so only complete partitions feed the model. Increasing Firehose buffer interval only changes batch size and does not address late-arriving sensors. Training on whatever is present is exactly the regression the team is trying to fix. Disabling hourly partitioning loses the time fidelity the dataset was designed around.,k-1-1-2|k-1-3-4,hard,ai-generated,FALSE,C,Train on whatever data is present each day and rely on the model to be robust,FALSE,3
d-1-58,D1,mc,A team uses Kinesis Data Firehose to deliver events to S3 partitioned by hour; some upstream sensors deliver late and the cataloged dataset for a given hour is incomplete when the daily training job runs causing inconsistent model behavior. The team wants to detect incomplete partitions before training. Which approach is most appropriate?,A Glue Data Quality completeness rule - for example a minimum row count or freshness check on the hourly partition - lets the pipeline detect incomplete data and gate training so only complete partitions feed the model. Increasing Firehose buffer interval only changes batch size and does not address late-arriving sensors. Training on whatever is present is exactly the regression the team is trying to fix. Disabling hourly partitioning loses the time fidelity the dataset was designed around.,k-1-1-2|k-1-3-4,hard,ai-generated,FALSE,D,Disable hourly partitioning and store all events as one large file per day,FALSE,4
d-1-59,D1,mr,A team is building an S3-backed feature pipeline that may receive PII from upstream producers; the team wants to detect inadvertent PII leakage early and reduce blast radius if leakage occurs. Which TWO controls best meet these goals? (Select TWO),Macie continuously discovers and alerts on sensitive data findings in S3 buckets giving early detection; performing redaction or tokenization in a Firehose Lambda transform or Glue job stops PII from propagating downstream and reduces blast radius. Disabling CloudTrail removes the audit trail. A single shared bucket for raw and curated data widens blast radius. Public-read buckets violate basic data-protection principles regardless of PII content.,k-1-1-5|k-1-3-5|s-1-3-1,hard,ai-generated,FALSE,A,Schedule Amazon Macie discovery jobs against the ingestion buckets and alert on findings,TRUE,1
d-1-59,D1,mr,A team is building an S3-backed feature pipeline that may receive PII from upstream producers; the team wants to detect inadvertent PII leakage early and reduce blast radius if leakage occurs. Which TWO controls best meet these goals? (Select TWO),Macie continuously discovers and alerts on sensitive data findings in S3 buckets giving early detection; performing redaction or tokenization in a Firehose Lambda transform or Glue job stops PII from propagating downstream and reduces blast radius. Disabling CloudTrail removes the audit trail. A single shared bucket for raw and curated data widens blast radius. Public-read buckets violate basic data-protection principles regardless of PII content.,k-1-1-5|k-1-3-5|s-1-3-1,hard,ai-generated,FALSE,B,Redact or tokenize PII fields in a Firehose Lambda transform or Glue job before they land in the curated bucket,TRUE,2
d-1-59,D1,mr,A team is building an S3-backed feature pipeline that may receive PII from upstream producers; the team wants to detect inadvertent PII leakage early and reduce blast radius if leakage occurs. Which TWO controls best meet these goals? (Select TWO),Macie continuously discovers and alerts on sensitive data findings in S3 buckets giving early detection; performing redaction or tokenization in a Firehose Lambda transform or Glue job stops PII from propagating downstream and reduces blast radius. Disabling CloudTrail removes the audit trail. A single shared bucket for raw and curated data widens blast radius. Public-read buckets violate basic data-protection principles regardless of PII content.,k-1-1-5|k-1-3-5|s-1-3-1,hard,ai-generated,FALSE,C,Disable CloudTrail on the data accounts to reduce log volume,FALSE,3
d-1-59,D1,mr,A team is building an S3-backed feature pipeline that may receive PII from upstream producers; the team wants to detect inadvertent PII leakage early and reduce blast radius if leakage occurs. Which TWO controls best meet these goals? (Select TWO),Macie continuously discovers and alerts on sensitive data findings in S3 buckets giving early detection; performing redaction or tokenization in a Firehose Lambda transform or Glue job stops PII from propagating downstream and reduces blast radius. Disabling CloudTrail removes the audit trail. A single shared bucket for raw and curated data widens blast radius. Public-read buckets violate basic data-protection principles regardless of PII content.,k-1-1-5|k-1-3-5|s-1-3-1,hard,ai-generated,FALSE,D,Use a single shared bucket for raw and curated training data,FALSE,4
d-1-59,D1,mr,A team is building an S3-backed feature pipeline that may receive PII from upstream producers; the team wants to detect inadvertent PII leakage early and reduce blast radius if leakage occurs. Which TWO controls best meet these goals? (Select TWO),Macie continuously discovers and alerts on sensitive data findings in S3 buckets giving early detection; performing redaction or tokenization in a Firehose Lambda transform or Glue job stops PII from propagating downstream and reduces blast radius. Disabling CloudTrail removes the audit trail. A single shared bucket for raw and curated data widens blast radius. Public-read buckets violate basic data-protection principles regardless of PII content.,k-1-1-5|k-1-3-5|s-1-3-1,hard,ai-generated,FALSE,E,Allow public-read on the ingestion bucket so all data scientists can access it,FALSE,5
d-1-60,D1,mc,A team is engineering features for a daily demand-forecasting model and wants to add 7-day lag rolling-mean and rolling-std features. They also need a validation strategy that reflects deployment performance. Which combination is correct?,Trailing-only rolling features compute statistics from past values and prevent leakage of future information into training; walk-forward time-series cross-validation evaluates the model on contiguous future periods which mirrors how the model is used in production. Centered rolling windows include future data points and leak. Random-shuffled splits scramble time and leak. Dropping early rows alone does not address the validation methodology - the chosen split must respect time order.,k-1-2-6|s-1-3-2,hard,ai-generated,FALSE,A,Compute rolling features using only trailing windows and validate with walk-forward time-series cross-validation,TRUE,1
d-1-60,D1,mc,A team is engineering features for a daily demand-forecasting model and wants to add 7-day lag rolling-mean and rolling-std features. They also need a validation strategy that reflects deployment performance. Which combination is correct?,Trailing-only rolling features compute statistics from past values and prevent leakage of future information into training; walk-forward time-series cross-validation evaluates the model on contiguous future periods which mirrors how the model is used in production. Centered rolling windows include future data points and leak. Random-shuffled splits scramble time and leak. Dropping early rows alone does not address the validation methodology - the chosen split must respect time order.,k-1-2-6|s-1-3-2,hard,ai-generated,FALSE,B,Compute rolling features over windows centered on the current date and validate with random-shuffled k-fold,FALSE,2
d-1-60,D1,mc,A team is engineering features for a daily demand-forecasting model and wants to add 7-day lag rolling-mean and rolling-std features. They also need a validation strategy that reflects deployment performance. Which combination is correct?,Trailing-only rolling features compute statistics from past values and prevent leakage of future information into training; walk-forward time-series cross-validation evaluates the model on contiguous future periods which mirrors how the model is used in production. Centered rolling windows include future data points and leak. Random-shuffled splits scramble time and leak. Dropping early rows alone does not address the validation methodology - the chosen split must respect time order.,k-1-2-6|s-1-3-2,hard,ai-generated,FALSE,C,Compute trailing rolling features but validate with a random 80/20 split,FALSE,3
d-1-60,D1,mc,A team is engineering features for a daily demand-forecasting model and wants to add 7-day lag rolling-mean and rolling-std features. They also need a validation strategy that reflects deployment performance. Which combination is correct?,Trailing-only rolling features compute statistics from past values and prevent leakage of future information into training; walk-forward time-series cross-validation evaluates the model on contiguous future periods which mirrors how the model is used in production. Centered rolling windows include future data points and leak. Random-shuffled splits scramble time and leak. Dropping early rows alone does not address the validation methodology - the chosen split must respect time order.,k-1-2-6|s-1-3-2,hard,ai-generated,FALSE,D,Compute centered rolling features and drop early rows with incomplete history,FALSE,4
d-1-61,D1,mc,After producing a daily training dataset using Athena CTAS over a Glue cataloged source the team wants to assess pre-training bias on the resulting dataset before kicking off SageMaker training. Which approach is most efficient?,SageMaker Clarify computes pre-training bias metrics (class imbalance label proportion difference and so on) directly against an S3 dataset cataloged in Glue - exactly the workflow needed and integrated with SageMaker. Model Monitor is for production endpoint monitoring not pre-training bias. Macie discovers PII not bias. Hand-written Athena bias queries are error-prone and reinvent metrics that Clarify already provides.,k-1-2-5|k-1-3-2,medium,ai-generated,FALSE,A,Run a SageMaker Clarify pre-training bias job pointing to the Glue cataloged S3 dataset,TRUE,1
d-1-61,D1,mc,After producing a daily training dataset using Athena CTAS over a Glue cataloged source the team wants to assess pre-training bias on the resulting dataset before kicking off SageMaker training. Which approach is most efficient?,SageMaker Clarify computes pre-training bias metrics (class imbalance label proportion difference and so on) directly against an S3 dataset cataloged in Glue - exactly the workflow needed and integrated with SageMaker. Model Monitor is for production endpoint monitoring not pre-training bias. Macie discovers PII not bias. Hand-written Athena bias queries are error-prone and reinvent metrics that Clarify already provides.,k-1-2-5|k-1-3-2,medium,ai-generated,FALSE,B,Run SageMaker Model Monitor on the training dataset,FALSE,2
d-1-61,D1,mc,After producing a daily training dataset using Athena CTAS over a Glue cataloged source the team wants to assess pre-training bias on the resulting dataset before kicking off SageMaker training. Which approach is most efficient?,SageMaker Clarify computes pre-training bias metrics (class imbalance label proportion difference and so on) directly against an S3 dataset cataloged in Glue - exactly the workflow needed and integrated with SageMaker. Model Monitor is for production endpoint monitoring not pre-training bias. Macie discovers PII not bias. Hand-written Athena bias queries are error-prone and reinvent metrics that Clarify already provides.,k-1-2-5|k-1-3-2,medium,ai-generated,FALSE,C,Run an Amazon Macie discovery job on the training bucket,FALSE,3
d-1-61,D1,mc,After producing a daily training dataset using Athena CTAS over a Glue cataloged source the team wants to assess pre-training bias on the resulting dataset before kicking off SageMaker training. Which approach is most efficient?,SageMaker Clarify computes pre-training bias metrics (class imbalance label proportion difference and so on) directly against an S3 dataset cataloged in Glue - exactly the workflow needed and integrated with SageMaker. Model Monitor is for production endpoint monitoring not pre-training bias. Macie discovers PII not bias. Hand-written Athena bias queries are error-prone and reinvent metrics that Clarify already provides.,k-1-2-5|k-1-3-2,medium,ai-generated,FALSE,D,Write hand-rolled Athena queries that compute disparate impact ratios in SQL,FALSE,4
d-1-62,D1,mc,A team using SageMaker Data Wrangler is preparing a fraud-detection dataset with a 2% positive rate; they want to handle the class imbalance entirely within Data Wrangler without leaking information into the validation set. Which sequence is most appropriate?,Splitting first then applying Balance Data only to the training partition prevents leakage of synthetic or duplicated minority samples into validation; this preserves the validity of offline evaluation. Balancing the entire dataset before splitting causes leakage. Drop Duplicate Rows on the label column is irrelevant. One-Hot Encode on the label column is irrelevant for binary class imbalance.,k-1-2-4|k-1-3-3,hard,ai-generated,FALSE,A,Split the dataset within Data Wrangler then apply the Balance Data transform only to the training partition,TRUE,1
d-1-62,D1,mc,A team using SageMaker Data Wrangler is preparing a fraud-detection dataset with a 2% positive rate; they want to handle the class imbalance entirely within Data Wrangler without leaking information into the validation set. Which sequence is most appropriate?,Splitting first then applying Balance Data only to the training partition prevents leakage of synthetic or duplicated minority samples into validation; this preserves the validity of offline evaluation. Balancing the entire dataset before splitting causes leakage. Drop Duplicate Rows on the label column is irrelevant. One-Hot Encode on the label column is irrelevant for binary class imbalance.,k-1-2-4|k-1-3-3,hard,ai-generated,FALSE,B,Apply the Balance Data transform on the entire dataset before any train-test split,FALSE,2
d-1-62,D1,mc,A team using SageMaker Data Wrangler is preparing a fraud-detection dataset with a 2% positive rate; they want to handle the class imbalance entirely within Data Wrangler without leaking information into the validation set. Which sequence is most appropriate?,Splitting first then applying Balance Data only to the training partition prevents leakage of synthetic or duplicated minority samples into validation; this preserves the validity of offline evaluation. Balancing the entire dataset before splitting causes leakage. Drop Duplicate Rows on the label column is irrelevant. One-Hot Encode on the label column is irrelevant for binary class imbalance.,k-1-2-4|k-1-3-3,hard,ai-generated,FALSE,C,Apply Drop Duplicate Rows on the label column to balance classes,FALSE,3
d-1-62,D1,mc,A team using SageMaker Data Wrangler is preparing a fraud-detection dataset with a 2% positive rate; they want to handle the class imbalance entirely within Data Wrangler without leaking information into the validation set. Which sequence is most appropriate?,Splitting first then applying Balance Data only to the training partition prevents leakage of synthetic or duplicated minority samples into validation; this preserves the validity of offline evaluation. Balancing the entire dataset before splitting causes leakage. Drop Duplicate Rows on the label column is irrelevant. One-Hot Encode on the label column is irrelevant for binary class imbalance.,k-1-2-4|k-1-3-3,hard,ai-generated,FALSE,D,Apply One-Hot Encode to the label column to spread the classes,FALSE,4
d-1-63,D1,mc,A team uses SageMaker Feature Store to feed a hiring-recommendation model; auditors require ongoing monitoring for representation imbalance on protected attributes across the feature group used for retraining. Which approach best meets this requirement?,Scheduling Clarify pre-training bias jobs against the offline store of the feature group provides recurring measurement of representation imbalance on protected attributes - the offline store is the analytics-friendly persisted record of feature history. Macie detects PII not bias. Model Monitor data quality on the endpoint detects post-deployment drift not feature-group representation. Manual spot checks are unreliable and not auditable.,k-1-2-7|k-1-3-2|k-1-3-3,medium,ai-generated,FALSE,A,Schedule SageMaker Clarify pre-training bias jobs against the offline store of the feature group,TRUE,1
d-1-63,D1,mc,A team uses SageMaker Feature Store to feed a hiring-recommendation model; auditors require ongoing monitoring for representation imbalance on protected attributes across the feature group used for retraining. Which approach best meets this requirement?,Scheduling Clarify pre-training bias jobs against the offline store of the feature group provides recurring measurement of representation imbalance on protected attributes - the offline store is the analytics-friendly persisted record of feature history. Macie detects PII not bias. Model Monitor data quality on the endpoint detects post-deployment drift not feature-group representation. Manual spot checks are unreliable and not auditable.,k-1-2-7|k-1-3-2|k-1-3-3,medium,ai-generated,FALSE,B,Run Amazon Macie on the offline store to monitor for bias,FALSE,2
d-1-63,D1,mc,A team uses SageMaker Feature Store to feed a hiring-recommendation model; auditors require ongoing monitoring for representation imbalance on protected attributes across the feature group used for retraining. Which approach best meets this requirement?,Scheduling Clarify pre-training bias jobs against the offline store of the feature group provides recurring measurement of representation imbalance on protected attributes - the offline store is the analytics-friendly persisted record of feature history. Macie detects PII not bias. Model Monitor data quality on the endpoint detects post-deployment drift not feature-group representation. Manual spot checks are unreliable and not auditable.,k-1-2-7|k-1-3-2|k-1-3-3,medium,ai-generated,FALSE,C,Enable Model Monitor data quality jobs only on the production endpoint,FALSE,3
d-1-63,D1,mc,A team uses SageMaker Feature Store to feed a hiring-recommendation model; auditors require ongoing monitoring for representation imbalance on protected attributes across the feature group used for retraining. Which approach best meets this requirement?,Scheduling Clarify pre-training bias jobs against the offline store of the feature group provides recurring measurement of representation imbalance on protected attributes - the offline store is the analytics-friendly persisted record of feature history. Macie detects PII not bias. Model Monitor data quality on the endpoint detects post-deployment drift not feature-group representation. Manual spot checks are unreliable and not auditable.,k-1-2-7|k-1-3-2|k-1-3-3,medium,ai-generated,FALSE,D,Have data scientists spot-check distributions in a notebook before each retrain,FALSE,4
d-1-64,D1,mc,A computer-vision team is designing an end-to-end pipeline that must ingest new product images from store cameras into a governed data lake; label them with quality controls; engineer image-derived features for both training and online inference; and provide pre-training fairness checks before retraining. Which architecture best satisfies all four requirements?,S3 with Lake Formation governance addresses the ingestion-and-governance requirement (TS1.1); Ground Truth with multi-worker labels and consolidation addresses labeling quality (TS1.3); Feature Store online and offline stores share a single feature definition for inference and training (TS1.2); Clarify pre-training bias jobs cover the fairness audit before retraining (TS1.3). The other options each violate one or more of these requirements - DynamoDB with manual spreadsheet labels misses governance and quality; public S3 with no labeling tool misses both; FSx-as-lake with Athena for online lookup violates the online-inference latency need.,k-1-1-5|k-1-1-8|k-1-2-7|k-1-3-1|k-1-3-2,hard,ai-generated,FALSE,A,DynamoDB-only image storage; spreadsheet labeling; nightly CSV exports for inference; Macie for fairness checks,FALSE,1
d-1-64,D1,mc,A computer-vision team is designing an end-to-end pipeline that must ingest new product images from store cameras into a governed data lake; label them with quality controls; engineer image-derived features for both training and online inference; and provide pre-training fairness checks before retraining. Which architecture best satisfies all four requirements?,S3 with Lake Formation governance addresses the ingestion-and-governance requirement (TS1.1); Ground Truth with multi-worker labels and consolidation addresses labeling quality (TS1.3); Feature Store online and offline stores share a single feature definition for inference and training (TS1.2); Clarify pre-training bias jobs cover the fairness audit before retraining (TS1.3). The other options each violate one or more of these requirements - DynamoDB with manual spreadsheet labels misses governance and quality; public S3 with no labeling tool misses both; FSx-as-lake with Athena for online lookup violates the online-inference latency need.,k-1-1-5|k-1-1-8|k-1-2-7|k-1-3-1|k-1-3-2,hard,ai-generated,FALSE,B,S3 governed by Lake Formation; SageMaker Ground Truth with multi-worker label consolidation; SageMaker Feature Store online and offline stores; SageMaker Clarify pre-training bias jobs,TRUE,2
d-1-64,D1,mc,A computer-vision team is designing an end-to-end pipeline that must ingest new product images from store cameras into a governed data lake; label them with quality controls; engineer image-derived features for both training and online inference; and provide pre-training fairness checks before retraining. Which architecture best satisfies all four requirements?,S3 with Lake Formation governance addresses the ingestion-and-governance requirement (TS1.1); Ground Truth with multi-worker labels and consolidation addresses labeling quality (TS1.3); Feature Store online and offline stores share a single feature definition for inference and training (TS1.2); Clarify pre-training bias jobs cover the fairness audit before retraining (TS1.3). The other options each violate one or more of these requirements - DynamoDB with manual spreadsheet labels misses governance and quality; public S3 with no labeling tool misses both; FSx-as-lake with Athena for online lookup violates the online-inference latency need.,k-1-1-5|k-1-1-8|k-1-2-7|k-1-3-1|k-1-3-2,hard,ai-generated,FALSE,C,Public-read S3 with no labeling tool; in-memory features inside the inference server; skip the bias audit to ship faster,FALSE,3
d-1-64,D1,mc,A computer-vision team is designing an end-to-end pipeline that must ingest new product images from store cameras into a governed data lake; label them with quality controls; engineer image-derived features for both training and online inference; and provide pre-training fairness checks before retraining. Which architecture best satisfies all four requirements?,S3 with Lake Formation governance addresses the ingestion-and-governance requirement (TS1.1); Ground Truth with multi-worker labels and consolidation addresses labeling quality (TS1.3); Feature Store online and offline stores share a single feature definition for inference and training (TS1.2); Clarify pre-training bias jobs cover the fairness audit before retraining (TS1.3). The other options each violate one or more of these requirements - DynamoDB with manual spreadsheet labels misses governance and quality; public S3 with no labeling tool misses both; FSx-as-lake with Athena for online lookup violates the online-inference latency need.,k-1-1-5|k-1-1-8|k-1-2-7|k-1-3-1|k-1-3-2,hard,ai-generated,FALSE,D,FSx for Lustre as the primary data lake; spreadsheet labels; Athena for online feature lookup; Clarify only after deployment,FALSE,4
d-1-65,D1,mr,An ML platform team is publishing standards for production ML data pipelines covering ingestion preparation and integrity. The standards must align with AWS best practices and apply consistently across teams. Which TWO standards are correct? (Select TWO),The Glue Schema Registry enforces schema compatibility at the ingestion layer (TS1.1) while Glue Data Quality enforces validity and integrity at the preparation layer (TS1.3) - together they form a durable contract across pipeline stages; Feature Store with paired online and offline stores ensures that features used for training (TS1.2) match those used for inference avoiding training-serving skew (TS1.2). Letting each team invent its own conventions is the anti-pattern these standards are meant to replace. Encrypting only at rest leaves in-transit data exposed. Random-shuffle splits for time series leak future information into training and produce optimistic offline metrics.,k-1-1-8|k-1-2-7|k-1-3-4|s-1-3-2,hard,ai-generated,FALSE,A,Use Glue Schema Registry compatibility rules at the ingestion layer and Glue Data Quality rule evaluations at the preparation layer to fail pipelines on critical regressions,TRUE,1
d-1-65,D1,mr,An ML platform team is publishing standards for production ML data pipelines covering ingestion preparation and integrity. The standards must align with AWS best practices and apply consistently across teams. Which TWO standards are correct? (Select TWO),The Glue Schema Registry enforces schema compatibility at the ingestion layer (TS1.1) while Glue Data Quality enforces validity and integrity at the preparation layer (TS1.3) - together they form a durable contract across pipeline stages; Feature Store with paired online and offline stores ensures that features used for training (TS1.2) match those used for inference avoiding training-serving skew (TS1.2). Letting each team invent its own conventions is the anti-pattern these standards are meant to replace. Encrypting only at rest leaves in-transit data exposed. Random-shuffle splits for time series leak future information into training and produce optimistic offline metrics.,k-1-1-8|k-1-2-7|k-1-3-4|s-1-3-2,hard,ai-generated,FALSE,B,Persist features through SageMaker Feature Store with paired online and offline stores so training and inference share a single feature definition,TRUE,2
d-1-65,D1,mr,An ML platform team is publishing standards for production ML data pipelines covering ingestion preparation and integrity. The standards must align with AWS best practices and apply consistently across teams. Which TWO standards are correct? (Select TWO),The Glue Schema Registry enforces schema compatibility at the ingestion layer (TS1.1) while Glue Data Quality enforces validity and integrity at the preparation layer (TS1.3) - together they form a durable contract across pipeline stages; Feature Store with paired online and offline stores ensures that features used for training (TS1.2) match those used for inference avoiding training-serving skew (TS1.2). Letting each team invent its own conventions is the anti-pattern these standards are meant to replace. Encrypting only at rest leaves in-transit data exposed. Random-shuffle splits for time series leak future information into training and produce optimistic offline metrics.,k-1-1-8|k-1-2-7|k-1-3-4|s-1-3-2,hard,ai-generated,FALSE,C,Allow each team to invent its own schema and data quality conventions per pipeline,FALSE,3
d-1-65,D1,mr,An ML platform team is publishing standards for production ML data pipelines covering ingestion preparation and integrity. The standards must align with AWS best practices and apply consistently across teams. Which TWO standards are correct? (Select TWO),The Glue Schema Registry enforces schema compatibility at the ingestion layer (TS1.1) while Glue Data Quality enforces validity and integrity at the preparation layer (TS1.3) - together they form a durable contract across pipeline stages; Feature Store with paired online and offline stores ensures that features used for training (TS1.2) match those used for inference avoiding training-serving skew (TS1.2). Letting each team invent its own conventions is the anti-pattern these standards are meant to replace. Encrypting only at rest leaves in-transit data exposed. Random-shuffle splits for time series leak future information into training and produce optimistic offline metrics.,k-1-1-8|k-1-2-7|k-1-3-4|s-1-3-2,hard,ai-generated,FALSE,D,Encrypt data only at rest and skip in-transit encryption for internal traffic,FALSE,4
d-1-65,D1,mr,An ML platform team is publishing standards for production ML data pipelines covering ingestion preparation and integrity. The standards must align with AWS best practices and apply consistently across teams. Which TWO standards are correct? (Select TWO),The Glue Schema Registry enforces schema compatibility at the ingestion layer (TS1.1) while Glue Data Quality enforces validity and integrity at the preparation layer (TS1.3) - together they form a durable contract across pipeline stages; Feature Store with paired online and offline stores ensures that features used for training (TS1.2) match those used for inference avoiding training-serving skew (TS1.2). Letting each team invent its own conventions is the anti-pattern these standards are meant to replace. Encrypting only at rest leaves in-transit data exposed. Random-shuffle splits for time series leak future information into training and produce optimistic offline metrics.,k-1-1-8|k-1-2-7|k-1-3-4|s-1-3-2,hard,ai-generated,FALSE,E,Use random-shuffle train-test splits for all time-series datasets,FALSE,5
