question_ref,lo_code,question_type,question_text,explanation,subtopic_codes,difficulty,source,verified,option_key,option_text,answer_value,sort_order
q-eng11.1-01,ENG11.1,mc,"Choose the correct conjunction: 'He apologized for being late, _____ his colleagues were not satisfied.'","'But' is correct because it introduces a contrast between a sincere apology (expected resolution) and continued dissatisfaction (unexpected outcome). 'And' would simply join the two facts without signalling the contrast. 'So' would mean the apology caused their dissatisfaction, which is logically backward. 'For' would mean he apologized because they were dissatisfied, reversing cause and effect.",k-eng-11-1-1,easy,ai-generated,false,A,and,false,1
q-eng11.1-01,ENG11.1,mc,"Choose the correct conjunction: 'He apologized for being late, _____ his colleagues were not satisfied.'","'But' is correct because it introduces a contrast between a sincere apology (expected resolution) and continued dissatisfaction (unexpected outcome). 'And' would simply join the two facts without signalling the contrast. 'So' would mean the apology caused their dissatisfaction, which is logically backward. 'For' would mean he apologized because they were dissatisfied, reversing cause and effect.",k-eng-11-1-1,easy,ai-generated,false,B,but,true,2
q-eng11.1-01,ENG11.1,mc,"Choose the correct conjunction: 'He apologized for being late, _____ his colleagues were not satisfied.'","'But' is correct because it introduces a contrast between a sincere apology (expected resolution) and continued dissatisfaction (unexpected outcome). 'And' would simply join the two facts without signalling the contrast. 'So' would mean the apology caused their dissatisfaction, which is logically backward. 'For' would mean he apologized because they were dissatisfied, reversing cause and effect.",k-eng-11-1-1,easy,ai-generated,false,C,so,false,3
q-eng11.1-01,ENG11.1,mc,"Choose the correct conjunction: 'He apologized for being late, _____ his colleagues were not satisfied.'","'But' is correct because it introduces a contrast between a sincere apology (expected resolution) and continued dissatisfaction (unexpected outcome). 'And' would simply join the two facts without signalling the contrast. 'So' would mean the apology caused their dissatisfaction, which is logically backward. 'For' would mean he apologized because they were dissatisfied, reversing cause and effect.",k-eng-11-1-1,easy,ai-generated,false,D,for,false,4
q-eng11.1-02,ENG11.1,mc,"Choose the correct conjunction: 'You must leave now, _____ you will miss the train.'","'Or' is correct because 'or' with an imperative creates a conditional warning: 'leave now, or [else] you will miss the train' (if you don't act, the consequence follows). 'But' would imply a contrast between leaving and missing, which makes no logical sense. 'Yet' implies an unexpected result, which doesn't fit a direct consequence. 'For' would mean leaving is required because you will miss the train, reversing the causation.",k-eng-11-1-1,easy,ai-generated,false,A,but,false,1
q-eng11.1-02,ENG11.1,mc,"Choose the correct conjunction: 'You must leave now, _____ you will miss the train.'","'Or' is correct because 'or' with an imperative creates a conditional warning: 'leave now, or [else] you will miss the train' (if you don't act, the consequence follows). 'But' would imply a contrast between leaving and missing, which makes no logical sense. 'Yet' implies an unexpected result, which doesn't fit a direct consequence. 'For' would mean leaving is required because you will miss the train, reversing the causation.",k-eng-11-1-1,easy,ai-generated,false,B,yet,false,2
q-eng11.1-02,ENG11.1,mc,"Choose the correct conjunction: 'You must leave now, _____ you will miss the train.'","'Or' is correct because 'or' with an imperative creates a conditional warning: 'leave now, or [else] you will miss the train' (if you don't act, the consequence follows). 'But' would imply a contrast between leaving and missing, which makes no logical sense. 'Yet' implies an unexpected result, which doesn't fit a direct consequence. 'For' would mean leaving is required because you will miss the train, reversing the causation.",k-eng-11-1-1,easy,ai-generated,false,C,or,true,3
q-eng11.1-02,ENG11.1,mc,"Choose the correct conjunction: 'You must leave now, _____ you will miss the train.'","'Or' is correct because 'or' with an imperative creates a conditional warning: 'leave now, or [else] you will miss the train' (if you don't act, the consequence follows). 'But' would imply a contrast between leaving and missing, which makes no logical sense. 'Yet' implies an unexpected result, which doesn't fit a direct consequence. 'For' would mean leaving is required because you will miss the train, reversing the causation.",k-eng-11-1-1,easy,ai-generated,false,D,for,false,4
q-eng11.1-03,ENG11.1,mc,"Choose the correct conjunction: 'She had been waiting for hours, _____ the bus finally arrived.'","'And' is correct because it neutrally sequences the two events: waiting for hours, then the bus arrived. 'So' would mean her waiting caused the bus to arrive, which is not a logical cause-effect relationship. 'But' would imply the bus arriving is a surprising contrast to waiting, suggesting it was not expected at all. 'Or' presents an alternative, which is wrong since both events happened consecutively.",k-eng-11-1-1,easy,ai-generated,false,A,so,false,1
q-eng11.1-03,ENG11.1,mc,"Choose the correct conjunction: 'She had been waiting for hours, _____ the bus finally arrived.'","'And' is correct because it neutrally sequences the two events: waiting for hours, then the bus arrived. 'So' would mean her waiting caused the bus to arrive, which is not a logical cause-effect relationship. 'But' would imply the bus arriving is a surprising contrast to waiting, suggesting it was not expected at all. 'Or' presents an alternative, which is wrong since both events happened consecutively.",k-eng-11-1-1,easy,ai-generated,false,B,but,false,2
q-eng11.1-03,ENG11.1,mc,"Choose the correct conjunction: 'She had been waiting for hours, _____ the bus finally arrived.'","'And' is correct because it neutrally sequences the two events: waiting for hours, then the bus arrived. 'So' would mean her waiting caused the bus to arrive, which is not a logical cause-effect relationship. 'But' would imply the bus arriving is a surprising contrast to waiting, suggesting it was not expected at all. 'Or' presents an alternative, which is wrong since both events happened consecutively.",k-eng-11-1-1,easy,ai-generated,false,C,or,false,3
q-eng11.1-03,ENG11.1,mc,"Choose the correct conjunction: 'She had been waiting for hours, _____ the bus finally arrived.'","'And' is correct because it neutrally sequences the two events: waiting for hours, then the bus arrived. 'So' would mean her waiting caused the bus to arrive, which is not a logical cause-effect relationship. 'But' would imply the bus arriving is a surprising contrast to waiting, suggesting it was not expected at all. 'Or' presents an alternative, which is wrong since both events happened consecutively.",k-eng-11-1-1,easy,ai-generated,false,D,and,true,4
q-eng11.1-04,ENG11.1,mc,"Choose the correct conjunction: 'He doesn't enjoy action movies, _____ does he like horror films.'","'Nor' is correct because 'neither...nor' / 'not...nor' is the standard correlative negative pair, and 'nor' triggers inverted word order in the following clause: 'nor does he like'. 'Or' could connect two negatives but does not require or produce the inverted structure 'does he like'. 'And' would need to repeat the negative: 'and he doesn't like' — without inversion. 'Yet' expresses contrast, but both clauses express similar dislikes, so contrast is wrong.",k-eng-11-1-1,medium,ai-generated,false,A,nor,true,1
q-eng11.1-04,ENG11.1,mc,"Choose the correct conjunction: 'He doesn't enjoy action movies, _____ does he like horror films.'","'Nor' is correct because 'neither...nor' / 'not...nor' is the standard correlative negative pair, and 'nor' triggers inverted word order in the following clause: 'nor does he like'. 'Or' could connect two negatives but does not require or produce the inverted structure 'does he like'. 'And' would need to repeat the negative: 'and he doesn't like' — without inversion. 'Yet' expresses contrast, but both clauses express similar dislikes, so contrast is wrong.",k-eng-11-1-1,medium,ai-generated,false,B,or,false,2
q-eng11.1-04,ENG11.1,mc,"Choose the correct conjunction: 'He doesn't enjoy action movies, _____ does he like horror films.'","'Nor' is correct because 'neither...nor' / 'not...nor' is the standard correlative negative pair, and 'nor' triggers inverted word order in the following clause: 'nor does he like'. 'Or' could connect two negatives but does not require or produce the inverted structure 'does he like'. 'And' would need to repeat the negative: 'and he doesn't like' — without inversion. 'Yet' expresses contrast, but both clauses express similar dislikes, so contrast is wrong.",k-eng-11-1-1,medium,ai-generated,false,C,and,false,3
q-eng11.1-04,ENG11.1,mc,"Choose the correct conjunction: 'He doesn't enjoy action movies, _____ does he like horror films.'","'Nor' is correct because 'neither...nor' / 'not...nor' is the standard correlative negative pair, and 'nor' triggers inverted word order in the following clause: 'nor does he like'. 'Or' could connect two negatives but does not require or produce the inverted structure 'does he like'. 'Yet' expresses contrast, but both clauses express similar dislikes, so contrast is wrong.",k-eng-11-1-1,medium,ai-generated,false,D,yet,false,4
q-eng11.1-05,ENG11.1,mc,"Choose the correct conjunction: 'It was raining heavily, _____ we decided to cancel the picnic.'","'So' is correct because it expresses a direct logical result: heavy rain caused the cancellation — a clear cause-effect chain. 'Yet' would create a contrast: 'raining yet we cancelled', implying cancellation was unexpected despite the rain, which is the wrong reading. 'But' also creates contrast — 'raining but we cancelled' — which oddly implies cancelling was surprising. 'For' reverses the logic: 'it was raining because we cancelled', which is absurd.",k-eng-11-1-1,easy,ai-generated,false,A,yet,false,1
q-eng11.1-05,ENG11.1,mc,"Choose the correct conjunction: 'It was raining heavily, _____ we decided to cancel the picnic.'","'So' is correct because it expresses a direct logical result: heavy rain caused the cancellation — a clear cause-effect chain. 'Yet' would create a contrast: 'raining yet we cancelled', implying cancellation was unexpected despite the rain, which is the wrong reading. 'But' also creates contrast — 'raining but we cancelled' — which oddly implies cancelling was surprising. 'For' reverses the logic: 'it was raining because we cancelled', which is absurd.",k-eng-11-1-1,easy,ai-generated,false,B,but,false,2
q-eng11.1-05,ENG11.1,mc,"Choose the correct conjunction: 'It was raining heavily, _____ we decided to cancel the picnic.'","'So' is correct because it expresses a direct logical result: heavy rain caused the cancellation — a clear cause-effect chain. 'Yet' would create a contrast: 'raining yet we cancelled', implying cancellation was unexpected despite the rain, which is the wrong reading. 'But' also creates contrast — 'raining but we cancelled' — which oddly implies cancelling was surprising. 'For' reverses the logic: 'it was raining because we cancelled', which is absurd.",k-eng-11-1-1,easy,ai-generated,false,C,so,true,3
q-eng11.1-05,ENG11.1,mc,"Choose the correct conjunction: 'It was raining heavily, _____ we decided to cancel the picnic.'","'So' is correct because it expresses a direct logical result: heavy rain caused the cancellation — a clear cause-effect chain. 'Yet' would create a contrast: 'raining yet we cancelled', implying cancellation was unexpected despite the rain, which is the wrong reading. 'But' also creates contrast — 'raining but we cancelled' — which oddly implies cancelling was surprising. 'For' reverses the logic: 'it was raining because we cancelled', which is absurd.",k-eng-11-1-1,easy,ai-generated,false,D,for,false,4
q-eng11.1-06,ENG11.1,mc,"Choose the correct conjunction: 'She is not only talented _____ also hardworking.'","'But' is correct because the fixed correlative expression is 'not only...but also' — this is the standard construction for adding emphasis to two connected qualities. 'And' breaks the correlative structure: 'not only X and also Y' is non-standard English. 'Or' creates an either/or alternative that destroys the additive, emphatic meaning of 'not only...but also'. 'Yet' is not part of this correlative expression and would imply unexpected contrast.",k-eng-11-1-1,easy,ai-generated,false,A,and,false,1
q-eng11.1-06,ENG11.1,mc,"Choose the correct conjunction: 'She is not only talented _____ also hardworking.'","'But' is correct because the fixed correlative expression is 'not only...but also' — this is the standard construction for adding emphasis to two connected qualities. 'And' breaks the correlative structure: 'not only X and also Y' is non-standard English. 'Or' creates an either/or alternative that destroys the additive, emphatic meaning of 'not only...but also'. 'Yet' is not part of this correlative expression and would imply unexpected contrast.",k-eng-11-1-1,easy,ai-generated,false,B,but,true,2
q-eng11.1-06,ENG11.1,mc,"Choose the correct conjunction: 'She is not only talented _____ also hardworking.'","'But' is correct because the fixed correlative expression is 'not only...but also' — this is the standard construction for adding emphasis to two connected qualities. 'And' breaks the correlative structure: 'not only X and also Y' is non-standard English. 'Or' creates an either/or alternative that destroys the additive, emphatic meaning of 'not only...but also'. 'Yet' is not part of this correlative expression and would imply unexpected contrast.",k-eng-11-1-1,easy,ai-generated,false,C,or,false,3
q-eng11.1-06,ENG11.1,mc,"Choose the correct conjunction: 'She is not only talented _____ also hardworking.'","'But' is correct because the fixed correlative expression is 'not only...but also' — this is the standard construction for adding emphasis to two connected qualities. 'And' breaks the correlative structure: 'not only X and also Y' is non-standard English. 'Or' creates an either/or alternative that destroys the additive, emphatic meaning of 'not only...but also'. 'Yet' is not part of this correlative expression and would imply unexpected contrast.",k-eng-11-1-1,easy,ai-generated,false,D,yet,false,4
q-eng11.1-07,ENG11.1,mc,"Choose the correct conjunction: 'The report was submitted on time, _____ it contained several errors.'","'But' is correct because it introduces a contrast between two opposing qualities — timely submission (positive) and errors (negative). 'So' would mean the timely submission caused the errors, which is logically unsound. 'And' would simply add the two facts as equal, neutrally linked events, failing to signal the contrast. 'For' would mean the report was submitted on time because it contained errors, which is absurd.",k-eng-11-1-1,medium,ai-generated,false,A,so,false,1
q-eng11.1-07,ENG11.1,mc,"Choose the correct conjunction: 'The report was submitted on time, _____ it contained several errors.'","'But' is correct because it introduces a contrast between two opposing qualities — timely submission (positive) and errors (negative). 'So' would mean the timely submission caused the errors, which is logically unsound. 'And' would simply add the two facts as equal, neutrally linked events, failing to signal the contrast. 'For' would mean the report was submitted on time because it contained errors, which is absurd.",k-eng-11-1-1,medium,ai-generated,false,B,and,false,2
q-eng11.1-07,ENG11.1,mc,"Choose the correct conjunction: 'The report was submitted on time, _____ it contained several errors.'","'But' is correct because it introduces a contrast between two opposing qualities — timely submission (positive) and errors (negative). 'So' would mean the timely submission caused the errors, which is logically unsound. 'And' would simply add the two facts as equal, neutrally linked events, failing to signal the contrast. 'For' would mean the report was submitted on time because it contained errors, which is absurd.",k-eng-11-1-1,medium,ai-generated,false,C,for,false,3
q-eng11.1-07,ENG11.1,mc,"Choose the correct conjunction: 'The report was submitted on time, _____ it contained several errors.'","'But' is correct because it introduces a contrast between two opposing qualities — timely submission (positive) and errors (negative). 'So' would mean the timely submission caused the errors, which is logically unsound. 'And' would simply add the two facts as equal, neutrally linked events, failing to signal the contrast. 'For' would mean the report was submitted on time because it contained errors, which is absurd.",k-eng-11-1-1,medium,ai-generated,false,D,but,true,4
q-eng11.1-08,ENG11.1,mc,"Choose the correct conjunction: 'She studied all night, _____ she was unable to recall anything during the exam.'","'Yet' is correct because it introduces an ironic, unexpected contrast: despite studying all night, memory failed — precisely what 'yet' signals (concession against expectation). 'So' would mean studying all night caused the inability to recall, which reverses the expected logic. 'And' neutrally adds the two facts but misses the irony of the contrast. 'For' would mean she studied because she couldn't recall, which makes cause and effect backward.",k-eng-11-1-1,medium,ai-generated,false,A,yet,true,1
q-eng11.1-08,ENG11.1,mc,"Choose the correct conjunction: 'She studied all night, _____ she was unable to recall anything during the exam.'","'Yet' is correct because it introduces an ironic, unexpected contrast: despite studying all night, memory failed — precisely what 'yet' signals (concession against expectation). 'So' would mean studying all night caused the inability to recall, which reverses the expected logic. 'And' neutrally adds the two facts but misses the irony of the contrast. 'For' would mean she studied because she couldn't recall, which makes cause and effect backward.",k-eng-11-1-1,medium,ai-generated,false,B,so,false,2
q-eng11.1-08,ENG11.1,mc,"Choose the correct conjunction: 'She studied all night, _____ she was unable to recall anything during the exam.'","'Yet' is correct because it introduces an ironic, unexpected contrast: despite studying all night, memory failed — precisely what 'yet' signals (concession against expectation). 'So' would mean studying all night caused the inability to recall, which reverses the expected logic. 'And' neutrally adds the two facts but misses the irony of the contrast. 'For' would mean she studied because she couldn't recall, which makes cause and effect backward.",k-eng-11-1-1,medium,ai-generated,false,C,and,false,3
q-eng11.1-08,ENG11.1,mc,"Choose the correct conjunction: 'She studied all night, _____ she was unable to recall anything during the exam.'","'Yet' is correct because it introduces an ironic, unexpected contrast: despite studying all night, memory failed — precisely what 'yet' signals (concession against expectation). 'So' would mean studying all night caused the inability to recall, which reverses the expected logic. 'And' neutrally adds the two facts but misses the irony of the contrast. 'For' would mean she studied because she couldn't recall, which makes cause and effect backward.",k-eng-11-1-1,medium,ai-generated,false,D,for,false,4
q-eng11.1-09,ENG11.1,mc,"Which sentence correctly uses the coordinating conjunction?","Option B is correct: 'She worked all day, yet she felt energetic in the evening' — after working all day one expects fatigue, so feeling energetic is the unexpected result that 'yet' correctly signals. Option A is wrong: 'hungry, yet he ate' has no real contrast since eating when hungry is completely expected. Option C is wrong: 'so' expresses result, but going for a walk in the rain is not a natural logical consequence of rain. Option D is wrong: 'but' requires a contrast, but performing well in tests is the expected outcome of being brilliant, not a surprise.",k-eng-11-1-1,hard,ai-generated,false,A,"He was hungry, yet he ate a large meal.",false,1
q-eng11.1-09,ENG11.1,mc,"Which sentence correctly uses the coordinating conjunction?","Option B is correct: 'She worked all day, yet she felt energetic in the evening' — after working all day one expects fatigue, so feeling energetic is the unexpected result that 'yet' correctly signals. Option A is wrong: 'hungry, yet he ate' has no real contrast since eating when hungry is completely expected. Option C is wrong: 'so' expresses result, but going for a walk in the rain is not a natural logical consequence of rain. Option D is wrong: 'but' requires a contrast, but performing well in tests is the expected outcome of being brilliant, not a surprise.",k-eng-11-1-1,hard,ai-generated,false,B,"She worked all day, yet she felt energetic in the evening.",true,2
q-eng11.1-09,ENG11.1,mc,"Which sentence correctly uses the coordinating conjunction?","Option B is correct: 'She worked all day, yet she felt energetic in the evening' — after working all day one expects fatigue, so feeling energetic is the unexpected result that 'yet' correctly signals. Option A is wrong: 'hungry, yet he ate' has no real contrast since eating when hungry is completely expected. Option C is wrong: 'so' expresses result, but going for a walk in the rain is not a natural logical consequence of rain. Option D is wrong: 'but' requires a contrast, but performing well in tests is the expected outcome of being brilliant, not a surprise.",k-eng-11-1-1,hard,ai-generated,false,C,"It was raining, so they went for a walk.",false,3
q-eng11.1-09,ENG11.1,mc,"Which sentence correctly uses the coordinating conjunction?","Option B is correct: 'She worked all day, yet she felt energetic in the evening' — after working all day one expects fatigue, so feeling energetic is the unexpected result that 'yet' correctly signals. Option A is wrong: 'hungry, yet he ate' has no real contrast since eating when hungry is completely expected. Option C is wrong: 'so' expresses result, but going for a walk in the rain is not a natural logical consequence of rain. Option D is wrong: 'but' requires a contrast, but performing well in tests is the expected outcome of being brilliant, not a surprise.",k-eng-11-1-1,hard,ai-generated,false,D,"She is brilliant, but she always performs well in tests.",false,4
q-eng11.1-10,ENG11.1,mc,"Choose the correct conjunction: 'Neither the manager _____ the employees were informed about the decision.'","'Nor' is correct because 'neither...nor' is the required correlative negative pair in standard English. 'And' would produce 'neither...and', which is not a standard correlative structure. 'Or' would produce 'neither...or', which is not the accepted pair — 'neither' must be followed by 'nor', not 'or'. 'But' is not a correlative conjunction that pairs with 'neither' in any standard construction.",k-eng-11-1-1,medium,ai-generated,false,A,and,false,1
q-eng11.1-10,ENG11.1,mc,"Choose the correct conjunction: 'Neither the manager _____ the employees were informed about the decision.'","'Nor' is correct because 'neither...nor' is the required correlative negative pair in standard English. 'And' would produce 'neither...and', which is not a standard correlative structure. 'Or' would produce 'neither...or', which is not the accepted pair — 'neither' must be followed by 'nor', not 'or'. 'But' is not a correlative conjunction that pairs with 'neither' in any standard construction.",k-eng-11-1-1,medium,ai-generated,false,B,or,false,2
q-eng11.1-10,ENG11.1,mc,"Choose the correct conjunction: 'Neither the manager _____ the employees were informed about the decision.'","'Nor' is correct because 'neither...nor' is the required correlative negative pair in standard English. 'And' would produce 'neither...and', which is not a standard correlative structure. 'Or' would produce 'neither...or', which is not the accepted pair — 'neither' must be followed by 'nor', not 'or'. 'But' is not a correlative conjunction that pairs with 'neither' in any standard construction.",k-eng-11-1-1,medium,ai-generated,false,C,nor,true,3
q-eng11.1-10,ENG11.1,mc,"Choose the correct conjunction: 'Neither the manager _____ the employees were informed about the decision.'","'Nor' is correct because 'neither...nor' is the required correlative negative pair in standard English. 'And' would produce 'neither...and', which is not a standard correlative structure. 'Or' would produce 'neither...or', which is not the accepted pair — 'neither' must be followed by 'nor', not 'or'. 'But' is not a correlative conjunction that pairs with 'neither' in any standard construction.",k-eng-11-1-1,medium,ai-generated,false,D,but,false,4
q-eng11.1-11,ENG11.1,mc,"Choose the correct subordinating conjunction: '_____ the traffic was heavy, he arrived on time.'","'Although' is correct because it introduces a concessive clause — despite the obstacle of heavy traffic, the unexpected positive result (arriving on time) follows. 'Because' is wrong — heavy traffic does not logically cause arriving on time. 'Since' when used as a causal conjunction would mean heavy traffic is the reason he arrived on time, which is illogical. 'When' introduces a time clause and does not express the concessive relationship required here.",k-eng-11-1-2,easy,ai-generated,false,A,Because,false,1
q-eng11.1-11,ENG11.1,mc,"Choose the correct subordinating conjunction: '_____ the traffic was heavy, he arrived on time.'","'Although' is correct because it introduces a concessive clause — despite the obstacle of heavy traffic, the unexpected positive result (arriving on time) follows. 'Because' is wrong — heavy traffic does not logically cause arriving on time. 'Since' when used as a causal conjunction would mean heavy traffic is the reason he arrived on time, which is illogical. 'When' introduces a time clause and does not express the concessive relationship required here.",k-eng-11-1-2,easy,ai-generated,false,B,Since,false,2
q-eng11.1-11,ENG11.1,mc,"Choose the correct subordinating conjunction: '_____ the traffic was heavy, he arrived on time.'","'Although' is correct because it introduces a concessive clause — despite the obstacle of heavy traffic, the unexpected positive result (arriving on time) follows. 'Because' is wrong — heavy traffic does not logically cause arriving on time. 'Since' when used as a causal conjunction would mean heavy traffic is the reason he arrived on time, which is illogical. 'When' introduces a time clause and does not express the concessive relationship required here.",k-eng-11-1-2,easy,ai-generated,false,C,When,false,3
q-eng11.1-11,ENG11.1,mc,"Choose the correct subordinating conjunction: '_____ the traffic was heavy, he arrived on time.'","'Although' is correct because it introduces a concessive clause — despite the obstacle of heavy traffic, the unexpected positive result (arriving on time) follows. 'Because' is wrong — heavy traffic does not logically cause arriving on time. 'Since' when used as a causal conjunction would mean heavy traffic is the reason he arrived on time, which is illogical. 'When' introduces a time clause and does not express the concessive relationship required here.",k-eng-11-1-2,easy,ai-generated,false,D,Although,true,4
q-eng11.1-12,ENG11.1,mc,"Choose the correct subordinating conjunction: 'She did not attend the meeting _____ she was feeling unwell.'","'Because' is correct because it directly expresses the reason for not attending — being unwell is the cause of the absence. 'Although' is wrong — it would imply she attended despite being unwell, the opposite meaning. 'Whenever' turns the single event into a habitual conditional ('she doesn't attend whenever she feels unwell'), changing the meaning. 'Unless' would mean she attends only when unwell, which completely inverts the intended meaning.",k-eng-11-1-2,easy,ai-generated,false,A,because,true,1
q-eng11.1-12,ENG11.1,mc,"Choose the correct subordinating conjunction: 'She did not attend the meeting _____ she was feeling unwell.'","'Because' is correct because it directly expresses the reason for not attending — being unwell is the cause of the absence. 'Although' is wrong — it would imply she attended despite being unwell, the opposite meaning. 'Whenever' turns the single event into a habitual conditional ('she doesn't attend whenever she feels unwell'), changing the meaning. 'Unless' would mean she attends only when unwell, which completely inverts the intended meaning.",k-eng-11-1-2,easy,ai-generated,false,B,although,false,2
q-eng11.1-12,ENG11.1,mc,"Choose the correct subordinating conjunction: 'She did not attend the meeting _____ she was feeling unwell.'","'Because' is correct because it directly expresses the reason for not attending — being unwell is the cause of the absence. 'Although' is wrong — it would imply she attended despite being unwell, the opposite meaning. 'Whenever' turns the single event into a habitual conditional ('she doesn't attend whenever she feels unwell'), changing the meaning. 'Unless' would mean she attends only when unwell, which completely inverts the intended meaning.",k-eng-11-1-2,easy,ai-generated,false,C,whenever,false,3
q-eng11.1-12,ENG11.1,mc,"Choose the correct subordinating conjunction: 'She did not attend the meeting _____ she was feeling unwell.'","'Because' is correct because it directly expresses the reason for not attending — being unwell is the cause of the absence. 'Although' is wrong — it would imply she attended despite being unwell, the opposite meaning. 'Whenever' turns the single event into a habitual conditional ('she doesn't attend whenever she feels unwell'), changing the meaning. 'Unless' would mean she attends only when unwell, which completely inverts the intended meaning.",k-eng-11-1-2,easy,ai-generated,false,D,unless,false,4
q-eng11.1-13,ENG11.1,mc,"Choose the correct relative pronoun: 'The scientist _____ discovered the cure received a Nobel Prize.'","'Who' is correct because the relative pronoun refers to a person (the scientist) and functions as the subject of the relative clause ('who discovered'). 'Which' is used for things or animals, not people. 'Whom' is the object form of 'who' — it is used when the relative pronoun is the object of a verb or preposition, not the subject. 'Whose' is the possessive form and would require a noun to follow: 'whose discovery...'",k-eng-11-1-2,easy,ai-generated,false,A,which,false,1
q-eng11.1-13,ENG11.1,mc,"Choose the correct relative pronoun: 'The scientist _____ discovered the cure received a Nobel Prize.'","'Who' is correct because the relative pronoun refers to a person (the scientist) and functions as the subject of the relative clause ('who discovered'). 'Which' is used for things or animals, not people. 'Whom' is the object form of 'who' — it is used when the relative pronoun is the object of a verb or preposition, not the subject. 'Whose' is the possessive form and would require a noun to follow: 'whose discovery...'",k-eng-11-1-2,easy,ai-generated,false,B,who,true,2
q-eng11.1-13,ENG11.1,mc,"Choose the correct relative pronoun: 'The scientist _____ discovered the cure received a Nobel Prize.'","'Who' is correct because the relative pronoun refers to a person (the scientist) and functions as the subject of the relative clause ('who discovered'). 'Which' is used for things or animals, not people. 'Whom' is the object form of 'who' — it is used when the relative pronoun is the object of a verb or preposition, not the subject. 'Whose' is the possessive form and would require a noun to follow: 'whose discovery...'",k-eng-11-1-2,easy,ai-generated,false,C,whom,false,3
q-eng11.1-13,ENG11.1,mc,"Choose the correct relative pronoun: 'The scientist _____ discovered the cure received a Nobel Prize.'","'Who' is correct because the relative pronoun refers to a person (the scientist) and functions as the subject of the relative clause ('who discovered'). 'Which' is used for things or animals, not people. 'Whom' is the object form of 'who' — it is used when the relative pronoun is the object of a verb or preposition, not the subject. 'Whose' is the possessive form and would require a noun to follow: 'whose discovery...'",k-eng-11-1-2,easy,ai-generated,false,D,whose,false,4
q-eng11.1-14,ENG11.1,mc,"Choose the correct relative pronoun: 'The teacher _____ she admired most has retired.'","'Whom' is correct because the relative pronoun is the object of the verb 'admired' in the relative clause ('she admired whom/him') — object position requires the objective case 'whom'. 'Which' is for things, not people. 'Who' is the subject form — incorrect because the pronoun is the object, not the subject, of the relative clause. 'Whose' is the possessive form and would need a following noun.",k-eng-11-1-2,medium,ai-generated,false,A,which,false,1
q-eng11.1-14,ENG11.1,mc,"Choose the correct relative pronoun: 'The teacher _____ she admired most has retired.'","'Whom' is correct because the relative pronoun is the object of the verb 'admired' in the relative clause ('she admired whom/him') — object position requires the objective case 'whom'. 'Which' is for things, not people. 'Who' is the subject form — incorrect because the pronoun is the object, not the subject, of the relative clause. 'Whose' is the possessive form and would need a following noun.",k-eng-11-1-2,medium,ai-generated,false,B,who,false,2
q-eng11.1-14,ENG11.1,mc,"Choose the correct relative pronoun: 'The teacher _____ she admired most has retired.'","'Whom' is correct because the relative pronoun is the object of the verb 'admired' in the relative clause ('she admired whom/him') — object position requires the objective case 'whom'. 'Which' is for things, not people. 'Who' is the subject form — incorrect because the pronoun is the object, not the subject, of the relative clause. 'Whose' is the possessive form and would need a following noun.",k-eng-11-1-2,medium,ai-generated,false,C,whom,true,3
q-eng11.1-14,ENG11.1,mc,"Choose the correct relative pronoun: 'The teacher _____ she admired most has retired.'","'Whom' is correct because the relative pronoun is the object of the verb 'admired' in the relative clause ('she admired whom/him') — object position requires the objective case 'whom'. 'Which' is for things, not people. 'Who' is the subject form — incorrect because the pronoun is the object, not the subject, of the relative clause. 'Whose' is the possessive form and would need a following noun.",k-eng-11-1-2,medium,ai-generated,false,D,whose,false,4
q-eng11.1-15,ENG11.1,mc,"Choose the correct subordinating conjunction: 'You will be penalized _____ you submit the assignment before the deadline.'","'Unless' is correct because it means 'if not' — you will be penalized if you do not submit by the deadline. This creates the conditional warning: submission is the condition that prevents penalty. 'If' reverses the meaning — 'penalized if you submit' would mean submission causes penalization, the opposite of the intended message. 'Although' would express concession: penalized despite submitting, which is illogical. 'While' introduces a simultaneous time clause, which does not fit the conditional warning.",k-eng-11-1-2,medium,ai-generated,false,A,unless,true,1
q-eng11.1-15,ENG11.1,mc,"Choose the correct subordinating conjunction: 'You will be penalized _____ you submit the assignment before the deadline.'","'Unless' is correct because it means 'if not' — you will be penalized if you do not submit by the deadline. This creates the conditional warning: submission is the condition that prevents penalty. 'If' reverses the meaning — 'penalized if you submit' would mean submission causes penalization, the opposite of the intended message. 'Although' would express concession: penalized despite submitting, which is illogical. 'While' introduces a simultaneous time clause, which does not fit the conditional warning.",k-eng-11-1-2,medium,ai-generated,false,B,if,false,2
q-eng11.1-15,ENG11.1,mc,"Choose the correct subordinating conjunction: 'You will be penalized _____ you submit the assignment before the deadline.'","'Unless' is correct because it means 'if not' — you will be penalized if you do not submit by the deadline. This creates the conditional warning: submission is the condition that prevents penalty. 'If' reverses the meaning — 'penalized if you submit' would mean submission causes penalization, the opposite of the intended message. 'Although' would express concession: penalized despite submitting, which is illogical. 'While' introduces a simultaneous time clause, which does not fit the conditional warning.",k-eng-11-1-2,medium,ai-generated,false,C,although,false,3
q-eng11.1-15,ENG11.1,mc,"Choose the correct subordinating conjunction: 'You will be penalized _____ you submit the assignment before the deadline.'","'Unless' is correct because it means 'if not' — you will be penalized if you do not submit by the deadline. This creates the conditional warning: submission is the condition that prevents penalty. 'If' reverses the meaning — 'penalized if you submit' would mean submission causes penalization, the opposite of the intended message. 'Although' would express concession: penalized despite submitting, which is illogical. 'While' introduces a simultaneous time clause, which does not fit the conditional warning.",k-eng-11-1-2,medium,ai-generated,false,D,while,false,4
q-eng11.1-16,ENG11.1,mc,"Choose the correct relative pronoun: 'The experiment, _____ lasted three months, yielded promising results.'","'Which' is correct because the relative clause is non-restrictive (set off by commas), and 'which' is the required relative pronoun for non-restrictive clauses referring to things. 'That' is used in restrictive (defining) relative clauses only — it cannot be used after a comma in a non-restrictive clause. 'Who' is used for people, not things like an experiment. 'Whose' is possessive and would need a following noun: 'whose results...'",k-eng-11-1-2,medium,ai-generated,false,A,that,false,1
q-eng11.1-16,ENG11.1,mc,"Choose the correct relative pronoun: 'The experiment, _____ lasted three months, yielded promising results.'","'Which' is correct because the relative clause is non-restrictive (set off by commas), and 'which' is the required relative pronoun for non-restrictive clauses referring to things. 'That' is used in restrictive (defining) relative clauses only — it cannot be used after a comma in a non-restrictive clause. 'Who' is used for people, not things like an experiment. 'Whose' is possessive and would need a following noun: 'whose results...'",k-eng-11-1-2,medium,ai-generated,false,B,which,true,2
q-eng11.1-16,ENG11.1,mc,"Choose the correct relative pronoun: 'The experiment, _____ lasted three months, yielded promising results.'","'Which' is correct because the relative clause is non-restrictive (set off by commas), and 'which' is the required relative pronoun for non-restrictive clauses referring to things. 'That' is used in restrictive (defining) relative clauses only — it cannot be used after a comma in a non-restrictive clause. 'Who' is used for people, not things like an experiment. 'Whose' is possessive and would need a following noun: 'whose results...'",k-eng-11-1-2,medium,ai-generated,false,C,who,false,3
q-eng11.1-16,ENG11.1,mc,"Choose the correct relative pronoun: 'The experiment, _____ lasted three months, yielded promising results.'","'Which' is correct because the relative clause is non-restrictive (set off by commas), and 'which' is the required relative pronoun for non-restrictive clauses referring to things. 'That' is used in restrictive (defining) relative clauses only — it cannot be used after a comma in a non-restrictive clause. 'Who' is used for people, not things like an experiment. 'Whose' is possessive and would need a following noun: 'whose results...'",k-eng-11-1-2,medium,ai-generated,false,D,whose,false,4
q-eng11.1-17,ENG11.1,mc,"Choose the correct subordinating conjunction: '_____ we had finished our work early, we decided to explore the city.'","'Since' is correct because it functions here as a causal conjunction meaning 'given that / because' — the early finish is the reason for the decision to explore. 'While' expresses simultaneous actions ('while I cook, you set the table') and does not express causation. 'Unless' is a conditional negative — 'unless we had finished' would mean 'if we had not finished', contradicting the context. 'Until' expresses a duration up to a time point, which does not fit the causal relationship here.",k-eng-11-1-2,hard,ai-generated,false,A,While,false,1
q-eng11.1-17,ENG11.1,mc,"Choose the correct subordinating conjunction: '_____ we had finished our work early, we decided to explore the city.'","'Since' is correct because it functions here as a causal conjunction meaning 'given that / because' — the early finish is the reason for the decision to explore. 'While' expresses simultaneous actions ('while I cook, you set the table') and does not express causation. 'Unless' is a conditional negative — 'unless we had finished' would mean 'if we had not finished', contradicting the context. 'Until' expresses a duration up to a time point, which does not fit the causal relationship here.",k-eng-11-1-2,hard,ai-generated,false,B,Unless,false,2
q-eng11.1-17,ENG11.1,mc,"Choose the correct subordinating conjunction: '_____ we had finished our work early, we decided to explore the city.'","'Since' is correct because it functions here as a causal conjunction meaning 'given that / because' — the early finish is the reason for the decision to explore. 'While' expresses simultaneous actions ('while I cook, you set the table') and does not express causation. 'Unless' is a conditional negative — 'unless we had finished' would mean 'if we had not finished', contradicting the context. 'Until' expresses a duration up to a time point, which does not fit the causal relationship here.",k-eng-11-1-2,hard,ai-generated,false,C,Since,true,3
q-eng11.1-17,ENG11.1,mc,"Choose the correct subordinating conjunction: '_____ we had finished our work early, we decided to explore the city.'","'Since' is correct because it functions here as a causal conjunction meaning 'given that / because' — the early finish is the reason for the decision to explore. 'While' expresses simultaneous actions ('while I cook, you set the table') and does not express causation. 'Unless' is a conditional negative — 'unless we had finished' would mean 'if we had not finished', contradicting the context. 'Until' expresses a duration up to a time point, which does not fit the causal relationship here.",k-eng-11-1-2,hard,ai-generated,false,D,Until,false,4
q-eng11.1-18,ENG11.1,mc,"Choose the correct relative pronoun: 'The town _____ I was born has changed considerably.'","'Where' is correct because the relative pronoun refers to a place (the town), and 'where' replaces 'in which' to indicate location. 'Which' would require a preposition: 'the town in which I was born' — without 'in', 'which I was born' is incomplete. 'Who' is used for people, not places. 'Whom' is the object case for people — doubly wrong here as it refers to a place, not a person.",k-eng-11-1-2,medium,ai-generated,false,A,which,false,1
q-eng11.1-18,ENG11.1,mc,"Choose the correct relative pronoun: 'The town _____ I was born has changed considerably.'","'Where' is correct because the relative pronoun refers to a place (the town), and 'where' replaces 'in which' to indicate location. 'Which' would require a preposition: 'the town in which I was born' — without 'in', 'which I was born' is incomplete. 'Who' is used for people, not places. 'Whom' is the object case for people — doubly wrong here as it refers to a place, not a person.",k-eng-11-1-2,medium,ai-generated,false,B,who,false,2
q-eng11.1-18,ENG11.1,mc,"Choose the correct relative pronoun: 'The town _____ I was born has changed considerably.'","'Where' is correct because the relative pronoun refers to a place (the town), and 'where' replaces 'in which' to indicate location. 'Which' would require a preposition: 'the town in which I was born' — without 'in', 'which I was born' is incomplete. 'Who' is used for people, not places. 'Whom' is the object case for people — doubly wrong here as it refers to a place, not a person.",k-eng-11-1-2,medium,ai-generated,false,C,whom,false,3
q-eng11.1-18,ENG11.1,mc,"Choose the correct relative pronoun: 'The town _____ I was born has changed considerably.'","'Where' is correct because the relative pronoun refers to a place (the town), and 'where' replaces 'in which' to indicate location. 'Which' would require a preposition: 'the town in which I was born' — without 'in', 'which I was born' is incomplete. 'Who' is used for people, not places. 'Whom' is the object case for people — doubly wrong here as it refers to a place, not a person.",k-eng-11-1-2,medium,ai-generated,false,D,where,true,4
q-eng11.1-19,ENG11.1,mc,"Choose the correct subordinating conjunction: 'Please wait _____ the doctor calls your name.'","'Until' is correct because it expresses a continuous state of waiting up to a future point — the doctor calling your name is the endpoint of the wait. 'When' simply links two events in time ('wait when the doctor calls') but does not convey the idea of waiting continuously up to that moment. 'Although' introduces a concession, which makes no sense in a simple instruction about waiting. 'Unless' would mean 'wait only if the doctor doesn't call your name', the opposite of the intended instruction.",k-eng-11-1-2,easy,ai-generated,false,A,until,true,1
q-eng11.1-19,ENG11.1,mc,"Choose the correct subordinating conjunction: 'Please wait _____ the doctor calls your name.'","'Until' is correct because it expresses a continuous state of waiting up to a future point — the doctor calling your name is the endpoint of the wait. 'When' simply links two events in time ('wait when the doctor calls') but does not convey the idea of waiting continuously up to that moment. 'Although' introduces a concession, which makes no sense in a simple instruction about waiting. 'Unless' would mean 'wait only if the doctor doesn't call your name', the opposite of the intended instruction.",k-eng-11-1-2,easy,ai-generated,false,B,when,false,2
q-eng11.1-19,ENG11.1,mc,"Choose the correct subordinating conjunction: 'Please wait _____ the doctor calls your name.'","'Until' is correct because it expresses a continuous state of waiting up to a future point — the doctor calling your name is the endpoint of the wait. 'When' simply links two events in time ('wait when the doctor calls') but does not convey the idea of waiting continuously up to that moment. 'Although' introduces a concession, which makes no sense in a simple instruction about waiting. 'Unless' would mean 'wait only if the doctor doesn't call your name', the opposite of the intended instruction.",k-eng-11-1-2,easy,ai-generated,false,C,although,false,3
q-eng11.1-19,ENG11.1,mc,"Choose the correct subordinating conjunction: 'Please wait _____ the doctor calls your name.'","'Until' is correct because it expresses a continuous state of waiting up to a future point — the doctor calling your name is the endpoint of the wait. 'When' simply links two events in time ('wait when the doctor calls') but does not convey the idea of waiting continuously up to that moment. 'Although' introduces a concession, which makes no sense in a simple instruction about waiting. 'Unless' would mean 'wait only if the doctor doesn't call your name', the opposite of the intended instruction.",k-eng-11-1-2,easy,ai-generated,false,D,unless,false,4
q-eng11.1-20,ENG11.1,mc,"Choose the correct subordinating conjunction: 'He spoke quietly _____ the sleeping child would not be disturbed.'","'So that' is correct because it introduces a purpose clause — speaking quietly is the means; not disturbing the child is the intended result. 'Although' introduces concession: 'spoke quietly although the child wouldn't be disturbed' — this wrongly implies the child's sleep is already undisturbed and contrasts with the quiet speaking. 'Because' reverses cause and effect: the child not being disturbed is the goal, not the existing reason for the quiet. 'Since' used causally would mean the child's undisturbed sleep is the existing reason for quiet speech, which it is not.",k-eng-11-1-2,hard,ai-generated,false,A,although,false,1
q-eng11.1-20,ENG11.1,mc,"Choose the correct subordinating conjunction: 'He spoke quietly _____ the sleeping child would not be disturbed.'","'So that' is correct because it introduces a purpose clause — speaking quietly is the means; not disturbing the child is the intended result. 'Although' introduces concession: 'spoke quietly although the child wouldn't be disturbed' — this wrongly implies the child's sleep is already undisturbed and contrasts with the quiet speaking. 'Because' reverses cause and effect: the child not being disturbed is the goal, not the existing reason for the quiet. 'Since' used causally would mean the child's undisturbed sleep is the existing reason for quiet speech, which it is not.",k-eng-11-1-2,hard,ai-generated,false,B,so that,true,2
q-eng11.1-20,ENG11.1,mc,"Choose the correct subordinating conjunction: 'He spoke quietly _____ the sleeping child would not be disturbed.'","'So that' is correct because it introduces a purpose clause — speaking quietly is the means; not disturbing the child is the intended result. 'Although' introduces concession: 'spoke quietly although the child wouldn't be disturbed' — this wrongly implies the child's sleep is already undisturbed and contrasts with the quiet speaking. 'Because' reverses cause and effect: the child not being disturbed is the goal, not the existing reason for the quiet. 'Since' used causally would mean the child's undisturbed sleep is the existing reason for quiet speech, which it is not.",k-eng-11-1-2,hard,ai-generated,false,C,because,false,3
q-eng11.1-20,ENG11.1,mc,"Choose the correct subordinating conjunction: 'He spoke quietly _____ the sleeping child would not be disturbed.'","'So that' is correct because it introduces a purpose clause — speaking quietly is the means; not disturbing the child is the intended result. 'Although' introduces concession: 'spoke quietly although the child wouldn't be disturbed' — this wrongly implies the child's sleep is already undisturbed and contrasts with the quiet speaking. 'Because' reverses cause and effect: the child not being disturbed is the goal, not the existing reason for the quiet. 'Since' used causally would mean the child's undisturbed sleep is the existing reason for quiet speech, which it is not.",k-eng-11-1-2,hard,ai-generated,false,D,since,false,4
q-eng11.1-21,ENG11.1,mc,"Choose the correct transitional phrase: 'She worked hard all year; _____, she passed the exam with distinction.'","'Therefore' is correct because it signals a logical result: consistent hard work leads directly to passing with distinction — a cause-to-effect relationship. 'However' would imply a contrast — passing would be unexpected after hard work, which is the wrong reading. 'Nevertheless' expresses concession ('despite X, Y happened') — but here both clauses are positive and logically linked, with no concession needed. 'Moreover' adds another point of equal status rather than expressing the result of the first.",k-eng-11-1-3,easy,ai-generated,false,A,however,false,1
q-eng11.1-21,ENG11.1,mc,"Choose the correct transitional phrase: 'She worked hard all year; _____, she passed the exam with distinction.'","'Therefore' is correct because it signals a logical result: consistent hard work leads directly to passing with distinction — a cause-to-effect relationship. 'However' would imply a contrast — passing would be unexpected after hard work, which is the wrong reading. 'Nevertheless' expresses concession ('despite X, Y happened') — but here both clauses are positive and logically linked, with no concession needed. 'Moreover' adds another point of equal status rather than expressing the result of the first.",k-eng-11-1-3,easy,ai-generated,false,B,nevertheless,false,2
q-eng11.1-21,ENG11.1,mc,"Choose the correct transitional phrase: 'She worked hard all year; _____, she passed the exam with distinction.'","'Therefore' is correct because it signals a logical result: consistent hard work leads directly to passing with distinction — a cause-to-effect relationship. 'However' would imply a contrast — passing would be unexpected after hard work, which is the wrong reading. 'Nevertheless' expresses concession ('despite X, Y happened') — but here both clauses are positive and logically linked, with no concession needed. 'Moreover' adds another point of equal status rather than expressing the result of the first.",k-eng-11-1-3,easy,ai-generated,false,C,therefore,true,3
q-eng11.1-21,ENG11.1,mc,"Choose the correct transitional phrase: 'She worked hard all year; _____, she passed the exam with distinction.'","'Therefore' is correct because it signals a logical result: consistent hard work leads directly to passing with distinction — a cause-to-effect relationship. 'However' would imply a contrast — passing would be unexpected after hard work, which is the wrong reading. 'Nevertheless' expresses concession ('despite X, Y happened') — but here both clauses are positive and logically linked, with no concession needed. 'Moreover' adds another point of equal status rather than expressing the result of the first.",k-eng-11-1-3,easy,ai-generated,false,D,moreover,false,4
q-eng11.1-22,ENG11.1,mc,"Choose the correct transitional phrase: 'The project was expensive; _____, the board approved it.'","'Nevertheless' is correct because it signals concession — despite the obstacle (high cost), the board approved it anyway. This is the classic concessive structure: X was a problem; nevertheless, Y happened. 'Therefore' is wrong: high cost does not logically cause approval. 'Moreover' is an additive connector — adding that the board approved it as an extra point does not capture the concessive relationship. 'Consequently' expresses result: expensiveness caused approval, which is logically backward.",k-eng-11-1-3,easy,ai-generated,false,A,nevertheless,true,1
q-eng11.1-22,ENG11.1,mc,"Choose the correct transitional phrase: 'The project was expensive; _____, the board approved it.'","'Nevertheless' is correct because it signals concession — despite the obstacle (high cost), the board approved it anyway. This is the classic concessive structure: X was a problem; nevertheless, Y happened. 'Therefore' is wrong: high cost does not logically cause approval. 'Moreover' is an additive connector — adding that the board approved it as an extra point does not capture the concessive relationship. 'Consequently' expresses result: expensiveness caused approval, which is logically backward.",k-eng-11-1-3,easy,ai-generated,false,B,therefore,false,2
q-eng11.1-22,ENG11.1,mc,"Choose the correct transitional phrase: 'The project was expensive; _____, the board approved it.'","'Nevertheless' is correct because it signals concession — despite the obstacle (high cost), the board approved it anyway. This is the classic concessive structure: X was a problem; nevertheless, Y happened. 'Therefore' is wrong: high cost does not logically cause approval. 'Moreover' is an additive connector — adding that the board approved it as an extra point does not capture the concessive relationship. 'Consequently' expresses result: expensiveness caused approval, which is logically backward.",k-eng-11-1-3,easy,ai-generated,false,C,moreover,false,3
q-eng11.1-22,ENG11.1,mc,"Choose the correct transitional phrase: 'The project was expensive; _____, the board approved it.'","'Nevertheless' is correct because it signals concession — despite the obstacle (high cost), the board approved it anyway. This is the classic concessive structure: X was a problem; nevertheless, Y happened. 'Therefore' is wrong: high cost does not logically cause approval. 'Moreover' is an additive connector — adding that the board approved it as an extra point does not capture the concessive relationship. 'Consequently' expresses result: expensiveness caused approval, which is logically backward.",k-eng-11-1-3,easy,ai-generated,false,D,consequently,false,4
q-eng11.1-23,ENG11.1,mc,"Choose the correct transitional phrase: 'The new law will reduce pollution. _____, it will create thousands of jobs.'","'Moreover' is correct because it adds a second, equally important benefit on top of the first — both reducing pollution and creating jobs are positive outcomes of the same law. 'However' introduces contrast, but both clauses are positive outcomes; there is nothing to contrast. 'Therefore' implies causation — pollution reduction causes job creation, which is not the intended meaning. 'Nevertheless' signals a concession, but there is no obstacle or negative point to concede against.",k-eng-11-1-3,medium,ai-generated,false,A,However,false,1
q-eng11.1-23,ENG11.1,mc,"Choose the correct transitional phrase: 'The new law will reduce pollution. _____, it will create thousands of jobs.'","'Moreover' is correct because it adds a second, equally important benefit on top of the first — both reducing pollution and creating jobs are positive outcomes of the same law. 'However' introduces contrast, but both clauses are positive outcomes; there is nothing to contrast. 'Therefore' implies causation — pollution reduction causes job creation, which is not the intended meaning. 'Nevertheless' signals a concession, but there is no obstacle or negative point to concede against.",k-eng-11-1-3,medium,ai-generated,false,B,Therefore,false,2
q-eng11.1-23,ENG11.1,mc,"Choose the correct transitional phrase: 'The new law will reduce pollution. _____, it will create thousands of jobs.'","'Moreover' is correct because it adds a second, equally important benefit on top of the first — both reducing pollution and creating jobs are positive outcomes of the same law. 'However' introduces contrast, but both clauses are positive outcomes; there is nothing to contrast. 'Therefore' implies causation — pollution reduction causes job creation, which is not the intended meaning. 'Nevertheless' signals a concession, but there is no obstacle or negative point to concede against.",k-eng-11-1-3,medium,ai-generated,false,C,Nevertheless,false,3
q-eng11.1-23,ENG11.1,mc,"Choose the correct transitional phrase: 'The new law will reduce pollution. _____, it will create thousands of jobs.'","'Moreover' is correct because it adds a second, equally important benefit on top of the first — both reducing pollution and creating jobs are positive outcomes of the same law. 'However' introduces contrast, but both clauses are positive outcomes; there is nothing to contrast. 'Therefore' implies causation — pollution reduction causes job creation, which is not the intended meaning. 'Nevertheless' signals a concession, but there is no obstacle or negative point to concede against.",k-eng-11-1-3,medium,ai-generated,false,D,Moreover,true,4
q-eng11.1-24,ENG11.1,mc,"Choose the correct transitional phrase: 'He failed to submit the form on time; _____, his application was rejected.'","'Consequently' is correct because it expresses a direct cause-and-effect result: not submitting on time directly caused the rejection — a logical, inevitable consequence. 'However' would introduce a contrast — rejection being surprising given the late submission, which would be an odd reading. 'Moreover' would add the rejection as an extra piece of information, rather than presenting it as a result. 'In contrast' requires two contrasting situations, but missing a deadline and getting rejected are not contrasting facts — they are cause and effect.",k-eng-11-1-3,medium,ai-generated,false,A,however,false,1
q-eng11.1-24,ENG11.1,mc,"Choose the correct transitional phrase: 'He failed to submit the form on time; _____, his application was rejected.'","'Consequently' is correct because it expresses a direct cause-and-effect result: not submitting on time directly caused the rejection — a logical, inevitable consequence. 'However' would introduce a contrast — rejection being surprising given the late submission, which would be an odd reading. 'Moreover' would add the rejection as an extra piece of information, rather than presenting it as a result. 'In contrast' requires two contrasting situations, but missing a deadline and getting rejected are not contrasting facts — they are cause and effect.",k-eng-11-1-3,medium,ai-generated,false,B,consequently,true,2
q-eng11.1-24,ENG11.1,mc,"Choose the correct transitional phrase: 'He failed to submit the form on time; _____, his application was rejected.'","'Consequently' is correct because it expresses a direct cause-and-effect result: not submitting on time directly caused the rejection — a logical, inevitable consequence. 'However' would introduce a contrast — rejection being surprising given the late submission, which would be an odd reading. 'Moreover' would add the rejection as an extra piece of information, rather than presenting it as a result. 'In contrast' requires two contrasting situations, but missing a deadline and getting rejected are not contrasting facts — they are cause and effect.",k-eng-11-1-3,medium,ai-generated,false,C,moreover,false,3
q-eng11.1-24,ENG11.1,mc,"Choose the correct transitional phrase: 'He failed to submit the form on time; _____, his application was rejected.'","'Consequently' is correct because it expresses a direct cause-and-effect result: not submitting on time directly caused the rejection — a logical, inevitable consequence. 'However' would introduce a contrast — rejection being surprising given the late submission, which would be an odd reading. 'Moreover' would add the rejection as an extra piece of information, rather than presenting it as a result. 'In contrast' requires two contrasting situations, but missing a deadline and getting rejected are not contrasting facts — they are cause and effect.",k-eng-11-1-3,medium,ai-generated,false,D,in contrast,false,4
q-eng11.1-25,ENG11.1,mc,"Choose the correct transitional phrase: 'The first candidate was qualified and experienced. _____, the second had little relevant expertise.'","'In contrast' is correct because it signals a direct comparison between two opposing situations — the first candidate's strong qualifications are being explicitly contrasted with the second's lack of expertise. 'Therefore' would imply causation: the first being qualified caused the second to lack expertise, which is illogical. 'Moreover' would add the second fact as supporting the first rather than opposing it. 'Consequently' again implies causation, which does not exist between two separate candidates' qualifications.",k-eng-11-1-3,medium,ai-generated,false,A,Therefore,false,1
q-eng11.1-25,ENG11.1,mc,"Choose the correct transitional phrase: 'The first candidate was qualified and experienced. _____, the second had little relevant expertise.'","'In contrast' is correct because it signals a direct comparison between two opposing situations — the first candidate's strong qualifications are being explicitly contrasted with the second's lack of expertise. 'Therefore' would imply causation: the first being qualified caused the second to lack expertise, which is illogical. 'Moreover' would add the second fact as supporting the first rather than opposing it. 'Consequently' again implies causation, which does not exist between two separate candidates' qualifications.",k-eng-11-1-3,medium,ai-generated,false,B,Moreover,false,2
q-eng11.1-25,ENG11.1,mc,"Choose the correct transitional phrase: 'The first candidate was qualified and experienced. _____, the second had little relevant expertise.'","'In contrast' is correct because it signals a direct comparison between two opposing situations — the first candidate's strong qualifications are being explicitly contrasted with the second's lack of expertise. 'Therefore' would imply causation: the first being qualified caused the second to lack expertise, which is illogical. 'Moreover' would add the second fact as supporting the first rather than opposing it. 'Consequently' again implies causation, which does not exist between two separate candidates' qualifications.",k-eng-11-1-3,medium,ai-generated,false,C,In contrast,true,3
q-eng11.1-25,ENG11.1,mc,"Choose the correct transitional phrase: 'The first candidate was qualified and experienced. _____, the second had little relevant expertise.'","'In contrast' is correct because it signals a direct comparison between two opposing situations — the first candidate's strong qualifications are being explicitly contrasted with the second's lack of expertise. 'Therefore' would imply causation: the first being qualified caused the second to lack expertise, which is illogical. 'Moreover' would add the second fact as supporting the first rather than opposing it. 'Consequently' again implies causation, which does not exist between two separate candidates' qualifications.",k-eng-11-1-3,medium,ai-generated,false,D,Consequently,false,4
q-eng11.1-26,ENG11.1,mc,"Choose the correct transitional phrase: 'The medication proved effective in clinical trials; _____, it had minimal side effects.'","'Furthermore' is correct because it adds a second positive quality (minimal side effects) to the first (effectiveness) — both are desirable features of the medication being enumerated. 'However' introduces contrast: 'effective; however, minimal side effects' implies minimal side effects are unexpected after effectiveness, which is odd since minimal side effects complement effectiveness. 'Consequently' implies that being effective caused the minimal side effects, which is not a logical cause-effect relationship. 'In contrast' requires two opposing situations, but both effectiveness and minimal side effects are positive qualities.",k-eng-11-1-3,hard,ai-generated,false,A,furthermore,true,1
q-eng11.1-26,ENG11.1,mc,"Choose the correct transitional phrase: 'The medication proved effective in clinical trials; _____, it had minimal side effects.'","'Furthermore' is correct because it adds a second positive quality (minimal side effects) to the first (effectiveness) — both are desirable features of the medication being enumerated. 'However' introduces contrast: 'effective; however, minimal side effects' implies minimal side effects are unexpected after effectiveness, which is odd since minimal side effects complement effectiveness. 'Consequently' implies that being effective caused the minimal side effects, which is not a logical cause-effect relationship. 'In contrast' requires two opposing situations, but both effectiveness and minimal side effects are positive qualities.",k-eng-11-1-3,hard,ai-generated,false,B,however,false,2
q-eng11.1-26,ENG11.1,mc,"Choose the correct transitional phrase: 'The medication proved effective in clinical trials; _____, it had minimal side effects.'","'Furthermore' is correct because it adds a second positive quality (minimal side effects) to the first (effectiveness) — both are desirable features of the medication being enumerated. 'However' introduces contrast: 'effective; however, minimal side effects' implies minimal side effects are unexpected after effectiveness, which is odd since minimal side effects complement effectiveness. 'Consequently' implies that being effective caused the minimal side effects, which is not a logical cause-effect relationship. 'In contrast' requires two opposing situations, but both effectiveness and minimal side effects are positive qualities.",k-eng-11-1-3,hard,ai-generated,false,C,consequently,false,3
q-eng11.1-26,ENG11.1,mc,"Choose the correct transitional phrase: 'The medication proved effective in clinical trials; _____, it had minimal side effects.'","'Furthermore' is correct because it adds a second positive quality (minimal side effects) to the first (effectiveness) — both are desirable features of the medication being enumerated. 'However' introduces contrast: 'effective; however, minimal side effects' implies minimal side effects are unexpected after effectiveness, which is odd since minimal side effects complement effectiveness. 'Consequently' implies that being effective caused the minimal side effects, which is not a logical cause-effect relationship. 'In contrast' requires two opposing situations, but both effectiveness and minimal side effects are positive qualities.",k-eng-11-1-3,hard,ai-generated,false,D,in contrast,false,4
q-eng11.1-27,ENG11.1,mc,"Choose the correct transitional phrase: 'He doesn't speak French fluently; _____, he managed to communicate with the locals.'","'Nevertheless' is correct because it expresses a concession — despite the obstacle of limited French fluency, communication was achieved. This is the 'despite X, Y happened' structure typical of 'nevertheless'. 'Therefore' is wrong: lacking fluency does not logically cause successful communication. 'Furthermore' would add another supporting point, but the second clause counters the first rather than adding to it. 'Consequently' expresses result: not speaking fluently caused communication — this reverses the expected logical link.",k-eng-11-1-3,medium,ai-generated,false,A,therefore,false,1
q-eng11.1-27,ENG11.1,mc,"Choose the correct transitional phrase: 'He doesn't speak French fluently; _____, he managed to communicate with the locals.'","'Nevertheless' is correct because it expresses a concession — despite the obstacle of limited French fluency, communication was achieved. This is the 'despite X, Y happened' structure typical of 'nevertheless'. 'Therefore' is wrong: lacking fluency does not logically cause successful communication. 'Furthermore' would add another supporting point, but the second clause counters the first rather than adding to it. 'Consequently' expresses result: not speaking fluently caused communication — this reverses the expected logical link.",k-eng-11-1-3,medium,ai-generated,false,B,nevertheless,true,2
q-eng11.1-27,ENG11.1,mc,"Choose the correct transitional phrase: 'He doesn't speak French fluently; _____, he managed to communicate with the locals.'","'Nevertheless' is correct because it expresses a concession — despite the obstacle of limited French fluency, communication was achieved. This is the 'despite X, Y happened' structure typical of 'nevertheless'. 'Therefore' is wrong: lacking fluency does not logically cause successful communication. 'Furthermore' would add another supporting point, but the second clause counters the first rather than adding to it. 'Consequently' expresses result: not speaking fluently caused communication — this reverses the expected logical link.",k-eng-11-1-3,medium,ai-generated,false,C,furthermore,false,3
q-eng11.1-27,ENG11.1,mc,"Choose the correct transitional phrase: 'He doesn't speak French fluently; _____, he managed to communicate with the locals.'","'Nevertheless' is correct because it expresses a concession — despite the obstacle of limited French fluency, communication was achieved. This is the 'despite X, Y happened' structure typical of 'nevertheless'. 'Therefore' is wrong: lacking fluency does not logically cause successful communication. 'Furthermore' would add another supporting point, but the second clause counters the first rather than adding to it. 'Consequently' expresses result: not speaking fluently caused communication — this reverses the expected logical link.",k-eng-11-1-3,medium,ai-generated,false,D,consequently,false,4
q-eng11.1-28,ENG11.1,mc,"Choose the correct transitional phrase: 'I studied hard for the test. _____, I felt confident going in.'","'As a result' is correct because it directly expresses the causal link: studying hard produced confidence — an expected and logical outcome. 'However' would introduce contrast: feeling confident after studying hard would be presented as unexpected, which is the wrong reading. 'Nevertheless' signals that confidence was achieved despite an obstacle, but no obstacle is mentioned in the first clause. 'In contrast' requires two contrasting situations; studying and feeling confident are not contrasting — they are cause and effect.",k-eng-11-1-3,easy,ai-generated,false,A,However,false,1
q-eng11.1-28,ENG11.1,mc,"Choose the correct transitional phrase: 'I studied hard for the test. _____, I felt confident going in.'","'As a result' is correct because it directly expresses the causal link: studying hard produced confidence — an expected and logical outcome. 'However' would introduce contrast: feeling confident after studying hard would be presented as unexpected, which is the wrong reading. 'Nevertheless' signals that confidence was achieved despite an obstacle, but no obstacle is mentioned in the first clause. 'In contrast' requires two contrasting situations; studying and feeling confident are not contrasting — they are cause and effect.",k-eng-11-1-3,easy,ai-generated,false,B,Nevertheless,false,2
q-eng11.1-28,ENG11.1,mc,"Choose the correct transitional phrase: 'I studied hard for the test. _____, I felt confident going in.'","'As a result' is correct because it directly expresses the causal link: studying hard produced confidence — an expected and logical outcome. 'However' would introduce contrast: feeling confident after studying hard would be presented as unexpected, which is the wrong reading. 'Nevertheless' signals that confidence was achieved despite an obstacle, but no obstacle is mentioned in the first clause. 'In contrast' requires two contrasting situations; studying and feeling confident are not contrasting — they are cause and effect.",k-eng-11-1-3,easy,ai-generated,false,C,In contrast,false,3
q-eng11.1-28,ENG11.1,mc,"Choose the correct transitional phrase: 'I studied hard for the test. _____, I felt confident going in.'","'As a result' is correct because it directly expresses the causal link: studying hard produced confidence — an expected and logical outcome. 'However' would introduce contrast: feeling confident after studying hard would be presented as unexpected, which is the wrong reading. 'Nevertheless' signals that confidence was achieved despite an obstacle, but no obstacle is mentioned in the first clause. 'In contrast' requires two contrasting situations; studying and feeling confident are not contrasting — they are cause and effect.",k-eng-11-1-3,easy,ai-generated,false,D,As a result,true,4
q-eng11.1-29,ENG11.1,mc,"Choose the correct transitional phrase: 'The report highlights several key issues. _____, it proposes solutions for each.'","'Moreover' is correct because it adds a second positive feature of the report — both highlighting issues and proposing solutions are attributes of the same document, and 'moreover' signals that the second is an additional noteworthy quality. 'However' implies contrast: proposing solutions would be surprising given that issues are highlighted, which is odd since both are complementary. 'Therefore' would mean the report proposes solutions because it highlighted issues — while logical, 'moreover' better captures the enumeration of the report's two qualities. 'In contrast' requires opposing facts, but both clauses describe complementary positive features.",k-eng-11-1-3,medium,ai-generated,false,A,However,false,1
q-eng11.1-29,ENG11.1,mc,"Choose the correct transitional phrase: 'The report highlights several key issues. _____, it proposes solutions for each.'","'Moreover' is correct because it adds a second positive feature of the report — both highlighting issues and proposing solutions are attributes of the same document, and 'moreover' signals that the second is an additional noteworthy quality. 'However' implies contrast: proposing solutions would be surprising given that issues are highlighted, which is odd since both are complementary. 'Therefore' would mean the report proposes solutions because it highlighted issues — while logical, 'moreover' better captures the enumeration of the report's two qualities. 'In contrast' requires opposing facts, but both clauses describe complementary positive features.",k-eng-11-1-3,medium,ai-generated,false,B,Therefore,false,2
q-eng11.1-29,ENG11.1,mc,"Choose the correct transitional phrase: 'The report highlights several key issues. _____, it proposes solutions for each.'","'Moreover' is correct because it adds a second positive feature of the report — both highlighting issues and proposing solutions are attributes of the same document, and 'moreover' signals that the second is an additional noteworthy quality. 'However' implies contrast: proposing solutions would be surprising given that issues are highlighted, which is odd since both are complementary. 'Therefore' would mean the report proposes solutions because it highlighted issues — while logical, 'moreover' better captures the enumeration of the report's two qualities. 'In contrast' requires opposing facts, but both clauses describe complementary positive features.",k-eng-11-1-3,medium,ai-generated,false,C,Moreover,true,3
q-eng11.1-29,ENG11.1,mc,"Choose the correct transitional phrase: 'The report highlights several key issues. _____, it proposes solutions for each.'","'Moreover' is correct because it adds a second positive feature of the report — both highlighting issues and proposing solutions are attributes of the same document, and 'moreover' signals that the second is an additional noteworthy quality. 'However' implies contrast: proposing solutions would be surprising given that issues are highlighted, which is odd since both are complementary. 'Therefore' would mean the report proposes solutions because it highlighted issues — while logical, 'moreover' better captures the enumeration of the report's two qualities. 'In contrast' requires opposing facts, but both clauses describe complementary positive features.",k-eng-11-1-3,medium,ai-generated,false,D,In contrast,false,4
q-eng11.1-30,ENG11.1,mc,"Choose the correct transitional phrase: 'The new software was supposed to simplify the process. _____, users found it more complicated than before.'","'However' is correct because it introduces a contrast between the intended outcome (simplification) and the actual outcome (greater complexity) — a clear case of expectation versus reality. 'Therefore' would mean the software's intended purpose of simplification caused users to find it complicated, which is logically absurd. 'Moreover' would add complication as an additional quality alongside simplification rather than opposing it. 'As a result' would imply the goal of simplifying caused increased complexity — again, logically reversed.",k-eng-11-1-3,hard,ai-generated,false,A,However,true,1
q-eng11.1-30,ENG11.1,mc,"Choose the correct transitional phrase: 'The new software was supposed to simplify the process. _____, users found it more complicated than before.'","'However' is correct because it introduces a contrast between the intended outcome (simplification) and the actual outcome (greater complexity) — a clear case of expectation versus reality. 'Therefore' would mean the software's intended purpose of simplification caused users to find it complicated, which is logically absurd. 'Moreover' would add complication as an additional quality alongside simplification rather than opposing it. 'As a result' would imply the goal of simplifying caused increased complexity — again, logically reversed.",k-eng-11-1-3,hard,ai-generated,false,B,Therefore,false,2
q-eng11.1-30,ENG11.1,mc,"Choose the correct transitional phrase: 'The new software was supposed to simplify the process. _____, users found it more complicated than before.'","'However' is correct because it introduces a contrast between the intended outcome (simplification) and the actual outcome (greater complexity) — a clear case of expectation versus reality. 'Therefore' would mean the software's intended purpose of simplification caused users to find it complicated, which is logically absurd. 'Moreover' would add complication as an additional quality alongside simplification rather than opposing it. 'As a result' would imply the goal of simplifying caused increased complexity — again, logically reversed.",k-eng-11-1-3,hard,ai-generated,false,C,Moreover,false,3
q-eng11.1-30,ENG11.1,mc,"Choose the correct transitional phrase: 'The new software was supposed to simplify the process. _____, users found it more complicated than before.'","'However' is correct because it introduces a contrast between the intended outcome (simplification) and the actual outcome (greater complexity) — a clear case of expectation versus reality. 'Therefore' would mean the software's intended purpose of simplification caused users to find it complicated, which is logically absurd. 'Moreover' would add complication as an additional quality alongside simplification rather than opposing it. 'As a result' would imply the goal of simplifying caused increased complexity — again, logically reversed.",k-eng-11-1-3,hard,ai-generated,false,D,As a result,false,4
q-eng11.1-31,ENG11.1,mc,"Choose the option that correctly combines the following two sentences: 'The road was blocked. We had to take a detour.'","'So' correctly expresses cause and effect — the blocked road caused the detour, preserving the original meaning. 'Yet' indicates contrast or surprise, implying the detour was an unexpected outcome, which distorts the logical relationship. 'But' also implies contrast, suggesting taking a detour was unexpected given the blockage, which is illogical since a detour is the natural response. 'For' introduces a reason but here reverses the relationship, making the detour the cause of the road being blocked.",s-eng-11-1-1,easy,ai-generated,false,A,"The road was blocked, yet we had to take a detour.",false,1
q-eng11.1-31,ENG11.1,mc,"Choose the option that correctly combines the following two sentences: 'The road was blocked. We had to take a detour.'","'So' correctly expresses cause and effect — the blocked road caused the detour, preserving the original meaning. 'Yet' indicates contrast or surprise, implying the detour was an unexpected outcome, which distorts the logical relationship. 'But' also implies contrast, suggesting taking a detour was unexpected given the blockage, which is illogical since a detour is the natural response. 'For' introduces a reason but here reverses the relationship, making the detour the cause of the road being blocked.",s-eng-11-1-1,easy,ai-generated,false,B,"The road was blocked, so we had to take a detour.",true,2
q-eng11.1-31,ENG11.1,mc,"Choose the option that correctly combines the following two sentences: 'The road was blocked. We had to take a detour.'","'So' correctly expresses cause and effect — the blocked road caused the detour, preserving the original meaning. 'Yet' indicates contrast or surprise, implying the detour was an unexpected outcome, which distorts the logical relationship. 'But' also implies contrast, suggesting taking a detour was unexpected given the blockage, which is illogical since a detour is the natural response. 'For' introduces a reason but here reverses the relationship, making the detour the cause of the road being blocked.",s-eng-11-1-1,easy,ai-generated,false,C,"The road was blocked, but we had to take a detour.",false,3
q-eng11.1-31,ENG11.1,mc,"Choose the option that correctly combines the following two sentences: 'The road was blocked. We had to take a detour.'","'So' correctly expresses cause and effect — the blocked road caused the detour, preserving the original meaning. 'Yet' indicates contrast or surprise, implying the detour was an unexpected outcome, which distorts the logical relationship. 'But' also implies contrast, suggesting taking a detour was unexpected given the blockage, which is illogical since a detour is the natural response. 'For' introduces a reason but here reverses the relationship, making the detour the cause of the road being blocked.",s-eng-11-1-1,easy,ai-generated,false,D,"The road was blocked, for we had to take a detour.",false,4
q-eng11.1-32,ENG11.1,mc,"Choose the option that correctly combines the following two sentences: 'It was raining heavily. The match was not cancelled.'","'Although' correctly introduces concession — the match continued despite the rain, preserving the contrast between the two sentences. 'Because' expresses cause, wrongly implying heavy rain was the reason the match was not cancelled — the opposite of the intended meaning. 'Since' used causally has the same flaw as 'because' — it implies rain enabled the match rather than contrasting with its continuation. 'As' functions causally or indicates simultaneity here, suggesting the rain and the match's continuation share a cause-and-effect relationship, which distorts the contrast.",s-eng-11-1-1,easy,ai-generated,false,A,"Because it was raining heavily, the match was not cancelled.",false,1
q-eng11.1-32,ENG11.1,mc,"Choose the option that correctly combines the following two sentences: 'It was raining heavily. The match was not cancelled.'","'Although' correctly introduces concession — the match continued despite the rain, preserving the contrast between the two sentences. 'Because' expresses cause, wrongly implying heavy rain was the reason the match was not cancelled — the opposite of the intended meaning. 'Since' used causally has the same flaw as 'because' — it implies rain enabled the match rather than contrasting with its continuation. 'As' functions causally or indicates simultaneity here, suggesting the rain and the match's continuation share a cause-and-effect relationship, which distorts the contrast.",s-eng-11-1-1,easy,ai-generated,false,B,"Since it was raining heavily, the match was not cancelled.",false,2
q-eng11.1-32,ENG11.1,mc,"Choose the option that correctly combines the following two sentences: 'It was raining heavily. The match was not cancelled.'","'Although' correctly introduces concession — the match continued despite the rain, preserving the contrast between the two sentences. 'Because' expresses cause, wrongly implying heavy rain was the reason the match was not cancelled — the opposite of the intended meaning. 'Since' used causally has the same flaw as 'because' — it implies rain enabled the match rather than contrasting with its continuation. 'As' functions causally or indicates simultaneity here, suggesting the rain and the match's continuation share a cause-and-effect relationship, which distorts the contrast.",s-eng-11-1-1,easy,ai-generated,false,C,"Although it was raining heavily, the match was not cancelled.",true,3
q-eng11.1-32,ENG11.1,mc,"Choose the option that correctly combines the following two sentences: 'It was raining heavily. The match was not cancelled.'","'Although' correctly introduces concession — the match continued despite the rain, preserving the contrast between the two sentences. 'Because' expresses cause, wrongly implying heavy rain was the reason the match was not cancelled — the opposite of the intended meaning. 'Since' used causally has the same flaw as 'because' — it implies rain enabled the match rather than contrasting with its continuation. 'As' functions causally or indicates simultaneity here, suggesting the rain and the match's continuation share a cause-and-effect relationship, which distorts the contrast.",s-eng-11-1-1,easy,ai-generated,false,D,"As it was raining heavily, the match was not cancelled.",false,4
q-eng11.1-33,ENG11.1,mc,"Choose the option that correctly combines the following two sentences: 'The medicine tasted bitter. The child took it without complaint.'","'Despite the bitter taste' correctly uses 'despite' followed by a noun phrase to express concession — the child's acceptance is contrasted with the unpleasant flavour. 'So' implies result, wrongly suggesting the bitter taste caused the child's willingness and inverting the concessive relationship. Option B incorrectly follows 'despite' with a full subject-verb clause — 'despite' must be followed by a noun or gerund, not a finite clause. 'Because' reverses the relationship entirely, making the child's acceptance the reason for the bitter taste.",s-eng-11-1-1,medium,ai-generated,false,A,"The medicine tasted bitter, so the child took it without complaint.",false,1
q-eng11.1-33,ENG11.1,mc,"Choose the option that correctly combines the following two sentences: 'The medicine tasted bitter. The child took it without complaint.'","'Despite the bitter taste' correctly uses 'despite' followed by a noun phrase to express concession — the child's acceptance is contrasted with the unpleasant flavour. 'So' implies result, wrongly suggesting the bitter taste caused the child's willingness and inverting the concessive relationship. Option B incorrectly follows 'despite' with a full subject-verb clause — 'despite' must be followed by a noun or gerund, not a finite clause. 'Because' reverses the relationship entirely, making the child's acceptance the reason for the bitter taste.",s-eng-11-1-1,medium,ai-generated,false,B,"Despite the medicine tasted bitter, the child took it without complaint.",false,2
q-eng11.1-33,ENG11.1,mc,"Choose the option that correctly combines the following two sentences: 'The medicine tasted bitter. The child took it without complaint.'","'Despite the bitter taste' correctly uses 'despite' followed by a noun phrase to express concession — the child's acceptance is contrasted with the unpleasant flavour. 'So' implies result, wrongly suggesting the bitter taste caused the child's willingness and inverting the concessive relationship. Option B incorrectly follows 'despite' with a full subject-verb clause — 'despite' must be followed by a noun or gerund, not a finite clause. 'Because' reverses the relationship entirely, making the child's acceptance the reason for the bitter taste.",s-eng-11-1-1,medium,ai-generated,false,C,The medicine tasted bitter because the child took it without complaint.,false,3
q-eng11.1-33,ENG11.1,mc,"Choose the option that correctly combines the following two sentences: 'The medicine tasted bitter. The child took it without complaint.'","'Despite the bitter taste' correctly uses 'despite' followed by a noun phrase to express concession — the child's acceptance is contrasted with the unpleasant flavour. 'So' implies result, wrongly suggesting the bitter taste caused the child's willingness and inverting the concessive relationship. Option B incorrectly follows 'despite' with a full subject-verb clause — 'despite' must be followed by a noun or gerund, not a finite clause. 'Because' reverses the relationship entirely, making the child's acceptance the reason for the bitter taste.",s-eng-11-1-1,medium,ai-generated,false,D,"Despite the bitter taste, the child took it without complaint.",true,4
q-eng11.1-34,ENG11.1,mc,"Choose the option that correctly combines the following two sentences: 'You must register by Friday. Otherwise, you will not be allowed to participate.'","'Unless you register' correctly expresses the negative condition — failure to register leads to exclusion — matching 'otherwise' in the original. 'If you register' is a positive conditional, meaning registration itself leads to exclusion, reversing the intended meaning entirely. 'Until you register' implies exclusion continues only up to the moment of registration but does not address what happens if registration never occurs. 'Provided you register' is a positive conditional meaning successful registration guarantees participation, which is the opposite of the original meaning.",s-eng-11-1-1,medium,ai-generated,false,A,"Unless you register by Friday, you will not be allowed to participate.",true,1
q-eng11.1-34,ENG11.1,mc,"Choose the option that correctly combines the following two sentences: 'You must register by Friday. Otherwise, you will not be allowed to participate.'","'Unless you register' correctly expresses the negative condition — failure to register leads to exclusion — matching 'otherwise' in the original. 'If you register' is a positive conditional, meaning registration itself leads to exclusion, reversing the intended meaning entirely. 'Until you register' implies exclusion continues only up to the moment of registration but does not address what happens if registration never occurs. 'Provided you register' is a positive conditional meaning successful registration guarantees participation, which is the opposite of the original meaning.",s-eng-11-1-1,medium,ai-generated,false,B,"If you register by Friday, you will not be allowed to participate.",false,2
q-eng11.1-34,ENG11.1,mc,"Choose the option that correctly combines the following two sentences: 'You must register by Friday. Otherwise, you will not be allowed to participate.'","'Unless you register' correctly expresses the negative condition — failure to register leads to exclusion — matching 'otherwise' in the original. 'If you register' is a positive conditional, meaning registration itself leads to exclusion, reversing the intended meaning entirely. 'Until you register' implies exclusion continues only up to the moment of registration but does not address what happens if registration never occurs. 'Provided you register' is a positive conditional meaning successful registration guarantees participation, which is the opposite of the original meaning.",s-eng-11-1-1,medium,ai-generated,false,C,"Until you register by Friday, you will not be allowed to participate.",false,3
q-eng11.1-34,ENG11.1,mc,"Choose the option that correctly combines the following two sentences: 'You must register by Friday. Otherwise, you will not be allowed to participate.'","'Unless you register' correctly expresses the negative condition — failure to register leads to exclusion — matching 'otherwise' in the original. 'If you register' is a positive conditional, meaning registration itself leads to exclusion, reversing the intended meaning entirely. 'Until you register' implies exclusion continues only up to the moment of registration but does not address what happens if registration never occurs. 'Provided you register' is a positive conditional meaning successful registration guarantees participation, which is the opposite of the original meaning.",s-eng-11-1-1,medium,ai-generated,false,D,"Provided you register by Friday, you will not be allowed to participate.",false,4
q-eng11.1-35,ENG11.1,mc,"Choose the option that correctly combines the following two sentences: 'The problem was very complex. No one could solve it easily.'","'So complex that' correctly uses the 'so + adjective + that' construction to express degree and result, preserving both the severity and its consequence. 'Too complex so' is not a standard construction — 'too' pairs with 'to' (too...to), not 'so'. 'Such complex' is ungrammatical — 'such' before a bare adjective requires the pattern 'such a + adjective + noun'. 'Very complex, yet' introduces contrast, implying the complexity was being contradicted rather than producing a result, which distorts the original meaning.",s-eng-11-1-1,medium,ai-generated,false,A,The problem was too complex so no one could solve it easily.,false,1
q-eng11.1-35,ENG11.1,mc,"Choose the option that correctly combines the following two sentences: 'The problem was very complex. No one could solve it easily.'","'So complex that' correctly uses the 'so + adjective + that' construction to express degree and result, preserving both the severity and its consequence. 'Too complex so' is not a standard construction — 'too' pairs with 'to' (too...to), not 'so'. 'Such complex' is ungrammatical — 'such' before a bare adjective requires the pattern 'such a + adjective + noun'. 'Very complex, yet' introduces contrast, implying the complexity was being contradicted rather than producing a result, which distorts the original meaning.",s-eng-11-1-1,medium,ai-generated,false,B,The problem was so complex that no one could solve it easily.,true,2
q-eng11.1-35,ENG11.1,mc,"Choose the option that correctly combines the following two sentences: 'The problem was very complex. No one could solve it easily.'","'So complex that' correctly uses the 'so + adjective + that' construction to express degree and result, preserving both the severity and its consequence. 'Too complex so' is not a standard construction — 'too' pairs with 'to' (too...to), not 'so'. 'Such complex' is ungrammatical — 'such' before a bare adjective requires the pattern 'such a + adjective + noun'. 'Very complex, yet' introduces contrast, implying the complexity was being contradicted rather than producing a result, which distorts the original meaning.",s-eng-11-1-1,medium,ai-generated,false,C,The problem was such complex that no one could solve it easily.,false,3
q-eng11.1-35,ENG11.1,mc,"Choose the option that correctly combines the following two sentences: 'The problem was very complex. No one could solve it easily.'","'So complex that' correctly uses the 'so + adjective + that' construction to express degree and result, preserving both the severity and its consequence. 'Too complex so' is not a standard construction — 'too' pairs with 'to' (too...to), not 'so'. 'Such complex' is ungrammatical — 'such' before a bare adjective requires the pattern 'such a + adjective + noun'. 'Very complex, yet' introduces contrast, implying the complexity was being contradicted rather than producing a result, which distorts the original meaning.",s-eng-11-1-1,medium,ai-generated,false,D,"The problem was very complex, yet no one could solve it easily.",false,4
q-eng11.1-36,ENG11.1,mc,"Choose the option that correctly combines the following two sentences: 'The restaurant serves Italian food. It also serves Chinese food.'","'Not only Italian food but also Chinese food' correctly places both noun phrases in parallel after the single verb 'serves', maintaining proper correlative conjunction structure. Option A uses 'or' instead of 'but', creating an invalid 'not only...or' pairing — the correct correlative is 'not only...but also'. Option B places 'also' after 'Chinese food' ('but Chinese food also'), breaking the standard 'but also' correlative pair required in formal grammar. Option D places 'not only' at the sentence start, which requires subject-auxiliary inversion ('Not only does the restaurant serve...'), making this option ungrammatical as written.",s-eng-11-1-1,medium,ai-generated,false,A,The restaurant not only serves Italian food or also Chinese food.,false,1
q-eng11.1-36,ENG11.1,mc,"Choose the option that correctly combines the following two sentences: 'The restaurant serves Italian food. It also serves Chinese food.'","'Not only Italian food but also Chinese food' correctly places both noun phrases in parallel after the single verb 'serves', maintaining proper correlative conjunction structure. Option A uses 'or' instead of 'but', creating an invalid 'not only...or' pairing — the correct correlative is 'not only...but also'. Option B places 'also' after 'Chinese food' ('but Chinese food also'), breaking the standard 'but also' correlative pair required in formal grammar. Option D places 'not only' at the sentence start, which requires subject-auxiliary inversion ('Not only does the restaurant serve...'), making this option ungrammatical as written.",s-eng-11-1-1,medium,ai-generated,false,B,The restaurant serves not only Italian food but Chinese food also.,false,2
q-eng11.1-36,ENG11.1,mc,"Choose the option that correctly combines the following two sentences: 'The restaurant serves Italian food. It also serves Chinese food.'","'Not only Italian food but also Chinese food' correctly places both noun phrases in parallel after the single verb 'serves', maintaining proper correlative conjunction structure. Option A uses 'or' instead of 'but', creating an invalid 'not only...or' pairing — the correct correlative is 'not only...but also'. Option B places 'also' after 'Chinese food' ('but Chinese food also'), breaking the standard 'but also' correlative pair required in formal grammar. Option D places 'not only' at the sentence start, which requires subject-auxiliary inversion ('Not only does the restaurant serve...'), making this option ungrammatical as written.",s-eng-11-1-1,medium,ai-generated,false,C,The restaurant serves not only Italian food but also Chinese food.,true,3
q-eng11.1-36,ENG11.1,mc,"Choose the option that correctly combines the following two sentences: 'The restaurant serves Italian food. It also serves Chinese food.'","'Not only Italian food but also Chinese food' correctly places both noun phrases in parallel after the single verb 'serves', maintaining proper correlative conjunction structure. Option A uses 'or' instead of 'but', creating an invalid 'not only...or' pairing — the correct correlative is 'not only...but also'. Option B places 'also' after 'Chinese food' ('but Chinese food also'), breaking the standard 'but also' correlative pair required in formal grammar. Option D places 'not only' at the sentence start, which requires subject-auxiliary inversion ('Not only does the restaurant serve...'), making this option ungrammatical as written.",s-eng-11-1-1,medium,ai-generated,false,D,Not only the restaurant serves Italian food but also Chinese food.,false,4
q-eng11.1-37,ENG11.1,mc,"Choose the option that correctly combines the following two sentences: 'The manager entered the room. Everyone fell silent immediately.'","'As soon as' correctly expresses that the silence followed the entry instantly — 'as soon as' means 'at the very moment that', matching 'immediately' in the original. 'While' indicates two simultaneous ongoing actions, but entering a room is a single instantaneous event that triggers a response, not a concurrent process. 'Before' reverses the temporal order, stating everyone fell silent prior to the manager's entry, which contradicts the original. Option C uses the past perfect 'had entered' with 'would fall silent', shifting the sentence to a habitual or conditional pattern rather than the specific past event described.",s-eng-11-1-1,medium,ai-generated,false,A,"While the manager entered the room, everyone fell silent.",false,1
q-eng11.1-37,ENG11.1,mc,"Choose the option that correctly combines the following two sentences: 'The manager entered the room. Everyone fell silent immediately.'","'As soon as' correctly expresses that the silence followed the entry instantly — 'as soon as' means 'at the very moment that', matching 'immediately' in the original. 'While' indicates two simultaneous ongoing actions, but entering a room is a single instantaneous event that triggers a response, not a concurrent process. 'Before' reverses the temporal order, stating everyone fell silent prior to the manager's entry, which contradicts the original. Option C uses the past perfect 'had entered' with 'would fall silent', shifting the sentence to a habitual or conditional pattern rather than the specific past event described.",s-eng-11-1-1,medium,ai-generated,false,B,"Before the manager entered the room, everyone fell silent.",false,2
q-eng11.1-37,ENG11.1,mc,"Choose the option that correctly combines the following two sentences: 'The manager entered the room. Everyone fell silent immediately.'","'As soon as' correctly expresses that the silence followed the entry instantly — 'as soon as' means 'at the very moment that', matching 'immediately' in the original. 'While' indicates two simultaneous ongoing actions, but entering a room is a single instantaneous event that triggers a response, not a concurrent process. 'Before' reverses the temporal order, stating everyone fell silent prior to the manager's entry, which contradicts the original. Option C uses the past perfect 'had entered' with 'would fall silent', shifting the sentence to a habitual or conditional pattern rather than the specific past event described.",s-eng-11-1-1,medium,ai-generated,false,C,"After the manager had entered the room, everyone would fall silent.",false,3
q-eng11.1-37,ENG11.1,mc,"Choose the option that correctly combines the following two sentences: 'The manager entered the room. Everyone fell silent immediately.'","'As soon as' correctly expresses that the silence followed the entry instantly — 'as soon as' means 'at the very moment that', matching 'immediately' in the original. 'While' indicates two simultaneous ongoing actions, but entering a room is a single instantaneous event that triggers a response, not a concurrent process. 'Before' reverses the temporal order, stating everyone fell silent prior to the manager's entry, which contradicts the original. Option C uses the past perfect 'had entered' with 'would fall silent', shifting the sentence to a habitual or conditional pattern rather than the specific past event described.",s-eng-11-1-1,medium,ai-generated,false,D,"As soon as the manager entered the room, everyone fell silent.",true,4
q-eng11.1-38,ENG11.1,mc,"Choose the option that correctly combines the following two sentences: 'Priya prefers classical music. Her sister likes hip-hop.'","'Whereas' correctly introduces a contrastive parallel — it compares two people's different preferences side by side without implying causation or surprise. 'Though' introduces concession, suggesting one preference is surprising given the other, misrepresenting a simple difference of taste as a notable contradiction. 'Because' creates a false causal link, implying Priya's preference for classical music is the reason her sister likes hip-hop. 'Provided' is a conditional meaning 'on the condition that', which introduces an if-then structure entirely absent from the original two sentences.",s-eng-11-1-1,hard,ai-generated,false,A,"Though Priya prefers classical music, her sister likes hip-hop.",false,1
q-eng11.1-38,ENG11.1,mc,"Choose the option that correctly combines the following two sentences: 'Priya prefers classical music. Her sister likes hip-hop.'","'Whereas' correctly introduces a contrastive parallel — it compares two people's different preferences side by side without implying causation or surprise. 'Though' introduces concession, suggesting one preference is surprising given the other, misrepresenting a simple difference of taste as a notable contradiction. 'Because' creates a false causal link, implying Priya's preference for classical music is the reason her sister likes hip-hop. 'Provided' is a conditional meaning 'on the condition that', which introduces an if-then structure entirely absent from the original two sentences.",s-eng-11-1-1,hard,ai-generated,false,B,"Whereas Priya prefers classical music, her sister likes hip-hop.",true,2
q-eng11.1-38,ENG11.1,mc,"Choose the option that correctly combines the following two sentences: 'Priya prefers classical music. Her sister likes hip-hop.'","'Whereas' correctly introduces a contrastive parallel — it compares two people's different preferences side by side without implying causation or surprise. 'Though' introduces concession, suggesting one preference is surprising given the other, misrepresenting a simple difference of taste as a notable contradiction. 'Because' creates a false causal link, implying Priya's preference for classical music is the reason her sister likes hip-hop. 'Provided' is a conditional meaning 'on the condition that', which introduces an if-then structure entirely absent from the original two sentences.",s-eng-11-1-1,hard,ai-generated,false,C,"Because Priya prefers classical music, her sister likes hip-hop.",false,3
q-eng11.1-38,ENG11.1,mc,"Choose the option that correctly combines the following two sentences: 'Priya prefers classical music. Her sister likes hip-hop.'","'Whereas' correctly introduces a contrastive parallel — it compares two people's different preferences side by side without implying causation or surprise. 'Though' introduces concession, suggesting one preference is surprising given the other, misrepresenting a simple difference of taste as a notable contradiction. 'Because' creates a false causal link, implying Priya's preference for classical music is the reason her sister likes hip-hop. 'Provided' is a conditional meaning 'on the condition that', which introduces an if-then structure entirely absent from the original two sentences.",s-eng-11-1-1,hard,ai-generated,false,D,"Provided Priya prefers classical music, her sister likes hip-hop.",false,4
q-eng11.1-39,ENG11.1,mc,"Choose the option that correctly combines the following two sentences: 'She set her alarm for 5 a.m. She wanted to reach the station on time.'","'So that she could reach' correctly expresses purpose — 'so that' introduces a purpose clause and 'could' is the appropriate modal for an intended goal in the past. Option A uses 'because she would reach', converting purpose into a stated future certainty and changing intention into expected result. Option B uses 'so she reaches' in the simple present after a past-tense main clause, which is tense-inconsistent and grammatically incorrect. Option D omits 'to' after 'in order' — the correct phrase is 'in order to + base form', making this option ungrammatical.",s-eng-11-1-1,hard,ai-generated,false,A,She set her alarm for 5 a.m. because she would reach the station on time.,false,1
q-eng11.1-39,ENG11.1,mc,"Choose the option that correctly combines the following two sentences: 'She set her alarm for 5 a.m. She wanted to reach the station on time.'","'So that she could reach' correctly expresses purpose — 'so that' introduces a purpose clause and 'could' is the appropriate modal for an intended goal in the past. Option A uses 'because she would reach', converting purpose into a stated future certainty and changing intention into expected result. Option B uses 'so she reaches' in the simple present after a past-tense main clause, which is tense-inconsistent and grammatically incorrect. Option D omits 'to' after 'in order' — the correct phrase is 'in order to + base form', making this option ungrammatical.",s-eng-11-1-1,hard,ai-generated,false,B,She set her alarm for 5 a.m. so she reaches the station on time.,false,2
q-eng11.1-39,ENG11.1,mc,"Choose the option that correctly combines the following two sentences: 'She set her alarm for 5 a.m. She wanted to reach the station on time.'","'So that she could reach' correctly expresses purpose — 'so that' introduces a purpose clause and 'could' is the appropriate modal for an intended goal in the past. Option A uses 'because she would reach', converting purpose into a stated future certainty and changing intention into expected result. Option B uses 'so she reaches' in the simple present after a past-tense main clause, which is tense-inconsistent and grammatically incorrect. Option D omits 'to' after 'in order' — the correct phrase is 'in order to + base form', making this option ungrammatical.",s-eng-11-1-1,hard,ai-generated,false,C,She set her alarm for 5 a.m. so that she could reach the station on time.,true,3
q-eng11.1-39,ENG11.1,mc,"Choose the option that correctly combines the following two sentences: 'She set her alarm for 5 a.m. She wanted to reach the station on time.'","'So that she could reach' correctly expresses purpose — 'so that' introduces a purpose clause and 'could' is the appropriate modal for an intended goal in the past. Option A uses 'because she would reach', converting purpose into a stated future certainty and changing intention into expected result. Option B uses 'so she reaches' in the simple present after a past-tense main clause, which is tense-inconsistent and grammatically incorrect. Option D omits 'to' after 'in order' — the correct phrase is 'in order to + base form', making this option ungrammatical.",s-eng-11-1-1,hard,ai-generated,false,D,She set her alarm for 5 a.m. in order reach the station on time.,false,4
q-eng11.1-40,ENG11.1,mc,"Choose the option that correctly combines the following two sentences: 'He arrived at the station. The train had just departed.'","'No sooner had he arrived...than the train departed' correctly uses subject-auxiliary inversion after 'no sooner', the past perfect in the main clause, and 'than' as the required paired connector. Option B omits the mandatory inversion — when 'no sooner' begins the sentence the auxiliary must precede the subject ('had he arrived', not 'he arrived'). Option C uses 'Hardly he had arrived' without inversion — 'hardly' at sentence start also requires inversion ('Hardly had he arrived'). Option D uses 'when' instead of 'than' — the fixed correlative pair is 'no sooner...than'; 'no sooner...when' is always incorrect.",s-eng-11-1-1,hard,ai-generated,false,A,No sooner had he arrived at the station than the train departed.,true,1
q-eng11.1-40,ENG11.1,mc,"Choose the option that correctly combines the following two sentences: 'He arrived at the station. The train had just departed.'","'No sooner had he arrived...than the train departed' correctly uses subject-auxiliary inversion after 'no sooner', the past perfect in the main clause, and 'than' as the required paired connector. Option B omits the mandatory inversion — when 'no sooner' begins the sentence the auxiliary must precede the subject ('had he arrived', not 'he arrived'). Option C uses 'Hardly he had arrived' without inversion — 'hardly' at sentence start also requires inversion ('Hardly had he arrived'). Option D uses 'when' instead of 'than' — the fixed correlative pair is 'no sooner...than'; 'no sooner...when' is always incorrect.",s-eng-11-1-1,hard,ai-generated,false,B,No sooner he arrived at the station than the train had departed.,false,2
q-eng11.1-40,ENG11.1,mc,"Choose the option that correctly combines the following two sentences: 'He arrived at the station. The train had just departed.'","'No sooner had he arrived...than the train departed' correctly uses subject-auxiliary inversion after 'no sooner', the past perfect in the main clause, and 'than' as the required paired connector. Option B omits the mandatory inversion — when 'no sooner' begins the sentence the auxiliary must precede the subject ('had he arrived', not 'he arrived'). Option C uses 'Hardly he had arrived' without inversion — 'hardly' at sentence start also requires inversion ('Hardly had he arrived'). Option D uses 'when' instead of 'than' — the fixed correlative pair is 'no sooner...than'; 'no sooner...when' is always incorrect.",s-eng-11-1-1,hard,ai-generated,false,C,Hardly he had arrived at the station when the train departed.,false,3
q-eng11.1-40,ENG11.1,mc,"Choose the option that correctly combines the following two sentences: 'He arrived at the station. The train had just departed.'","'No sooner had he arrived...than the train departed' correctly uses subject-auxiliary inversion after 'no sooner', the past perfect in the main clause, and 'than' as the required paired connector. Option B omits the mandatory inversion — when 'no sooner' begins the sentence the auxiliary must precede the subject ('had he arrived', not 'he arrived'). Option C uses 'Hardly he had arrived' without inversion — 'hardly' at sentence start also requires inversion ('Hardly had he arrived'). Option D uses 'when' instead of 'than' — the fixed correlative pair is 'no sooner...than'; 'no sooner...when' is always incorrect.",s-eng-11-1-1,hard,ai-generated,false,D,No sooner had he arrived at the station when the train departed.,false,4
q-eng11.1-41,ENG11.1,mc,"Choose the connector that best fits the context: 'Dhruv is very punctual and always arrives early. _____, his colleague Rajan is consistently late.'","'Whereas' best fits because it draws a formal side-by-side contrast between two people's opposing habits, which is exactly the relationship the two sentences describe. 'Therefore' implies Rajan's lateness is a result of Dhruv's punctuality, which is a false causal link. 'Furthermore' would add Rajan's lateness as an additional characteristic of Dhruv, making the sentence incoherent. 'Consequently' also implies a cause-effect relationship — Rajan is late because Dhruv is punctual — which is logically incorrect.",s-eng-11-1-2,easy,ai-generated,false,A,Therefore,false,1
q-eng11.1-41,ENG11.1,mc,"Choose the connector that best fits the context: 'Dhruv is very punctual and always arrives early. _____, his colleague Rajan is consistently late.'","'Whereas' best fits because it draws a formal side-by-side contrast between two people's opposing habits, which is exactly the relationship the two sentences describe. 'Therefore' implies Rajan's lateness is a result of Dhruv's punctuality, which is a false causal link. 'Furthermore' would add Rajan's lateness as an additional characteristic of Dhruv, making the sentence incoherent. 'Consequently' also implies a cause-effect relationship — Rajan is late because Dhruv is punctual — which is logically incorrect.",s-eng-11-1-2,easy,ai-generated,false,B,Whereas,true,2
q-eng11.1-41,ENG11.1,mc,"Choose the connector that best fits the context: 'Dhruv is very punctual and always arrives early. _____, his colleague Rajan is consistently late.'","'Whereas' best fits because it draws a formal side-by-side contrast between two people's opposing habits, which is exactly the relationship the two sentences describe. 'Therefore' implies Rajan's lateness is a result of Dhruv's punctuality, which is a false causal link. 'Furthermore' would add Rajan's lateness as an additional characteristic of Dhruv, making the sentence incoherent. 'Consequently' also implies a cause-effect relationship — Rajan is late because Dhruv is punctual — which is logically incorrect.",s-eng-11-1-2,easy,ai-generated,false,C,Furthermore,false,3
q-eng11.1-41,ENG11.1,mc,"Choose the connector that best fits the context: 'Dhruv is very punctual and always arrives early. _____, his colleague Rajan is consistently late.'","'Whereas' best fits because it draws a formal side-by-side contrast between two people's opposing habits, which is exactly the relationship the two sentences describe. 'Therefore' implies Rajan's lateness is a result of Dhruv's punctuality, which is a false causal link. 'Furthermore' would add Rajan's lateness as an additional characteristic of Dhruv, making the sentence incoherent. 'Consequently' also implies a cause-effect relationship — Rajan is late because Dhruv is punctual — which is logically incorrect.",s-eng-11-1-2,easy,ai-generated,false,D,Consequently,false,4
q-eng11.1-42,ENG11.1,mc,"Choose the connector that best fits the context: 'The team had practiced hard every day for months. _____, their performance in the final tournament was outstanding.'","'Consequently' best fits because it signals that the outstanding performance was the direct result of months of dedicated practice, which is the natural logical relationship. 'However' implies the outstanding performance is surprising or contradictory given the hard practice, which inverts the logic — we would expect good performance after hard training. 'In contrast' requires two opposing situations being compared, but only one team and one outcome are described. 'Nevertheless' signals concession, suggesting the performance was good despite some negative factor — but hard practice is a positive factor, making concession inappropriate.",s-eng-11-1-2,easy,ai-generated,false,A,However,false,1
q-eng11.1-42,ENG11.1,mc,"Choose the connector that best fits the context: 'The team had practiced hard every day for months. _____, their performance in the final tournament was outstanding.'","'Consequently' best fits because it signals that the outstanding performance was the direct result of months of dedicated practice, which is the natural logical relationship. 'However' implies the outstanding performance is surprising or contradictory given the hard practice, which inverts the logic — we would expect good performance after hard training. 'In contrast' requires two opposing situations being compared, but only one team and one outcome are described. 'Nevertheless' signals concession, suggesting the performance was good despite some negative factor — but hard practice is a positive factor, making concession inappropriate.",s-eng-11-1-2,easy,ai-generated,false,B,In contrast,false,2
q-eng11.1-42,ENG11.1,mc,"Choose the connector that best fits the context: 'The team had practiced hard every day for months. _____, their performance in the final tournament was outstanding.'","'Consequently' best fits because it signals that the outstanding performance was the direct result of months of dedicated practice, which is the natural logical relationship. 'However' implies the outstanding performance is surprising or contradictory given the hard practice, which inverts the logic — we would expect good performance after hard training. 'In contrast' requires two opposing situations being compared, but only one team and one outcome are described. 'Nevertheless' signals concession, suggesting the performance was good despite some negative factor — but hard practice is a positive factor, making concession inappropriate.",s-eng-11-1-2,easy,ai-generated,false,C,Nevertheless,false,3
q-eng11.1-42,ENG11.1,mc,"Choose the connector that best fits the context: 'The team had practiced hard every day for months. _____, their performance in the final tournament was outstanding.'","'Consequently' best fits because it signals that the outstanding performance was the direct result of months of dedicated practice, which is the natural logical relationship. 'However' implies the outstanding performance is surprising or contradictory given the hard practice, which inverts the logic — we would expect good performance after hard training. 'In contrast' requires two opposing situations being compared, but only one team and one outcome are described. 'Nevertheless' signals concession, suggesting the performance was good despite some negative factor — but hard practice is a positive factor, making concession inappropriate.",s-eng-11-1-2,easy,ai-generated,false,D,Consequently,true,4
q-eng11.1-43,ENG11.1,mc,"Choose the connector that best fits the context: 'The new policy was designed to reduce waiting times at government offices. _____, complaints about long queues actually increased after its implementation.'","'However' best fits because it introduces a contrast between the intended outcome (shorter waits) and the actual outcome (more complaints), signalling that reality contradicted expectation. 'Therefore' would mean the increased complaints resulted from the policy's intention to reduce waits, which is a logically backwards causal chain. 'Furthermore' would add increased complaints as a parallel positive feature of the policy, which is contextually absurd. 'Similarly' requires a parallel comparison with a second situation, but only one policy and one outcome are described.",s-eng-11-1-2,medium,ai-generated,false,A,However,true,1
q-eng11.1-43,ENG11.1,mc,"Choose the connector that best fits the context: 'The new policy was designed to reduce waiting times at government offices. _____, complaints about long queues actually increased after its implementation.'","'However' best fits because it introduces a contrast between the intended outcome (shorter waits) and the actual outcome (more complaints), signalling that reality contradicted expectation. 'Therefore' would mean the increased complaints resulted from the policy's intention to reduce waits, which is a logically backwards causal chain. 'Furthermore' would add increased complaints as a parallel positive feature of the policy, which is contextually absurd. 'Similarly' requires a parallel comparison with a second situation, but only one policy and one outcome are described.",s-eng-11-1-2,medium,ai-generated,false,B,Therefore,false,2
q-eng11.1-43,ENG11.1,mc,"Choose the connector that best fits the context: 'The new policy was designed to reduce waiting times at government offices. _____, complaints about long queues actually increased after its implementation.'","'However' best fits because it introduces a contrast between the intended outcome (shorter waits) and the actual outcome (more complaints), signalling that reality contradicted expectation. 'Therefore' would mean the increased complaints resulted from the policy's intention to reduce waits, which is a logically backwards causal chain. 'Furthermore' would add increased complaints as a parallel positive feature of the policy, which is contextually absurd. 'Similarly' requires a parallel comparison with a second situation, but only one policy and one outcome are described.",s-eng-11-1-2,medium,ai-generated,false,C,Furthermore,false,3
q-eng11.1-43,ENG11.1,mc,"Choose the connector that best fits the context: 'The new policy was designed to reduce waiting times at government offices. _____, complaints about long queues actually increased after its implementation.'","'However' best fits because it introduces a contrast between the intended outcome (shorter waits) and the actual outcome (more complaints), signalling that reality contradicted expectation. 'Therefore' would mean the increased complaints resulted from the policy's intention to reduce waits, which is a logically backwards causal chain. 'Furthermore' would add increased complaints as a parallel positive feature of the policy, which is contextually absurd. 'Similarly' requires a parallel comparison with a second situation, but only one policy and one outcome are described.",s-eng-11-1-2,medium,ai-generated,false,D,Similarly,false,4
q-eng11.1-44,ENG11.1,mc,"Choose the connector that best fits the context: 'Regular exercise has been proven to improve cardiovascular health. _____, studies show it significantly reduces the risk of depression and anxiety.'","'Moreover' best fits because it introduces an additional independent benefit of exercise — the mental health benefits are a separate, equally important advantage alongside the physical ones, and 'moreover' carries the emphasis that both points deserve weight. 'However' would imply that reduced depression risk is surprising or contradictory given cardiovascular benefits, which makes no logical sense as both are positive outcomes. 'Consequently' would mean the reduced depression risk is a result of improved cardiovascular health, but the sentence presents them as separate, independently researched benefits. 'In contrast' requires two opposing facts, but both sentences support the same argument.",s-eng-11-1-2,medium,ai-generated,false,A,However,false,1
q-eng11.1-44,ENG11.1,mc,"Choose the connector that best fits the context: 'Regular exercise has been proven to improve cardiovascular health. _____, studies show it significantly reduces the risk of depression and anxiety.'","'Moreover' best fits because it introduces an additional independent benefit of exercise — the mental health benefits are a separate, equally important advantage alongside the physical ones, and 'moreover' carries the emphasis that both points deserve weight. 'However' would imply that reduced depression risk is surprising or contradictory given cardiovascular benefits, which makes no logical sense as both are positive outcomes. 'Consequently' would mean the reduced depression risk is a result of improved cardiovascular health, but the sentence presents them as separate, independently researched benefits. 'In contrast' requires two opposing facts, but both sentences support the same argument.",s-eng-11-1-2,medium,ai-generated,false,B,Consequently,false,2
q-eng11.1-44,ENG11.1,mc,"Choose the connector that best fits the context: 'Regular exercise has been proven to improve cardiovascular health. _____, studies show it significantly reduces the risk of depression and anxiety.'","'Moreover' best fits because it introduces an additional independent benefit of exercise — the mental health benefits are a separate, equally important advantage alongside the physical ones, and 'moreover' carries the emphasis that both points deserve weight. 'However' would imply that reduced depression risk is surprising or contradictory given cardiovascular benefits, which makes no logical sense as both are positive outcomes. 'Consequently' would mean the reduced depression risk is a result of improved cardiovascular health, but the sentence presents them as separate, independently researched benefits. 'In contrast' requires two opposing facts, but both sentences support the same argument.",s-eng-11-1-2,medium,ai-generated,false,C,Moreover,true,3
q-eng11.1-44,ENG11.1,mc,"Choose the connector that best fits the context: 'Regular exercise has been proven to improve cardiovascular health. _____, studies show it significantly reduces the risk of depression and anxiety.'","'Moreover' best fits because it introduces an additional independent benefit of exercise — the mental health benefits are a separate, equally important advantage alongside the physical ones, and 'moreover' carries the emphasis that both points deserve weight. 'However' would imply that reduced depression risk is surprising or contradictory given cardiovascular benefits, which makes no logical sense as both are positive outcomes. 'Consequently' would mean the reduced depression risk is a result of improved cardiovascular health, but the sentence presents them as separate, independently researched benefits. 'In contrast' requires two opposing facts, but both sentences support the same argument.",s-eng-11-1-2,medium,ai-generated,false,D,In contrast,false,4
q-eng11.1-45,ENG11.1,mc,"Choose the connector that best fits the context: 'The company had faced significant financial losses for two consecutive years. _____, investors remained optimistic about its long-term growth potential.'","'Nevertheless' best fits because it introduces a concession — the investors' continued optimism is presented as a positive attitude maintained despite the discouraging financial news, which is the intended contrast. 'Therefore' implies optimism is a logical result of the losses, which is the opposite of rational investor behaviour. 'Similarly' would require a second parallel situation being compared, but only one group of investors and one company are described. 'Furthermore' would add investor optimism as another financial loss or negative development, which is contextually wrong.",s-eng-11-1-2,medium,ai-generated,false,A,Therefore,false,1
q-eng11.1-45,ENG11.1,mc,"Choose the connector that best fits the context: 'The company had faced significant financial losses for two consecutive years. _____, investors remained optimistic about its long-term growth potential.'","'Nevertheless' best fits because it introduces a concession — the investors' continued optimism is presented as a positive attitude maintained despite the discouraging financial news, which is the intended contrast. 'Therefore' implies optimism is a logical result of the losses, which is the opposite of rational investor behaviour. 'Similarly' would require a second parallel situation being compared, but only one group of investors and one company are described. 'Furthermore' would add investor optimism as another financial loss or negative development, which is contextually wrong.",s-eng-11-1-2,medium,ai-generated,false,B,Nevertheless,true,2
q-eng11.1-45,ENG11.1,mc,"Choose the connector that best fits the context: 'The company had faced significant financial losses for two consecutive years. _____, investors remained optimistic about its long-term growth potential.'","'Nevertheless' best fits because it introduces a concession — the investors' continued optimism is presented as a positive attitude maintained despite the discouraging financial news, which is the intended contrast. 'Therefore' implies optimism is a logical result of the losses, which is the opposite of rational investor behaviour. 'Similarly' would require a second parallel situation being compared, but only one group of investors and one company are described. 'Furthermore' would add investor optimism as another financial loss or negative development, which is contextually wrong.",s-eng-11-1-2,medium,ai-generated,false,C,Similarly,false,3
q-eng11.1-45,ENG11.1,mc,"Choose the connector that best fits the context: 'The company had faced significant financial losses for two consecutive years. _____, investors remained optimistic about its long-term growth potential.'","'Nevertheless' best fits because it introduces a concession — the investors' continued optimism is presented as a positive attitude maintained despite the discouraging financial news, which is the intended contrast. 'Therefore' implies optimism is a logical result of the losses, which is the opposite of rational investor behaviour. 'Similarly' would require a second parallel situation being compared, but only one group of investors and one company are described. 'Furthermore' would add investor optimism as another financial loss or negative development, which is contextually wrong.",s-eng-11-1-2,medium,ai-generated,false,D,Furthermore,false,4
q-eng11.1-46,ENG11.1,mc,"Choose the connector that best fits the context: 'The city's transport infrastructure is severely outdated. _____, several major roads have not been repaired since the 1980s.'","'For instance' best fits because the second sentence offers a specific, concrete illustration of what 'severely outdated' looks like — unrepaired roads are an example of the broader problem. 'However' would imply that having unrepaired roads is surprising or contradictory given outdated infrastructure, which is the opposite of what we expect. 'Nevertheless' would signal concession, suggesting the roads are unrepaired despite some positive factor — but the first sentence is entirely negative, making concession inappropriate. 'In contrast' requires two opposing situations, but both sentences describe the same city's problems.",s-eng-11-1-2,medium,ai-generated,false,A,However,false,1
q-eng11.1-46,ENG11.1,mc,"Choose the connector that best fits the context: 'The city's transport infrastructure is severely outdated. _____, several major roads have not been repaired since the 1980s.'","'For instance' best fits because the second sentence offers a specific, concrete illustration of what 'severely outdated' looks like — unrepaired roads are an example of the broader problem. 'However' would imply that having unrepaired roads is surprising or contradictory given outdated infrastructure, which is the opposite of what we expect. 'Nevertheless' would signal concession, suggesting the roads are unrepaired despite some positive factor — but the first sentence is entirely negative, making concession inappropriate. 'In contrast' requires two opposing situations, but both sentences describe the same city's problems.",s-eng-11-1-2,medium,ai-generated,false,B,Nevertheless,false,2
q-eng11.1-46,ENG11.1,mc,"Choose the connector that best fits the context: 'The city's transport infrastructure is severely outdated. _____, several major roads have not been repaired since the 1980s.'","'For instance' best fits because the second sentence offers a specific, concrete illustration of what 'severely outdated' looks like — unrepaired roads are an example of the broader problem. 'However' would imply that having unrepaired roads is surprising or contradictory given outdated infrastructure, which is the opposite of what we expect. 'Nevertheless' would signal concession, suggesting the roads are unrepaired despite some positive factor — but the first sentence is entirely negative, making concession inappropriate. 'In contrast' requires two opposing situations, but both sentences describe the same city's problems.",s-eng-11-1-2,medium,ai-generated,false,C,In contrast,false,3
q-eng11.1-46,ENG11.1,mc,"Choose the connector that best fits the context: 'The city's transport infrastructure is severely outdated. _____, several major roads have not been repaired since the 1980s.'","'For instance' best fits because the second sentence offers a specific, concrete illustration of what 'severely outdated' looks like — unrepaired roads are an example of the broader problem. 'However' would imply that having unrepaired roads is surprising or contradictory given outdated infrastructure, which is the opposite of what we expect. 'Nevertheless' would signal concession, suggesting the roads are unrepaired despite some positive factor — but the first sentence is entirely negative, making concession inappropriate. 'In contrast' requires two opposing situations, but both sentences describe the same city's problems.",s-eng-11-1-2,medium,ai-generated,false,D,For instance,true,4
q-eng11.1-47,ENG11.1,mc,"Choose the connector that best fits the context: 'All available evidence pointed to the same conclusion; _____, the committee voted unanimously to approve the proposal.'","'Therefore' best fits because it signals that the unanimous vote is a logical conclusion drawn from the converging evidence — when all evidence agrees, a unanimous decision follows rationally. 'Although' would introduce a concession, implying the committee voted unanimously despite all evidence pointing one way, which contradicts the relationship. 'For example' would present the unanimous vote as an illustration of a general pattern rather than the outcome of a specific deliberation. 'Meanwhile' indicates two simultaneous events, but the vote followed the review of evidence; it did not happen at the same time.",s-eng-11-1-2,medium,ai-generated,false,A,Therefore,true,1
q-eng11.1-47,ENG11.1,mc,"Choose the connector that best fits the context: 'All available evidence pointed to the same conclusion; _____, the committee voted unanimously to approve the proposal.'","'Therefore' best fits because it signals that the unanimous vote is a logical conclusion drawn from the converging evidence — when all evidence agrees, a unanimous decision follows rationally. 'Although' would introduce a concession, implying the committee voted unanimously despite all evidence pointing one way, which contradicts the relationship. 'For example' would present the unanimous vote as an illustration of a general pattern rather than the outcome of a specific deliberation. 'Meanwhile' indicates two simultaneous events, but the vote followed the review of evidence; it did not happen at the same time.",s-eng-11-1-2,medium,ai-generated,false,B,Although,false,2
q-eng11.1-47,ENG11.1,mc,"Choose the connector that best fits the context: 'All available evidence pointed to the same conclusion; _____, the committee voted unanimously to approve the proposal.'","'Therefore' best fits because it signals that the unanimous vote is a logical conclusion drawn from the converging evidence — when all evidence agrees, a unanimous decision follows rationally. 'Although' would introduce a concession, implying the committee voted unanimously despite all evidence pointing one way, which contradicts the relationship. 'For example' would present the unanimous vote as an illustration of a general pattern rather than the outcome of a specific deliberation. 'Meanwhile' indicates two simultaneous events, but the vote followed the review of evidence; it did not happen at the same time.",s-eng-11-1-2,medium,ai-generated,false,C,For example,false,3
q-eng11.1-47,ENG11.1,mc,"Choose the connector that best fits the context: 'All available evidence pointed to the same conclusion; _____, the committee voted unanimously to approve the proposal.'","'Therefore' best fits because it signals that the unanimous vote is a logical conclusion drawn from the converging evidence — when all evidence agrees, a unanimous decision follows rationally. 'Although' would introduce a concession, implying the committee voted unanimously despite all evidence pointing one way, which contradicts the relationship. 'For example' would present the unanimous vote as an illustration of a general pattern rather than the outcome of a specific deliberation. 'Meanwhile' indicates two simultaneous events, but the vote followed the review of evidence; it did not happen at the same time.",s-eng-11-1-2,medium,ai-generated,false,D,Meanwhile,false,4
q-eng11.1-48,ENG11.1,mc,"Choose the connector that best fits the context: 'The northern region experienced record drought this summer, _____ the southern region was flooded.'","'While' best fits because it signals that two opposite events occurred simultaneously — drought in the north and flooding in the south happened at the same time, and 'while' captures both the temporal overlap and the contrast. 'Although' introduces a concession, implying the southern flooding is surprising given the northern drought, but the two events are independent phenomena not in a concession relationship. 'Because' creates a causal link, suggesting the northern drought caused the southern flooding, which is meteorologically incorrect and contextually unsupported. 'Therefore' implies the southern flooding was a logical result of the northern drought, again creating a false causal relationship.",s-eng-11-1-2,hard,ai-generated,false,A,Although,false,1
q-eng11.1-48,ENG11.1,mc,"Choose the connector that best fits the context: 'The northern region experienced record drought this summer, _____ the southern region was flooded.'","'While' best fits because it signals that two opposite events occurred simultaneously — drought in the north and flooding in the south happened at the same time, and 'while' captures both the temporal overlap and the contrast. 'Although' introduces a concession, implying the southern flooding is surprising given the northern drought, but the two events are independent phenomena not in a concession relationship. 'Because' creates a causal link, suggesting the northern drought caused the southern flooding, which is meteorologically incorrect and contextually unsupported. 'Therefore' implies the southern flooding was a logical result of the northern drought, again creating a false causal relationship.",s-eng-11-1-2,hard,ai-generated,false,B,Because,false,2
q-eng11.1-48,ENG11.1,mc,"Choose the connector that best fits the context: 'The northern region experienced record drought this summer, _____ the southern region was flooded.'","'While' best fits because it signals that two opposite events occurred simultaneously — drought in the north and flooding in the south happened at the same time, and 'while' captures both the temporal overlap and the contrast. 'Although' introduces a concession, implying the southern flooding is surprising given the northern drought, but the two events are independent phenomena not in a concession relationship. 'Because' creates a causal link, suggesting the northern drought caused the southern flooding, which is meteorologically incorrect and contextually unsupported. 'Therefore' implies the southern flooding was a logical result of the northern drought, again creating a false causal relationship.",s-eng-11-1-2,hard,ai-generated,false,C,While,true,3
q-eng11.1-48,ENG11.1,mc,"Choose the connector that best fits the context: 'The northern region experienced record drought this summer, _____ the southern region was flooded.'","'While' best fits because it signals that two opposite events occurred simultaneously — drought in the north and flooding in the south happened at the same time, and 'while' captures both the temporal overlap and the contrast. 'Although' introduces a concession, implying the southern flooding is surprising given the northern drought, but the two events are independent phenomena not in a concession relationship. 'Because' creates a causal link, suggesting the northern drought caused the southern flooding, which is meteorologically incorrect and contextually unsupported. 'Therefore' implies the southern flooding was a logical result of the northern drought, again creating a false causal relationship.",s-eng-11-1-2,hard,ai-generated,false,D,Therefore,false,4
q-eng11.1-49,ENG11.1,mc,"Choose the connector that best fits the context: 'The evidence against the suspect was overwhelming. _____, the jury took three days to reach a verdict.'","'Nevertheless' best fits because it introduces the unexpected nature of the jury's long deliberation — given the strength of the evidence, a quick verdict would be expected, so the three-day delay is a notable contrast signalled by concession. 'Consequently' would mean the lengthy deliberation was the direct result of overwhelming evidence, which is the opposite — strong evidence usually shortens deliberations. 'Furthermore' would add the three-day deliberation as another piece of overwhelming evidence, which is illogical since the duration of deliberation is separate from the evidence itself. 'Similarly' would compare the deliberation to a parallel situation, but no second case is mentioned.",s-eng-11-1-2,hard,ai-generated,false,A,Consequently,false,1
q-eng11.1-49,ENG11.1,mc,"Choose the connector that best fits the context: 'The evidence against the suspect was overwhelming. _____, the jury took three days to reach a verdict.'","'Nevertheless' best fits because it introduces the unexpected nature of the jury's long deliberation — given the strength of the evidence, a quick verdict would be expected, so the three-day delay is a notable contrast signalled by concession. 'Consequently' would mean the lengthy deliberation was the direct result of overwhelming evidence, which is the opposite — strong evidence usually shortens deliberations. 'Furthermore' would add the three-day deliberation as another piece of overwhelming evidence, which is illogical since the duration of deliberation is separate from the evidence itself. 'Similarly' would compare the deliberation to a parallel situation, but no second case is mentioned.",s-eng-11-1-2,hard,ai-generated,false,B,Nevertheless,true,2
q-eng11.1-49,ENG11.1,mc,"Choose the connector that best fits the context: 'The evidence against the suspect was overwhelming. _____, the jury took three days to reach a verdict.'","'Nevertheless' best fits because it introduces the unexpected nature of the jury's long deliberation — given the strength of the evidence, a quick verdict would be expected, so the three-day delay is a notable contrast signalled by concession. 'Consequently' would mean the lengthy deliberation was the direct result of overwhelming evidence, which is the opposite — strong evidence usually shortens deliberations. 'Furthermore' would add the three-day deliberation as another piece of overwhelming evidence, which is illogical since the duration of deliberation is separate from the evidence itself. 'Similarly' would compare the deliberation to a parallel situation, but no second case is mentioned.",s-eng-11-1-2,hard,ai-generated,false,C,Furthermore,false,3
q-eng11.1-49,ENG11.1,mc,"Choose the connector that best fits the context: 'The evidence against the suspect was overwhelming. _____, the jury took three days to reach a verdict.'","'Nevertheless' best fits because it introduces the unexpected nature of the jury's long deliberation — given the strength of the evidence, a quick verdict would be expected, so the three-day delay is a notable contrast signalled by concession. 'Consequently' would mean the lengthy deliberation was the direct result of overwhelming evidence, which is the opposite — strong evidence usually shortens deliberations. 'Furthermore' would add the three-day deliberation as another piece of overwhelming evidence, which is illogical since the duration of deliberation is separate from the evidence itself. 'Similarly' would compare the deliberation to a parallel situation, but no second case is mentioned.",s-eng-11-1-2,hard,ai-generated,false,D,Similarly,false,4
q-eng11.1-50,ENG11.1,mc,"Choose the connector that best fits the context: 'The medication showed promising results in early trials. _____, larger clinical studies failed to confirm its effectiveness.'","'However' best fits because it introduces the contradiction between the early optimism and the subsequent failure to replicate results in larger studies — a classic pattern of expectation versus reality in medical research. 'Furthermore' would add the failure of larger studies as another positive quality alongside the promising early results, which is contextually absurd and factually contradictory. 'Consequently' would mean the failure of larger studies resulted from the promising early trials, creating a false causal chain — early success does not cause later failure. 'Similarly' would compare the larger study failure to a parallel case, but no second medication or study is referenced.",s-eng-11-1-2,hard,ai-generated,false,A,Furthermore,false,1
q-eng11.1-50,ENG11.1,mc,"Choose the connector that best fits the context: 'The medication showed promising results in early trials. _____, larger clinical studies failed to confirm its effectiveness.'","'However' best fits because it introduces the contradiction between the early optimism and the subsequent failure to replicate results in larger studies — a classic pattern of expectation versus reality in medical research. 'Furthermore' would add the failure of larger studies as another positive quality alongside the promising early results, which is contextually absurd and factually contradictory. 'Consequently' would mean the failure of larger studies resulted from the promising early trials, creating a false causal chain — early success does not cause later failure. 'Similarly' would compare the larger study failure to a parallel case, but no second medication or study is referenced.",s-eng-11-1-2,hard,ai-generated,false,B,Consequently,false,2
q-eng11.1-50,ENG11.1,mc,"Choose the connector that best fits the context: 'The medication showed promising results in early trials. _____, larger clinical studies failed to confirm its effectiveness.'","'However' best fits because it introduces the contradiction between the early optimism and the subsequent failure to replicate results in larger studies — a classic pattern of expectation versus reality in medical research. 'Furthermore' would add the failure of larger studies as another positive quality alongside the promising early results, which is contextually absurd and factually contradictory. 'Consequently' would mean the failure of larger studies resulted from the promising early trials, creating a false causal chain — early success does not cause later failure. 'Similarly' would compare the larger study failure to a parallel case, but no second medication or study is referenced.",s-eng-11-1-2,hard,ai-generated,false,C,Similarly,false,3
q-eng11.1-50,ENG11.1,mc,"Choose the connector that best fits the context: 'The medication showed promising results in early trials. _____, larger clinical studies failed to confirm its effectiveness.'","'However' best fits because it introduces the contradiction between the early optimism and the subsequent failure to replicate results in larger studies — a classic pattern of expectation versus reality in medical research. 'Furthermore' would add the failure of larger studies as another positive quality alongside the promising early results, which is contextually absurd and factually contradictory. 'Consequently' would mean the failure of larger studies resulted from the promising early trials, creating a false causal chain — early success does not cause later failure. 'Similarly' would compare the larger study failure to a parallel case, but no second medication or study is referenced.",s-eng-11-1-2,hard,ai-generated,false,D,However,true,4
