question_ref,lo_code,question_type,question_text,explanation,subtopic_codes,difficulty,source,verified,option_key,option_text,answer_value,sort_order
q-eng10.1-01,ENG10.1,mc,"Which subject-predicate pair is grammatically correct?","'The news is disturbing' is correct because 'news' is an uncountable noun treated as singular — it always takes a singular verb. 'The news are disturbing' incorrectly uses a plural verb with a singular noun. 'The news have been disturbing' uses 'have', a plural auxiliary, which is wrong for the singular noun 'news'. 'The news were disturbing' again uses a plural verb 'were' where 'was' would be required.",k-eng-10-1-1,easy,ai-generated,false,A,The news is disturbing.,true,1
q-eng10.1-01,ENG10.1,mc,"Which subject-predicate pair is grammatically correct?","'The news is disturbing' is correct because 'news' is an uncountable noun treated as singular — it always takes a singular verb. 'The news are disturbing' incorrectly uses a plural verb with a singular noun. 'The news have been disturbing' uses 'have', a plural auxiliary, which is wrong for the singular noun 'news'. 'The news were disturbing' again uses a plural verb 'were' where 'was' would be required.",k-eng-10-1-1,easy,ai-generated,false,B,The news are disturbing.,false,2
q-eng10.1-01,ENG10.1,mc,"Which subject-predicate pair is grammatically correct?","'The news is disturbing' is correct because 'news' is an uncountable noun treated as singular — it always takes a singular verb. 'The news are disturbing' incorrectly uses a plural verb with a singular noun. 'The news have been disturbing' uses 'have', a plural auxiliary, which is wrong for the singular noun 'news'. 'The news were disturbing' again uses a plural verb 'were' where 'was' would be required.",k-eng-10-1-1,easy,ai-generated,false,C,The news have been disturbing.,false,3
q-eng10.1-01,ENG10.1,mc,"Which subject-predicate pair is grammatically correct?","'The news is disturbing' is correct because 'news' is an uncountable noun treated as singular — it always takes a singular verb. 'The news are disturbing' incorrectly uses a plural verb with a singular noun. 'The news have been disturbing' uses 'have', a plural auxiliary, which is wrong for the singular noun 'news'. 'The news were disturbing' again uses a plural verb 'were' where 'was' would be required.",k-eng-10-1-1,easy,ai-generated,false,D,The news were disturbing.,false,4
q-eng10.1-02,ENG10.1,mc,"Which subject-predicate pair is grammatically correct?","'Mathematics is a difficult subject' is correct because academic disciplines ending in -ics (mathematics, physics, economics) are treated as singular nouns and take singular verbs. 'Mathematics are a difficult subject' wrongly treats the word as plural. 'Mathematics were a difficult subject' shifts to past tense with a plural verb, both errors together. 'Mathematics have always been a difficult subject' uses a plural auxiliary 'have', which is wrong for a singular noun.",k-eng-10-1-1,easy,ai-generated,false,A,Mathematics are a difficult subject.,false,1
q-eng10.1-02,ENG10.1,mc,"Which subject-predicate pair is grammatically correct?","'Mathematics is a difficult subject' is correct because academic disciplines ending in -ics (mathematics, physics, economics) are treated as singular nouns and take singular verbs. 'Mathematics are a difficult subject' wrongly treats the word as plural. 'Mathematics were a difficult subject' shifts to past tense with a plural verb, both errors together. 'Mathematics have always been a difficult subject' uses a plural auxiliary 'have', which is wrong for a singular noun.",k-eng-10-1-1,easy,ai-generated,false,B,Mathematics is a difficult subject.,true,2
q-eng10.1-02,ENG10.1,mc,"Which subject-predicate pair is grammatically correct?","'Mathematics is a difficult subject' is correct because academic disciplines ending in -ics (mathematics, physics, economics) are treated as singular nouns and take singular verbs. 'Mathematics are a difficult subject' wrongly treats the word as plural. 'Mathematics were a difficult subject' shifts to past tense with a plural verb, both errors together. 'Mathematics have always been a difficult subject' uses a plural auxiliary 'have', which is wrong for a singular noun.",k-eng-10-1-1,easy,ai-generated,false,C,Mathematics were a difficult subject.,false,3
q-eng10.1-02,ENG10.1,mc,"Which subject-predicate pair is grammatically correct?","'Mathematics is a difficult subject' is correct because academic disciplines ending in -ics (mathematics, physics, economics) are treated as singular nouns and take singular verbs. 'Mathematics are a difficult subject' wrongly treats the word as plural. 'Mathematics were a difficult subject' shifts to past tense with a plural verb, both errors together. 'Mathematics have always been a difficult subject' uses a plural auxiliary 'have', which is wrong for a singular noun.",k-eng-10-1-1,easy,ai-generated,false,D,Mathematics have always been a difficult subject.,false,4
q-eng10.1-03,ENG10.1,mc,"Which subject-predicate pair is grammatically correct?","'Neither of the boys was present' is correct because 'neither of + plural noun' takes a singular verb — 'neither' is treated as singular. 'Neither of the boys have submitted their work' uses the plural 'have', which is wrong when 'neither' is the subject. 'Neither of the boys were present' uses the plural 'were' where the singular 'was' is required. 'Neither of the boys are at fault' uses the plural 'are' where the singular 'is' is needed.",k-eng-10-1-1,medium,ai-generated,false,A,Neither of the boys have submitted their work.,false,1
q-eng10.1-03,ENG10.1,mc,"Which subject-predicate pair is grammatically correct?","'Neither of the boys was present' is correct because 'neither of + plural noun' takes a singular verb — 'neither' is treated as singular. 'Neither of the boys have submitted their work' uses the plural 'have', which is wrong when 'neither' is the subject. 'Neither of the boys were present' uses the plural 'were' where the singular 'was' is required. 'Neither of the boys are at fault' uses the plural 'are' where the singular 'is' is needed.",k-eng-10-1-1,medium,ai-generated,false,B,Neither of the boys were present.,false,2
q-eng10.1-03,ENG10.1,mc,"Which subject-predicate pair is grammatically correct?","'Neither of the boys was present' is correct because 'neither of + plural noun' takes a singular verb — 'neither' is treated as singular. 'Neither of the boys have submitted their work' uses the plural 'have', which is wrong when 'neither' is the subject. 'Neither of the boys were present' uses the plural 'were' where the singular 'was' is required. 'Neither of the boys are at fault' uses the plural 'are' where the singular 'is' is needed.",k-eng-10-1-1,medium,ai-generated,false,C,Neither of the boys was present.,true,3
q-eng10.1-03,ENG10.1,mc,"Which subject-predicate pair is grammatically correct?","'Neither of the boys was present' is correct because 'neither of + plural noun' takes a singular verb — 'neither' is treated as singular. 'Neither of the boys have submitted their work' uses the plural 'have', which is wrong when 'neither' is the subject. 'Neither of the boys were present' uses the plural 'were' where the singular 'was' is required. 'Neither of the boys are at fault' uses the plural 'are' where the singular 'is' is needed.",k-eng-10-1-1,medium,ai-generated,false,D,Neither of the boys are at fault.,false,4
q-eng10.1-04,ENG10.1,mc,"Which subject-predicate pair is grammatically correct?","'The number of applications is increasing' is correct because 'the number of' is a singular phrase — the head noun is 'number', which is singular. 'A number of students was absent' wrongly treats 'a number of' as singular; this phrase means 'several' and takes a plural verb. 'The number of applications are increasing' wrongly uses 'are' when the singular 'the number' is the subject. 'A number of students has arrived' repeats the same error — 'a number of' always takes a plural verb.",k-eng-10-1-1,medium,ai-generated,false,A,A number of students was absent today.,false,1
q-eng10.1-04,ENG10.1,mc,"Which subject-predicate pair is grammatically correct?","'The number of applications is increasing' is correct because 'the number of' is a singular phrase — the head noun is 'number', which is singular. 'A number of students was absent' wrongly treats 'a number of' as singular; this phrase means 'several' and takes a plural verb. 'The number of applications are increasing' wrongly uses 'are' when the singular 'the number' is the subject. 'A number of students has arrived' repeats the same error — 'a number of' always takes a plural verb.",k-eng-10-1-1,medium,ai-generated,false,B,The number of applications are increasing.,false,2
q-eng10.1-04,ENG10.1,mc,"Which subject-predicate pair is grammatically correct?","'The number of applications is increasing' is correct because 'the number of' is a singular phrase — the head noun is 'number', which is singular. 'A number of students was absent' wrongly treats 'a number of' as singular; this phrase means 'several' and takes a plural verb. 'The number of applications are increasing' wrongly uses 'are' when the singular 'the number' is the subject. 'A number of students has arrived' repeats the same error — 'a number of' always takes a plural verb.",k-eng-10-1-1,medium,ai-generated,false,C,A number of students has arrived.,false,3
q-eng10.1-04,ENG10.1,mc,"Which subject-predicate pair is grammatically correct?","'The number of applications is increasing' is correct because 'the number of' is a singular phrase — the head noun is 'number', which is singular. 'A number of students was absent' wrongly treats 'a number of' as singular; this phrase means 'several' and takes a plural verb. 'The number of applications are increasing' wrongly uses 'are' when the singular 'the number' is the subject. 'A number of students has arrived' repeats the same error — 'a number of' always takes a plural verb.",k-eng-10-1-1,medium,ai-generated,false,D,The number of applications is increasing.,true,4
q-eng10.1-05,ENG10.1,mc,"Which subject-predicate pair is grammatically correct?","'Each of the players has his own locker' is correct because 'each of + plural noun' always takes a singular verb — 'each' distributes attention individually. 'Each of the players have their own locker' wrongly uses plural 'have' with the singular subject 'each'. 'Every student and every teacher have attended' is wrong — 'every...and every...' is a repeated singular subject and takes a singular verb 'has'. 'Each boys in the team are talented' has a double error: 'each' requires a singular noun ('boy') and a singular verb ('is').",k-eng-10-1-1,medium,ai-generated,false,A,Each of the players have their own locker.,false,1
q-eng10.1-05,ENG10.1,mc,"Which subject-predicate pair is grammatically correct?","'Each of the players has his own locker' is correct because 'each of + plural noun' always takes a singular verb — 'each' distributes attention individually. 'Each of the players have their own locker' wrongly uses plural 'have' with the singular subject 'each'. 'Every student and every teacher have attended' is wrong — 'every...and every...' is a repeated singular subject and takes a singular verb 'has'. 'Each boys in the team are talented' has a double error: 'each' requires a singular noun ('boy') and a singular verb ('is').",k-eng-10-1-1,medium,ai-generated,false,B,Each of the players has his own locker.,true,2
q-eng10.1-05,ENG10.1,mc,"Which subject-predicate pair is grammatically correct?","'Each of the players has his own locker' is correct because 'each of + plural noun' always takes a singular verb — 'each' distributes attention individually. 'Each of the players have their own locker' wrongly uses plural 'have' with the singular subject 'each'. 'Every student and every teacher have attended' is wrong — 'every...and every...' is a repeated singular subject and takes a singular verb 'has'. 'Each boys in the team are talented' has a double error: 'each' requires a singular noun ('boy') and a singular verb ('is').",k-eng-10-1-1,medium,ai-generated,false,C,Every student and every teacher have attended.,false,3
q-eng10.1-05,ENG10.1,mc,"Which subject-predicate pair is grammatically correct?","'Each of the players has his own locker' is correct because 'each of + plural noun' always takes a singular verb — 'each' distributes attention individually. 'Each of the players have their own locker' wrongly uses plural 'have' with the singular subject 'each'. 'Every student and every teacher have attended' is wrong — 'every...and every...' is a repeated singular subject and takes a singular verb 'has'. 'Each boys in the team are talented' has a double error: 'each' requires a singular noun ('boy') and a singular verb ('is').",k-eng-10-1-1,medium,ai-generated,false,D,Each boys in the team are talented.,false,4
q-eng10.1-06,ENG10.1,mc,"Which subject-predicate pair is grammatically correct?","'The director, along with his colleagues, has arrived' is correct because 'along with' introduces an interrupter phrase — the true subject is 'the director' (singular), so the verb is singular 'has'. 'The captain, as well as the team members, are responsible' uses 'are' but the subject is 'the captain' (singular), requiring 'is'. 'The coach, together with his assistants, are travelling' makes the same error — 'together with' is an interrupter, and 'the coach' is singular. 'The supervisor, including the workers, have signed' wrongly uses 'have' when 'the supervisor' is the singular subject.",k-eng-10-1-1,medium,ai-generated,false,A,The captain as well as the team members are responsible.,false,1
q-eng10.1-06,ENG10.1,mc,"Which subject-predicate pair is grammatically correct?","'The director, along with his colleagues, has arrived' is correct because 'along with' introduces an interrupter phrase — the true subject is 'the director' (singular), so the verb is singular 'has'. 'The captain, as well as the team members, are responsible' uses 'are' but the subject is 'the captain' (singular), requiring 'is'. 'The coach, together with his assistants, are travelling' makes the same error — 'together with' is an interrupter, and 'the coach' is singular. 'The supervisor, including the workers, have signed' wrongly uses 'have' when 'the supervisor' is the singular subject.",k-eng-10-1-1,medium,ai-generated,false,B,The coach together with his assistants are travelling.,false,2
q-eng10.1-06,ENG10.1,mc,"Which subject-predicate pair is grammatically correct?","'The director, along with his colleagues, has arrived' is correct because 'along with' introduces an interrupter phrase — the true subject is 'the director' (singular), so the verb is singular 'has'. 'The captain, as well as the team members, are responsible' uses 'are' but the subject is 'the captain' (singular), requiring 'is'. 'The coach, together with his assistants, are travelling' makes the same error — 'together with' is an interrupter, and 'the coach' is singular. 'The supervisor, including the workers, have signed' wrongly uses 'have' when 'the supervisor' is the singular subject.",k-eng-10-1-1,medium,ai-generated,false,C,The director along with his colleagues has arrived.,true,3
q-eng10.1-06,ENG10.1,mc,"Which subject-predicate pair is grammatically correct?","'The director, along with his colleagues, has arrived' is correct because 'along with' introduces an interrupter phrase — the true subject is 'the director' (singular), so the verb is singular 'has'. 'The captain, as well as the team members, are responsible' uses 'are' but the subject is 'the captain' (singular), requiring 'is'. 'The coach, together with his assistants, are travelling' makes the same error — 'together with' is an interrupter, and 'the coach' is singular. 'The supervisor, including the workers, have signed' wrongly uses 'have' when 'the supervisor' is the singular subject.",k-eng-10-1-1,medium,ai-generated,false,D,The supervisor including the workers have signed.,false,4
q-eng10.1-07,ENG10.1,mc,"Which subject-predicate pair is grammatically correct?","'The cattle are grazing in the field' is correct because 'cattle' is always plural — it has no singular form and always takes a plural verb. 'The cattle is grazing in the field' wrongly treats 'cattle' as singular. 'The police has arrived at the scene' is wrong — 'police' is always plural in standard usage and requires 'have'. 'The cattle was well-fed' wrongly uses the singular 'was' for the inherently plural noun 'cattle'.",k-eng-10-1-1,hard,ai-generated,false,A,The cattle are grazing in the field.,true,1
q-eng10.1-07,ENG10.1,mc,"Which subject-predicate pair is grammatically correct?","'The cattle are grazing in the field' is correct because 'cattle' is always plural — it has no singular form and always takes a plural verb. 'The cattle is grazing in the field' wrongly treats 'cattle' as singular. 'The police has arrived at the scene' is wrong — 'police' is always plural in standard usage and requires 'have'. 'The cattle was well-fed' wrongly uses the singular 'was' for the inherently plural noun 'cattle'.",k-eng-10-1-1,hard,ai-generated,false,B,The cattle is grazing in the field.,false,2
q-eng10.1-07,ENG10.1,mc,"Which subject-predicate pair is grammatically correct?","'The cattle are grazing in the field' is correct because 'cattle' is always plural — it has no singular form and always takes a plural verb. 'The cattle is grazing in the field' wrongly treats 'cattle' as singular. 'The police has arrived at the scene' is wrong — 'police' is always plural in standard usage and requires 'have'. 'The cattle was well-fed' wrongly uses the singular 'was' for the inherently plural noun 'cattle'.",k-eng-10-1-1,hard,ai-generated,false,C,The police has arrived at the scene.,false,3
q-eng10.1-07,ENG10.1,mc,"Which subject-predicate pair is grammatically correct?","'The cattle are grazing in the field' is correct because 'cattle' is always plural — it has no singular form and always takes a plural verb. 'The cattle is grazing in the field' wrongly treats 'cattle' as singular. 'The police has arrived at the scene' is wrong — 'police' is always plural in standard usage and requires 'have'. 'The cattle was well-fed' wrongly uses the singular 'was' for the inherently plural noun 'cattle'.",k-eng-10-1-1,hard,ai-generated,false,D,The cattle was well-fed.,false,4
q-eng10.1-08,ENG10.1,mc,"Which subject-predicate pair is grammatically correct?","'One of the students has won the prize' is correct because in 'one of + plural noun', the subject is 'one' (singular), so the verb must be singular 'has'. 'One of the students have won the prize' wrongly uses plural 'have' — the head noun 'one', not 'students', is the subject. 'One of the books are missing' makes the same error with 'are'. 'One of those candidates are eligible' again uses plural 'are' where singular 'is' is needed.",k-eng-10-1-1,hard,ai-generated,false,A,One of the students have won the prize.,false,1
q-eng10.1-08,ENG10.1,mc,"Which subject-predicate pair is grammatically correct?","'One of the students has won the prize' is correct because in 'one of + plural noun', the subject is 'one' (singular), so the verb must be singular 'has'. 'One of the students have won the prize' wrongly uses plural 'have' — the head noun 'one', not 'students', is the subject. 'One of the books are missing' makes the same error with 'are'. 'One of those candidates are eligible' again uses plural 'are' where singular 'is' is needed.",k-eng-10-1-1,hard,ai-generated,false,B,One of the books are missing.,false,2
q-eng10.1-08,ENG10.1,mc,"Which subject-predicate pair is grammatically correct?","'One of the students has won the prize' is correct because in 'one of + plural noun', the subject is 'one' (singular), so the verb must be singular 'has'. 'One of the students have won the prize' wrongly uses plural 'have' — the head noun 'one', not 'students', is the subject. 'One of the books are missing' makes the same error with 'are'. 'One of those candidates are eligible' again uses plural 'are' where singular 'is' is needed.",k-eng-10-1-1,hard,ai-generated,false,C,One of those candidates are eligible.,false,3
q-eng10.1-08,ENG10.1,mc,"Which subject-predicate pair is grammatically correct?","'One of the students has won the prize' is correct because in 'one of + plural noun', the subject is 'one' (singular), so the verb must be singular 'has'. 'One of the students have won the prize' wrongly uses plural 'have' — the head noun 'one', not 'students', is the subject. 'One of the books are missing' makes the same error with 'are'. 'One of those candidates are eligible' again uses plural 'are' where singular 'is' is needed.",k-eng-10-1-1,hard,ai-generated,false,D,One of the students has won the prize.,true,4
q-eng10.1-09,ENG10.1,mc,"Which subject-predicate pair is grammatically correct?","'Ten kilometres is a long distance to walk' is correct because a measurement or quantity expressing a single unit or amount is treated as singular. 'Ten kilometres are a long distance' wrongly uses a plural verb for what is treated as a single measured quantity. 'Five years are a long time' makes the same error — a span of time treated as a unit takes a singular verb. 'Two hours are enough for this task' again wrongly uses 'are' for what functions as a single block of time.",k-eng-10-1-1,medium,ai-generated,false,A,Ten kilometres are a long distance to walk.,false,1
q-eng10.1-09,ENG10.1,mc,"Which subject-predicate pair is grammatically correct?","'Ten kilometres is a long distance to walk' is correct because a measurement or quantity expressing a single unit or amount is treated as singular. 'Ten kilometres are a long distance' wrongly uses a plural verb for what is treated as a single measured quantity. 'Five years are a long time' makes the same error — a span of time treated as a unit takes a singular verb. 'Two hours are enough for this task' again wrongly uses 'are' for what functions as a single block of time.",k-eng-10-1-1,medium,ai-generated,false,B,Ten kilometres is a long distance to walk.,true,2
q-eng10.1-09,ENG10.1,mc,"Which subject-predicate pair is grammatically correct?","'Ten kilometres is a long distance to walk' is correct because a measurement or quantity expressing a single unit or amount is treated as singular. 'Ten kilometres are a long distance' wrongly uses a plural verb for what is treated as a single measured quantity. 'Five years are a long time' makes the same error — a span of time treated as a unit takes a singular verb. 'Two hours are enough for this task' again wrongly uses 'are' for what functions as a single block of time.",k-eng-10-1-1,medium,ai-generated,false,C,Five years are a long time.,false,3
q-eng10.1-09,ENG10.1,mc,"Which subject-predicate pair is grammatically correct?","'Ten kilometres is a long distance to walk' is correct because a measurement or quantity expressing a single unit or amount is treated as singular. 'Ten kilometres are a long distance' wrongly uses a plural verb for what is treated as a single measured quantity. 'Five years are a long time' makes the same error — a span of time treated as a unit takes a singular verb. 'Two hours are enough for this task' again wrongly uses 'are' for what functions as a single block of time.",k-eng-10-1-1,medium,ai-generated,false,D,Two hours are enough for this task.,false,4
q-eng10.1-10,ENG10.1,mc,"Which subject-predicate pair is grammatically correct?","'More than one candidate has applied' is correct because 'more than one + singular noun' always takes a singular verb — the construction focuses on 'one' rather than the multiplicity. 'More than one employee were late' wrongly uses the plural 'were' with this construction. 'More than one of the books are missing' also wrongly uses the plural 'are'. 'More than one directors has resigned' compounds the error by using a plural noun ('directors') after 'more than one', which requires the singular 'director'.",k-eng-10-1-1,hard,ai-generated,false,A,More than one employee were late.,false,1
q-eng10.1-10,ENG10.1,mc,"Which subject-predicate pair is grammatically correct?","'More than one candidate has applied' is correct because 'more than one + singular noun' always takes a singular verb — the construction focuses on 'one' rather than the multiplicity. 'More than one employee were late' wrongly uses the plural 'were' with this construction. 'More than one of the books are missing' also wrongly uses the plural 'are'. 'More than one directors has resigned' compounds the error by using a plural noun ('directors') after 'more than one', which requires the singular 'director'.",k-eng-10-1-1,hard,ai-generated,false,B,More than one of the books are missing.,false,2
q-eng10.1-10,ENG10.1,mc,"Which subject-predicate pair is grammatically correct?","'More than one candidate has applied' is correct because 'more than one + singular noun' always takes a singular verb — the construction focuses on 'one' rather than the multiplicity. 'More than one employee were late' wrongly uses the plural 'were' with this construction. 'More than one of the books are missing' also wrongly uses the plural 'are'. 'More than one directors has resigned' compounds the error by using a plural noun ('directors') after 'more than one', which requires the singular 'director'.",k-eng-10-1-1,hard,ai-generated,false,C,More than one candidate has applied.,true,3
q-eng10.1-10,ENG10.1,mc,"Which subject-predicate pair is grammatically correct?","'More than one candidate has applied' is correct because 'more than one + singular noun' always takes a singular verb — the construction focuses on 'one' rather than the multiplicity. 'More than one employee were late' wrongly uses the plural 'were' with this construction. 'More than one of the books are missing' also wrongly uses the plural 'are'. 'More than one directors has resigned' compounds the error by using a plural noun ('directors') after 'more than one', which requires the singular 'director'.",k-eng-10-1-1,hard,ai-generated,false,D,More than one directors has resigned.,false,4
q-eng10.1-11,ENG10.1,mc,"Match Column A with Column B. Which option correctly pairs ALL THREE? Column A: (i) Hit the nail  (ii) Beat around  (iii) Under the — Column B: (p) the weather  (q) the bush  (r) on the head","Option A (i–r, ii–q, iii–p) is correct: 'hit the nail on the head' means to be exactly right; 'beat around the bush' means to avoid the main point; 'under the weather' means feeling unwell. Option B scrambles the endings so (i) gets 'the weather' — not a real idiom. Option C assigns 'the bush' to (i) — 'hit the nail the bush' is not an idiom. Option D correctly pairs (i) but swaps (ii) and (iii), creating 'beat around the weather' which is not an idiom.",k-eng-10-1-2,easy,ai-generated,false,A,"i–r, ii–q, iii–p",true,1
q-eng10.1-11,ENG10.1,mc,"Match Column A with Column B. Which option correctly pairs ALL THREE? Column A: (i) Hit the nail  (ii) Beat around  (iii) Under the — Column B: (p) the weather  (q) the bush  (r) on the head","Option A (i–r, ii–q, iii–p) is correct: 'hit the nail on the head' means to be exactly right; 'beat around the bush' means to avoid the main point; 'under the weather' means feeling unwell. Option B scrambles the endings so (i) gets 'the weather' — not a real idiom. Option C assigns 'the bush' to (i) — 'hit the nail the bush' is not an idiom. Option D correctly pairs (i) but swaps (ii) and (iii), creating 'beat around the weather' which is not an idiom.",k-eng-10-1-2,easy,ai-generated,false,B,"i–p, ii–r, iii–q",false,2
q-eng10.1-11,ENG10.1,mc,"Match Column A with Column B. Which option correctly pairs ALL THREE? Column A: (i) Hit the nail  (ii) Beat around  (iii) Under the — Column B: (p) the weather  (q) the bush  (r) on the head","Option A (i–r, ii–q, iii–p) is correct: 'hit the nail on the head' means to be exactly right; 'beat around the bush' means to avoid the main point; 'under the weather' means feeling unwell. Option B scrambles the endings so (i) gets 'the weather' — not a real idiom. Option C assigns 'the bush' to (i) — 'hit the nail the bush' is not an idiom. Option D correctly pairs (i) but swaps (ii) and (iii), creating 'beat around the weather' which is not an idiom.",k-eng-10-1-2,easy,ai-generated,false,C,"i–q, ii–p, iii–r",false,3
q-eng10.1-11,ENG10.1,mc,"Match Column A with Column B. Which option correctly pairs ALL THREE? Column A: (i) Hit the nail  (ii) Beat around  (iii) Under the — Column B: (p) the weather  (q) the bush  (r) on the head","Option A (i–r, ii–q, iii–p) is correct: 'hit the nail on the head' means to be exactly right; 'beat around the bush' means to avoid the main point; 'under the weather' means feeling unwell. Option B scrambles the endings so (i) gets 'the weather' — not a real idiom. Option C assigns 'the bush' to (i) — 'hit the nail the bush' is not an idiom. Option D correctly pairs (i) but swaps (ii) and (iii), creating 'beat around the weather' which is not an idiom.",k-eng-10-1-2,easy,ai-generated,false,D,"i–r, ii–p, iii–q",false,4
q-eng10.1-12,ENG10.1,mc,"Match Column A with Column B. Which option correctly pairs ALL THREE? Column A: (i) Bite off more than  (ii) Spill  (iii) Let the cat — Column B: (p) out of the bag  (q) the beans  (r) you can chew","Option B (i–r, ii–q, iii–p) is correct: 'bite off more than you can chew' means to take on too much; 'spill the beans' means to reveal a secret; 'let the cat out of the bag' also means to reveal a secret. Option A assigns 'out of the bag' to (i) — 'bite off more than out of the bag' is meaningless. Option C assigns 'you can chew' to (ii) — 'spill you can chew' is not an idiom. Option D swaps the last two, giving 'spill out of the bag' — not a standard idiom.",k-eng-10-1-2,easy,ai-generated,false,A,"i–p, ii–r, iii–q",false,1
q-eng10.1-12,ENG10.1,mc,"Match Column A with Column B. Which option correctly pairs ALL THREE? Column A: (i) Bite off more than  (ii) Spill  (iii) Let the cat — Column B: (p) out of the bag  (q) the beans  (r) you can chew","Option B (i–r, ii–q, iii–p) is correct: 'bite off more than you can chew' means to take on too much; 'spill the beans' means to reveal a secret; 'let the cat out of the bag' also means to reveal a secret. Option A assigns 'out of the bag' to (i) — 'bite off more than out of the bag' is meaningless. Option C assigns 'you can chew' to (ii) — 'spill you can chew' is not an idiom. Option D swaps the last two, giving 'spill out of the bag' — not a standard idiom.",k-eng-10-1-2,easy,ai-generated,false,B,"i–r, ii–q, iii–p",true,2
q-eng10.1-12,ENG10.1,mc,"Match Column A with Column B. Which option correctly pairs ALL THREE? Column A: (i) Bite off more than  (ii) Spill  (iii) Let the cat — Column B: (p) out of the bag  (q) the beans  (r) you can chew","Option B (i–r, ii–q, iii–p) is correct: 'bite off more than you can chew' means to take on too much; 'spill the beans' means to reveal a secret; 'let the cat out of the bag' also means to reveal a secret. Option A assigns 'out of the bag' to (i) — 'bite off more than out of the bag' is meaningless. Option C assigns 'you can chew' to (ii) — 'spill you can chew' is not an idiom. Option D swaps the last two, giving 'spill out of the bag' — not a standard idiom.",k-eng-10-1-2,easy,ai-generated,false,C,"i–r, ii–r, iii–q",false,3
q-eng10.1-12,ENG10.1,mc,"Match Column A with Column B. Which option correctly pairs ALL THREE? Column A: (i) Bite off more than  (ii) Spill  (iii) Let the cat — Column B: (p) out of the bag  (q) the beans  (r) you can chew","Option B (i–r, ii–q, iii–p) is correct: 'bite off more than you can chew' means to take on too much; 'spill the beans' means to reveal a secret; 'let the cat out of the bag' also means to reveal a secret. Option A assigns 'out of the bag' to (i) — 'bite off more than out of the bag' is meaningless. Option C assigns 'you can chew' to (ii) — 'spill you can chew' is not an idiom. Option D swaps the last two, giving 'spill out of the bag' — not a standard idiom.",k-eng-10-1-2,easy,ai-generated,false,D,"i–r, ii–p, iii–q",false,4
q-eng10.1-13,ENG10.1,mc,"Match Column A with Column B. Which option correctly pairs ALL THREE? Column A: (i) Burn the midnight  (ii) Pull someone's  (iii) Kill two birds — Column B: (p) with one stone  (q) oil  (r) leg","Option C (i–q, ii–r, iii–p) is correct: 'burn the midnight oil' means to work late into the night; 'pull someone's leg' means to tease or joke; 'kill two birds with one stone' means to accomplish two things at once. Option A places 'with one stone' with (i) — 'burn the midnight with one stone' is not an idiom. Option B places 'leg' with (i) — 'burn the midnight leg' is not an idiom. Option D swaps the last two, giving 'pull someone's with one stone' — not an idiom.",k-eng-10-1-2,medium,ai-generated,false,A,"i–p, ii–q, iii–r",false,1
q-eng10.1-13,ENG10.1,mc,"Match Column A with Column B. Which option correctly pairs ALL THREE? Column A: (i) Burn the midnight  (ii) Pull someone's  (iii) Kill two birds — Column B: (p) with one stone  (q) oil  (r) leg","Option C (i–q, ii–r, iii–p) is correct: 'burn the midnight oil' means to work late into the night; 'pull someone's leg' means to tease or joke; 'kill two birds with one stone' means to accomplish two things at once. Option A places 'with one stone' with (i) — 'burn the midnight with one stone' is not an idiom. Option B places 'leg' with (i) — 'burn the midnight leg' is not an idiom. Option D swaps the last two, giving 'pull someone's with one stone' — not an idiom.",k-eng-10-1-2,medium,ai-generated,false,B,"i–r, ii–p, iii–q",false,2
q-eng10.1-13,ENG10.1,mc,"Match Column A with Column B. Which option correctly pairs ALL THREE? Column A: (i) Burn the midnight  (ii) Pull someone's  (iii) Kill two birds — Column B: (p) with one stone  (q) oil  (r) leg","Option C (i–q, ii–r, iii–p) is correct: 'burn the midnight oil' means to work late into the night; 'pull someone's leg' means to tease or joke; 'kill two birds with one stone' means to accomplish two things at once. Option A places 'with one stone' with (i) — 'burn the midnight with one stone' is not an idiom. Option B places 'leg' with (i) — 'burn the midnight leg' is not an idiom. Option D swaps the last two, giving 'pull someone's with one stone' — not an idiom.",k-eng-10-1-2,medium,ai-generated,false,C,"i–q, ii–r, iii–p",true,3
q-eng10.1-13,ENG10.1,mc,"Match Column A with Column B. Which option correctly pairs ALL THREE? Column A: (i) Burn the midnight  (ii) Pull someone's  (iii) Kill two birds — Column B: (p) with one stone  (q) oil  (r) leg","Option C (i–q, ii–r, iii–p) is correct: 'burn the midnight oil' means to work late into the night; 'pull someone's leg' means to tease or joke; 'kill two birds with one stone' means to accomplish two things at once. Option A places 'with one stone' with (i) — 'burn the midnight with one stone' is not an idiom. Option B places 'leg' with (i) — 'burn the midnight leg' is not an idiom. Option D swaps the last two, giving 'pull someone's with one stone' — not an idiom.",k-eng-10-1-2,medium,ai-generated,false,D,"i–q, ii–p, iii–r",false,4
q-eng10.1-14,ENG10.1,mc,"Match Column A with Column B. Which option correctly pairs ALL THREE? Column A: (i) Once in a blue  (ii) The ball is in  (iii) Cost an arm — Column B: (p) your court  (q) and a leg  (r) moon","Option D (i–r, ii–p, iii–q) is correct: 'once in a blue moon' means very rarely; 'the ball is in your court' means it is your turn to take action; 'cost an arm and a leg' means to be very expensive. Option A gives 'your court' to (i) — 'once in a blue your court' is not an idiom. Option B gives 'and a leg' to (i) — 'once in a blue and a leg' is meaningless. Option C gives 'moon' to (i) correctly but swaps (ii) and (iii), giving 'the ball is in and a leg' — not an idiom.",k-eng-10-1-2,medium,ai-generated,false,A,"i–p, ii–q, iii–r",false,1
q-eng10.1-14,ENG10.1,mc,"Match Column A with Column B. Which option correctly pairs ALL THREE? Column A: (i) Once in a blue  (ii) The ball is in  (iii) Cost an arm — Column B: (p) your court  (q) and a leg  (r) moon","Option D (i–r, ii–p, iii–q) is correct: 'once in a blue moon' means very rarely; 'the ball is in your court' means it is your turn to take action; 'cost an arm and a leg' means to be very expensive. Option A gives 'your court' to (i) — 'once in a blue your court' is not an idiom. Option B gives 'and a leg' to (i) — 'once in a blue and a leg' is meaningless. Option C gives 'moon' to (i) correctly but swaps (ii) and (iii), giving 'the ball is in and a leg' — not an idiom.",k-eng-10-1-2,medium,ai-generated,false,B,"i–q, ii–r, iii–p",false,2
q-eng10.1-14,ENG10.1,mc,"Match Column A with Column B. Which option correctly pairs ALL THREE? Column A: (i) Once in a blue  (ii) The ball is in  (iii) Cost an arm — Column B: (p) your court  (q) and a leg  (r) moon","Option D (i–r, ii–p, iii–q) is correct: 'once in a blue moon' means very rarely; 'the ball is in your court' means it is your turn to take action; 'cost an arm and a leg' means to be very expensive. Option A gives 'your court' to (i) — 'once in a blue your court' is not an idiom. Option B gives 'and a leg' to (i) — 'once in a blue and a leg' is meaningless. Option C gives 'moon' to (i) correctly but swaps (ii) and (iii), giving 'the ball is in and a leg' — not an idiom.",k-eng-10-1-2,medium,ai-generated,false,C,"i–r, ii–q, iii–p",false,3
q-eng10.1-14,ENG10.1,mc,"Match Column A with Column B. Which option correctly pairs ALL THREE? Column A: (i) Once in a blue  (ii) The ball is in  (iii) Cost an arm — Column B: (p) your court  (q) and a leg  (r) moon","Option D (i–r, ii–p, iii–q) is correct: 'once in a blue moon' means very rarely; 'the ball is in your court' means it is your turn to take action; 'cost an arm and a leg' means to be very expensive. Option A gives 'your court' to (i) — 'once in a blue your court' is not an idiom. Option B gives 'and a leg' to (i) — 'once in a blue and a leg' is meaningless. Option C gives 'moon' to (i) correctly but swaps (ii) and (iii), giving 'the ball is in and a leg' — not an idiom.",k-eng-10-1-2,medium,ai-generated,false,D,"i–r, ii–p, iii–q",true,4
q-eng10.1-15,ENG10.1,mc,"Match Column A with Column B. Which option correctly pairs ALL THREE? Column A: (i) Add fuel to  (ii) Turn a blind  (iii) Read between — Column B: (p) eye to  (q) the lines  (r) the fire","Option A (i–r, ii–p, iii–q) is correct: 'add fuel to the fire' means to worsen a situation; 'turn a blind eye to' means to deliberately ignore; 'read between the lines' means to find the hidden meaning. Option B gives 'eye to' to (i) — 'add fuel to eye to' is not an idiom. Option C gives 'the fire' to (ii) — 'turn a blind the fire' is not an idiom. Option D swaps (ii) and (iii), giving 'turn a blind the lines' — not a standard idiom.",k-eng-10-1-2,medium,ai-generated,false,A,"i–r, ii–p, iii–q",true,1
q-eng10.1-15,ENG10.1,mc,"Match Column A with Column A with Column B. Which option correctly pairs ALL THREE? Column A: (i) Add fuel to  (ii) Turn a blind  (iii) Read between — Column B: (p) eye to  (q) the lines  (r) the fire","Option A (i–r, ii–p, iii–q) is correct: 'add fuel to the fire' means to worsen a situation; 'turn a blind eye to' means to deliberately ignore; 'read between the lines' means to find the hidden meaning. Option B gives 'eye to' to (i) — 'add fuel to eye to' is not an idiom. Option C gives 'the fire' to (ii) — 'turn a blind the fire' is not an idiom. Option D swaps (ii) and (iii), giving 'turn a blind the lines' — not a standard idiom.",k-eng-10-1-2,medium,ai-generated,false,B,"i–p, ii–r, iii–q",false,2
q-eng10.1-15,ENG10.1,mc,"Match Column A with Column B. Which option correctly pairs ALL THREE? Column A: (i) Add fuel to  (ii) Turn a blind  (iii) Read between — Column B: (p) eye to  (q) the lines  (r) the fire","Option A (i–r, ii–p, iii–q) is correct: 'add fuel to the fire' means to worsen a situation; 'turn a blind eye to' means to deliberately ignore; 'read between the lines' means to find the hidden meaning. Option B gives 'eye to' to (i) — 'add fuel to eye to' is not an idiom. Option C gives 'the fire' to (ii) — 'turn a blind the fire' is not an idiom. Option D swaps (ii) and (iii), giving 'turn a blind the lines' — not a standard idiom.",k-eng-10-1-2,medium,ai-generated,false,C,"i–q, ii–r, iii–p",false,3
q-eng10.1-15,ENG10.1,mc,"Match Column A with Column B. Which option correctly pairs ALL THREE? Column A: (i) Add fuel to  (ii) Turn a blind  (iii) Read between — Column B: (p) eye to  (q) the lines  (r) the fire","Option A (i–r, ii–p, iii–q) is correct: 'add fuel to the fire' means to worsen a situation; 'turn a blind eye to' means to deliberately ignore; 'read between the lines' means to find the hidden meaning. Option B gives 'eye to' to (i) — 'add fuel to eye to' is not an idiom. Option C gives 'the fire' to (ii) — 'turn a blind the fire' is not an idiom. Option D swaps (ii) and (iii), giving 'turn a blind the lines' — not a standard idiom.",k-eng-10-1-2,medium,ai-generated,false,D,"i–r, ii–q, iii–p",false,4
q-eng10.1-16,ENG10.1,mc,"Match Column A with Column B. Which option correctly pairs ALL THREE? Column A: (i) On the tip of  (ii) Cry over spilled  (iii) Take with a grain — Column B: (p) milk  (q) my tongue  (r) of salt","Option B (i–q, ii–p, iii–r) is correct: 'on the tip of my tongue' means almost remembered; 'cry over spilled milk' means to be upset about something that cannot be changed; 'take with a grain of salt' means to be sceptical about something. Option A places 'milk' with (i) — 'on the tip of milk' is not an idiom. Option C places 'of salt' with (i) — 'on the tip of of salt' is not an idiom. Option D swaps (i) and (ii), giving 'cry over spilled my tongue' — not an idiom.",k-eng-10-1-2,medium,ai-generated,false,A,"i–p, ii–r, iii–q",false,1
q-eng10.1-16,ENG10.1,mc,"Match Column A with Column B. Which option correctly pairs ALL THREE? Column A: (i) On the tip of  (ii) Cry over spilled  (iii) Take with a grain — Column B: (p) milk  (q) my tongue  (r) of salt","Option B (i–q, ii–p, iii–r) is correct: 'on the tip of my tongue' means almost remembered; 'cry over spilled milk' means to be upset about something that cannot be changed; 'take with a grain of salt' means to be sceptical about something. Option A places 'milk' with (i) — 'on the tip of milk' is not an idiom. Option C places 'of salt' with (i) — 'on the tip of of salt' is not an idiom. Option D swaps (i) and (ii), giving 'cry over spilled my tongue' — not an idiom.",k-eng-10-1-2,medium,ai-generated,false,B,"i–q, ii–p, iii–r",true,2
q-eng10.1-16,ENG10.1,mc,"Match Column A with Column B. Which option correctly pairs ALL THREE? Column A: (i) On the tip of  (ii) Cry over spilled  (iii) Take with a grain — Column B: (p) milk  (q) my tongue  (r) of salt","Option B (i–q, ii–p, iii–r) is correct: 'on the tip of my tongue' means almost remembered; 'cry over spilled milk' means to be upset about something that cannot be changed; 'take with a grain of salt' means to be sceptical about something. Option A places 'milk' with (i) — 'on the tip of milk' is not an idiom. Option C places 'of salt' with (i) — 'on the tip of of salt' is not an idiom. Option D swaps (i) and (ii), giving 'cry over spilled my tongue' — not an idiom.",k-eng-10-1-2,medium,ai-generated,false,C,"i–r, ii–q, iii–p",false,3
q-eng10.1-16,ENG10.1,mc,"Match Column A with Column B. Which option correctly pairs ALL THREE? Column A: (i) On the tip of  (ii) Cry over spilled  (iii) Take with a grain — Column B: (p) milk  (q) my tongue  (r) of salt","Option B (i–q, ii–p, iii–r) is correct: 'on the tip of my tongue' means almost remembered; 'cry over spilled milk' means to be upset about something that cannot be changed; 'take with a grain of salt' means to be sceptical about something. Option A places 'milk' with (i) — 'on the tip of milk' is not an idiom. Option C places 'of salt' with (i) — 'on the tip of of salt' is not an idiom. Option D swaps (i) and (ii), giving 'cry over spilled my tongue' — not an idiom.",k-eng-10-1-2,medium,ai-generated,false,D,"i–p, ii–q, iii–r",false,4
q-eng10.1-17,ENG10.1,mc,"Match Column A with Column B. Which option correctly pairs ALL THREE? Column A: (i) Bite the  (ii) Break the  (iii) Steal the — Column B: (p) thunder  (q) ice  (r) bullet","Option C (i–r, ii–q, iii–p) is correct: 'bite the bullet' means to endure a painful situation bravely; 'break the ice' means to initiate conversation or ease tension; 'steal the thunder' means to take attention away from someone else. Option A places 'thunder' with (i) — 'bite the thunder' is not an idiom. Option B places 'ice' with (i) — 'bite the ice' is not a standard idiom. Option D swaps (ii) and (iii), giving 'break the thunder' — not the correct idiom ('break the ice' is).",k-eng-10-1-2,hard,ai-generated,false,A,"i–p, ii–q, iii–r",false,1
q-eng10.1-17,ENG10.1,mc,"Match Column A with Column B. Which option correctly pairs ALL THREE? Column A: (i) Bite the  (ii) Break the  (iii) Steal the — Column B: (p) thunder  (q) ice  (r) bullet","Option C (i–r, ii–q, iii–p) is correct: 'bite the bullet' means to endure a painful situation bravely; 'break the ice' means to initiate conversation or ease tension; 'steal the thunder' means to take attention away from someone else. Option A places 'thunder' with (i) — 'bite the thunder' is not an idiom. Option B places 'ice' with (i) — 'bite the ice' is not a standard idiom. Option D swaps (ii) and (iii), giving 'break the thunder' — not the correct idiom ('break the ice' is).",k-eng-10-1-2,hard,ai-generated,false,B,"i–q, ii–p, iii–r",false,2
q-eng10.1-17,ENG10.1,mc,"Match Column A with Column B. Which option correctly pairs ALL THREE? Column A: (i) Bite the  (ii) Break the  (iii) Steal the — Column B: (p) thunder  (q) ice  (r) bullet","Option C (i–r, ii–q, iii–p) is correct: 'bite the bullet' means to endure a painful situation bravely; 'break the ice' means to initiate conversation or ease tension; 'steal the thunder' means to take attention away from someone else. Option A places 'thunder' with (i) — 'bite the thunder' is not an idiom. Option B places 'ice' with (i) — 'bite the ice' is not a standard idiom. Option D swaps (ii) and (iii), giving 'break the thunder' — not the correct idiom ('break the ice' is).",k-eng-10-1-2,hard,ai-generated,false,C,"i–r, ii–q, iii–p",true,3
q-eng10.1-17,ENG10.1,mc,"Match Column A with Column B. Which option correctly pairs ALL THREE? Column A: (i) Bite the  (ii) Break the  (iii) Steal the — Column B: (p) thunder  (q) ice  (r) bullet","Option C (i–r, ii–q, iii–p) is correct: 'bite the bullet' means to endure a painful situation bravely; 'break the ice' means to initiate conversation or ease tension; 'steal the thunder' means to take attention away from someone else. Option A places 'thunder' with (i) — 'bite the thunder' is not an idiom. Option B places 'ice' with (i) — 'bite the ice' is not a standard idiom. Option D swaps (ii) and (iii), giving 'break the thunder' — not the correct idiom ('break the ice' is).",k-eng-10-1-2,hard,ai-generated,false,D,"i–r, ii–p, iii–q",false,4
q-eng10.1-18,ENG10.1,mc,"Match Column A with Column B. Which option correctly pairs ALL THREE? Column A: (i) Miss the  (ii) Burn one's  (iii) Hit the — Column B: (p) sack  (q) boat  (r) bridges","Option D (i–q, ii–r, iii–p) is correct: 'miss the boat' means to miss an opportunity; 'burn one's bridges' means to permanently damage a relationship; 'hit the sack' means to go to bed. Option A places 'sack' with (i) — 'miss the sack' is not a standard idiom. Option B places 'bridges' with (i) — 'miss the bridges' is not an idiom. Option C correctly pairs (i) with 'boat' but swaps (ii) and (iii), giving 'burn one's sack' — not an idiom.",k-eng-10-1-2,hard,ai-generated,false,A,"i–p, ii–q, iii–r",false,1
q-eng10.1-18,ENG10.1,mc,"Match Column A with Column B. Which option correctly pairs ALL THREE? Column A: (i) Miss the  (ii) Burn one's  (iii) Hit the — Column B: (p) sack  (q) boat  (r) bridges","Option D (i–q, ii–r, iii–p) is correct: 'miss the boat' means to miss an opportunity; 'burn one's bridges' means to permanently damage a relationship; 'hit the sack' means to go to bed. Option A places 'sack' with (i) — 'miss the sack' is not a standard idiom. Option B places 'bridges' with (i) — 'miss the bridges' is not an idiom. Option C correctly pairs (i) with 'boat' but swaps (ii) and (iii), giving 'burn one's sack' — not an idiom.",k-eng-10-1-2,hard,ai-generated,false,B,"i–r, ii–p, iii–q",false,2
q-eng10.1-18,ENG10.1,mc,"Match Column A with Column B. Which option correctly pairs ALL THREE? Column A: (i) Miss the  (ii) Burn one's  (iii) Hit the — Column B: (p) sack  (q) boat  (r) bridges","Option D (i–q, ii–r, iii–p) is correct: 'miss the boat' means to miss an opportunity; 'burn one's bridges' means to permanently damage a relationship; 'hit the sack' means to go to bed. Option A places 'sack' with (i) — 'miss the sack' is not a standard idiom. Option B places 'bridges' with (i) — 'miss the bridges' is not an idiom. Option C correctly pairs (i) with 'boat' but swaps (ii) and (iii), giving 'burn one's sack' — not an idiom.",k-eng-10-1-2,hard,ai-generated,false,C,"i–q, ii–p, iii–r",false,3
q-eng10.1-18,ENG10.1,mc,"Match Column A with Column B. Which option correctly pairs ALL THREE? Column A: (i) Miss the  (ii) Burn one's  (iii) Hit the — Column B: (p) sack  (q) boat  (r) bridges","Option D (i–q, ii–r, iii–p) is correct: 'miss the boat' means to miss an opportunity; 'burn one's bridges' means to permanently damage a relationship; 'hit the sack' means to go to bed. Option A places 'sack' with (i) — 'miss the sack' is not a standard idiom. Option B places 'bridges' with (i) — 'miss the bridges' is not an idiom. Option C correctly pairs (i) with 'boat' but swaps (ii) and (iii), giving 'burn one's sack' — not an idiom.",k-eng-10-1-2,hard,ai-generated,false,D,"i–q, ii–r, iii–p",true,4
q-eng10.1-19,ENG10.1,mc,"Match Column A with Column B. Which option correctly pairs ALL THREE? Column A: (i) Get the ball  (ii) Throw in  (iii) Jump on the — Column B: (p) bandwagon  (q) rolling  (r) the towel","Option A (i–q, ii–r, iii–p) is correct: 'get the ball rolling' means to start something; 'throw in the towel' means to give up; 'jump on the bandwagon' means to join a trend. Option B places 'the towel' with (i) — 'get the ball the towel' is not an idiom. Option C places 'bandwagon' with (i) — 'get the ball bandwagon' is not an idiom. Option D swaps (i) and (ii), giving 'get the ball the towel' — not an idiom.",k-eng-10-1-2,medium,ai-generated,false,A,"i–q, ii–r, iii–p",true,1
q-eng10.1-19,ENG10.1,mc,"Match Column A with Column B. Which option correctly pairs ALL THREE? Column A: (i) Get the ball  (ii) Throw in  (iii) Jump on the — Column B: (p) bandwagon  (q) rolling  (r) the towel","Option A (i–q, ii–r, iii–p) is correct: 'get the ball rolling' means to start something; 'throw in the towel' means to give up; 'jump on the bandwagon' means to join a trend. Option B places 'the towel' with (i) — 'get the ball the towel' is not an idiom. Option C places 'bandwagon' with (i) — 'get the ball bandwagon' is not an idiom. Option D swaps (i) and (ii), giving 'get the ball the towel' — not an idiom.",k-eng-10-1-2,medium,ai-generated,false,B,"i–r, ii–q, iii–p",false,2
q-eng10.1-19,ENG10.1,mc,"Match Column A with Column B. Which option correctly pairs ALL THREE? Column A: (i) Get the ball  (ii) Throw in  (iii) Jump on the — Column B: (p) bandwagon  (q) rolling  (r) the towel","Option A (i–q, ii–r, iii–p) is correct: 'get the ball rolling' means to start something; 'throw in the towel' means to give up; 'jump on the bandwagon' means to join a trend. Option B places 'the towel' with (i) — 'get the ball the towel' is not an idiom. Option C places 'bandwagon' with (i) — 'get the ball bandwagon' is not an idiom. Option D swaps (i) and (ii), giving 'get the ball the towel' — not an idiom.",k-eng-10-1-2,medium,ai-generated,false,C,"i–p, ii–r, iii–q",false,3
q-eng10.1-19,ENG10.1,mc,"Match Column A with Column B. Which option correctly pairs ALL THREE? Column A: (i) Get the ball  (ii) Throw in  (iii) Jump on the — Column B: (p) bandwagon  (q) rolling  (r) the towel","Option A (i–q, ii–r, iii–p) is correct: 'get the ball rolling' means to start something; 'throw in the towel' means to give up; 'jump on the bandwagon' means to join a trend. Option B places 'the towel' with (i) — 'get the ball the towel' is not an idiom. Option C places 'bandwagon' with (i) — 'get the ball bandwagon' is not an idiom. Option D swaps (i) and (ii), giving 'get the ball the towel' — not an idiom.",k-eng-10-1-2,medium,ai-generated,false,D,"i–r, ii–p, iii–q",false,4
q-eng10.1-20,ENG10.1,mc,"Match Column A with Column B. Which option correctly pairs ALL THREE? Column A: (i) Be in the same  (ii) Blow hot  (iii) The last — Column B: (p) straw  (q) and cold  (r) boat","Option C (i–r, ii–q, iii–p) is correct: 'be in the same boat' means to share the same problem; 'blow hot and cold' means to keep changing one's mind; 'the last straw' means the final problem that causes everything to collapse. Option A places 'straw' with (i) — 'be in the same straw' is not an idiom. Option B places 'and cold' with (i) — 'be in the same and cold' is not an idiom. Option D swaps (i) and (iii), giving 'the last boat' — not the correct idiom form.",k-eng-10-1-2,hard,ai-generated,false,A,"i–p, ii–q, iii–r",false,1
q-eng10.1-20,ENG10.1,mc,"Match Column A with Column B. Which option correctly pairs ALL THREE? Column A: (i) Be in the same  (ii) Blow hot  (iii) The last — Column B: (p) straw  (q) and cold  (r) boat","Option C (i–r, ii–q, iii–p) is correct: 'be in the same boat' means to share the same problem; 'blow hot and cold' means to keep changing one's mind; 'the last straw' means the final problem that causes everything to collapse. Option A places 'straw' with (i) — 'be in the same straw' is not an idiom. Option B places 'and cold' with (i) — 'be in the same and cold' is not an idiom. Option D swaps (i) and (iii), giving 'the last boat' — not the correct idiom form.",k-eng-10-1-2,hard,ai-generated,false,B,"i–q, ii–r, iii–p",false,2
q-eng10.1-20,ENG10.1,mc,"Match Column A with Column B. Which option correctly pairs ALL THREE? Column A: (i) Be in the same  (ii) Blow hot  (iii) The last — Column B: (p) straw  (q) and cold  (r) boat","Option C (i–r, ii–q, iii–p) is correct: 'be in the same boat' means to share the same problem; 'blow hot and cold' means to keep changing one's mind; 'the last straw' means the final problem that causes everything to collapse. Option A places 'straw' with (i) — 'be in the same straw' is not an idiom. Option B places 'and cold' with (i) — 'be in the same and cold' is not an idiom. Option D swaps (i) and (iii), giving 'the last boat' — not the correct idiom form.",k-eng-10-1-2,hard,ai-generated,false,C,"i–r, ii–q, iii–p",true,3
q-eng10.1-20,ENG10.1,mc,"Match Column A with Column B. Which option correctly pairs ALL THREE? Column A: (i) Be in the same  (ii) Blow hot  (iii) The last — Column B: (p) straw  (q) and cold  (r) boat","Option C (i–r, ii–q, iii–p) is correct: 'be in the same boat' means to share the same problem; 'blow hot and cold' means to keep changing one's mind; 'the last straw' means the final problem that causes everything to collapse. Option A places 'straw' with (i) — 'be in the same straw' is not an idiom. Option B places 'and cold' with (i) — 'be in the same and cold' is not an idiom. Option D swaps (i) and (iii), giving 'the last boat' — not the correct idiom form.",k-eng-10-1-2,hard,ai-generated,false,D,"i–p, ii–r, iii–q",false,4
q-eng10.1-21,ENG10.1,mc,"Match Column A (causes) with Column B (effects). Which option correctly pairs ALL THREE? Column A: (i) The company invested in new technology  (ii) The drought affected the harvest  (iii) The government raised taxes — Column B: (p) causing food prices to soar  (q) leading to public protests  (r) and productivity doubled","Option D (i–r, ii–p, iii–q) is correct: investing in technology directly increases productivity (i–r); drought reduces crop yield, causing food prices to soar (ii–p); raising taxes sparks public protests (iii–q). Option A gives 'food prices soar' to the technology investment — an incorrect cause. Option B links technology investment to protests — not the direct logical effect. Option C links drought to protests and tax rise to food prices — both cause-effect pairs are reversed.",s-eng-10-1-1,medium,ai-generated,false,A,"i–p, ii–r, iii–q",false,1
q-eng10.1-21,ENG10.1,mc,"Match Column A (causes) with Column B (effects). Which option correctly pairs ALL THREE? Column A: (i) The company invested in new technology  (ii) The drought affected the harvest  (iii) The government raised taxes — Column B: (p) causing food prices to soar  (q) leading to public protests  (r) and productivity doubled","Option D (i–r, ii–p, iii–q) is correct: investing in technology directly increases productivity (i–r); drought reduces crop yield, causing food prices to soar (ii–p); raising taxes sparks public protests (iii–q). Option A gives 'food prices soar' to the technology investment — an incorrect cause. Option B links technology investment to protests — not the direct logical effect. Option C links drought to protests and tax rise to food prices — both cause-effect pairs are reversed.",s-eng-10-1-1,medium,ai-generated,false,B,"i–q, ii–p, iii–r",false,2
q-eng10.1-21,ENG10.1,mc,"Match Column A (causes) with Column B (effects). Which option correctly pairs ALL THREE? Column A: (i) The company invested in new technology  (ii) The drought affected the harvest  (iii) The government raised taxes — Column B: (p) causing food prices to soar  (q) leading to public protests  (r) and productivity doubled","Option D (i–r, ii–p, iii–q) is correct: investing in technology directly increases productivity (i–r); drought reduces crop yield, causing food prices to soar (ii–p); raising taxes sparks public protests (iii–q). Option A gives 'food prices soar' to the technology investment — an incorrect cause. Option B links technology investment to protests — not the direct logical effect. Option C links drought to protests and tax rise to food prices — both cause-effect pairs are reversed.",s-eng-10-1-1,medium,ai-generated,false,C,"i–r, ii–q, iii–p",false,3
q-eng10.1-21,ENG10.1,mc,"Match Column A (causes) with Column B (effects). Which option correctly pairs ALL THREE? Column A: (i) The company invested in new technology  (ii) The drought affected the harvest  (iii) The government raised taxes — Column B: (p) causing food prices to soar  (q) leading to public protests  (r) and productivity doubled","Option D (i–r, ii–p, iii–q) is correct: investing in technology directly increases productivity (i–r); drought reduces crop yield, causing food prices to soar (ii–p); raising taxes sparks public protests (iii–q). Option A gives 'food prices soar' to the technology investment — an incorrect cause. Option B links technology investment to protests — not the direct logical effect. Option C links drought to protests and tax rise to food prices — both cause-effect pairs are reversed.",s-eng-10-1-1,medium,ai-generated,false,D,"i–r, ii–p, iii–q",true,4
q-eng10.1-22,ENG10.1,mc,"Match Column A (causes) with Column B (effects). Which option correctly pairs ALL THREE? Column A: (i) The bridge collapsed  (ii) The students studied diligently  (iii) Deforestation accelerated — Column B: (p) leading to habitat loss and climate change  (q) trapping several vehicles underneath  (r) and they scored top marks in the examination","Option A (i–q, ii–r, iii–p) is correct: bridge collapse → vehicles trapped (i–q); diligent study → top marks (ii–r); deforestation → habitat loss (iii–p). Option B links bridge collapse to habitat loss — not a logical cause-effect; habitat loss results from deforestation, not bridge collapse. Option C links bridge collapse to top marks — entirely illogical. Option D correctly pairs (i) with (q) but links diligent study to habitat loss — not a logical connection.",s-eng-10-1-1,easy,ai-generated,false,A,"i–q, ii–r, iii–p",true,1
q-eng10.1-22,ENG10.1,mc,"Match Column A (causes) with Column B (effects). Which option correctly pairs ALL THREE? Column A: (i) The bridge collapsed  (ii) The students studied diligently  (iii) Deforestation accelerated — Column B: (p) leading to habitat loss and climate change  (q) trapping several vehicles underneath  (r) and they scored top marks in the examination","Option A (i–q, ii–r, iii–p) is correct: bridge collapse → vehicles trapped (i–q); diligent study → top marks (ii–r); deforestation → habitat loss (iii–p). Option B links bridge collapse to habitat loss — not a logical cause-effect; habitat loss results from deforestation, not bridge collapse. Option C links bridge collapse to top marks — entirely illogical. Option D correctly pairs (i) with (q) but links diligent study to habitat loss — not a logical connection.",s-eng-10-1-1,easy,ai-generated,false,B,"i–p, ii–q, iii–r",false,2
q-eng10.1-22,ENG10.1,mc,"Match Column A (causes) with Column B (effects). Which option correctly pairs ALL THREE? Column A: (i) The bridge collapsed  (ii) The students studied diligently  (iii) Deforestation accelerated — Column B: (p) leading to habitat loss and climate change  (q) trapping several vehicles underneath  (r) and they scored top marks in the examination","Option A (i–q, ii–r, iii–p) is correct: bridge collapse → vehicles trapped (i–q); diligent study → top marks (ii–r); deforestation → habitat loss (iii–p). Option B links bridge collapse to habitat loss — not a logical cause-effect; habitat loss results from deforestation, not bridge collapse. Option C links bridge collapse to top marks — entirely illogical. Option D correctly pairs (i) with (q) but links diligent study to habitat loss — not a logical connection.",s-eng-10-1-1,easy,ai-generated,false,C,"i–r, ii–q, iii–p",false,3
q-eng10.1-22,ENG10.1,mc,"Match Column A (causes) with Column B (effects). Which option correctly pairs ALL THREE? Column A: (i) The bridge collapsed  (ii) The students studied diligently  (iii) Deforestation accelerated — Column B: (p) leading to habitat loss and climate change  (q) trapping several vehicles underneath  (r) and they scored top marks in the examination","Option A (i–q, ii–r, iii–p) is correct: bridge collapse → vehicles trapped (i–q); diligent study → top marks (ii–r); deforestation → habitat loss (iii–p). Option B links bridge collapse to habitat loss — not a logical cause-effect; habitat loss results from deforestation, not bridge collapse. Option C links bridge collapse to top marks — entirely illogical. Option D correctly pairs (i) with (q) but links diligent study to habitat loss — not a logical connection.",s-eng-10-1-1,easy,ai-generated,false,D,"i–q, ii–p, iii–r",false,4
q-eng10.1-23,ENG10.1,mc,"Match Column A (causes) with Column B (effects). Which option correctly pairs ALL THREE? Column A: (i) The factory was shut down  (ii) Heavy rain flooded the streets  (iii) The vaccine was administered — Column B: (p) preventing thousands of infections  (q) causing widespread unemployment  (r) and commuters were stranded","Option B (i–q, ii–r, iii–p) is correct: factory shutdown → unemployment (i–q); flooding → commuters stranded (ii–r); vaccine → infections prevented (iii–p). Option A links factory closure to 'commuters stranded' — factory closure affects employment, not commuting directly. Option C links factory closure to 'preventing infections' — not a logical cause-effect. Option D correctly pairs (i) but links flooding to 'preventing infections' — not a logical connection.",s-eng-10-1-1,medium,ai-generated,false,A,"i–r, ii–q, iii–p",false,1
q-eng10.1-23,ENG10.1,mc,"Match Column A (causes) with Column B (effects). Which option correctly pairs ALL THREE? Column A: (i) The factory was shut down  (ii) Heavy rain flooded the streets  (iii) The vaccine was administered — Column B: (p) preventing thousands of infections  (q) causing widespread unemployment  (r) and commuters were stranded","Option B (i–q, ii–r, iii–p) is correct: factory shutdown → unemployment (i–q); flooding → commuters stranded (ii–r); vaccine → infections prevented (iii–p). Option A links factory closure to 'commuters stranded' — factory closure affects employment, not commuting directly. Option C links factory closure to 'preventing infections' — not a logical cause-effect. Option D correctly pairs (i) but links flooding to 'preventing infections' — not a logical connection.",s-eng-10-1-1,medium,ai-generated,false,B,"i–q, ii–r, iii–p",true,2
q-eng10.1-23,ENG10.1,mc,"Match Column A (causes) with Column B (effects). Which option correctly pairs ALL THREE? Column A: (i) The factory was shut down  (ii) Heavy rain flooded the streets  (iii) The vaccine was administered — Column B: (p) preventing thousands of infections  (q) causing widespread unemployment  (r) and commuters were stranded","Option B (i–q, ii–r, iii–p) is correct: factory shutdown → unemployment (i–q); flooding → commuters stranded (ii–r); vaccine → infections prevented (iii–p). Option A links factory closure to 'commuters stranded' — factory closure affects employment, not commuting directly. Option C links factory closure to 'preventing infections' — not a logical cause-effect. Option D correctly pairs (i) but links flooding to 'preventing infections' — not a logical connection.",s-eng-10-1-1,medium,ai-generated,false,C,"i–p, ii–q, iii–r",false,3
q-eng10.1-23,ENG10.1,mc,"Match Column A (causes) with Column B (effects). Which option correctly pairs ALL THREE? Column A: (i) The factory was shut down  (ii) Heavy rain flooded the streets  (iii) The vaccine was administered — Column B: (p) preventing thousands of infections  (q) causing widespread unemployment  (r) and commuters were stranded","Option B (i–q, ii–r, iii–p) is correct: factory shutdown → unemployment (i–q); flooding → commuters stranded (ii–r); vaccine → infections prevented (iii–p). Option A links factory closure to 'commuters stranded' — factory closure affects employment, not commuting directly. Option C links factory closure to 'preventing infections' — not a logical cause-effect. Option D correctly pairs (i) but links flooding to 'preventing infections' — not a logical connection.",s-eng-10-1-1,medium,ai-generated,false,D,"i–q, ii–p, iii–r",false,4
q-eng10.1-24,ENG10.1,mc,"Match Column A (causes) with Column B (effects). Which option correctly pairs ALL THREE? Column A: (i) The team practised every day  (ii) The chemical spill contaminated the water  (iii) A new highway was built — Column B: (p) and the villagers fell ill  (q) reducing travel time significantly  (r) and ultimately won the championship","Option C (i–r, ii–p, iii–q) is correct: daily practice → championship win (i–r); chemical contamination → villagers fell ill (ii–p); new highway → reduced travel time (iii–q). Option A links team practice to 'villagers fell ill' — practice is unrelated to water contamination illness. Option B correctly pairs (i) but links contamination to 'reduced travel time' — not a logical cause. Option D links team practice to 'reduced travel time' — not logical.",s-eng-10-1-1,easy,ai-generated,false,A,"i–p, ii–r, iii–q",false,1
q-eng10.1-24,ENG10.1,mc,"Match Column A (causes) with Column B (effects). Which option correctly pairs ALL THREE? Column A: (i) The team practised every day  (ii) The chemical spill contaminated the water  (iii) A new highway was built — Column B: (p) and the villagers fell ill  (q) reducing travel time significantly  (r) and ultimately won the championship","Option C (i–r, ii–p, iii–q) is correct: daily practice → championship win (i–r); chemical contamination → villagers fell ill (ii–p); new highway → reduced travel time (iii–q). Option A links team practice to 'villagers fell ill' — practice is unrelated to water contamination illness. Option B correctly pairs (i) but links contamination to 'reduced travel time' — not a logical cause. Option D links team practice to 'reduced travel time' — not logical.",s-eng-10-1-1,easy,ai-generated,false,B,"i–r, ii–q, iii–p",false,2
q-eng10.1-24,ENG10.1,mc,"Match Column A (causes) with Column B (effects). Which option correctly pairs ALL THREE? Column A: (i) The team practised every day  (ii) The chemical spill contaminated the water  (iii) A new highway was built — Column B: (p) and the villagers fell ill  (q) reducing travel time significantly  (r) and ultimately won the championship","Option C (i–r, ii–p, iii–q) is correct: daily practice → championship win (i–r); chemical contamination → villagers fell ill (ii–p); new highway → reduced travel time (iii–q). Option A links team practice to 'villagers fell ill' — practice is unrelated to water contamination illness. Option B correctly pairs (i) but links contamination to 'reduced travel time' — not a logical cause. Option D links team practice to 'reduced travel time' — not logical.",s-eng-10-1-1,easy,ai-generated,false,C,"i–r, ii–p, iii–q",true,3
q-eng10.1-24,ENG10.1,mc,"Match Column A (causes) with Column B (effects). Which option correctly pairs ALL THREE? Column A: (i) The team practised every day  (ii) The chemical spill contaminated the water  (iii) A new highway was built — Column B: (p) and the villagers fell ill  (q) reducing travel time significantly  (r) and ultimately won the championship","Option C (i–r, ii–p, iii–q) is correct: daily practice → championship win (i–r); chemical contamination → villagers fell ill (ii–p); new highway → reduced travel time (iii–q). Option A links team practice to 'villagers fell ill' — practice is unrelated to water contamination illness. Option B correctly pairs (i) but links contamination to 'reduced travel time' — not a logical cause. Option D links team practice to 'reduced travel time' — not logical.",s-eng-10-1-1,easy,ai-generated,false,D,"i–q, ii–p, iii–r",false,4
q-eng10.1-25,ENG10.1,mc,"Match Column A (causes) with Column B (effects). Which option correctly pairs ALL THREE? Column A: (i) The student missed several classes  (ii) The new policy reduced pollution  (iii) The earthquake struck at dawn — Column B: (p) and air quality improved significantly  (q) forcing families to evacuate their homes  (r) and failed his exams","Option B (i–r, ii–p, iii–q) is correct: missed classes → failed exams (i–r); anti-pollution policy → air quality improved (ii–p); earthquake → families evacuated (iii–q). Option A links missing classes to 'families evacuated' — not a logical cause. Option C links missing classes to 'air quality improved' — entirely illogical. Option D correctly pairs (i) but links the pollution policy to 'forcing evacuation' while linking earthquake to 'air quality improved' — both cause-effect pairs are reversed.",s-eng-10-1-1,medium,ai-generated,false,A,"i–q, ii–r, iii–p",false,1
q-eng10.1-25,ENG10.1,mc,"Match Column A (causes) with Column B (effects). Which option correctly pairs ALL THREE? Column A: (i) The student missed several classes  (ii) The new policy reduced pollution  (iii) The earthquake struck at dawn — Column B: (p) and air quality improved significantly  (q) forcing families to evacuate their homes  (r) and failed his exams","Option B (i–r, ii–p, iii–q) is correct: missed classes → failed exams (i–r); anti-pollution policy → air quality improved (ii–p); earthquake → families evacuated (iii–q). Option A links missing classes to 'families evacuated' — not a logical cause. Option C links missing classes to 'air quality improved' — entirely illogical. Option D correctly pairs (i) but links the pollution policy to 'forcing evacuation' while linking earthquake to 'air quality improved' — both cause-effect pairs are reversed.",s-eng-10-1-1,medium,ai-generated,false,B,"i–r, ii–p, iii–q",true,2
q-eng10.1-25,ENG10.1,mc,"Match Column A (causes) with Column B (effects). Which option correctly pairs ALL THREE? Column A: (i) The student missed several classes  (ii) The new policy reduced pollution  (iii) The earthquake struck at dawn — Column B: (p) and air quality improved significantly  (q) forcing families to evacuate their homes  (r) and failed his exams","Option B (i–r, ii–p, iii–q) is correct: missed classes → failed exams (i–r); anti-pollution policy → air quality improved (ii–p); earthquake → families evacuated (iii–q). Option A links missing classes to 'families evacuated' — not a logical cause. Option C links missing classes to 'air quality improved' — entirely illogical. Option D correctly pairs (i) but links the pollution policy to 'forcing evacuation' while linking earthquake to 'air quality improved' — both cause-effect pairs are reversed.",s-eng-10-1-1,medium,ai-generated,false,C,"i–p, ii–r, iii–q",false,3
q-eng10.1-25,ENG10.1,mc,"Match Column A (causes) with Column B (effects). Which option correctly pairs ALL THREE? Column A: (i) The student missed several classes  (ii) The new policy reduced pollution  (iii) The earthquake struck at dawn — Column B: (p) and air quality improved significantly  (q) forcing families to evacuate their homes  (r) and failed his exams","Option B (i–r, ii–p, iii–q) is correct: missed classes → failed exams (i–r); anti-pollution policy → air quality improved (ii–p); earthquake → families evacuated (iii–q). Option A links missing classes to 'families evacuated' — not a logical cause. Option C links missing classes to 'air quality improved' — entirely illogical. Option D correctly pairs (i) but links the pollution policy to 'forcing evacuation' while linking earthquake to 'air quality improved' — both cause-effect pairs are reversed.",s-eng-10-1-1,medium,ai-generated,false,D,"i–r, ii–q, iii–p",false,4
q-eng10.1-26,ENG10.1,mc,"Match Column A (causes) with Column B (effects). Which option correctly pairs ALL THREE? Column A: (i) The research grant was approved  (ii) The power cut lasted all night  (iii) Strict traffic laws were introduced — Column B: (p) and road accidents decreased sharply  (q) and scientists could proceed with their experiments  (r) disrupting hospitals and businesses","Option D (i–q, ii–r, iii–p) is correct: grant approval → scientists proceed (i–q); overnight power cut → hospitals and businesses disrupted (ii–r); strict traffic laws → fewer accidents (iii–p). Option A links grant approval to 'hospitals disrupted' — not a logical cause. Option B correctly pairs (i) but links the power cut to 'accidents decreased' — power cuts affect operations, not accident rates directly. Option C links grant approval to 'accidents decreased' — not a logical cause-effect.",s-eng-10-1-1,medium,ai-generated,false,A,"i–r, ii–p, iii–q",false,1
q-eng10.1-26,ENG10.1,mc,"Match Column A (causes) with Column B (effects). Which option correctly pairs ALL THREE? Column A: (i) The research grant was approved  (ii) The power cut lasted all night  (iii) Strict traffic laws were introduced — Column B: (p) and road accidents decreased sharply  (q) and scientists could proceed with their experiments  (r) disrupting hospitals and businesses","Option D (i–q, ii–r, iii–p) is correct: grant approval → scientists proceed (i–q); overnight power cut → hospitals and businesses disrupted (ii–r); strict traffic laws → fewer accidents (iii–p). Option A links grant approval to 'hospitals disrupted' — not a logical cause. Option B correctly pairs (i) but links the power cut to 'accidents decreased' — power cuts affect operations, not accident rates directly. Option C links grant approval to 'accidents decreased' — not a logical cause-effect.",s-eng-10-1-1,medium,ai-generated,false,B,"i–q, ii–p, iii–r",false,2
q-eng10.1-26,ENG10.1,mc,"Match Column A (causes) with Column B (effects). Which option correctly pairs ALL THREE? Column A: (i) The research grant was approved  (ii) The power cut lasted all night  (iii) Strict traffic laws were introduced — Column B: (p) and road accidents decreased sharply  (q) and scientists could proceed with their experiments  (r) disrupting hospitals and businesses","Option D (i–q, ii–r, iii–p) is correct: grant approval → scientists proceed (i–q); overnight power cut → hospitals and businesses disrupted (ii–r); strict traffic laws → fewer accidents (iii–p). Option A links grant approval to 'hospitals disrupted' — not a logical cause. Option B correctly pairs (i) but links the power cut to 'accidents decreased' — power cuts affect operations, not accident rates directly. Option C links grant approval to 'accidents decreased' — not a logical cause-effect.",s-eng-10-1-1,medium,ai-generated,false,C,"i–p, ii–r, iii–q",false,3
q-eng10.1-26,ENG10.1,mc,"Match Column A (causes) with Column B (effects). Which option correctly pairs ALL THREE? Column A: (i) The research grant was approved  (ii) The power cut lasted all night  (iii) Strict traffic laws were introduced — Column B: (p) and road accidents decreased sharply  (q) and scientists could proceed with their experiments  (r) disrupting hospitals and businesses","Option D (i–q, ii–r, iii–p) is correct: grant approval → scientists proceed (i–q); overnight power cut → hospitals and businesses disrupted (ii–r); strict traffic laws → fewer accidents (iii–p). Option A links grant approval to 'hospitals disrupted' — not a logical cause. Option B correctly pairs (i) but links the power cut to 'accidents decreased' — power cuts affect operations, not accident rates directly. Option C links grant approval to 'accidents decreased' — not a logical cause-effect.",s-eng-10-1-1,medium,ai-generated,false,D,"i–q, ii–r, iii–p",true,4
q-eng10.1-27,ENG10.1,mc,"Match Column A (causes) with Column B (effects). Which option correctly pairs ALL THREE? Column A: (i) Regular exercise reduces stress  (ii) Corruption increased in the department  (iii) The new product launch failed — Column B: (p) leading to several officials being suspended  (q) and the company suffered heavy losses  (r) and improves mental health","Option A (i–r, ii–p, iii–q) is correct: regular exercise → improved mental health (i–r); corruption → officials suspended (ii–p); failed product launch → company losses (iii–q). Option B links exercise to 'officials suspended' — not a logical cause. Option C links exercise to 'company losses' — not logical. Option D correctly pairs (i) but links corruption to 'heavy losses' and failed launch to 'officials suspended' — both cause-effect pairs are mismatched.",s-eng-10-1-1,easy,ai-generated,false,A,"i–r, ii–p, iii–q",true,1
q-eng10.1-27,ENG10.1,mc,"Match Column A (causes) with Column B (effects). Which option correctly pairs ALL THREE? Column A: (i) Regular exercise reduces stress  (ii) Corruption increased in the department  (iii) The new product launch failed — Column B: (p) leading to several officials being suspended  (q) and the company suffered heavy losses  (r) and improves mental health","Option A (i–r, ii–p, iii–q) is correct: regular exercise → improved mental health (i–r); corruption → officials suspended (ii–p); failed product launch → company losses (iii–q). Option B links exercise to 'officials suspended' — not a logical cause. Option C links exercise to 'company losses' — not logical. Option D correctly pairs (i) but links corruption to 'heavy losses' and failed launch to 'officials suspended' — both cause-effect pairs are mismatched.",s-eng-10-1-1,easy,ai-generated,false,B,"i–p, ii–r, iii–q",false,2
q-eng10.1-27,ENG10.1,mc,"Match Column A (causes) with Column B (effects). Which option correctly pairs ALL THREE? Column A: (i) Regular exercise reduces stress  (ii) Corruption increased in the department  (iii) The new product launch failed — Column B: (p) leading to several officials being suspended  (q) and the company suffered heavy losses  (r) and improves mental health","Option A (i–r, ii–p, iii–q) is correct: regular exercise → improved mental health (i–r); corruption → officials suspended (ii–p); failed product launch → company losses (iii–q). Option B links exercise to 'officials suspended' — not a logical cause. Option C links exercise to 'company losses' — not logical. Option D correctly pairs (i) but links corruption to 'heavy losses' and failed launch to 'officials suspended' — both cause-effect pairs are mismatched.",s-eng-10-1-1,easy,ai-generated,false,C,"i–q, ii–p, iii–r",false,3
q-eng10.1-27,ENG10.1,mc,"Match Column A (causes) with Column B (effects). Which option correctly pairs ALL THREE? Column A: (i) Regular exercise reduces stress  (ii) Corruption increased in the department  (iii) The new product launch failed — Column B: (p) leading to several officials being suspended  (q) and the company suffered heavy losses  (r) and improves mental health","Option A (i–r, ii–p, iii–q) is correct: regular exercise → improved mental health (i–r); corruption → officials suspended (ii–p); failed product launch → company losses (iii–q). Option B links exercise to 'officials suspended' — not a logical cause. Option C links exercise to 'company losses' — not logical. Option D correctly pairs (i) but links corruption to 'heavy losses' and failed launch to 'officials suspended' — both cause-effect pairs are mismatched.",s-eng-10-1-1,easy,ai-generated,false,D,"i–r, ii–q, iii–p",false,4
q-eng10.1-28,ENG10.1,mc,"Match Column A (causes) with Column B (effects). Which option correctly pairs ALL THREE? Column A: (i) The dam burst  (ii) The child ate unhealthy food  (iii) The team received proper training — Column B: (p) and their performance improved markedly  (q) flooding the nearby villages  (r) and developed health problems","Option C (i–q, ii–r, iii–p) is correct: dam burst → nearby villages flooded (i–q); unhealthy food → health problems (ii–r); proper training → improved performance (iii–p). Option A links dam burst to 'health problems' — while indirect, the direct effect is flooding; 'developed health problems' refers to a person eating unhealthy food. Option B links dam burst to 'improved performance' — not logical. Option D correctly pairs (i) but links unhealthy food to 'improved performance' — the direct opposite of the logical cause-effect.",s-eng-10-1-1,medium,ai-generated,false,A,"i–r, ii–q, iii–p",false,1
q-eng10.1-28,ENG10.1,mc,"Match Column A (causes) with Column B (effects). Which option correctly pairs ALL THREE? Column A: (i) The dam burst  (ii) The child ate unhealthy food  (iii) The team received proper training — Column B: (p) and their performance improved markedly  (q) flooding the nearby villages  (r) and developed health problems","Option C (i–q, ii–r, iii–p) is correct: dam burst → nearby villages flooded (i–q); unhealthy food → health problems (ii–r); proper training → improved performance (iii–p). Option A links dam burst to 'health problems' — while indirect, the direct effect is flooding; 'developed health problems' refers to a person eating unhealthy food. Option B links dam burst to 'improved performance' — not logical. Option D correctly pairs (i) but links unhealthy food to 'improved performance' — the direct opposite of the logical cause-effect.",s-eng-10-1-1,medium,ai-generated,false,B,"i–p, ii–r, iii–q",false,2
q-eng10.1-28,ENG10.1,mc,"Match Column A (causes) with Column B (effects). Which option correctly pairs ALL THREE? Column A: (i) The dam burst  (ii) The child ate unhealthy food  (iii) The team received proper training — Column B: (p) and their performance improved markedly  (q) flooding the nearby villages  (r) and developed health problems","Option C (i–q, ii–r, iii–p) is correct: dam burst → nearby villages flooded (i–q); unhealthy food → health problems (ii–r); proper training → improved performance (iii–p). Option A links dam burst to 'health problems' — while indirect, the direct effect is flooding; 'developed health problems' refers to a person eating unhealthy food. Option B links dam burst to 'improved performance' — not logical. Option D correctly pairs (i) but links unhealthy food to 'improved performance' — the direct opposite of the logical cause-effect.",s-eng-10-1-1,medium,ai-generated,false,C,"i–q, ii–r, iii–p",true,3
q-eng10.1-28,ENG10.1,mc,"Match Column A (causes) with Column B (effects). Which option correctly pairs ALL THREE? Column A: (i) The dam burst  (ii) The child ate unhealthy food  (iii) The team received proper training — Column B: (p) and their performance improved markedly  (q) flooding the nearby villages  (r) and developed health problems","Option C (i–q, ii–r, iii–p) is correct: dam burst → nearby villages flooded (i–q); unhealthy food → health problems (ii–r); proper training → improved performance (iii–p). Option A links dam burst to 'health problems' — while indirect, the direct effect is flooding; 'developed health problems' refers to a person eating unhealthy food. Option B links dam burst to 'improved performance' — not logical. Option D correctly pairs (i) but links unhealthy food to 'improved performance' — the direct opposite of the logical cause-effect.",s-eng-10-1-1,medium,ai-generated,false,D,"i–q, ii–p, iii–r",false,4
q-eng10.1-29,ENG10.1,mc,"Match Column A (causes) with Column B (effects). Which option correctly pairs ALL THREE? Column A: (i) The forest fire spread rapidly  (ii) The scholarship was announced  (iii) The medicine was recalled — Column B: (p) after reports of harmful side effects emerged  (q) destroying thousands of acres of land  (r) and many students applied immediately","Option D (i–q, ii–r, iii–p) is correct: forest fire → acres destroyed (i–q); scholarship announced → students applied (ii–r); medicine recalled → due to harmful side effects (iii–p). Option A links forest fire to 'students applied' — not a logical cause. Option B links forest fire to 'harmful side effects' — not logical. Option C correctly pairs (i) but links scholarship to 'harmful side effects' while medicine recall leads to 'students applying' — both cause-effect pairs are mismatched.",s-eng-10-1-1,medium,ai-generated,false,A,"i–r, ii–q, iii–p",false,1
q-eng10.1-29,ENG10.1,mc,"Match Column A (causes) with Column B (effects). Which option correctly pairs ALL THREE? Column A: (i) The forest fire spread rapidly  (ii) The scholarship was announced  (iii) The medicine was recalled — Column B: (p) after reports of harmful side effects emerged  (q) destroying thousands of acres of land  (r) and many students applied immediately","Option D (i–q, ii–r, iii–p) is correct: forest fire → acres destroyed (i–q); scholarship announced → students applied (ii–r); medicine recalled → due to harmful side effects (iii–p). Option A links forest fire to 'students applied' — not a logical cause. Option B links forest fire to 'harmful side effects' — not logical. Option C correctly pairs (i) but links scholarship to 'harmful side effects' while medicine recall leads to 'students applying' — both cause-effect pairs are mismatched.",s-eng-10-1-1,medium,ai-generated,false,B,"i–p, ii–r, iii–q",false,2
q-eng10.1-29,ENG10.1,mc,"Match Column A (causes) with Column B (effects). Which option correctly pairs ALL THREE? Column A: (i) The forest fire spread rapidly  (ii) The scholarship was announced  (iii) The medicine was recalled — Column B: (p) after reports of harmful side effects emerged  (q) destroying thousands of acres of land  (r) and many students applied immediately","Option D (i–q, ii–r, iii–p) is correct: forest fire → acres destroyed (i–q); scholarship announced → students applied (ii–r); medicine recalled → due to harmful side effects (iii–p). Option A links forest fire to 'students applied' — not a logical cause. Option B links forest fire to 'harmful side effects' — not logical. Option C correctly pairs (i) but links scholarship to 'harmful side effects' while medicine recall leads to 'students applying' — both cause-effect pairs are mismatched.",s-eng-10-1-1,medium,ai-generated,false,C,"i–q, ii–p, iii–r",false,3
q-eng10.1-29,ENG10.1,mc,"Match Column A (causes) with Column B (effects). Which option correctly pairs ALL THREE? Column A: (i) The forest fire spread rapidly  (ii) The scholarship was announced  (iii) The medicine was recalled — Column B: (p) after reports of harmful side effects emerged  (q) destroying thousands of acres of land  (r) and many students applied immediately","Option D (i–q, ii–r, iii–p) is correct: forest fire → acres destroyed (i–q); scholarship announced → students applied (ii–r); medicine recalled → due to harmful side effects (iii–p). Option A links forest fire to 'students applied' — not a logical cause. Option B links forest fire to 'harmful side effects' — not logical. Option C correctly pairs (i) but links scholarship to 'harmful side effects' while medicine recall leads to 'students applying' — both cause-effect pairs are mismatched.",s-eng-10-1-1,medium,ai-generated,false,D,"i–q, ii–r, iii–p",true,4
q-eng10.1-30,ENG10.1,mc,"Match Column A (causes) with Column B (effects). Which option correctly pairs ALL THREE? Column A: (i) The pilot noticed the fault in time  (ii) The economy grew rapidly  (iii) The student submitted the wrong file — Column B: (p) and unemployment fell to its lowest level  (q) and his marks were deducted  (r) averting a potential disaster","Option B (i–r, ii–p, iii–q) is correct: pilot noticed fault → disaster averted (i–r); rapid economic growth → unemployment fell (ii–p); wrong file submitted → marks deducted (iii–q). Option A links the pilot's action to 'unemployment fell' — not a logical cause. Option C links the pilot to 'marks deducted' — not logical. Option D correctly pairs (i) but links economic growth to 'marks deducted' while linking the student's error to 'unemployment fell' — both cause-effect pairs are illogical.",s-eng-10-1-1,easy,ai-generated,false,A,"i–p, ii–r, iii–q",false,1
q-eng10.1-30,ENG10.1,mc,"Match Column A (causes) with Column B (effects). Which option correctly pairs ALL THREE? Column A: (i) The pilot noticed the fault in time  (ii) The economy grew rapidly  (iii) The student submitted the wrong file — Column B: (p) and unemployment fell to its lowest level  (q) and his marks were deducted  (r) averting a potential disaster","Option B (i–r, ii–p, iii–q) is correct: pilot noticed fault → disaster averted (i–r); rapid economic growth → unemployment fell (ii–p); wrong file submitted → marks deducted (iii–q). Option A links the pilot's action to 'unemployment fell' — not a logical cause. Option C links the pilot to 'marks deducted' — not logical. Option D correctly pairs (i) but links economic growth to 'marks deducted' while linking the student's error to 'unemployment fell' — both cause-effect pairs are illogical.",s-eng-10-1-1,easy,ai-generated,false,B,"i–r, ii–p, iii–q",true,2
q-eng10.1-30,ENG10.1,mc,"Match Column A (causes) with Column B (effects). Which option correctly pairs ALL THREE? Column A: (i) The pilot noticed the fault in time  (ii) The economy grew rapidly  (iii) The student submitted the wrong file — Column B: (p) and unemployment fell to its lowest level  (q) and his marks were deducted  (r) averting a potential disaster","Option B (i–r, ii–p, iii–q) is correct: pilot noticed fault → disaster averted (i–r); rapid economic growth → unemployment fell (ii–p); wrong file submitted → marks deducted (iii–q). Option A links the pilot's action to 'unemployment fell' — not a logical cause. Option C links the pilot to 'marks deducted' — not logical. Option D correctly pairs (i) but links economic growth to 'marks deducted' while linking the student's error to 'unemployment fell' — both cause-effect pairs are illogical.",s-eng-10-1-1,easy,ai-generated,false,C,"i–q, ii–p, iii–r",false,3
q-eng10.1-30,ENG10.1,mc,"Match Column A (causes) with Column B (effects). Which option correctly pairs ALL THREE? Column A: (i) The pilot noticed the fault in time  (ii) The economy grew rapidly  (iii) The student submitted the wrong file — Column B: (p) and unemployment fell to its lowest level  (q) and his marks were deducted  (r) averting a potential disaster","Option B (i–r, ii–p, iii–q) is correct: pilot noticed fault → disaster averted (i–r); rapid economic growth → unemployment fell (ii–p); wrong file submitted → marks deducted (iii–q). Option A links the pilot's action to 'unemployment fell' — not a logical cause. Option C links the pilot to 'marks deducted' — not logical. Option D correctly pairs (i) but links economic growth to 'marks deducted' while linking the student's error to 'unemployment fell' — both cause-effect pairs are illogical.",s-eng-10-1-1,easy,ai-generated,false,D,"i–r, ii–q, iii–p",false,4
q-eng10.1-31,ENG10.1,mc,"Match Column A with Column B for grammatical correctness. Which option correctly pairs ALL THREE? Column A: (i) She is looking forward to  (ii) He was made  (iii) They had better — Column B: (p) to apologize immediately  (q) apologize immediately  (r) meeting her friends","Option C (i–r, ii–p, iii–q) is correct. In 'look forward to', 'to' is a preposition requiring a gerund: 'meeting her friends' (i–r). The passive causative 'be made' requires a to-infinitive: 'was made to apologize' (ii–p). 'Had better' always takes a bare infinitive: 'had better apologize' (iii–q). Option A pairs (i) with 'to apologize' — a to-infinitive after a preposition is wrong. Option B pairs (i) with the bare infinitive 'apologize' — also wrong after a preposition. Option D pairs 'had better' with 'to apologize' — 'had better' never takes 'to + infinitive'.",s-eng-10-1-2,medium,ai-generated,false,A,"i–p, ii–r, iii–q",false,1
q-eng10.1-31,ENG10.1,mc,"Match Column A with Column B for grammatical correctness. Which option correctly pairs ALL THREE? Column A: (i) She is looking forward to  (ii) He was made  (iii) They had better — Column B: (p) to apologize immediately  (q) apologize immediately  (r) meeting her friends","Option C (i–r, ii–p, iii–q) is correct. In 'look forward to', 'to' is a preposition requiring a gerund: 'meeting her friends' (i–r). The passive causative 'be made' requires a to-infinitive: 'was made to apologize' (ii–p). 'Had better' always takes a bare infinitive: 'had better apologize' (iii–q). Option A pairs (i) with 'to apologize' — a to-infinitive after a preposition is wrong. Option B pairs (i) with the bare infinitive 'apologize' — also wrong after a preposition. Option D pairs 'had better' with 'to apologize' — 'had better' never takes 'to + infinitive'.",s-eng-10-1-2,medium,ai-generated,false,B,"i–q, ii–p, iii–r",false,2
q-eng10.1-31,ENG10.1,mc,"Match Column A with Column B for grammatical correctness. Which option correctly pairs ALL THREE? Column A: (i) She is looking forward to  (ii) He was made  (iii) They had better — Column B: (p) to apologize immediately  (q) apologize immediately  (r) meeting her friends","Option C (i–r, ii–p, iii–q) is correct. In 'look forward to', 'to' is a preposition requiring a gerund: 'meeting her friends' (i–r). The passive causative 'be made' requires a to-infinitive: 'was made to apologize' (ii–p). 'Had better' always takes a bare infinitive: 'had better apologize' (iii–q). Option A pairs (i) with 'to apologize' — a to-infinitive after a preposition is wrong. Option B pairs (i) with the bare infinitive 'apologize' — also wrong after a preposition. Option D pairs 'had better' with 'to apologize' — 'had better' never takes 'to + infinitive'.",s-eng-10-1-2,medium,ai-generated,false,C,"i–r, ii–p, iii–q",true,3
q-eng10.1-31,ENG10.1,mc,"Match Column A with Column B for grammatical correctness. Which option correctly pairs ALL THREE? Column A: (i) She is looking forward to  (ii) He was made  (iii) They had better — Column B: (p) to apologize immediately  (q) apologize immediately  (r) meeting her friends","Option C (i–r, ii–p, iii–q) is correct. In 'look forward to', 'to' is a preposition requiring a gerund: 'meeting her friends' (i–r). The passive causative 'be made' requires a to-infinitive: 'was made to apologize' (ii–p). 'Had better' always takes a bare infinitive: 'had better apologize' (iii–q). Option A pairs (i) with 'to apologize' — a to-infinitive after a preposition is wrong. Option B pairs (i) with the bare infinitive 'apologize' — also wrong after a preposition. Option D pairs 'had better' with 'to apologize' — 'had better' never takes 'to + infinitive'.",s-eng-10-1-2,medium,ai-generated,false,D,"i–r, ii–q, iii–p",false,4
q-eng10.1-32,ENG10.1,mc,"Match Column A with Column B for grammatical correctness. Which option correctly pairs ALL THREE? Column A: (i) It is no use  (ii) She would rather  (iii) We are used to — Column B: (p) working in a noisy environment  (q) stay at home  (r) trying to explain","Option D (i–r, ii–q, iii–p) is correct. 'It is no use' always takes a gerund: 'trying to explain' (i–r). 'Would rather' takes a bare infinitive: 'stay at home' (ii–q). In 'be used to', 'to' is a preposition requiring a gerund: 'working in a noisy environment' (iii–p). Option A pairs 'would rather' with the gerund 'trying' — 'would rather' never takes a gerund. Option B pairs 'it is no use' with the bare infinitive 'stay' — a bare infinitive cannot follow 'no use'. Option C pairs 'be used to' with 'stay at home' — the bare infinitive after the preposition 'to' is wrong.",s-eng-10-1-2,medium,ai-generated,false,A,"i–p, ii–r, iii–q",false,1
q-eng10.1-32,ENG10.1,mc,"Match Column A with Column B for grammatical correctness. Which option correctly pairs ALL THREE? Column A: (i) It is no use  (ii) She would rather  (iii) We are used to — Column B: (p) working in a noisy environment  (q) stay at home  (r) trying to explain","Option D (i–r, ii–q, iii–p) is correct. 'It is no use' always takes a gerund: 'trying to explain' (i–r). 'Would rather' takes a bare infinitive: 'stay at home' (ii–q). In 'be used to', 'to' is a preposition requiring a gerund: 'working in a noisy environment' (iii–p). Option A pairs 'would rather' with the gerund 'trying' — 'would rather' never takes a gerund. Option B pairs 'it is no use' with the bare infinitive 'stay' — a bare infinitive cannot follow 'no use'. Option C pairs 'be used to' with 'stay at home' — the bare infinitive after the preposition 'to' is wrong.",s-eng-10-1-2,medium,ai-generated,false,B,"i–q, ii–p, iii–r",false,2
q-eng10.1-32,ENG10.1,mc,"Match Column A with Column B for grammatical correctness. Which option correctly pairs ALL THREE? Column A: (i) It is no use  (ii) She would rather  (iii) We are used to — Column B: (p) working in a noisy environment  (q) stay at home  (r) trying to explain","Option D (i–r, ii–q, iii–p) is correct. 'It is no use' always takes a gerund: 'trying to explain' (i–r). 'Would rather' takes a bare infinitive: 'stay at home' (ii–q). In 'be used to', 'to' is a preposition requiring a gerund: 'working in a noisy environment' (iii–p). Option A pairs 'would rather' with the gerund 'trying' — 'would rather' never takes a gerund. Option B pairs 'it is no use' with the bare infinitive 'stay' — a bare infinitive cannot follow 'no use'. Option C pairs 'be used to' with 'stay at home' — the bare infinitive after the preposition 'to' is wrong.",s-eng-10-1-2,medium,ai-generated,false,C,"i–r, ii–p, iii–q",false,3
q-eng10.1-32,ENG10.1,mc,"Match Column A with Column B for grammatical correctness. Which option correctly pairs ALL THREE? Column A: (i) It is no use  (ii) She would rather  (iii) We are used to — Column B: (p) working in a noisy environment  (q) stay at home  (r) trying to explain","Option D (i–r, ii–q, iii–p) is correct. 'It is no use' always takes a gerund: 'trying to explain' (i–r). 'Would rather' takes a bare infinitive: 'stay at home' (ii–q). In 'be used to', 'to' is a preposition requiring a gerund: 'working in a noisy environment' (iii–p). Option A pairs 'would rather' with the gerund 'trying' — 'would rather' never takes a gerund. Option B pairs 'it is no use' with the bare infinitive 'stay' — a bare infinitive cannot follow 'no use'. Option C pairs 'be used to' with 'stay at home' — the bare infinitive after the preposition 'to' is wrong.",s-eng-10-1-2,medium,ai-generated,false,D,"i–r, ii–q, iii–p",true,4
q-eng10.1-33,ENG10.1,mc,"Match Column A with Column B for grammatical correctness. Which option correctly pairs ALL THREE? Column A: (i) She congratulated him  (ii) He accused her  (iii) They insisted — Column B: (p) on winning the award  (q) that he proceed immediately  (r) of stealing the documents","Option B (i–p, ii–r, iii–q) is correct. 'Congratulate + on + gerund/noun': 'congratulated him on winning' (i–p). 'Accuse + of + gerund/noun': 'accused her of stealing' (ii–r). 'Insist + that + bare subjunctive': 'insisted that he proceed' (iii–q). Option A pairs 'congratulated' with 'of stealing' — the collocation is 'congratulate on', not 'congratulate of'. Option C pairs 'congratulated' with the 'that'-clause — 'congratulate' does not take a 'that'-clause. Option D pairs 'insisted' with 'of stealing' — 'insist' takes 'on + gerund' or 'that + clause', not 'of + gerund'.",s-eng-10-1-2,hard,ai-generated,false,A,"i–r, ii–p, iii–q",false,1
q-eng10.1-33,ENG10.1,mc,"Match Column A with Column B for grammatical correctness. Which option correctly pairs ALL THREE? Column A: (i) She congratulated him  (ii) He accused her  (iii) They insisted — Column B: (p) on winning the award  (q) that he proceed immediately  (r) of stealing the documents","Option B (i–p, ii–r, iii–q) is correct. 'Congratulate + on + gerund/noun': 'congratulated him on winning' (i–p). 'Accuse + of + gerund/noun': 'accused her of stealing' (ii–r). 'Insist + that + bare subjunctive': 'insisted that he proceed' (iii–q). Option A pairs 'congratulated' with 'of stealing' — the collocation is 'congratulate on', not 'congratulate of'. Option C pairs 'congratulated' with the 'that'-clause — 'congratulate' does not take a 'that'-clause. Option D pairs 'insisted' with 'of stealing' — 'insist' takes 'on + gerund' or 'that + clause', not 'of + gerund'.",s-eng-10-1-2,hard,ai-generated,false,B,"i–p, ii–r, iii–q",true,2
q-eng10.1-33,ENG10.1,mc,"Match Column A with Column B for grammatical correctness. Which option correctly pairs ALL THREE? Column A: (i) She congratulated him  (ii) He accused her  (iii) They insisted — Column B: (p) on winning the award  (q) that he proceed immediately  (r) of stealing the documents","Option B (i–p, ii–r, iii–q) is correct. 'Congratulate + on + gerund/noun': 'congratulated him on winning' (i–p). 'Accuse + of + gerund/noun': 'accused her of stealing' (ii–r). 'Insist + that + bare subjunctive': 'insisted that he proceed' (iii–q). Option A pairs 'congratulated' with 'of stealing' — the collocation is 'congratulate on', not 'congratulate of'. Option C pairs 'congratulated' with the 'that'-clause — 'congratulate' does not take a 'that'-clause. Option D pairs 'insisted' with 'of stealing' — 'insist' takes 'on + gerund' or 'that + clause', not 'of + gerund'.",s-eng-10-1-2,hard,ai-generated,false,C,"i–q, ii–p, iii–r",false,3
q-eng10.1-33,ENG10.1,mc,"Match Column A with Column B for grammatical correctness. Which option correctly pairs ALL THREE? Column A: (i) She congratulated him  (ii) He accused her  (iii) They insisted — Column B: (p) on winning the award  (q) that he proceed immediately  (r) of stealing the documents","Option B (i–p, ii–r, iii–q) is correct. 'Congratulate + on + gerund/noun': 'congratulated him on winning' (i–p). 'Accuse + of + gerund/noun': 'accused her of stealing' (ii–r). 'Insist + that + bare subjunctive': 'insisted that he proceed' (iii–q). Option A pairs 'congratulated' with 'of stealing' — the collocation is 'congratulate on', not 'congratulate of'. Option C pairs 'congratulated' with the 'that'-clause — 'congratulate' does not take a 'that'-clause. Option D pairs 'insisted' with 'of stealing' — 'insist' takes 'on + gerund' or 'that + clause', not 'of + gerund'.",s-eng-10-1-2,hard,ai-generated,false,D,"i–p, ii–q, iii–r",false,4
q-eng10.1-34,ENG10.1,mc,"Match Column A with Column B for grammatical correctness. Which option correctly pairs ALL THREE? Column A: (i) The proposal needs  (ii) I prefer swimming  (iii) He forgot — Column B: (p) to buy milk on his way home  (q) to be revised carefully  (r) to cycling","Option A (i–q, ii–r, iii–p) is correct. 'Need + to be + past participle' expresses passive necessity: 'needs to be revised' (i–q). 'Prefer X to Y' requires a noun or gerund after the comparative 'to': 'prefer swimming to cycling' (ii–r). 'Forget + to-infinitive' means to fail to do a future task: 'forgot to buy milk' (iii–p). Option B pairs (i) with 'to cycling' — 'needs to cycling' is ungrammatical. Option C pairs (i) with 'to buy milk' — 'needs to buy milk' would make the proposal an active agent, not a passive object in need of revision. Option D pairs 'forgot' with 'to cycling' — 'to cycling' cannot grammatically follow 'forgot'.",s-eng-10-1-2,hard,ai-generated,false,A,"i–q, ii–r, iii–p",true,1
q-eng10.1-34,ENG10.1,mc,"Match Column A with Column B for grammatical correctness. Which option correctly pairs ALL THREE? Column A: (i) The proposal needs  (ii) I prefer swimming  (iii) He forgot — Column B: (p) to buy milk on his way home  (q) to be revised carefully  (r) to cycling","Option A (i–q, ii–r, iii–p) is correct. 'Need + to be + past participle' expresses passive necessity: 'needs to be revised' (i–q). 'Prefer X to Y' requires a noun or gerund after the comparative 'to': 'prefer swimming to cycling' (ii–r). 'Forget + to-infinitive' means to fail to do a future task: 'forgot to buy milk' (iii–p). Option B pairs (i) with 'to cycling' — 'needs to cycling' is ungrammatical. Option C pairs (i) with 'to buy milk' — 'needs to buy milk' would make the proposal an active agent, not a passive object in need of revision. Option D pairs 'forgot' with 'to cycling' — 'to cycling' cannot grammatically follow 'forgot'.",s-eng-10-1-2,hard,ai-generated,false,B,"i–r, ii–p, iii–q",false,2
q-eng10.1-34,ENG10.1,mc,"Match Column A with Column B for grammatical correctness. Which option correctly pairs ALL THREE? Column A: (i) The proposal needs  (ii) I prefer swimming  (iii) He forgot — Column B: (p) to buy milk on his way home  (q) to be revised carefully  (r) to cycling","Option A (i–q, ii–r, iii–p) is correct. 'Need + to be + past participle' expresses passive necessity: 'needs to be revised' (i–q). 'Prefer X to Y' requires a noun or gerund after the comparative 'to': 'prefer swimming to cycling' (ii–r). 'Forget + to-infinitive' means to fail to do a future task: 'forgot to buy milk' (iii–p). Option B pairs (i) with 'to cycling' — 'needs to cycling' is ungrammatical. Option C pairs (i) with 'to buy milk' — 'needs to buy milk' would make the proposal an active agent, not a passive object in need of revision. Option D pairs 'forgot' with 'to cycling' — 'to cycling' cannot grammatically follow 'forgot'.",s-eng-10-1-2,hard,ai-generated,false,C,"i–p, ii–q, iii–r",false,3
q-eng10.1-34,ENG10.1,mc,"Match Column A with Column B for grammatical correctness. Which option correctly pairs ALL THREE? Column A: (i) The proposal needs  (ii) I prefer swimming  (iii) He forgot — Column B: (p) to buy milk on his way home  (q) to be revised carefully  (r) to cycling","Option A (i–q, ii–r, iii–p) is correct. 'Need + to be + past participle' expresses passive necessity: 'needs to be revised' (i–q). 'Prefer X to Y' requires a noun or gerund after the comparative 'to': 'prefer swimming to cycling' (ii–r). 'Forget + to-infinitive' means to fail to do a future task: 'forgot to buy milk' (iii–p). Option B pairs (i) with 'to cycling' — 'needs to cycling' is ungrammatical. Option C pairs (i) with 'to buy milk' — 'needs to buy milk' would make the proposal an active agent, not a passive object in need of revision. Option D pairs 'forgot' with 'to cycling' — 'to cycling' cannot grammatically follow 'forgot'.",s-eng-10-1-2,hard,ai-generated,false,D,"i–q, ii–p, iii–r",false,4
q-eng10.1-35,ENG10.1,mc,"Match Column A with Column B for grammatical correctness. Which option correctly pairs ALL THREE? Column A: (i) I remember  (ii) He stopped  (iii) She tried — Column B: (p) to call the doctor  (q) seeing her at the station last week  (r) smoking two years ago","Option C (i–q, ii–r, iii–p) is correct. 'Remember + gerund' means to recall a past event: 'remember seeing her last week' (i–q). 'Stop + gerund' means to give up a habit permanently: 'stopped smoking' (ii–r). 'Try + to-infinitive' means to make an attempt: 'tried to call' (iii–p). Option A pairs 'remember' with 'to call' — 'remember + to-infinitive' means to remember to do something in the future, which contradicts 'last week'. Option B pairs 'stopped' with 'to call' — 'stop + to-infinitive' means to pause in order to do something, not quit. Option D pairs 'tried' with 'smoking' — 'try + gerund' means to experiment with something, changing the meaning from attempt.",s-eng-10-1-2,hard,ai-generated,false,A,"i–r, ii–q, iii–p",false,1
q-eng10.1-35,ENG10.1,mc,"Match Column A with Column B for grammatical correctness. Which option correctly pairs ALL THREE? Column A: (i) I remember  (ii) He stopped  (iii) She tried — Column B: (p) to call the doctor  (q) seeing her at the station last week  (r) smoking two years ago","Option C (i–q, ii–r, iii–p) is correct. 'Remember + gerund' means to recall a past event: 'remember seeing her last week' (i–q). 'Stop + gerund' means to give up a habit permanently: 'stopped smoking' (ii–r). 'Try + to-infinitive' means to make an attempt: 'tried to call' (iii–p). Option A pairs 'remember' with 'to call' — 'remember + to-infinitive' means to remember to do something in the future, which contradicts 'last week'. Option B pairs 'stopped' with 'to call' — 'stop + to-infinitive' means to pause in order to do something, not quit. Option D pairs 'tried' with 'smoking' — 'try + gerund' means to experiment with something, changing the meaning from attempt.",s-eng-10-1-2,hard,ai-generated,false,B,"i–p, ii–r, iii–q",false,2
q-eng10.1-35,ENG10.1,mc,"Match Column A with Column B for grammatical correctness. Which option correctly pairs ALL THREE? Column A: (i) I remember  (ii) He stopped  (iii) She tried — Column B: (p) to call the doctor  (q) seeing her at the station last week  (r) smoking two years ago","Option C (i–q, ii–r, iii–p) is correct. 'Remember + gerund' means to recall a past event: 'remember seeing her last week' (i–q). 'Stop + gerund' means to give up a habit permanently: 'stopped smoking' (ii–r). 'Try + to-infinitive' means to make an attempt: 'tried to call' (iii–p). Option A pairs 'remember' with 'to call' — 'remember + to-infinitive' means to remember to do something in the future, which contradicts 'last week'. Option B pairs 'stopped' with 'to call' — 'stop + to-infinitive' means to pause in order to do something, not quit. Option D pairs 'tried' with 'smoking' — 'try + gerund' means to experiment with something, changing the meaning from attempt.",s-eng-10-1-2,hard,ai-generated,false,C,"i–q, ii–r, iii–p",true,3
q-eng10.1-35,ENG10.1,mc,"Match Column A with Column B for grammatical correctness. Which option correctly pairs ALL THREE? Column A: (i) I remember  (ii) He stopped  (iii) She tried — Column B: (p) to call the doctor  (q) seeing her at the station last week  (r) smoking two years ago","Option C (i–q, ii–r, iii–p) is correct. 'Remember + gerund' means to recall a past event: 'remember seeing her last week' (i–q). 'Stop + gerund' means to give up a habit permanently: 'stopped smoking' (ii–r). 'Try + to-infinitive' means to make an attempt: 'tried to call' (iii–p). Option A pairs 'remember' with 'to call' — 'remember + to-infinitive' means to remember to do something in the future, which contradicts 'last week'. Option B pairs 'stopped' with 'to call' — 'stop + to-infinitive' means to pause in order to do something, not quit. Option D pairs 'tried' with 'smoking' — 'try + gerund' means to experiment with something, changing the meaning from attempt.",s-eng-10-1-2,hard,ai-generated,false,D,"i–q, ii–p, iii–r",false,4
q-eng10.1-36,ENG10.1,mc,"Match Column A with Column B for grammatical correctness. Which option correctly pairs ALL THREE? Column A: (i) The teacher made  (ii) The parents let  (iii) He was allowed — Column B: (p) to attend the concert  (q) their children stay up late  (r) the students redo the exercise","Option D (i–r, ii–q, iii–p) is correct. Active causative 'make + object + bare infinitive': 'made the students redo' (i–r). Active causative 'let + object + bare infinitive': 'let their children stay up late' (ii–q). Passive 'be allowed + to-infinitive': 'was allowed to attend' (iii–p). Option A places 'to attend' with 'let' — 'let' always requires a bare infinitive, never 'to + infinitive'. Option B places 'to attend' with 'made' — the active causative 'make' also requires a bare infinitive. Option C correctly pairs (i) but assigns 'to attend' to 'let' — the same error as Option A.",s-eng-10-1-2,medium,ai-generated,false,A,"i–p, ii–r, iii–q",false,1
q-eng10.1-36,ENG10.1,mc,"Match Column A with Column B for grammatical correctness. Which option correctly pairs ALL THREE? Column A: (i) The teacher made  (ii) The parents let  (iii) He was allowed — Column B: (p) to attend the concert  (q) their children stay up late  (r) the students redo the exercise","Option D (i–r, ii–q, iii–p) is correct. Active causative 'make + object + bare infinitive': 'made the students redo' (i–r). Active causative 'let + object + bare infinitive': 'let their children stay up late' (ii–q). Passive 'be allowed + to-infinitive': 'was allowed to attend' (iii–p). Option A places 'to attend' with 'let' — 'let' always requires a bare infinitive, never 'to + infinitive'. Option B places 'to attend' with 'made' — the active causative 'make' also requires a bare infinitive. Option C correctly pairs (i) but assigns 'to attend' to 'let' — the same error as Option A.",s-eng-10-1-2,medium,ai-generated,false,B,"i–q, ii–p, iii–r",false,2
q-eng10.1-36,ENG10.1,mc,"Match Column A with Column B for grammatical correctness. Which option correctly pairs ALL THREE? Column A: (i) The teacher made  (ii) The parents let  (iii) He was allowed — Column B: (p) to attend the concert  (q) their children stay up late  (r) the students redo the exercise","Option D (i–r, ii–q, iii–p) is correct. Active causative 'make + object + bare infinitive': 'made the students redo' (i–r). Active causative 'let + object + bare infinitive': 'let their children stay up late' (ii–q). Passive 'be allowed + to-infinitive': 'was allowed to attend' (iii–p). Option A places 'to attend' with 'let' — 'let' always requires a bare infinitive, never 'to + infinitive'. Option B places 'to attend' with 'made' — the active causative 'make' also requires a bare infinitive. Option C correctly pairs (i) but assigns 'to attend' to 'let' — the same error as Option A.",s-eng-10-1-2,medium,ai-generated,false,C,"i–r, ii–p, iii–q",false,3
q-eng10.1-36,ENG10.1,mc,"Match Column A with Column B for grammatical correctness. Which option correctly pairs ALL THREE? Column A: (i) The teacher made  (ii) The parents let  (iii) He was allowed — Column B: (p) to attend the concert  (q) their children stay up late  (r) the students redo the exercise","Option D (i–r, ii–q, iii–p) is correct. Active causative 'make + object + bare infinitive': 'made the students redo' (i–r). Active causative 'let + object + bare infinitive': 'let their children stay up late' (ii–q). Passive 'be allowed + to-infinitive': 'was allowed to attend' (iii–p). Option A places 'to attend' with 'let' — 'let' always requires a bare infinitive, never 'to + infinitive'. Option B places 'to attend' with 'made' — the active causative 'make' also requires a bare infinitive. Option C correctly pairs (i) but assigns 'to attend' to 'let' — the same error as Option A.",s-eng-10-1-2,medium,ai-generated,false,D,"i–r, ii–q, iii–p",true,4
q-eng10.1-37,ENG10.1,mc,"Match Column A with Column B for grammatical correctness. Which option correctly pairs ALL THREE? Column A: (i) He denied  (ii) She decided  (iii) They avoided — Column B: (p) discussing the controversial issue  (q) having taken the money  (r) to resign from the post","Option A (i–q, ii–r, iii–p) is correct. 'Deny + gerund (perfect gerund)': 'denied having taken' expresses denial of a past action (i–q). 'Decide + to-infinitive': 'decided to resign' (ii–r). 'Avoid + gerund': 'avoided discussing' (iii–p). Option B pairs 'denied' with 'to resign' — 'deny' is always followed by a gerund, never a to-infinitive. Option C pairs 'avoided' with 'to resign' — 'avoid' also always takes a gerund. Option D pairs 'decided' with 'discussing' — 'decide' requires a to-infinitive, not a gerund.",s-eng-10-1-2,medium,ai-generated,false,A,"i–q, ii–r, iii–p",true,1
q-eng10.1-37,ENG10.1,mc,"Match Column A with Column B for grammatical correctness. Which option correctly pairs ALL THREE? Column A: (i) He denied  (ii) She decided  (iii) They avoided — Column B: (p) discussing the controversial issue  (q) having taken the money  (r) to resign from the post","Option A (i–q, ii–r, iii–p) is correct. 'Deny + gerund (perfect gerund)': 'denied having taken' expresses denial of a past action (i–q). 'Decide + to-infinitive': 'decided to resign' (ii–r). 'Avoid + gerund': 'avoided discussing' (iii–p). Option B pairs 'denied' with 'to resign' — 'deny' is always followed by a gerund, never a to-infinitive. Option C pairs 'avoided' with 'to resign' — 'avoid' also always takes a gerund. Option D pairs 'decided' with 'discussing' — 'decide' requires a to-infinitive, not a gerund.",s-eng-10-1-2,medium,ai-generated,false,B,"i–r, ii–p, iii–q",false,2
q-eng10.1-37,ENG10.1,mc,"Match Column A with Column B for grammatical correctness. Which option correctly pairs ALL THREE? Column A: (i) He denied  (ii) She decided  (iii) They avoided — Column B: (p) discussing the controversial issue  (q) having taken the money  (r) to resign from the post","Option A (i–q, ii–r, iii–p) is correct. 'Deny + gerund (perfect gerund)': 'denied having taken' expresses denial of a past action (i–q). 'Decide + to-infinitive': 'decided to resign' (ii–r). 'Avoid + gerund': 'avoided discussing' (iii–p). Option B pairs 'denied' with 'to resign' — 'deny' is always followed by a gerund, never a to-infinitive. Option C pairs 'avoided' with 'to resign' — 'avoid' also always takes a gerund. Option D pairs 'decided' with 'discussing' — 'decide' requires a to-infinitive, not a gerund.",s-eng-10-1-2,medium,ai-generated,false,C,"i–p, ii–q, iii–r",false,3
q-eng10.1-37,ENG10.1,mc,"Match Column A with Column B for grammatical correctness. Which option correctly pairs ALL THREE? Column A: (i) He denied  (ii) She decided  (iii) They avoided — Column B: (p) discussing the controversial issue  (q) having taken the money  (r) to resign from the post","Option A (i–q, ii–r, iii–p) is correct. 'Deny + gerund (perfect gerund)': 'denied having taken' expresses denial of a past action (i–q). 'Decide + to-infinitive': 'decided to resign' (ii–r). 'Avoid + gerund': 'avoided discussing' (iii–p). Option B pairs 'denied' with 'to resign' — 'deny' is always followed by a gerund, never a to-infinitive. Option C pairs 'avoided' with 'to resign' — 'avoid' also always takes a gerund. Option D pairs 'decided' with 'discussing' — 'decide' requires a to-infinitive, not a gerund.",s-eng-10-1-2,medium,ai-generated,false,D,"i–q, ii–p, iii–r",false,4
q-eng10.1-38,ENG10.1,mc,"Match Column A with Column B for grammatical correctness. Which option correctly pairs ALL THREE? Column A: (i) She is known  (ii) He seems  (iii) They are believed — Column B: (p) to have discovered a new species  (q) for her generosity  (r) to be tired","Option B (i–q, ii–r, iii–p) is correct. 'Be known + for + noun': 'known for her generosity' (i–q). 'Seem + to-infinitive': 'seems to be tired' (ii–r). 'Be believed + perfect to-infinitive': 'are believed to have discovered' (iii–p). Option A pairs 'known' with 'to be tired' — 'known + to-infinitive' implies habitual behaviour; 'known for + noun' is the correct pattern for indicating a characteristic. Option C swaps (i) and (iii), giving 'known to have discovered' and 'believed for her generosity' — the second is wrong since 'be believed' takes a to-infinitive, not 'for'. Option D pairs 'seems' with 'for her generosity' — 'seem' always takes a to-infinitive, not 'for + noun'.",s-eng-10-1-2,hard,ai-generated,false,A,"i–r, ii–p, iii–q",false,1
q-eng10.1-38,ENG10.1,mc,"Match Column A with Column B for grammatical correctness. Which option correctly pairs ALL THREE? Column A: (i) She is known  (ii) He seems  (iii) They are believed — Column B: (p) to have discovered a new species  (q) for her generosity  (r) to be tired","Option B (i–q, ii–r, iii–p) is correct. 'Be known + for + noun': 'known for her generosity' (i–q). 'Seem + to-infinitive': 'seems to be tired' (ii–r). 'Be believed + perfect to-infinitive': 'are believed to have discovered' (iii–p). Option A pairs 'known' with 'to be tired' — 'known + to-infinitive' implies habitual behaviour; 'known for + noun' is the correct pattern for indicating a characteristic. Option C swaps (i) and (iii), giving 'known to have discovered' and 'believed for her generosity' — the second is wrong since 'be believed' takes a to-infinitive, not 'for'. Option D pairs 'seems' with 'for her generosity' — 'seem' always takes a to-infinitive, not 'for + noun'.",s-eng-10-1-2,hard,ai-generated,false,B,"i–q, ii–r, iii–p",true,2
q-eng10.1-38,ENG10.1,mc,"Match Column A with Column B for grammatical correctness. Which option correctly pairs ALL THREE? Column A: (i) She is known  (ii) He seems  (iii) They are believed — Column B: (p) to have discovered a new species  (q) for her generosity  (r) to be tired","Option B (i–q, ii–r, iii–p) is correct. 'Be known + for + noun': 'known for her generosity' (i–q). 'Seem + to-infinitive': 'seems to be tired' (ii–r). 'Be believed + perfect to-infinitive': 'are believed to have discovered' (iii–p). Option A pairs 'known' with 'to be tired' — 'known + to-infinitive' implies habitual behaviour; 'known for + noun' is the correct pattern for indicating a characteristic. Option C swaps (i) and (iii), giving 'known to have discovered' and 'believed for her generosity' — the second is wrong since 'be believed' takes a to-infinitive, not 'for'. Option D pairs 'seems' with 'for her generosity' — 'seem' always takes a to-infinitive, not 'for + noun'.",s-eng-10-1-2,hard,ai-generated,false,C,"i–p, ii–q, iii–r",false,3
q-eng10.1-38,ENG10.1,mc,"Match Column A with Column B for grammatical correctness. Which option correctly pairs ALL THREE? Column A: (i) She is known  (ii) He seems  (iii) They are believed — Column B: (p) to have discovered a new species  (q) for her generosity  (r) to be tired","Option B (i–q, ii–r, iii–p) is correct. 'Be known + for + noun': 'known for her generosity' (i–q). 'Seem + to-infinitive': 'seems to be tired' (ii–r). 'Be believed + perfect to-infinitive': 'are believed to have discovered' (iii–p). Option A pairs 'known' with 'to be tired' — 'known + to-infinitive' implies habitual behaviour; 'known for + noun' is the correct pattern for indicating a characteristic. Option C swaps (i) and (iii), giving 'known to have discovered' and 'believed for her generosity' — the second is wrong since 'be believed' takes a to-infinitive, not 'for'. Option D pairs 'seems' with 'for her generosity' — 'seem' always takes a to-infinitive, not 'for + noun'.",s-eng-10-1-2,hard,ai-generated,false,D,"i–p, ii–r, iii–q",false,4
q-eng10.1-39,ENG10.1,mc,"Match Column A with Column B for grammatical correctness. Which option correctly pairs ALL THREE? Column A: (i) I am not used to  (ii) She is looking forward to  (iii) He refused — Column B: (p) to help anyone  (q) getting feedback from her boss  (r) waking up early","Option D (i–r, ii–q, iii–p) is correct. In 'be not used to', 'to' is a preposition requiring a gerund: 'waking up early' (i–r). In 'look forward to', 'to' is also a preposition requiring a gerund: 'getting feedback' (ii–q). 'Refuse + to-infinitive': 'refused to help' (iii–p). Option A pairs (i) with 'to help' — a to-infinitive directly after the preposition 'to' is wrong. Option B pairs (i) with 'getting feedback' (correct form) but then gives 'look forward to' the to-infinitive 'to help' — wrong after the preposition 'to'. Option C pairs 'look forward to' with 'to help' — same error: to-infinitive after the preposition 'to' is wrong.",s-eng-10-1-2,medium,ai-generated,false,A,"i–p, ii–r, iii–q",false,1
q-eng10.1-39,ENG10.1,mc,"Match Column A with Column B for grammatical correctness. Which option correctly pairs ALL THREE? Column A: (i) I am not used to  (ii) She is looking forward to  (iii) He refused — Column B: (p) to help anyone  (q) getting feedback from her boss  (r) waking up early","Option D (i–r, ii–q, iii–p) is correct. In 'be not used to', 'to' is a preposition requiring a gerund: 'waking up early' (i–r). In 'look forward to', 'to' is also a preposition requiring a gerund: 'getting feedback' (ii–q). 'Refuse + to-infinitive': 'refused to help' (iii–p). Option A pairs (i) with 'to help' — a to-infinitive directly after the preposition 'to' is wrong. Option B pairs (i) with 'getting feedback' (correct form) but then gives 'look forward to' the to-infinitive 'to help' — wrong after the preposition 'to'. Option C pairs 'look forward to' with 'to help' — same error: to-infinitive after the preposition 'to' is wrong.",s-eng-10-1-2,medium,ai-generated,false,B,"i–q, ii–p, iii–r",false,2
q-eng10.1-39,ENG10.1,mc,"Match Column A with Column B for grammatical correctness. Which option correctly pairs ALL THREE? Column A: (i) I am not used to  (ii) She is looking forward to  (iii) He refused — Column B: (p) to help anyone  (q) getting feedback from her boss  (r) waking up early","Option D (i–r, ii–q, iii–p) is correct. In 'be not used to', 'to' is a preposition requiring a gerund: 'waking up early' (i–r). In 'look forward to', 'to' is also a preposition requiring a gerund: 'getting feedback' (ii–q). 'Refuse + to-infinitive': 'refused to help' (iii–p). Option A pairs (i) with 'to help' — a to-infinitive directly after the preposition 'to' is wrong. Option B pairs (i) with 'getting feedback' (correct form) but then gives 'look forward to' the to-infinitive 'to help' — wrong after the preposition 'to'. Option C pairs 'look forward to' with 'to help' — same error: to-infinitive after the preposition 'to' is wrong.",s-eng-10-1-2,medium,ai-generated,false,C,"i–r, ii–p, iii–q",false,3
q-eng10.1-39,ENG10.1,mc,"Match Column A with Column B for grammatical correctness. Which option correctly pairs ALL THREE? Column A: (i) I am not used to  (ii) She is looking forward to  (iii) He refused — Column B: (p) to help anyone  (q) getting feedback from her boss  (r) waking up early","Option D (i–r, ii–q, iii–p) is correct. In 'be not used to', 'to' is a preposition requiring a gerund: 'waking up early' (i–r). In 'look forward to', 'to' is also a preposition requiring a gerund: 'getting feedback' (ii–q). 'Refuse + to-infinitive': 'refused to help' (iii–p). Option A pairs (i) with 'to help' — a to-infinitive directly after the preposition 'to' is wrong. Option B pairs (i) with 'getting feedback' (correct form) but then gives 'look forward to' the to-infinitive 'to help' — wrong after the preposition 'to'. Option C pairs 'look forward to' with 'to help' — same error: to-infinitive after the preposition 'to' is wrong.",s-eng-10-1-2,medium,ai-generated,false,D,"i–r, ii–q, iii–p",true,4
q-eng10.1-40,ENG10.1,mc,"Match Column A with Column B for grammatical correctness. Which option correctly pairs ALL THREE? Column A: (i) He had better  (ii) They enjoy  (iii) She was made — Column B: (p) to redo the assignment  (q) camping by the river  (r) leave the room immediately","Option C (i–r, ii–q, iii–p) is correct. 'Had better + bare infinitive': 'had better leave immediately' (i–r). 'Enjoy + gerund': 'enjoy camping' (ii–q). Passive causative 'be made + to-infinitive': 'was made to redo' (iii–p). Option A pairs 'had better' with 'to redo' — 'had better' never takes 'to + infinitive'. Option B pairs 'enjoy' with 'to redo' — 'enjoy' always takes a gerund, never a to-infinitive. Option D pairs 'had better' correctly with the bare infinitive but gives 'enjoy' the to-infinitive 'to redo' and 'was made' the gerund 'camping' — both are wrong.",s-eng-10-1-2,medium,ai-generated,false,A,"i–p, ii–r, iii–q",false,1
q-eng10.1-40,ENG10.1,mc,"Match Column A with Column B for grammatical correctness. Which option correctly pairs ALL THREE? Column A: (i) He had better  (ii) They enjoy  (iii) She was made — Column B: (p) to redo the assignment  (q) camping by the river  (r) leave the room immediately","Option C (i–r, ii–q, iii–p) is correct. 'Had better + bare infinitive': 'had better leave immediately' (i–r). 'Enjoy + gerund': 'enjoy camping' (ii–q). Passive causative 'be made + to-infinitive': 'was made to redo' (iii–p). Option A pairs 'had better' with 'to redo' — 'had better' never takes 'to + infinitive'. Option B pairs 'enjoy' with 'to redo' — 'enjoy' always takes a gerund, never a to-infinitive. Option D pairs 'had better' correctly with the bare infinitive but gives 'enjoy' the to-infinitive 'to redo' and 'was made' the gerund 'camping' — both are wrong.",s-eng-10-1-2,medium,ai-generated,false,B,"i–q, ii–p, iii–r",false,2
q-eng10.1-40,ENG10.1,mc,"Match Column A with Column B for grammatical correctness. Which option correctly pairs ALL THREE? Column A: (i) He had better  (ii) They enjoy  (iii) She was made — Column B: (p) to redo the assignment  (q) camping by the river  (r) leave the room immediately","Option C (i–r, ii–q, iii–p) is correct. 'Had better + bare infinitive': 'had better leave immediately' (i–r). 'Enjoy + gerund': 'enjoy camping' (ii–q). Passive causative 'be made + to-infinitive': 'was made to redo' (iii–p). Option A pairs 'had better' with 'to redo' — 'had better' never takes 'to + infinitive'. Option B pairs 'enjoy' with 'to redo' — 'enjoy' always takes a gerund, never a to-infinitive. Option D pairs 'had better' correctly with the bare infinitive but gives 'enjoy' the to-infinitive 'to redo' and 'was made' the gerund 'camping' — both are wrong.",s-eng-10-1-2,medium,ai-generated,false,C,"i–r, ii–q, iii–p",true,3
q-eng10.1-40,ENG10.1,mc,"Match Column A with Column B for grammatical correctness. Which option correctly pairs ALL THREE? Column A: (i) He had better  (ii) They enjoy  (iii) She was made — Column B: (p) to redo the assignment  (q) camping by the river  (r) leave the room immediately","Option C (i–r, ii–q, iii–p) is correct. 'Had better + bare infinitive': 'had better leave immediately' (i–r). 'Enjoy + gerund': 'enjoy camping' (ii–q). Passive causative 'be made + to-infinitive': 'was made to redo' (iii–p). Option A pairs 'had better' with 'to redo' — 'had better' never takes 'to + infinitive'. Option B pairs 'enjoy' with 'to redo' — 'enjoy' always takes a gerund, never a to-infinitive. Option D pairs 'had better' correctly with the bare infinitive but gives 'enjoy' the to-infinitive 'to redo' and 'was made' the gerund 'camping' — both are wrong.",s-eng-10-1-2,medium,ai-generated,false,D,"i–r, ii–p, iii–q",false,4
