question_ref,lo_code,question_type,question_text,explanation,subtopic_codes,difficulty,source,verified,option_key,option_text,answer_value,sort_order
q-eng11.2-01,ENG11.2,mc,"Read the statement and choose the conclusion that most logically follows: 'All managers in the company must attend the annual conference.'","Option C correctly applies a subset inference — if all managers must attend, then any specific manager (Priya) must also attend. Option A commits the reverse implication fallacy — the statement says all managers attend, not that all attendees are managers. Option B overreaches by claiming none of the non-managerial employees will attend — the statement makes no claim about who else might attend. Option D broadens 'managers' to 'all employees', which is a direct factual overreach not supported by the statement.",k-eng-11-2-1,easy,ai-generated,false,A,All those who attend the annual conference are managers.,false,1
q-eng11.2-01,ENG11.2,mc,"Read the statement and choose the conclusion that most logically follows: 'All managers in the company must attend the annual conference.'","Option C correctly applies a subset inference — if all managers must attend, then any specific manager (Priya) must also attend. Option A commits the reverse implication fallacy — the statement says all managers attend, not that all attendees are managers. Option B overreaches by claiming none of the non-managerial employees will attend — the statement makes no claim about who else might attend. Option D broadens 'managers' to 'all employees', which is a direct factual overreach not supported by the statement.",k-eng-11-2-1,easy,ai-generated,false,B,None of the non-managerial employees will attend the conference.,false,2
q-eng11.2-01,ENG11.2,mc,"Read the statement and choose the conclusion that most logically follows: 'All managers in the company must attend the annual conference.'","Option C correctly applies a subset inference — if all managers must attend, then any specific manager (Priya) must also attend. Option A commits the reverse implication fallacy — the statement says all managers attend, not that all attendees are managers. Option B overreaches by claiming none of the non-managerial employees will attend — the statement makes no claim about who else might attend. Option D broadens 'managers' to 'all employees', which is a direct factual overreach not supported by the statement.",k-eng-11-2-1,easy,ai-generated,false,C,"If Priya is a manager in the company, she must attend the conference.",true,3
q-eng11.2-01,ENG11.2,mc,"Read the statement and choose the conclusion that most logically follows: 'All managers in the company must attend the annual conference.'","Option C correctly applies a subset inference — if all managers must attend, then any specific manager (Priya) must also attend. Option A commits the reverse implication fallacy — the statement says all managers attend, not that all attendees are managers. Option B overreaches by claiming none of the non-managerial employees will attend — the statement makes no claim about who else might attend. Option D broadens 'managers' to 'all employees', which is a direct factual overreach not supported by the statement.",k-eng-11-2-1,easy,ai-generated,false,D,The annual conference is mandatory for all employees.,false,4
q-eng11.2-02,ENG11.2,mc,"Read the statement and choose the conclusion that most logically follows: 'Most students in the class passed the examination.'","Option B necessarily follows — if 'most' passed, then by definition some did not; 'most' cannot mean 'all'. Option A overreaches by replacing 'most' with 'all', which is a classic quantifier error. Option C directly contradicts the inference from 'most' — if most passed, some failed, meaning C is false. Option D introduces outside speculation about the exam's difficulty, which is not stated or implied in the original.",k-eng-11-2-1,easy,ai-generated,false,A,All students in the class passed the examination.,false,1
q-eng11.2-02,ENG11.2,mc,"Read the statement and choose the conclusion that most logically follows: 'Most students in the class passed the examination.'","Option B necessarily follows — if 'most' passed, then by definition some did not; 'most' cannot mean 'all'. Option A overreaches by replacing 'most' with 'all', which is a classic quantifier error. Option C directly contradicts the inference from 'most' — if most passed, some failed, meaning C is false. Option D introduces outside speculation about the exam's difficulty, which is not stated or implied in the original.",k-eng-11-2-1,easy,ai-generated,false,B,Some students in the class did not pass the examination.,true,2
q-eng11.2-02,ENG11.2,mc,"Read the statement and choose the conclusion that most logically follows: 'Most students in the class passed the examination.'","Option B necessarily follows — if 'most' passed, then by definition some did not; 'most' cannot mean 'all'. Option A overreaches by replacing 'most' with 'all', which is a classic quantifier error. Option C directly contradicts the inference from 'most' — if most passed, some failed, meaning C is false. Option D introduces outside speculation about the exam's difficulty, which is not stated or implied in the original.",k-eng-11-2-1,easy,ai-generated,false,C,No student in the class failed the examination.,false,3
q-eng11.2-02,ENG11.2,mc,"Read the statement and choose the conclusion that most logically follows: 'Most students in the class passed the examination.'","Option B necessarily follows — if 'most' passed, then by definition some did not; 'most' cannot mean 'all'. Option A overreaches by replacing 'most' with 'all', which is a classic quantifier error. Option C directly contradicts the inference from 'most' — if most passed, some failed, meaning C is false. Option D introduces outside speculation about the exam's difficulty, which is not stated or implied in the original.",k-eng-11-2-1,easy,ai-generated,false,D,The examination was easy for the students.,false,4
q-eng11.2-03,ENG11.2,mc,"Read the statement and choose the conclusion that most logically follows: 'Whenever it rains in this city, the traffic on the main roads gets worse.'","Option D correctly applies the contrapositive — if rain causes worse traffic, then no worse traffic implies no rain; this is a logically valid inference. Option A overgeneralises by claiming traffic is 'always bad', whereas the statement limits worsening to rainy conditions only. Option B broadens scope to the whole country, whereas the statement refers only to 'this city'. Option C introduces a claim about road infrastructure quality that is not stated and constitutes outside knowledge.",k-eng-11-2-1,medium,ai-generated,false,A,The traffic in this city is always bad.,false,1
q-eng11.2-03,ENG11.2,mc,"Read the statement and choose the conclusion that most logically follows: 'Whenever it rains in this city, the traffic on the main roads gets worse.'","Option D correctly applies the contrapositive — if rain causes worse traffic, then no worse traffic implies no rain; this is a logically valid inference. Option A overgeneralises by claiming traffic is 'always bad', whereas the statement limits worsening to rainy conditions only. Option B broadens scope to the whole country, whereas the statement refers only to 'this city'. Option C introduces a claim about road infrastructure quality that is not stated and constitutes outside knowledge.",k-eng-11-2-1,medium,ai-generated,false,B,Rain causes traffic problems throughout the country.,false,2
q-eng11.2-03,ENG11.2,mc,"Read the statement and choose the conclusion that most logically follows: 'Whenever it rains in this city, the traffic on the main roads gets worse.'","Option D correctly applies the contrapositive — if rain causes worse traffic, then no worse traffic implies no rain; this is a logically valid inference. Option A overgeneralises by claiming traffic is 'always bad', whereas the statement limits worsening to rainy conditions only. Option B broadens scope to the whole country, whereas the statement refers only to 'this city'. Option C introduces a claim about road infrastructure quality that is not stated and constitutes outside knowledge.",k-eng-11-2-1,medium,ai-generated,false,C,The city has poor road infrastructure.,false,3
q-eng11.2-03,ENG11.2,mc,"Read the statement and choose the conclusion that most logically follows: 'Whenever it rains in this city, the traffic on the main roads gets worse.'","Option D correctly applies the contrapositive — if rain causes worse traffic, then no worse traffic implies no rain; this is a logically valid inference. Option A overgeneralises by claiming traffic is 'always bad', whereas the statement limits worsening to rainy conditions only. Option B broadens scope to the whole country, whereas the statement refers only to 'this city'. Option C introduces a claim about road infrastructure quality that is not stated and constitutes outside knowledge.",k-eng-11-2-1,medium,ai-generated,false,D,"If traffic on the main roads has not worsened, it has not rained.",true,4
q-eng11.2-04,ENG11.2,mc,"Read the statement and choose the conclusion that most logically follows: 'Some scientists who study climate do not believe that current changes are primarily human-caused.'","Option A is a direct and valid restatement — 'some scientists do not believe' is logically equivalent to 'not all scientists believe'. Option B replaces 'some' with 'most', upgrading the quantifier in a way that is not supported by the statement. Option C draws a factual conclusion about climate change itself rather than about the scientists' beliefs — the statement is about belief, not fact. Option D infers an equal split from 'some', specifying a proportion that is entirely unsupported.",k-eng-11-2-1,medium,ai-generated,false,A,Not all scientists who study climate believe the changes are primarily human-caused.,true,1
q-eng11.2-04,ENG11.2,mc,"Read the statement and choose the conclusion that most logically follows: 'Some scientists who study climate do not believe that current changes are primarily human-caused.'","Option A is a direct and valid restatement — 'some scientists do not believe' is logically equivalent to 'not all scientists believe'. Option B replaces 'some' with 'most', upgrading the quantifier in a way that is not supported by the statement. Option C draws a factual conclusion about climate change itself rather than about the scientists' beliefs — the statement is about belief, not fact. Option D infers an equal split from 'some', specifying a proportion that is entirely unsupported.",k-eng-11-2-1,medium,ai-generated,false,B,Most scientists who study climate believe the changes are not human-caused.,false,2
q-eng11.2-04,ENG11.2,mc,"Read the statement and choose the conclusion that most logically follows: 'Some scientists who study climate do not believe that current changes are primarily human-caused.'","Option A is a direct and valid restatement — 'some scientists do not believe' is logically equivalent to 'not all scientists believe'. Option B replaces 'some' with 'most', upgrading the quantifier in a way that is not supported by the statement. Option C draws a factual conclusion about climate change itself rather than about the scientists' beliefs — the statement is about belief, not fact. Option D infers an equal split from 'some', specifying a proportion that is entirely unsupported.",k-eng-11-2-1,medium,ai-generated,false,C,Climate change is not primarily caused by human activity.,false,3
q-eng11.2-04,ENG11.2,mc,"Read the statement and choose the conclusion that most logically follows: 'Some scientists who study climate do not believe that current changes are primarily human-caused.'","Option A is a direct and valid restatement — 'some scientists do not believe' is logically equivalent to 'not all scientists believe'. Option B replaces 'some' with 'most', upgrading the quantifier in a way that is not supported by the statement. Option C draws a factual conclusion about climate change itself rather than about the scientists' beliefs — the statement is about belief, not fact. Option D infers an equal split from 'some', specifying a proportion that is entirely unsupported.",k-eng-11-2-1,medium,ai-generated,false,D,Scientists who study climate are equally divided on this issue.,false,4
q-eng11.2-05,ENG11.2,mc,"Read the statement and choose the conclusion that most logically follows: 'No prescription drug can be sold without a valid doctor's prescription.'","Option B applies the contrapositive correctly — if every prescription drug requires a prescription, a drug sold without one cannot be a prescription drug. Option A reverses the relationship, claiming all valid prescriptions come from doctors for necessary drugs — this is unrelated to what was said. Option C speculates about doctor behaviour during consultations, introducing information absent from the statement. Option D compares the effectiveness of prescription and non-prescription drugs, which is entirely outside the scope of the statement.",k-eng-11-2-1,medium,ai-generated,false,A,All valid prescriptions are written by doctors for necessary drugs.,false,1
q-eng11.2-05,ENG11.2,mc,"Read the statement and choose the conclusion that most logically follows: 'No prescription drug can be sold without a valid doctor's prescription.'","Option B applies the contrapositive correctly — if every prescription drug requires a prescription, a drug sold without one cannot be a prescription drug. Option A reverses the relationship, claiming all valid prescriptions come from doctors for necessary drugs — this is unrelated to what was said. Option C speculates about doctor behaviour during consultations, introducing information absent from the statement. Option D compares the effectiveness of prescription and non-prescription drugs, which is entirely outside the scope of the statement.",k-eng-11-2-1,medium,ai-generated,false,B,A drug sold without a prescription is not a prescription drug.,true,2
q-eng11.2-05,ENG11.2,mc,"Read the statement and choose the conclusion that most logically follows: 'No prescription drug can be sold without a valid doctor's prescription.'","Option B applies the contrapositive correctly — if every prescription drug requires a prescription, a drug sold without one cannot be a prescription drug. Option A reverses the relationship, claiming all valid prescriptions come from doctors for necessary drugs — this is unrelated to what was said. Option C speculates about doctor behaviour during consultations, introducing information absent from the statement. Option D compares the effectiveness of prescription and non-prescription drugs, which is entirely outside the scope of the statement.",k-eng-11-2-1,medium,ai-generated,false,C,Doctors always prescribe drugs when patients visit them.,false,3
q-eng11.2-05,ENG11.2,mc,"Read the statement and choose the conclusion that most logically follows: 'No prescription drug can be sold without a valid doctor's prescription.'","Option B applies the contrapositive correctly — if every prescription drug requires a prescription, a drug sold without one cannot be a prescription drug. Option A reverses the relationship, claiming all valid prescriptions come from doctors for necessary drugs — this is unrelated to what was said. Option C speculates about doctor behaviour during consultations, introducing information absent from the statement. Option D compares the effectiveness of prescription and non-prescription drugs, which is entirely outside the scope of the statement.",k-eng-11-2-1,medium,ai-generated,false,D,Prescription drugs are more effective than non-prescription drugs.,false,4
q-eng11.2-06,ENG11.2,mc,"Read the statement and choose the conclusion that most logically follows: 'Most award-winning films are not commercially successful at the box office.'","Option C correctly infers that since 'most' are not commercially successful, some must be — 'most' implies a large but not total majority, leaving room for exceptions. Option A replaces 'most' with 'never', converting a partial statement into an absolute one. Option B reverses the relationship, claiming commercially successful films do not win awards — this is not implied by the statement. Option D uses 'always' and 'never profitable', both overgeneralising beyond what the quantifier 'most' supports.",k-eng-11-2-1,medium,ai-generated,false,A,Award-winning films are never commercially successful.,false,1
q-eng11.2-06,ENG11.2,mc,"Read the statement and choose the conclusion that most logically follows: 'Most award-winning films are not commercially successful at the box office.'","Option C correctly infers that since 'most' are not commercially successful, some must be — 'most' implies a large but not total majority, leaving room for exceptions. Option A replaces 'most' with 'never', converting a partial statement into an absolute one. Option B reverses the relationship, claiming commercially successful films do not win awards — this is not implied by the statement. Option D uses 'always' and 'never profitable', both overgeneralising beyond what the quantifier 'most' supports.",k-eng-11-2-1,medium,ai-generated,false,B,Commercially successful films do not win awards.,false,2
q-eng11.2-06,ENG11.2,mc,"Read the statement and choose the conclusion that most logically follows: 'Most award-winning films are not commercially successful at the box office.'","Option C correctly infers that since 'most' are not commercially successful, some must be — 'most' implies a large but not total majority, leaving room for exceptions. Option A replaces 'most' with 'never', converting a partial statement into an absolute one. Option B reverses the relationship, claiming commercially successful films do not win awards — this is not implied by the statement. Option D uses 'always' and 'never profitable', both overgeneralising beyond what the quantifier 'most' supports.",k-eng-11-2-1,medium,ai-generated,false,C,Some award-winning films are commercially successful at the box office.,true,3
q-eng11.2-06,ENG11.2,mc,"Read the statement and choose the conclusion that most logically follows: 'Most award-winning films are not commercially successful at the box office.'","Option C correctly infers that since 'most' are not commercially successful, some must be — 'most' implies a large but not total majority, leaving room for exceptions. Option A replaces 'most' with 'never', converting a partial statement into an absolute one. Option B reverses the relationship, claiming commercially successful films do not win awards — this is not implied by the statement. Option D uses 'always' and 'never profitable', both overgeneralising beyond what the quantifier 'most' supports.",k-eng-11-2-1,medium,ai-generated,false,D,Award-winning films are always artistic but never profitable.,false,4
q-eng11.2-07,ENG11.2,mc,"Read the statement and choose the conclusion that most logically follows: 'Every student who scored above 90% in the test was offered a scholarship.'","Option D is the valid contrapositive — if all 90%+ scorers were offered scholarships, any student not offered one did not score above 90%. Options A and B both assume the scholarship was offered exclusively to 90%+ scorers, but the statement does not say ONLY they were offered it — other students might have been offered scholarships on other grounds. Option C speculates about the motive for the scholarship, which is not stated anywhere in the original.",k-eng-11-2-1,hard,ai-generated,false,A,Only students who scored above 90% were offered scholarships.,false,1
q-eng11.2-07,ENG11.2,mc,"Read the statement and choose the conclusion that most logically follows: 'Every student who scored above 90% in the test was offered a scholarship.'","Option D is the valid contrapositive — if all 90%+ scorers were offered scholarships, any student not offered one did not score above 90%. Options A and B both assume the scholarship was offered exclusively to 90%+ scorers, but the statement does not say ONLY they were offered it — other students might have been offered scholarships on other grounds. Option C speculates about the motive for the scholarship, which is not stated anywhere in the original.",k-eng-11-2-1,hard,ai-generated,false,B,Students scoring 90% or below received no scholarship.,false,2
q-eng11.2-07,ENG11.2,mc,"Read the statement and choose the conclusion that most logically follows: 'Every student who scored above 90% in the test was offered a scholarship.'","Option D is the valid contrapositive — if all 90%+ scorers were offered scholarships, any student not offered one did not score above 90%. Options A and B both assume the scholarship was offered exclusively to 90%+ scorers, but the statement does not say ONLY they were offered it — other students might have been offered scholarships on other grounds. Option C speculates about the motive for the scholarship, which is not stated anywhere in the original.",k-eng-11-2-1,hard,ai-generated,false,C,The scholarship was introduced as an incentive for high scorers.,false,3
q-eng11.2-07,ENG11.2,mc,"Read the statement and choose the conclusion that most logically follows: 'Every student who scored above 90% in the test was offered a scholarship.'","Option D is the valid contrapositive — if all 90%+ scorers were offered scholarships, any student not offered one did not score above 90%. Options A and B both assume the scholarship was offered exclusively to 90%+ scorers, but the statement does not say ONLY they were offered it — other students might have been offered scholarships on other grounds. Option C speculates about the motive for the scholarship, which is not stated anywhere in the original.",k-eng-11-2-1,hard,ai-generated,false,D,"If Ravi was not offered a scholarship, he did not score above 90%.",true,4
q-eng11.2-08,ENG11.2,mc,"Read the statement and choose the conclusion that most logically follows: 'In this company, employees who have worked for more than five years are eligible for a promotion.'","Option A correctly infers that an employee with three years falls short of the five-year threshold and therefore may not yet be eligible — the hedge 'may not yet' is appropriately cautious. Option B reverses the relationship, claiming all eligible employees have worked more than five years — the statement does not say this is the only criterion for eligibility. Option C confuses eligibility with certainty — being eligible does not guarantee receiving a promotion. Option D introduces the claim that performance is the sole basis for promotion, which adds information not present in the statement.",k-eng-11-2-1,hard,ai-generated,false,A,An employee who has worked for three years may not yet be eligible for a promotion.,true,1
q-eng11.2-08,ENG11.2,mc,"Read the statement and choose the conclusion that most logically follows: 'In this company, employees who have worked for more than five years are eligible for a promotion.'","Option A correctly infers that an employee with three years falls short of the five-year threshold and therefore may not yet be eligible — the hedge 'may not yet' is appropriately cautious. Option B reverses the relationship, claiming all eligible employees have worked more than five years — the statement does not say this is the only criterion for eligibility. Option C confuses eligibility with certainty — being eligible does not guarantee receiving a promotion. Option D introduces the claim that performance is the sole basis for promotion, which adds information not present in the statement.",k-eng-11-2-1,hard,ai-generated,false,B,All employees eligible for promotion have worked for more than five years.,false,2
q-eng11.2-08,ENG11.2,mc,"Read the statement and choose the conclusion that most logically follows: 'In this company, employees who have worked for more than five years are eligible for a promotion.'","Option A correctly infers that an employee with three years falls short of the five-year threshold and therefore may not yet be eligible — the hedge 'may not yet' is appropriately cautious. Option B reverses the relationship, claiming all eligible employees have worked more than five years — the statement does not say this is the only criterion for eligibility. Option C confuses eligibility with certainty — being eligible does not guarantee receiving a promotion. Option D introduces the claim that performance is the sole basis for promotion, which adds information not present in the statement.",k-eng-11-2-1,hard,ai-generated,false,C,Employees who complete five years will definitely receive a promotion.,false,3
q-eng11.2-08,ENG11.2,mc,"Read the statement and choose the conclusion that most logically follows: 'In this company, employees who have worked for more than five years are eligible for a promotion.'","Option A correctly infers that an employee with three years falls short of the five-year threshold and therefore may not yet be eligible — the hedge 'may not yet' is appropriately cautious. Option B reverses the relationship, claiming all eligible employees have worked more than five years — the statement does not say this is the only criterion for eligibility. Option C confuses eligibility with certainty — being eligible does not guarantee receiving a promotion. Option D introduces the claim that performance is the sole basis for promotion, which adds information not present in the statement.",k-eng-11-2-1,hard,ai-generated,false,D,The company promotes employees based solely on performance.,false,4
q-eng11.2-09,ENG11.2,mc,"Read the statement and choose the conclusion that most logically follows: 'Not all products labelled organic are free from pesticides.'","Option B is a direct and valid restatement — 'not all are free from' is equivalent to 'some may contain', making this inference necessarily true. Option A replaces 'not all' with 'no', converting a partial negation into a total one — this is a classic negation mishandling error. Option C draws the conclusion that organic labelling is 'completely misleading', which overreaches from 'not all' to a sweeping condemnation of the entire category. Option D infers that 'most contain harmful chemicals' from 'not all are free from pesticides', upgrading the quantifier and adding value judgement beyond what is stated.",k-eng-11-2-1,hard,ai-generated,false,A,No products labelled organic are free from pesticides.,false,1
q-eng11.2-09,ENG11.2,mc,"Read the statement and choose the conclusion that most logically follows: 'Not all products labelled organic are free from pesticides.'","Option B is a direct and valid restatement — 'not all are free from' is equivalent to 'some may contain', making this inference necessarily true. Option A replaces 'not all' with 'no', converting a partial negation into a total one — this is a classic negation mishandling error. Option C draws the conclusion that organic labelling is 'completely misleading', which overreaches from 'not all' to a sweeping condemnation of the entire category. Option D infers that 'most contain harmful chemicals' from 'not all are free from pesticides', upgrading the quantifier and adding value judgement beyond what is stated.",k-eng-11-2-1,hard,ai-generated,false,B,Some products labelled organic may contain pesticides.,true,2
q-eng11.2-09,ENG11.2,mc,"Read the statement and choose the conclusion that most logically follows: 'Not all products labelled organic are free from pesticides.'","Option B is a direct and valid restatement — 'not all are free from' is equivalent to 'some may contain', making this inference necessarily true. Option A replaces 'not all' with 'no', converting a partial negation into a total one — this is a classic negation mishandling error. Option C draws the conclusion that organic labelling is 'completely misleading', which overreaches from 'not all' to a sweeping condemnation of the entire category. Option D infers that 'most contain harmful chemicals' from 'not all are free from pesticides', upgrading the quantifier and adding value judgement beyond what is stated.",k-eng-11-2-1,hard,ai-generated,false,C,Organic labelling is completely misleading to consumers.,false,3
q-eng11.2-09,ENG11.2,mc,"Read the statement and choose the conclusion that most logically follows: 'Not all products labelled organic are free from pesticides.'","Option B is a direct and valid restatement — 'not all are free from' is equivalent to 'some may contain', making this inference necessarily true. Option A replaces 'not all' with 'no', converting a partial negation into a total one — this is a classic negation mishandling error. Option C draws the conclusion that organic labelling is 'completely misleading', which overreaches from 'not all' to a sweeping condemnation of the entire category. Option D infers that 'most contain harmful chemicals' from 'not all are free from pesticides', upgrading the quantifier and adding value judgement beyond what is stated.",k-eng-11-2-1,hard,ai-generated,false,D,Most organic products contain harmful chemicals.,false,4
q-eng11.2-10,ENG11.2,mc,"Read the statement and choose the conclusion that most logically follows: 'Whenever the temperature in the storage unit falls below 4°C, the backup heating system activates automatically.'","Option C is the valid contrapositive — if falling below 4°C triggers activation, then a system that has not activated means the temperature has not fallen below 4°C. Option A overgeneralises to 'always active during winter', whereas the statement limits activation to a specific temperature threshold. Option B commits the reverse implication fallacy — an active system implies the temperature fell below 4°C, but there could be other reasons for activation not mentioned in the statement. Option D misrepresents causality: the system activates because the temperature already fell — it does not prevent the fall.",k-eng-11-2-1,hard,ai-generated,false,A,The backup heating system is always active during winter months.,false,1
q-eng11.2-10,ENG11.2,mc,"Read the statement and choose the conclusion that most logically follows: 'Whenever the temperature in the storage unit falls below 4°C, the backup heating system activates automatically.'","Option C is the valid contrapositive — if falling below 4°C triggers activation, then a system that has not activated means the temperature has not fallen below 4°C. Option A overgeneralises to 'always active during winter', whereas the statement limits activation to a specific temperature threshold. Option B commits the reverse implication fallacy — an active system implies the temperature fell below 4°C, but there could be other reasons for activation not mentioned in the statement. Option D misrepresents causality: the system activates because the temperature already fell — it does not prevent the fall.",k-eng-11-2-1,hard,ai-generated,false,B,"If the backup heating system is active, the temperature has definitely fallen below 4°C.",false,2
q-eng11.2-10,ENG11.2,mc,"Read the statement and choose the conclusion that most logically follows: 'Whenever the temperature in the storage unit falls below 4°C, the backup heating system activates automatically.'","Option C is the valid contrapositive — if falling below 4°C triggers activation, then a system that has not activated means the temperature has not fallen below 4°C. Option A overgeneralises to 'always active during winter', whereas the statement limits activation to a specific temperature threshold. Option B commits the reverse implication fallacy — an active system implies the temperature fell below 4°C, but there could be other reasons for activation not mentioned in the statement. Option D misrepresents causality: the system activates because the temperature already fell — it does not prevent the fall.",k-eng-11-2-1,hard,ai-generated,false,C,"If the backup heating system has not activated, the temperature has not fallen below 4°C.",true,3
q-eng11.2-10,ENG11.2,mc,"Read the statement and choose the conclusion that most logically follows: 'Whenever the temperature in the storage unit falls below 4°C, the backup heating system activates automatically.'","Option C is the valid contrapositive — if falling below 4°C triggers activation, then a system that has not activated means the temperature has not fallen below 4°C. Option A overgeneralises to 'always active during winter', whereas the statement limits activation to a specific temperature threshold. Option B commits the reverse implication fallacy — an active system implies the temperature fell below 4°C, but there could be other reasons for activation not mentioned in the statement. Option D misrepresents causality: the system activates because the temperature already fell — it does not prevent the fall.",k-eng-11-2-1,hard,ai-generated,false,D,The backup heating system prevents the temperature from falling below 4°C.,false,4
q-eng11.2-11,ENG11.2,mc,"Choose the option that best replaces the underlined part: 'The teacher, along with her students, [were] present at the function.'","'Was' is correct — the grammatical subject is 'the teacher' (singular); 'along with her students' is a parenthetical interrupter that does not change the number of the verb. 'Are' is present tense and also plural — both aspects are wrong here. 'Have been' is present perfect and shifts the tense away from the simple past context of the sentence. 'No improvement needed' is wrong because 'were' agrees with the interrupter phrase rather than the true singular subject.",s-eng-11-2-1,easy,ai-generated,false,A,was,true,1
q-eng11.2-11,ENG11.2,mc,"Choose the option that best replaces the underlined part: 'The teacher, along with her students, [were] present at the function.'","'Was' is correct — the grammatical subject is 'the teacher' (singular); 'along with her students' is a parenthetical interrupter that does not change the number of the verb. 'Are' is present tense and also plural — both aspects are wrong here. 'Have been' is present perfect and shifts the tense away from the simple past context of the sentence. 'No improvement needed' is wrong because 'were' agrees with the interrupter phrase rather than the true singular subject.",s-eng-11-2-1,easy,ai-generated,false,B,are,false,2
q-eng11.2-11,ENG11.2,mc,"Choose the option that best replaces the underlined part: 'The teacher, along with her students, [were] present at the function.'","'Was' is correct — the grammatical subject is 'the teacher' (singular); 'along with her students' is a parenthetical interrupter that does not change the number of the verb. 'Are' is present tense and also plural — both aspects are wrong here. 'Have been' is present perfect and shifts the tense away from the simple past context of the sentence. 'No improvement needed' is wrong because 'were' agrees with the interrupter phrase rather than the true singular subject.",s-eng-11-2-1,easy,ai-generated,false,C,have been,false,3
q-eng11.2-11,ENG11.2,mc,"Choose the option that best replaces the underlined part: 'The teacher, along with her students, [were] present at the function.'","'Was' is correct — the grammatical subject is 'the teacher' (singular); 'along with her students' is a parenthetical interrupter that does not change the number of the verb. 'Are' is present tense and also plural — both aspects are wrong here. 'Have been' is present perfect and shifts the tense away from the simple past context of the sentence. 'No improvement needed' is wrong because 'were' agrees with the interrupter phrase rather than the true singular subject.",s-eng-11-2-1,easy,ai-generated,false,D,No improvement needed,false,4
q-eng11.2-12,ENG11.2,mc,"Choose the option that best replaces the underlined part: 'He is one of those students who [studies] hard every day.'","'Study' is correct — the relative clause 'who studies hard' has 'those students' as its antecedent, which is plural, so the verb must be plural. 'Has studied' uses present perfect and does not fit the habitual present meaning of 'every day'. 'Studied' shifts the verb to simple past, contradicting the present-tense frame ('every day'). 'No improvement needed' is incorrect because 'studies' (singular) agrees with 'he' rather than 'those students', which is the correct antecedent for the relative pronoun 'who'.",s-eng-11-2-1,easy,ai-generated,false,A,has studied,false,1
q-eng11.2-12,ENG11.2,mc,"Choose the option that best replaces the underlined part: 'He is one of those students who [studies] hard every day.'","'Study' is correct — the relative clause 'who studies hard' has 'those students' as its antecedent, which is plural, so the verb must be plural. 'Has studied' uses present perfect and does not fit the habitual present meaning of 'every day'. 'Studied' shifts the verb to simple past, contradicting the present-tense frame ('every day'). 'No improvement needed' is incorrect because 'studies' (singular) agrees with 'he' rather than 'those students', which is the correct antecedent for the relative pronoun 'who'.",s-eng-11-2-1,easy,ai-generated,false,B,studied,false,2
q-eng11.2-12,ENG11.2,mc,"Choose the option that best replaces the underlined part: 'He is one of those students who [studies] hard every day.'","'Study' is correct — the relative clause 'who studies hard' has 'those students' as its antecedent, which is plural, so the verb must be plural. 'Has studied' uses present perfect and does not fit the habitual present meaning of 'every day'. 'Studied' shifts the verb to simple past, contradicting the present-tense frame ('every day'). 'No improvement needed' is incorrect because 'studies' (singular) agrees with 'he' rather than 'those students', which is the correct antecedent for the relative pronoun 'who'.",s-eng-11-2-1,easy,ai-generated,false,C,study,true,3
q-eng11.2-12,ENG11.2,mc,"Choose the option that best replaces the underlined part: 'He is one of those students who [studies] hard every day.'","'Study' is correct — the relative clause 'who studies hard' has 'those students' as its antecedent, which is plural, so the verb must be plural. 'Has studied' uses present perfect and does not fit the habitual present meaning of 'every day'. 'Studied' shifts the verb to simple past, contradicting the present-tense frame ('every day'). 'No improvement needed' is incorrect because 'studies' (singular) agrees with 'he' rather than 'those students', which is the correct antecedent for the relative pronoun 'who'.",s-eng-11-2-1,easy,ai-generated,false,D,No improvement needed,false,4
q-eng11.2-13,ENG11.2,mc,"Choose the option that best replaces the underlined part: 'The news that she had been selected [came as a great relief] to her family.'","'No improvement needed' is correct — 'came as a great relief' is the standard idiomatic expression for an event that eased anxiety; the original is grammatically and idiomatically correct. 'Come as a great relief' shifts the verb to present tense, breaking tense consistency with the past-tense narrative. 'Had come as a great relief' uses past perfect unnecessarily — no earlier past event needs to precede this one. 'Came as a great relieve' uses 'relieve' (a verb) in place of 'relief' (a noun), making the phrase grammatically incorrect.",s-eng-11-2-1,medium,ai-generated,false,A,come as a great relief,false,1
q-eng11.2-13,ENG11.2,mc,"Choose the option that best replaces the underlined part: 'The news that she had been selected [came as a great relief] to her family.'","'No improvement needed' is correct — 'came as a great relief' is the standard idiomatic expression for an event that eased anxiety; the original is grammatically and idiomatically correct. 'Come as a great relief' shifts the verb to present tense, breaking tense consistency with the past-tense narrative. 'Had come as a great relief' uses past perfect unnecessarily — no earlier past event needs to precede this one. 'Came as a great relieve' uses 'relieve' (a verb) in place of 'relief' (a noun), making the phrase grammatically incorrect.",s-eng-11-2-1,medium,ai-generated,false,B,had come as a great relief,false,2
q-eng11.2-13,ENG11.2,mc,"Choose the option that best replaces the underlined part: 'The news that she had been selected [came as a great relief] to her family.'","'No improvement needed' is correct — 'came as a great relief' is the standard idiomatic expression for an event that eased anxiety; the original is grammatically and idiomatically correct. 'Come as a great relief' shifts the verb to present tense, breaking tense consistency with the past-tense narrative. 'Had come as a great relief' uses past perfect unnecessarily — no earlier past event needs to precede this one. 'Came as a great relieve' uses 'relieve' (a verb) in place of 'relief' (a noun), making the phrase grammatically incorrect.",s-eng-11-2-1,medium,ai-generated,false,C,came as a great relieve,false,3
q-eng11.2-13,ENG11.2,mc,"Choose the option that best replaces the underlined part: 'The news that she had been selected [came as a great relief] to her family.'","'No improvement needed' is correct — 'came as a great relief' is the standard idiomatic expression for an event that eased anxiety; the original is grammatically and idiomatically correct. 'Come as a great relief' shifts the verb to present tense, breaking tense consistency with the past-tense narrative. 'Had come as a great relief' uses past perfect unnecessarily — no earlier past event needs to precede this one. 'Came as a great relieve' uses 'relieve' (a verb) in place of 'relief' (a noun), making the phrase grammatically incorrect.",s-eng-11-2-1,medium,ai-generated,false,D,No improvement needed,true,4
q-eng11.2-14,ENG11.2,mc,"Choose the option that best replaces the underlined part: 'The data [clearly shows] that the economy has recovered significantly.'","'Clearly show' is correct — 'data' is the plural of 'datum' and requires a plural verb in formal standard English. 'Clearly showing' is a participle and cannot function as the finite main verb of the clause. 'Is clearly showing' uses the singular auxiliary 'is', which conflicts with the plural noun 'data'. 'No improvement needed' is incorrect in formal exam English where 'data' is treated as plural and thus requires 'show' not 'shows'.",s-eng-11-2-1,medium,ai-generated,false,A,clearly showing,false,1
q-eng11.2-14,ENG11.2,mc,"Choose the option that best replaces the underlined part: 'The data [clearly shows] that the economy has recovered significantly.'","'Clearly show' is correct — 'data' is the plural of 'datum' and requires a plural verb in formal standard English. 'Clearly showing' is a participle and cannot function as the finite main verb of the clause. 'Is clearly showing' uses the singular auxiliary 'is', which conflicts with the plural noun 'data'. 'No improvement needed' is incorrect in formal exam English where 'data' is treated as plural and thus requires 'show' not 'shows'.",s-eng-11-2-1,medium,ai-generated,false,B,clearly show,true,2
q-eng11.2-14,ENG11.2,mc,"Choose the option that best replaces the underlined part: 'The data [clearly shows] that the economy has recovered significantly.'","'Clearly show' is correct — 'data' is the plural of 'datum' and requires a plural verb in formal standard English. 'Clearly showing' is a participle and cannot function as the finite main verb of the clause. 'Is clearly showing' uses the singular auxiliary 'is', which conflicts with the plural noun 'data'. 'No improvement needed' is incorrect in formal exam English where 'data' is treated as plural and thus requires 'show' not 'shows'.",s-eng-11-2-1,medium,ai-generated,false,C,is clearly showing,false,3
q-eng11.2-14,ENG11.2,mc,"Choose the option that best replaces the underlined part: 'The data [clearly shows] that the economy has recovered significantly.'","'Clearly show' is correct — 'data' is the plural of 'datum' and requires a plural verb in formal standard English. 'Clearly showing' is a participle and cannot function as the finite main verb of the clause. 'Is clearly showing' uses the singular auxiliary 'is', which conflicts with the plural noun 'data'. 'No improvement needed' is incorrect in formal exam English where 'data' is treated as plural and thus requires 'show' not 'shows'.",s-eng-11-2-1,medium,ai-generated,false,D,No improvement needed,false,4
q-eng11.2-15,ENG11.2,mc,"Choose the option that best replaces the underlined part: 'The notification was sent to [each and every] employee in the department.'","'Every' alone correctly replaces the redundant phrase — 'each' and 'every' carry the same meaning of individual inclusion, so using both is a pleonasm. 'All and every' is also redundant by pairing two words that both express totality. 'Each or every' is ungrammatical — singular distributive words cannot be joined with 'or' in this construction. 'No improvement needed' is incorrect because 'each and every' is a recognised redundancy that competitive exams consistently flag and penalise.",s-eng-11-2-1,medium,ai-generated,false,A,every,true,1
q-eng11.2-15,ENG11.2,mc,"Choose the option that best replaces the underlined part: 'The notification was sent to [each and every] employee in the department.'","'Every' alone correctly replaces the redundant phrase — 'each' and 'every' carry the same meaning of individual inclusion, so using both is a pleonasm. 'All and every' is also redundant by pairing two words that both express totality. 'Each or every' is ungrammatical — singular distributive words cannot be joined with 'or' in this construction. 'No improvement needed' is incorrect because 'each and every' is a recognised redundancy that competitive exams consistently flag and penalise.",s-eng-11-2-1,medium,ai-generated,false,B,all and every,false,2
q-eng11.2-15,ENG11.2,mc,"Choose the option that best replaces the underlined part: 'The notification was sent to [each and every] employee in the department.'","'Every' alone correctly replaces the redundant phrase — 'each' and 'every' carry the same meaning of individual inclusion, so using both is a pleonasm. 'All and every' is also redundant by pairing two words that both express totality. 'Each or every' is ungrammatical — singular distributive words cannot be joined with 'or' in this construction. 'No improvement needed' is incorrect because 'each and every' is a recognised redundancy that competitive exams consistently flag and penalise.",s-eng-11-2-1,medium,ai-generated,false,C,each or every,false,3
q-eng11.2-15,ENG11.2,mc,"Choose the option that best replaces the underlined part: 'The notification was sent to [each and every] employee in the department.'","'Every' alone correctly replaces the redundant phrase — 'each' and 'every' carry the same meaning of individual inclusion, so using both is a pleonasm. 'All and every' is also redundant by pairing two words that both express totality. 'Each or every' is ungrammatical — singular distributive words cannot be joined with 'or' in this construction. 'No improvement needed' is incorrect because 'each and every' is a recognised redundancy that competitive exams consistently flag and penalise.",s-eng-11-2-1,medium,ai-generated,false,D,No improvement needed,false,4
q-eng11.2-16,ENG11.2,mc,"Choose the option that best replaces the underlined part: 'She was [made to sign] the agreement before being given the documents.'","'No improvement needed' is correct — in passive voice the causative construction is 'be made + to-infinitive', so 'was made to sign' is grammatically correct. 'Made sign' removes the 'to', which is required in the passive — in the active voice 'made her sign' uses a bare infinitive, but the passive must have 'to'. 'Made signing' uses a gerund in place of the to-infinitive, which is ungrammatical after a passive causative. 'Made to signing' incorrectly combines 'to' with a gerund, producing an ungrammatical sequence.",s-eng-11-2-1,medium,ai-generated,false,A,made sign,false,1
q-eng11.2-16,ENG11.2,mc,"Choose the option that best replaces the underlined part: 'She was [made to sign] the agreement before being given the documents.'","'No improvement needed' is correct — in passive voice the causative construction is 'be made + to-infinitive', so 'was made to sign' is grammatically correct. 'Made sign' removes the 'to', which is required in the passive — in the active voice 'made her sign' uses a bare infinitive, but the passive must have 'to'. 'Made signing' uses a gerund in place of the to-infinitive, which is ungrammatical after a passive causative. 'Made to signing' incorrectly combines 'to' with a gerund, producing an ungrammatical sequence.",s-eng-11-2-1,medium,ai-generated,false,B,made signing,false,2
q-eng11.2-16,ENG11.2,mc,"Choose the option that best replaces the underlined part: 'She was [made to sign] the agreement before being given the documents.'","'No improvement needed' is correct — in passive voice the causative construction is 'be made + to-infinitive', so 'was made to sign' is grammatically correct. 'Made sign' removes the 'to', which is required in the passive — in the active voice 'made her sign' uses a bare infinitive, but the passive must have 'to'. 'Made signing' uses a gerund in place of the to-infinitive, which is ungrammatical after a passive causative. 'Made to signing' incorrectly combines 'to' with a gerund, producing an ungrammatical sequence.",s-eng-11-2-1,medium,ai-generated,false,C,No improvement needed,true,3
q-eng11.2-16,ENG11.2,mc,"Choose the option that best replaces the underlined part: 'She was [made to sign] the agreement before being given the documents.'","'No improvement needed' is correct — in passive voice the causative construction is 'be made + to-infinitive', so 'was made to sign' is grammatically correct. 'Made sign' removes the 'to', which is required in the passive — in the active voice 'made her sign' uses a bare infinitive, but the passive must have 'to'. 'Made signing' uses a gerund in place of the to-infinitive, which is ungrammatical after a passive causative. 'Made to signing' incorrectly combines 'to' with a gerund, producing an ungrammatical sequence.",s-eng-11-2-1,medium,ai-generated,false,D,made to signing,false,4
q-eng11.2-17,ENG11.2,mc,"Choose the option that best replaces the underlined part: 'He has been working in this organisation [since five years].'","'For five years' is correct — 'for' is used with a duration (five years), while 'since' requires a specific point in time (since 2019 / since Monday). 'Since five year' repeats the same error as the original and also uses an incorrect singular form without the article. 'From five years' is non-standard — 'from' does not pair with the present perfect to express duration. 'No improvement needed' is wrong because 'since five years' violates the rule that 'since' must be followed by a point in time.",s-eng-11-2-1,medium,ai-generated,false,A,since five year,false,1
q-eng11.2-17,ENG11.2,mc,"Choose the option that best replaces the underlined part: 'He has been working in this organisation [since five years].'","'For five years' is correct — 'for' is used with a duration (five years), while 'since' requires a specific point in time (since 2019 / since Monday). 'Since five year' repeats the same error as the original and also uses an incorrect singular form without the article. 'From five years' is non-standard — 'from' does not pair with the present perfect to express duration. 'No improvement needed' is wrong because 'since five years' violates the rule that 'since' must be followed by a point in time.",s-eng-11-2-1,medium,ai-generated,false,B,for five years,true,2
q-eng11.2-17,ENG11.2,mc,"Choose the option that best replaces the underlined part: 'He has been working in this organisation [since five years].'","'For five years' is correct — 'for' is used with a duration (five years), while 'since' requires a specific point in time (since 2019 / since Monday). 'Since five year' repeats the same error as the original and also uses an incorrect singular form without the article. 'From five years' is non-standard — 'from' does not pair with the present perfect to express duration. 'No improvement needed' is wrong because 'since five years' violates the rule that 'since' must be followed by a point in time.",s-eng-11-2-1,medium,ai-generated,false,C,from five years,false,3
q-eng11.2-17,ENG11.2,mc,"Choose the option that best replaces the underlined part: 'He has been working in this organisation [since five years].'","'For five years' is correct — 'for' is used with a duration (five years), while 'since' requires a specific point in time (since 2019 / since Monday). 'Since five year' repeats the same error as the original and also uses an incorrect singular form without the article. 'From five years' is non-standard — 'from' does not pair with the present perfect to express duration. 'No improvement needed' is wrong because 'since five years' violates the rule that 'since' must be followed by a point in time.",s-eng-11-2-1,medium,ai-generated,false,D,No improvement needed,false,4
q-eng11.2-18,ENG11.2,mc,"Choose the option that best replaces the underlined part: 'The police [is] investigating the robbery that took place last night.'","'Are' is correct — 'police' is always treated as a plural noun in standard grammar; it has no singular form and always takes a plural verb. 'Was' would shift the investigation to the past, contradicting the present continuous frame. 'Has been' is present perfect singular — wrong both for number (singular) and aspect (implies completed action rather than ongoing investigation). 'No improvement needed' is incorrect because 'is' is singular and 'police' always requires a plural verb.",s-eng-11-2-1,hard,ai-generated,false,A,was,false,1
q-eng11.2-18,ENG11.2,mc,"Choose the option that best replaces the underlined part: 'The police [is] investigating the robbery that took place last night.'","'Are' is correct — 'police' is always treated as a plural noun in standard grammar; it has no singular form and always takes a plural verb. 'Was' would shift the investigation to the past, contradicting the present continuous frame. 'Has been' is present perfect singular — wrong both for number (singular) and aspect (implies completed action rather than ongoing investigation). 'No improvement needed' is incorrect because 'is' is singular and 'police' always requires a plural verb.",s-eng-11-2-1,hard,ai-generated,false,B,has been,false,2
q-eng11.2-18,ENG11.2,mc,"Choose the option that best replaces the underlined part: 'The police [is] investigating the robbery that took place last night.'","'Are' is correct — 'police' is always treated as a plural noun in standard grammar; it has no singular form and always takes a plural verb. 'Was' would shift the investigation to the past, contradicting the present continuous frame. 'Has been' is present perfect singular — wrong both for number (singular) and aspect (implies completed action rather than ongoing investigation). 'No improvement needed' is incorrect because 'is' is singular and 'police' always requires a plural verb.",s-eng-11-2-1,hard,ai-generated,false,C,No improvement needed,false,3
q-eng11.2-18,ENG11.2,mc,"Choose the option that best replaces the underlined part: 'The police [is] investigating the robbery that took place last night.'","'Are' is correct — 'police' is always treated as a plural noun in standard grammar; it has no singular form and always takes a plural verb. 'Was' would shift the investigation to the past, contradicting the present continuous frame. 'Has been' is present perfect singular — wrong both for number (singular) and aspect (implies completed action rather than ongoing investigation). 'No improvement needed' is incorrect because 'is' is singular and 'police' always requires a plural verb.",s-eng-11-2-1,hard,ai-generated,false,D,are,true,4
q-eng11.2-19,ENG11.2,mc,"Choose the option that best replaces the underlined part: '[Being a rainy day], the picnic was postponed.'","'It being a rainy day' corrects the dangling modifier — the absolute construction properly provides context without requiring the main clause's subject ('the picnic') to perform the action of 'being a rainy day'. The original dangles because a picnic cannot logically be 'a rainy day'. 'A rainy day being' rearranges the phrase without fixing the dangling problem. 'Having been a rainy day' uses the perfect participle, wrongly implying the rainy day ended before the postponement, and still dangles. 'No improvement needed' is incorrect because the original contains a clear dangling modifier.",s-eng-11-2-1,hard,ai-generated,false,A,It being a rainy day,true,1
q-eng11.2-19,ENG11.2,mc,"Choose the option that best replaces the underlined part: '[Being a rainy day], the picnic was postponed.'","'It being a rainy day' corrects the dangling modifier — the absolute construction properly provides context without requiring the main clause's subject ('the picnic') to perform the action of 'being a rainy day'. The original dangles because a picnic cannot logically be 'a rainy day'. 'A rainy day being' rearranges the phrase without fixing the dangling problem. 'Having been a rainy day' uses the perfect participle, wrongly implying the rainy day ended before the postponement, and still dangles. 'No improvement needed' is incorrect because the original contains a clear dangling modifier.",s-eng-11-2-1,hard,ai-generated,false,B,A rainy day being,false,2
q-eng11.2-19,ENG11.2,mc,"Choose the option that best replaces the underlined part: '[Being a rainy day], the picnic was postponed.'","'It being a rainy day' corrects the dangling modifier — the absolute construction properly provides context without requiring the main clause's subject ('the picnic') to perform the action of 'being a rainy day'. The original dangles because a picnic cannot logically be 'a rainy day'. 'A rainy day being' rearranges the phrase without fixing the dangling problem. 'Having been a rainy day' uses the perfect participle, wrongly implying the rainy day ended before the postponement, and still dangles. 'No improvement needed' is incorrect because the original contains a clear dangling modifier.",s-eng-11-2-1,hard,ai-generated,false,C,Having been a rainy day,false,3
q-eng11.2-19,ENG11.2,mc,"Choose the option that best replaces the underlined part: '[Being a rainy day], the picnic was postponed.'","'It being a rainy day' corrects the dangling modifier — the absolute construction properly provides context without requiring the main clause's subject ('the picnic') to perform the action of 'being a rainy day'. The original dangles because a picnic cannot logically be 'a rainy day'. 'A rainy day being' rearranges the phrase without fixing the dangling problem. 'Having been a rainy day' uses the perfect participle, wrongly implying the rainy day ended before the postponement, and still dangles. 'No improvement needed' is incorrect because the original contains a clear dangling modifier.",s-eng-11-2-1,hard,ai-generated,false,D,No improvement needed,false,4
q-eng11.2-20,ENG11.2,mc,"Choose the option that best replaces the underlined part: 'She [reached at] the station just as the train was pulling out.'","'Reached' alone is correct — 'reach' is a transitive verb that takes a direct object without any preposition; 'reached the station' is the standard form. 'Reached into' uses a preposition that implies physical penetration rather than arrival. 'Arrived to' is incorrect — 'arrive' pairs with 'at' for specific points ('arrived at the station'), not with 'to'. 'No improvement needed' is wrong because 'reached at' adds an unnecessary preposition to a transitive verb that takes no preposition.",s-eng-11-2-1,hard,ai-generated,false,A,reached into,false,1
q-eng11.2-20,ENG11.2,mc,"Choose the option that best replaces the underlined part: 'She [reached at] the station just as the train was pulling out.'","'Reached' alone is correct — 'reach' is a transitive verb that takes a direct object without any preposition; 'reached the station' is the standard form. 'Reached into' uses a preposition that implies physical penetration rather than arrival. 'Arrived to' is incorrect — 'arrive' pairs with 'at' for specific points ('arrived at the station'), not with 'to'. 'No improvement needed' is wrong because 'reached at' adds an unnecessary preposition to a transitive verb that takes no preposition.",s-eng-11-2-1,hard,ai-generated,false,B,arrived to,false,2
q-eng11.2-20,ENG11.2,mc,"Choose the option that best replaces the underlined part: 'She [reached at] the station just as the train was pulling out.'","'Reached' alone is correct — 'reach' is a transitive verb that takes a direct object without any preposition; 'reached the station' is the standard form. 'Reached into' uses a preposition that implies physical penetration rather than arrival. 'Arrived to' is incorrect — 'arrive' pairs with 'at' for specific points ('arrived at the station'), not with 'to'. 'No improvement needed' is wrong because 'reached at' adds an unnecessary preposition to a transitive verb that takes no preposition.",s-eng-11-2-1,hard,ai-generated,false,C,reached,true,3
q-eng11.2-20,ENG11.2,mc,"Choose the option that best replaces the underlined part: 'She [reached at] the station just as the train was pulling out.'","'Reached' alone is correct — 'reach' is a transitive verb that takes a direct object without any preposition; 'reached the station' is the standard form. 'Reached into' uses a preposition that implies physical penetration rather than arrival. 'Arrived to' is incorrect — 'arrive' pairs with 'at' for specific points ('arrived at the station'), not with 'to'. 'No improvement needed' is wrong because 'reached at' adds an unnecessary preposition to a transitive verb that takes no preposition.",s-eng-11-2-1,hard,ai-generated,false,D,No improvement needed,false,4
q-eng11.2-21,ENG11.2,mc,"Choose the option that best replaces the underlined phrase: 'Please [revert back] to my email at your earliest convenience.'","'Revert' alone is correct — 'revert' already means to go back or return, making 'back' entirely redundant. 'Revert again' swaps one redundant word for another — 'revert' implies a return, so 'again' is also unnecessary. 'Return back' replaces one pleonasm with another — 'return' already means to go back, so 'back' is still redundant. 'No replacement needed' is wrong because 'revert back' is a well-documented pleonasm that must be corrected.",s-eng-11-2-2,easy,ai-generated,false,A,revert again,false,1
q-eng11.2-21,ENG11.2,mc,"Choose the option that best replaces the underlined phrase: 'Please [revert back] to my email at your earliest convenience.'","'Revert' alone is correct — 'revert' already means to go back or return, making 'back' entirely redundant. 'Revert again' swaps one redundant word for another — 'revert' implies a return, so 'again' is also unnecessary. 'Return back' replaces one pleonasm with another — 'return' already means to go back, so 'back' is still redundant. 'No replacement needed' is wrong because 'revert back' is a well-documented pleonasm that must be corrected.",s-eng-11-2-2,easy,ai-generated,false,B,revert,true,2
q-eng11.2-21,ENG11.2,mc,"Choose the option that best replaces the underlined phrase: 'Please [revert back] to my email at your earliest convenience.'","'Revert' alone is correct — 'revert' already means to go back or return, making 'back' entirely redundant. 'Revert again' swaps one redundant word for another — 'revert' implies a return, so 'again' is also unnecessary. 'Return back' replaces one pleonasm with another — 'return' already means to go back, so 'back' is still redundant. 'No replacement needed' is wrong because 'revert back' is a well-documented pleonasm that must be corrected.",s-eng-11-2-2,easy,ai-generated,false,C,return back,false,3
q-eng11.2-21,ENG11.2,mc,"Choose the option that best replaces the underlined phrase: 'Please [revert back] to my email at your earliest convenience.'","'Revert' alone is correct — 'revert' already means to go back or return, making 'back' entirely redundant. 'Revert again' swaps one redundant word for another — 'revert' implies a return, so 'again' is also unnecessary. 'Return back' replaces one pleonasm with another — 'return' already means to go back, so 'back' is still redundant. 'No replacement needed' is wrong because 'revert back' is a well-documented pleonasm that must be corrected.",s-eng-11-2-2,easy,ai-generated,false,D,No replacement needed,false,4
q-eng11.2-22,ENG11.2,mc,"Choose the option that best replaces the underlined phrase: 'The company announced a [free gift] for customers who made a purchase above ₹1,000.'","'Gift' alone is correct — a gift is by definition something given without charge, so 'free' is entirely redundant. 'Complimentary free gift' intensifies the redundancy by adding a third word that also means given without cost. 'Free bonus gift' is triply redundant — 'free', 'bonus', and 'gift' all carry the idea of something given without payment. 'No replacement needed' is wrong because 'free gift' is a classic pleonasm consistently tested in competitive English.",s-eng-11-2-2,easy,ai-generated,false,A,complimentary free gift,false,1
q-eng11.2-22,ENG11.2,mc,"Choose the option that best replaces the underlined phrase: 'The company announced a [free gift] for customers who made a purchase above ₹1,000.'","'Gift' alone is correct — a gift is by definition something given without charge, so 'free' is entirely redundant. 'Complimentary free gift' intensifies the redundancy by adding a third word that also means given without cost. 'Free bonus gift' is triply redundant — 'free', 'bonus', and 'gift' all carry the idea of something given without payment. 'No replacement needed' is wrong because 'free gift' is a classic pleonasm consistently tested in competitive English.",s-eng-11-2-2,easy,ai-generated,false,B,free bonus gift,false,2
q-eng11.2-22,ENG11.2,mc,"Choose the option that best replaces the underlined phrase: 'The company announced a [free gift] for customers who made a purchase above ₹1,000.'","'Gift' alone is correct — a gift is by definition something given without charge, so 'free' is entirely redundant. 'Complimentary free gift' intensifies the redundancy by adding a third word that also means given without cost. 'Free bonus gift' is triply redundant — 'free', 'bonus', and 'gift' all carry the idea of something given without payment. 'No replacement needed' is wrong because 'free gift' is a classic pleonasm consistently tested in competitive English.",s-eng-11-2-2,easy,ai-generated,false,C,gift,true,3
q-eng11.2-22,ENG11.2,mc,"Choose the option that best replaces the underlined phrase: 'The company announced a [free gift] for customers who made a purchase above ₹1,000.'","'Gift' alone is correct — a gift is by definition something given without charge, so 'free' is entirely redundant. 'Complimentary free gift' intensifies the redundancy by adding a third word that also means given without cost. 'Free bonus gift' is triply redundant — 'free', 'bonus', and 'gift' all carry the idea of something given without payment. 'No replacement needed' is wrong because 'free gift' is a classic pleonasm consistently tested in competitive English.",s-eng-11-2-2,easy,ai-generated,false,D,No replacement needed,false,4
q-eng11.2-23,ENG11.2,mc,"Choose the option that best replaces the underlined phrase: 'The two companies decided to [merge together] their operations to improve efficiency.'","'Merge' alone is correct — 'merge' already means to join or combine into one entity, so 'together' adds no meaning and is redundant. 'Merge and join together' is triply redundant — 'merge', 'join', and 'together' all convey the same idea of combining. 'Combine and merge together' also stacks two synonymous verbs alongside 'together', compounding the redundancy. 'No replacement needed' is wrong because 'merge together' is a well-documented pleonasm.",s-eng-11-2-2,easy,ai-generated,false,A,merge and join together,false,1
q-eng11.2-23,ENG11.2,mc,"Choose the option that best replaces the underlined phrase: 'The two companies decided to [merge together] their operations to improve efficiency.'","'Merge' alone is correct — 'merge' already means to join or combine into one entity, so 'together' adds no meaning and is redundant. 'Merge and join together' is triply redundant — 'merge', 'join', and 'together' all convey the same idea of combining. 'Combine and merge together' also stacks two synonymous verbs alongside 'together', compounding the redundancy. 'No replacement needed' is wrong because 'merge together' is a well-documented pleonasm.",s-eng-11-2-2,easy,ai-generated,false,B,combine and merge together,false,2
q-eng11.2-23,ENG11.2,mc,"Choose the option that best replaces the underlined phrase: 'The two companies decided to [merge together] their operations to improve efficiency.'","'Merge' alone is correct — 'merge' already means to join or combine into one entity, so 'together' adds no meaning and is redundant. 'Merge and join together' is triply redundant — 'merge', 'join', and 'together' all convey the same idea of combining. 'Combine and merge together' also stacks two synonymous verbs alongside 'together', compounding the redundancy. 'No replacement needed' is wrong because 'merge together' is a well-documented pleonasm.",s-eng-11-2-2,easy,ai-generated,false,C,merge jointly,false,3
q-eng11.2-23,ENG11.2,mc,"Choose the option that best replaces the underlined phrase: 'The two companies decided to [merge together] their operations to improve efficiency.'","'Merge' alone is correct — 'merge' already means to join or combine into one entity, so 'together' adds no meaning and is redundant. 'Merge and join together' is triply redundant — 'merge', 'join', and 'together' all convey the same idea of combining. 'Combine and merge together' also stacks two synonymous verbs alongside 'together', compounding the redundancy. 'No replacement needed' is wrong because 'merge together' is a well-documented pleonasm.",s-eng-11-2-2,easy,ai-generated,false,D,merge,true,4
q-eng11.2-24,ENG11.2,mc,"Choose the option that best replaces the underlined phrase: 'The [reason for his failure is because] he did not prepare adequately.'","'Reason for his failure is that' is correct — 'reason' should be followed by 'that' to introduce a noun clause; using 'because' after 'reason' creates a redundancy since both words signal causation. 'Cause for his failure is because' retains 'is because', perpetuating the error; 'cause' + 'because' is also logically redundant. 'Reason for his failure is due to' is structurally incompatible — 'is due to' introduces a phrase while the clause that follows ('he did not prepare') requires a conjunction. 'No replacement needed' is wrong because 'reason...is because' is a standard redundancy error in competitive exams.",s-eng-11-2-2,medium,ai-generated,false,A,reason for his failure is that,true,1
q-eng11.2-24,ENG11.2,mc,"Choose the option that best replaces the underlined phrase: 'The [reason for his failure is because] he did not prepare adequately.'","'Reason for his failure is that' is correct — 'reason' should be followed by 'that' to introduce a noun clause; using 'because' after 'reason' creates a redundancy since both words signal causation. 'Cause for his failure is because' retains 'is because', perpetuating the error; 'cause' + 'because' is also logically redundant. 'Reason for his failure is due to' is structurally incompatible — 'is due to' introduces a phrase while the clause that follows ('he did not prepare') requires a conjunction. 'No replacement needed' is wrong because 'reason...is because' is a standard redundancy error in competitive exams.",s-eng-11-2-2,medium,ai-generated,false,B,cause for his failure is because,false,2
q-eng11.2-24,ENG11.2,mc,"Choose the option that best replaces the underlined phrase: 'The [reason for his failure is because] he did not prepare adequately.'","'Reason for his failure is that' is correct — 'reason' should be followed by 'that' to introduce a noun clause; using 'because' after 'reason' creates a redundancy since both words signal causation. 'Cause for his failure is because' retains 'is because', perpetuating the error; 'cause' + 'because' is also logically redundant. 'Reason for his failure is due to' is structurally incompatible — 'is due to' introduces a phrase while the clause that follows ('he did not prepare') requires a conjunction. 'No replacement needed' is wrong because 'reason...is because' is a standard redundancy error in competitive exams.",s-eng-11-2-2,medium,ai-generated,false,C,reason for his failure is due to,false,3
q-eng11.2-24,ENG11.2,mc,"Choose the option that best replaces the underlined phrase: 'The [reason for his failure is because] he did not prepare adequately.'","'Reason for his failure is that' is correct — 'reason' should be followed by 'that' to introduce a noun clause; using 'because' after 'reason' creates a redundancy since both words signal causation. 'Cause for his failure is because' retains 'is because', perpetuating the error; 'cause' + 'because' is also logically redundant. 'Reason for his failure is due to' is structurally incompatible — 'is due to' introduces a phrase while the clause that follows ('he did not prepare') requires a conjunction. 'No replacement needed' is wrong because 'reason...is because' is a standard redundancy error in competitive exams.",s-eng-11-2-2,medium,ai-generated,false,D,No replacement needed,false,4
q-eng11.2-25,ENG11.2,mc,"Choose the option that best replaces the underlined phrase: 'The government should ensure [mutual cooperation between] all the states.'","'Cooperation between' is correct — 'between' already implies a reciprocal relationship among the parties involved, making 'mutual' redundant when paired with it. 'Mutual cooperation among' retains 'mutual', which is still redundant even after swapping 'between' for 'among'. 'Mutual cooperation for' uses the wrong preposition — states cooperate with or between each other, not 'for' each other in this context. 'No replacement needed' is wrong because 'mutual cooperation between' combines two expressions of reciprocity, creating a clear redundancy.",s-eng-11-2-2,medium,ai-generated,false,A,mutual cooperation among,false,1
q-eng11.2-25,ENG11.2,mc,"Choose the option that best replaces the underlined phrase: 'The government should ensure [mutual cooperation between] all the states.'","'Cooperation between' is correct — 'between' already implies a reciprocal relationship among the parties involved, making 'mutual' redundant when paired with it. 'Mutual cooperation among' retains 'mutual', which is still redundant even after swapping 'between' for 'among'. 'Mutual cooperation for' uses the wrong preposition — states cooperate with or between each other, not 'for' each other in this context. 'No replacement needed' is wrong because 'mutual cooperation between' combines two expressions of reciprocity, creating a clear redundancy.",s-eng-11-2-2,medium,ai-generated,false,B,cooperation between,true,2
q-eng11.2-25,ENG11.2,mc,"Choose the option that best replaces the underlined phrase: 'The government should ensure [mutual cooperation between] all the states.'","'Cooperation between' is correct — 'between' already implies a reciprocal relationship among the parties involved, making 'mutual' redundant when paired with it. 'Mutual cooperation among' retains 'mutual', which is still redundant even after swapping 'between' for 'among'. 'Mutual cooperation for' uses the wrong preposition — states cooperate with or between each other, not 'for' each other in this context. 'No replacement needed' is wrong because 'mutual cooperation between' combines two expressions of reciprocity, creating a clear redundancy.",s-eng-11-2-2,medium,ai-generated,false,C,mutual cooperation for,false,3
q-eng11.2-25,ENG11.2,mc,"Choose the option that best replaces the underlined phrase: 'The government should ensure [mutual cooperation between] all the states.'","'Cooperation between' is correct — 'between' already implies a reciprocal relationship among the parties involved, making 'mutual' redundant when paired with it. 'Mutual cooperation among' retains 'mutual', which is still redundant even after swapping 'between' for 'among'. 'Mutual cooperation for' uses the wrong preposition — states cooperate with or between each other, not 'for' each other in this context. 'No replacement needed' is wrong because 'mutual cooperation between' combines two expressions of reciprocity, creating a clear redundancy.",s-eng-11-2-2,medium,ai-generated,false,D,No replacement needed,false,4
q-eng11.2-26,ENG11.2,mc,"Choose the option that best replaces the underlined phrase: 'She has a [past history] of missing deadlines at work.'","'History' alone is correct — history refers by definition to past events, making 'past' entirely redundant. 'Old history' is also redundant and informal; 'old' adds no new information since history already refers to the past. 'Past record' is a borderline case but still carries some redundancy as 'record' typically refers to documented past events; 'history' is the cleaner and preferred correction. 'No replacement needed' is wrong because 'past history' is a textbook pleonasm.",s-eng-11-2-2,medium,ai-generated,false,A,old history,false,1
q-eng11.2-26,ENG11.2,mc,"Choose the option that best replaces the underlined phrase: 'She has a [past history] of missing deadlines at work.'","'History' alone is correct — history refers by definition to past events, making 'past' entirely redundant. 'Old history' is also redundant and informal; 'old' adds no new information since history already refers to the past. 'Past record' is a borderline case but still carries some redundancy as 'record' typically refers to documented past events; 'history' is the cleaner and preferred correction. 'No replacement needed' is wrong because 'past history' is a textbook pleonasm.",s-eng-11-2-2,medium,ai-generated,false,B,past record,false,2
q-eng11.2-26,ENG11.2,mc,"Choose the option that best replaces the underlined phrase: 'She has a [past history] of missing deadlines at work.'","'History' alone is correct — history refers by definition to past events, making 'past' entirely redundant. 'Old history' is also redundant and informal; 'old' adds no new information since history already refers to the past. 'Past record' is a borderline case but still carries some redundancy as 'record' typically refers to documented past events; 'history' is the cleaner and preferred correction. 'No replacement needed' is wrong because 'past history' is a textbook pleonasm.",s-eng-11-2-2,medium,ai-generated,false,C,history,true,3
q-eng11.2-26,ENG11.2,mc,"Choose the option that best replaces the underlined phrase: 'She has a [past history] of missing deadlines at work.'","'History' alone is correct — history refers by definition to past events, making 'past' entirely redundant. 'Old history' is also redundant and informal; 'old' adds no new information since history already refers to the past. 'Past record' is a borderline case but still carries some redundancy as 'record' typically refers to documented past events; 'history' is the cleaner and preferred correction. 'No replacement needed' is wrong because 'past history' is a textbook pleonasm.",s-eng-11-2-2,medium,ai-generated,false,D,No replacement needed,false,4
q-eng11.2-27,ENG11.2,mc,"Choose the option that best replaces the underlined phrase: 'The award was presented to [him and I] at the annual ceremony.'","'Him and me' is correct — after the preposition 'to', the objective case is required for both pronouns; 'me' is the objective form of 'I', and 'him' is already in the objective case. 'He and I' uses the subjective 'he', which is wrong after a preposition. 'Him and myself' incorrectly uses the reflexive 'myself' — reflexive pronouns are used when the object refers back to the subject; here the speaker is not the subject of 'presented'. 'He and me' uses the subjective 'he', which is incorrect in the objective position after 'to'.",s-eng-11-2-2,medium,ai-generated,false,A,he and I,false,1
q-eng11.2-27,ENG11.2,mc,"Choose the option that best replaces the underlined phrase: 'The award was presented to [him and I] at the annual ceremony.'","'Him and me' is correct — after the preposition 'to', the objective case is required for both pronouns; 'me' is the objective form of 'I', and 'him' is already in the objective case. 'He and I' uses the subjective 'he', which is wrong after a preposition. 'Him and myself' incorrectly uses the reflexive 'myself' — reflexive pronouns are used when the object refers back to the subject; here the speaker is not the subject of 'presented'. 'He and me' uses the subjective 'he', which is incorrect in the objective position after 'to'.",s-eng-11-2-2,medium,ai-generated,false,B,him and myself,false,2
q-eng11.2-27,ENG11.2,mc,"Choose the option that best replaces the underlined phrase: 'The award was presented to [him and I] at the annual ceremony.'","'Him and me' is correct — after the preposition 'to', the objective case is required for both pronouns; 'me' is the objective form of 'I', and 'him' is already in the objective case. 'He and I' uses the subjective 'he', which is wrong after a preposition. 'Him and myself' incorrectly uses the reflexive 'myself' — reflexive pronouns are used when the object refers back to the subject; here the speaker is not the subject of 'presented'. 'He and me' uses the subjective 'he', which is incorrect in the objective position after 'to'.",s-eng-11-2-2,medium,ai-generated,false,C,he and me,false,3
q-eng11.2-27,ENG11.2,mc,"Choose the option that best replaces the underlined phrase: 'The award was presented to [him and I] at the annual ceremony.'","'Him and me' is correct — after the preposition 'to', the objective case is required for both pronouns; 'me' is the objective form of 'I', and 'him' is already in the objective case. 'He and I' uses the subjective 'he', which is wrong after a preposition. 'Him and myself' incorrectly uses the reflexive 'myself' — reflexive pronouns are used when the object refers back to the subject; here the speaker is not the subject of 'presented'. 'He and me' uses the subjective 'he', which is incorrect in the objective position after 'to'.",s-eng-11-2-2,medium,ai-generated,false,D,him and me,true,4
q-eng11.2-28,ENG11.2,mc,"Choose the option that best replaces the underlined phrase: 'The [amount of] students who attended the lecture was surprisingly large.'","'Number of' is correct — 'number' is used with countable nouns such as 'students', while 'amount' is reserved for uncountable nouns. 'Quantity of' is used for tangible bulk items and is less appropriate than 'number' when referring to people. 'Total amount of' retains 'amount' with a countable noun, compounding the original error. 'No replacement needed' is wrong because 'amount of students' is a standard error tested in competitive exams — students are countable and require 'number'.",s-eng-11-2-2,hard,ai-generated,false,A,number of,true,1
q-eng11.2-28,ENG11.2,mc,"Choose the option that best replaces the underlined phrase: 'The [amount of] students who attended the lecture was surprisingly large.'","'Number of' is correct — 'number' is used with countable nouns such as 'students', while 'amount' is reserved for uncountable nouns. 'Quantity of' is used for tangible bulk items and is less appropriate than 'number' when referring to people. 'Total amount of' retains 'amount' with a countable noun, compounding the original error. 'No replacement needed' is wrong because 'amount of students' is a standard error tested in competitive exams — students are countable and require 'number'.",s-eng-11-2-2,hard,ai-generated,false,B,quantity of,false,2
q-eng11.2-28,ENG11.2,mc,"Choose the option that best replaces the underlined phrase: 'The [amount of] students who attended the lecture was surprisingly large.'","'Number of' is correct — 'number' is used with countable nouns such as 'students', while 'amount' is reserved for uncountable nouns. 'Quantity of' is used for tangible bulk items and is less appropriate than 'number' when referring to people. 'Total amount of' retains 'amount' with a countable noun, compounding the original error. 'No replacement needed' is wrong because 'amount of students' is a standard error tested in competitive exams — students are countable and require 'number'.",s-eng-11-2-2,hard,ai-generated,false,C,total amount of,false,3
q-eng11.2-28,ENG11.2,mc,"Choose the option that best replaces the underlined phrase: 'The [amount of] students who attended the lecture was surprisingly large.'","'Number of' is correct — 'number' is used with countable nouns such as 'students', while 'amount' is reserved for uncountable nouns. 'Quantity of' is used for tangible bulk items and is less appropriate than 'number' when referring to people. 'Total amount of' retains 'amount' with a countable noun, compounding the original error. 'No replacement needed' is wrong because 'amount of students' is a standard error tested in competitive exams — students are countable and require 'number'.",s-eng-11-2-2,hard,ai-generated,false,D,No replacement needed,false,4
q-eng11.2-29,ENG11.2,mc,"Choose the option that best replaces the underlined phrase: 'The CEO [entered into] the boardroom moments before the meeting was to begin.'","'Entered' alone is correct — 'enter' is a transitive verb that takes a direct object without a preposition; 'entered the boardroom' is the standard form. 'Went into' is grammatically correct but changes the verb and register — 'entered' is more formal and precise for this business context. 'Had entered into' retains the redundant 'into' and introduces the past perfect without any earlier past event to justify it. 'No replacement needed' is wrong because 'entered into' adds an unnecessary preposition to a transitive verb.",s-eng-11-2-2,hard,ai-generated,false,A,went into,false,1
q-eng11.2-29,ENG11.2,mc,"Choose the option that best replaces the underlined phrase: 'The CEO [entered into] the boardroom moments before the meeting was to begin.'","'Entered' alone is correct — 'enter' is a transitive verb that takes a direct object without a preposition; 'entered the boardroom' is the standard form. 'Went into' is grammatically correct but changes the verb and register — 'entered' is more formal and precise for this business context. 'Had entered into' retains the redundant 'into' and introduces the past perfect without any earlier past event to justify it. 'No replacement needed' is wrong because 'entered into' adds an unnecessary preposition to a transitive verb.",s-eng-11-2-2,hard,ai-generated,false,B,entered,true,2
q-eng11.2-29,ENG11.2,mc,"Choose the option that best replaces the underlined phrase: 'The CEO [entered into] the boardroom moments before the meeting was to begin.'","'Entered' alone is correct — 'enter' is a transitive verb that takes a direct object without a preposition; 'entered the boardroom' is the standard form. 'Went into' is grammatically correct but changes the verb and register — 'entered' is more formal and precise for this business context. 'Had entered into' retains the redundant 'into' and introduces the past perfect without any earlier past event to justify it. 'No replacement needed' is wrong because 'entered into' adds an unnecessary preposition to a transitive verb.",s-eng-11-2-2,hard,ai-generated,false,C,had entered into,false,3
q-eng11.2-29,ENG11.2,mc,"Choose the option that best replaces the underlined phrase: 'The CEO [entered into] the boardroom moments before the meeting was to begin.'","'Entered' alone is correct — 'enter' is a transitive verb that takes a direct object without a preposition; 'entered the boardroom' is the standard form. 'Went into' is grammatically correct but changes the verb and register — 'entered' is more formal and precise for this business context. 'Had entered into' retains the redundant 'into' and introduces the past perfect without any earlier past event to justify it. 'No replacement needed' is wrong because 'entered into' adds an unnecessary preposition to a transitive verb.",s-eng-11-2-2,hard,ai-generated,false,D,No replacement needed,false,4
q-eng11.2-30,ENG11.2,mc,"Choose the option that best replaces the underlined phrase: 'The factory's [new innovation] in battery technology has cut production costs significantly.'","'Innovation' alone is correct — 'innovation' by definition refers to something newly introduced, so 'new' is entirely redundant. 'Latest new innovation' compounds the redundancy by adding 'latest' alongside 'new', creating a triple repetition of newness. 'Newly new innovation' is nonsensical — 'newly new' is not a standard English construction. 'No replacement needed' is wrong because 'new innovation' is a classic pleonasm; innovation inherently carries the meaning of newness.",s-eng-11-2-2,hard,ai-generated,false,A,latest new innovation,false,1
q-eng11.2-30,ENG11.2,mc,"Choose the option that best replaces the underlined phrase: 'The factory's [new innovation] in battery technology has cut production costs significantly.'","'Innovation' alone is correct — 'innovation' by definition refers to something newly introduced, so 'new' is entirely redundant. 'Latest new innovation' compounds the redundancy by adding 'latest' alongside 'new', creating a triple repetition of newness. 'Newly new innovation' is nonsensical — 'newly new' is not a standard English construction. 'No replacement needed' is wrong because 'new innovation' is a classic pleonasm; innovation inherently carries the meaning of newness.",s-eng-11-2-2,hard,ai-generated,false,B,newly new innovation,false,2
q-eng11.2-30,ENG11.2,mc,"Choose the option that best replaces the underlined phrase: 'The factory's [new innovation] in battery technology has cut production costs significantly.'","'Innovation' alone is correct — 'innovation' by definition refers to something newly introduced, so 'new' is entirely redundant. 'Latest new innovation' compounds the redundancy by adding 'latest' alongside 'new', creating a triple repetition of newness. 'Newly new innovation' is nonsensical — 'newly new' is not a standard English construction. 'No replacement needed' is wrong because 'new innovation' is a classic pleonasm; innovation inherently carries the meaning of newness.",s-eng-11-2-2,hard,ai-generated,false,C,innovation,true,3
q-eng11.2-30,ENG11.2,mc,"Choose the option that best replaces the underlined phrase: 'The factory's [new innovation] in battery technology has cut production costs significantly.'","'Innovation' alone is correct — 'innovation' by definition refers to something newly introduced, so 'new' is entirely redundant. 'Latest new innovation' compounds the redundancy by adding 'latest' alongside 'new', creating a triple repetition of newness. 'Newly new innovation' is nonsensical — 'newly new' is not a standard English construction. 'No replacement needed' is wrong because 'new innovation' is a classic pleonasm; innovation inherently carries the meaning of newness.",s-eng-11-2-2,hard,ai-generated,false,D,No replacement needed,false,4
q-eng11.2-31,ENG11.2,mc,"Read the statement and identify the implicit assumption: 'Buy this supplement — it is completely safe to consume.'","Option C is the correct implicit assumption — highlighting safety only makes sense if consumers consider safety an important factor; without this assumption there is no reason to advertise safety as a selling point. Option A overreaches by claiming all supplements on the market are safe — the advertisement is about this specific supplement only. Option B introduces a claim about animal testing that is nowhere stated or implied. Option D draws a comparison with other supplements' effectiveness, which goes entirely beyond what the advertisement says.",s-eng-11-2-3,easy,ai-generated,false,A,All supplements available in the market are completely safe.,false,1
q-eng11.2-31,ENG11.2,mc,"Read the statement and identify the implicit assumption: 'Buy this supplement — it is completely safe to consume.'","Option C is the correct implicit assumption — highlighting safety only makes sense if consumers consider safety an important factor; without this assumption there is no reason to advertise safety as a selling point. Option A overreaches by claiming all supplements on the market are safe — the advertisement is about this specific supplement only. Option B introduces a claim about animal testing that is nowhere stated or implied. Option D draws a comparison with other supplements' effectiveness, which goes entirely beyond what the advertisement says.",s-eng-11-2-3,easy,ai-generated,false,B,The supplement has been tested on animals before human use.,false,2
q-eng11.2-31,ENG11.2,mc,"Read the statement and identify the implicit assumption: 'Buy this supplement — it is completely safe to consume.'","Option C is the correct implicit assumption — highlighting safety only makes sense if consumers consider safety an important factor; without this assumption there is no reason to advertise safety as a selling point. Option A overreaches by claiming all supplements on the market are safe — the advertisement is about this specific supplement only. Option B introduces a claim about animal testing that is nowhere stated or implied. Option D draws a comparison with other supplements' effectiveness, which goes entirely beyond what the advertisement says.",s-eng-11-2-3,easy,ai-generated,false,C,Safety is an important factor for consumers when choosing a supplement.,true,3
q-eng11.2-31,ENG11.2,mc,"Read the statement and identify the implicit assumption: 'Buy this supplement — it is completely safe to consume.'","Option C is the correct implicit assumption — highlighting safety only makes sense if consumers consider safety an important factor; without this assumption there is no reason to advertise safety as a selling point. Option A overreaches by claiming all supplements on the market are safe — the advertisement is about this specific supplement only. Option B introduces a claim about animal testing that is nowhere stated or implied. Option D draws a comparison with other supplements' effectiveness, which goes entirely beyond what the advertisement says.",s-eng-11-2-3,easy,ai-generated,false,D,This supplement is more effective than all other supplements.,false,4
q-eng11.2-32,ENG11.2,mc,"Read the statement and identify the implicit assumption: 'Parents should limit their children's screen time to no more than two hours per day.'","Option A is the correct implicit assumption — the recommendation to limit screen time only makes sense if exceeding it has negative consequences; without this assumption the advice has no logical basis. Option B is not assumed — the statement makes no claim about what children prefer relative to outdoor activities. Option C assumes all children currently exceed two hours, but the statement is a general guideline and makes no claim about current behaviour. Option D actually contradicts the implicit caution in the statement — if two hours were completely harmless there would be no logical reason to set it as a specific limit.",s-eng-11-2-3,easy,ai-generated,false,A,Excessive screen time has negative effects on children.,true,1
q-eng11.2-32,ENG11.2,mc,"Read the statement and identify the implicit assumption: 'Parents should limit their children's screen time to no more than two hours per day.'","Option A is the correct implicit assumption — the recommendation to limit screen time only makes sense if exceeding it has negative consequences; without this assumption the advice has no logical basis. Option B is not assumed — the statement makes no claim about what children prefer relative to outdoor activities. Option C assumes all children currently exceed two hours, but the statement is a general guideline and makes no claim about current behaviour. Option D actually contradicts the implicit caution in the statement — if two hours were completely harmless there would be no logical reason to set it as a specific limit.",s-eng-11-2-3,easy,ai-generated,false,B,Children enjoy screen time more than outdoor activities.,false,2
q-eng11.2-32,ENG11.2,mc,"Read the statement and identify the implicit assumption: 'Parents should limit their children's screen time to no more than two hours per day.'","Option A is the correct implicit assumption — the recommendation to limit screen time only makes sense if exceeding it has negative consequences; without this assumption the advice has no logical basis. Option B is not assumed — the statement makes no claim about what children prefer relative to outdoor activities. Option C assumes all children currently exceed two hours, but the statement is a general guideline and makes no claim about current behaviour. Option D actually contradicts the implicit caution in the statement — if two hours were completely harmless there would be no logical reason to set it as a specific limit.",s-eng-11-2-3,easy,ai-generated,false,C,All children currently exceed two hours of screen time per day.,false,3
q-eng11.2-32,ENG11.2,mc,"Read the statement and identify the implicit assumption: 'Parents should limit their children's screen time to no more than two hours per day.'","Option A is the correct implicit assumption — the recommendation to limit screen time only makes sense if exceeding it has negative consequences; without this assumption the advice has no logical basis. Option B is not assumed — the statement makes no claim about what children prefer relative to outdoor activities. Option C assumes all children currently exceed two hours, but the statement is a general guideline and makes no claim about current behaviour. Option D actually contradicts the implicit caution in the statement — if two hours were completely harmless there would be no logical reason to set it as a specific limit.",s-eng-11-2-3,easy,ai-generated,false,D,Two hours of screen time per day is completely harmless for children.,false,4
q-eng11.2-33,ENG11.2,mc,"Consider the argument: 'The government should invest more in public transport to reduce traffic congestion.' Which of the following is NOT an implicit assumption in this argument?","Option D is NOT an implicit assumption — whether public transport is cheaper to build than road expansion is irrelevant to the argument's logic; the recommendation could be valid for reasons of capacity or sustainability regardless of construction cost. Option A is implicitly assumed — if improved public transport does not attract commuters away from private vehicles, the investment will not reduce congestion. Option B is implicitly assumed — if congestion were not a significant problem there would be no reason to recommend addressing it. Option C is implicitly assumed — reducing private vehicle use via public transport only reduces congestion if private vehicles are a major contributor to it.",s-eng-11-2-3,medium,ai-generated,false,A,Better public transport will attract commuters away from private vehicles.,false,1
q-eng11.2-33,ENG11.2,mc,"Consider the argument: 'The government should invest more in public transport to reduce traffic congestion.' Which of the following is NOT an implicit assumption in this argument?","Option D is NOT an implicit assumption — whether public transport is cheaper to build than road expansion is irrelevant to the argument's logic; the recommendation could be valid for reasons of capacity or sustainability regardless of construction cost. Option A is implicitly assumed — if improved public transport does not attract commuters away from private vehicles, the investment will not reduce congestion. Option B is implicitly assumed — if congestion were not a significant problem there would be no reason to recommend addressing it. Option C is implicitly assumed — reducing private vehicle use via public transport only reduces congestion if private vehicles are a major contributor to it.",s-eng-11-2-3,medium,ai-generated,false,B,Traffic congestion is a significant problem worth addressing.,false,2
q-eng11.2-33,ENG11.2,mc,"Consider the argument: 'The government should invest more in public transport to reduce traffic congestion.' Which of the following is NOT an implicit assumption in this argument?","Option D is NOT an implicit assumption — whether public transport is cheaper to build than road expansion is irrelevant to the argument's logic; the recommendation could be valid for reasons of capacity or sustainability regardless of construction cost. Option A is implicitly assumed — if improved public transport does not attract commuters away from private vehicles, the investment will not reduce congestion. Option B is implicitly assumed — if congestion were not a significant problem there would be no reason to recommend addressing it. Option C is implicitly assumed — reducing private vehicle use via public transport only reduces congestion if private vehicles are a major contributor to it.",s-eng-11-2-3,medium,ai-generated,false,C,Private vehicle use is a major contributor to traffic congestion.,false,3
q-eng11.2-33,ENG11.2,mc,"Consider the argument: 'The government should invest more in public transport to reduce traffic congestion.' Which of the following is NOT an implicit assumption in this argument?","Option D is NOT an implicit assumption — whether public transport is cheaper to build than road expansion is irrelevant to the argument's logic; the recommendation could be valid for reasons of capacity or sustainability regardless of construction cost. Option A is implicitly assumed — if improved public transport does not attract commuters away from private vehicles, the investment will not reduce congestion. Option B is implicitly assumed — if congestion were not a significant problem there would be no reason to recommend addressing it. Option C is implicitly assumed — reducing private vehicle use via public transport only reduces congestion if private vehicles are a major contributor to it.",s-eng-11-2-3,medium,ai-generated,false,D,Public transport is less expensive to build than road expansion.,true,4
q-eng11.2-34,ENG11.2,mc,"Consider the statement: 'Since Riya scored the highest in the class, she will definitely do well in the university entrance exam.' Two assumptions follow. I: High scorers in class always perform well in competitive exams. II: Riya's class performance is a reliable indicator of her competitive exam performance. Which assumption(s) is/are implicit?","Only Assumption II is implicit — the statement requires that class performance reliably predicts competitive exam performance, and II states this with appropriate hedging ('reliable indicator'). Assumption I is too strong — it uses 'always', making it an infallible absolute rule; the statement only implies a correlation, not a universal law without exceptions. The word 'always' in I is unsupported by the statement, which could allow for exceptions. II uses 'reliable indicator', matching the level of certainty implicit in the statement's reasoning.",s-eng-11-2-3,medium,ai-generated,false,A,Only Assumption I is implicit.,false,1
q-eng11.2-34,ENG11.2,mc,"Consider the statement: 'Since Riya scored the highest in the class, she will definitely do well in the university entrance exam.' Two assumptions follow. I: High scorers in class always perform well in competitive exams. II: Riya's class performance is a reliable indicator of her competitive exam performance. Which assumption(s) is/are implicit?","Only Assumption II is implicit — the statement requires that class performance reliably predicts competitive exam performance, and II states this with appropriate hedging ('reliable indicator'). Assumption I is too strong — it uses 'always', making it an infallible absolute rule; the statement only implies a correlation, not a universal law without exceptions. The word 'always' in I is unsupported by the statement, which could allow for exceptions. II uses 'reliable indicator', matching the level of certainty implicit in the statement's reasoning.",s-eng-11-2-3,medium,ai-generated,false,B,Only Assumption II is implicit.,true,2
q-eng11.2-34,ENG11.2,mc,"Consider the statement: 'Since Riya scored the highest in the class, she will definitely do well in the university entrance exam.' Two assumptions follow. I: High scorers in class always perform well in competitive exams. II: Riya's class performance is a reliable indicator of her competitive exam performance. Which assumption(s) is/are implicit?","Only Assumption II is implicit — the statement requires that class performance reliably predicts competitive exam performance, and II states this with appropriate hedging ('reliable indicator'). Assumption I is too strong — it uses 'always', making it an infallible absolute rule; the statement only implies a correlation, not a universal law without exceptions. The word 'always' in I is unsupported by the statement, which could allow for exceptions. II uses 'reliable indicator', matching the level of certainty implicit in the statement's reasoning.",s-eng-11-2-3,medium,ai-generated,false,C,Both Assumptions I and II are implicit.,false,3
q-eng11.2-34,ENG11.2,mc,"Consider the statement: 'Since Riya scored the highest in the class, she will definitely do well in the university entrance exam.' Two assumptions follow. I: High scorers in class always perform well in competitive exams. II: Riya's class performance is a reliable indicator of her competitive exam performance. Which assumption(s) is/are implicit?","Only Assumption II is implicit — the statement requires that class performance reliably predicts competitive exam performance, and II states this with appropriate hedging ('reliable indicator'). Assumption I is too strong — it uses 'always', making it an infallible absolute rule; the statement only implies a correlation, not a universal law without exceptions. The word 'always' in I is unsupported by the statement, which could allow for exceptions. II uses 'reliable indicator', matching the level of certainty implicit in the statement's reasoning.",s-eng-11-2-3,medium,ai-generated,false,D,Neither Assumption I nor Assumption II is implicit.,false,4
q-eng11.2-35,ENG11.2,mc,"Consider the argument: 'Eating breakfast regularly improves concentration and academic performance in school-going children.' Which of the following would most weaken this argument?","Option C directly undermines the causal claim by providing empirical evidence of no significant performance difference between breakfast-eaters and non-eaters — if the effect does not exist, the argument collapses. Option A introduces a correlation between breakfast habits and sleep patterns but does not address whether breakfast itself drives academic improvement. Option B explains a mechanism by which breakfast could help (nutrients for brain function) and therefore supports rather than weakens the argument. Option D links free breakfast programmes to attendance rather than to concentration or academic performance, making it tangential to the specific claim.",s-eng-11-2-3,medium,ai-generated,false,A,Children who eat breakfast also tend to go to bed earlier.,false,1
q-eng11.2-35,ENG11.2,mc,"Consider the argument: 'Eating breakfast regularly improves concentration and academic performance in school-going children.' Which of the following would most weaken this argument?","Option C directly undermines the causal claim by providing empirical evidence of no significant performance difference between breakfast-eaters and non-eaters — if the effect does not exist, the argument collapses. Option A introduces a correlation between breakfast habits and sleep patterns but does not address whether breakfast itself drives academic improvement. Option B explains a mechanism by which breakfast could help (nutrients for brain function) and therefore supports rather than weakens the argument. Option D links free breakfast programmes to attendance rather than to concentration or academic performance, making it tangential to the specific claim.",s-eng-11-2-3,medium,ai-generated,false,B,Breakfast typically provides vitamins and nutrients important for brain function.,false,2
q-eng11.2-35,ENG11.2,mc,"Consider the argument: 'Eating breakfast regularly improves concentration and academic performance in school-going children.' Which of the following would most weaken this argument?","Option C directly undermines the causal claim by providing empirical evidence of no significant performance difference between breakfast-eaters and non-eaters — if the effect does not exist, the argument collapses. Option A introduces a correlation between breakfast habits and sleep patterns but does not address whether breakfast itself drives academic improvement. Option B explains a mechanism by which breakfast could help (nutrients for brain function) and therefore supports rather than weakens the argument. Option D links free breakfast programmes to attendance rather than to concentration or academic performance, making it tangential to the specific claim.",s-eng-11-2-3,medium,ai-generated,false,C,A large-scale study found no significant difference in academic performance between children who ate breakfast and those who did not.,true,3
q-eng11.2-35,ENG11.2,mc,"Consider the argument: 'Eating breakfast regularly improves concentration and academic performance in school-going children.' Which of the following would most weaken this argument?","Option C directly undermines the causal claim by providing empirical evidence of no significant performance difference between breakfast-eaters and non-eaters — if the effect does not exist, the argument collapses. Option A introduces a correlation between breakfast habits and sleep patterns but does not address whether breakfast itself drives academic improvement. Option B explains a mechanism by which breakfast could help (nutrients for brain function) and therefore supports rather than weakens the argument. Option D links free breakfast programmes to attendance rather than to concentration or academic performance, making it tangential to the specific claim.",s-eng-11-2-3,medium,ai-generated,false,D,Schools that provide free breakfast report higher student attendance rates.,false,4
q-eng11.2-36,ENG11.2,mc,"Consider the argument: 'Increasing the number of police officers in a neighbourhood reduces crime rates.' Which of the following would most strengthen this argument?","Option A directly supports the causal claim with multi-city empirical evidence — a consistent real-world pattern between police presence and lower crime provides the strongest possible corroboration for the argument. Option B discusses police training requirements, which does not address whether higher officer presence actually reduces crime. Option C weakens the argument by showing that other factors also influence crime rates, reducing the weight of the single-cause claim. Option D merely describes when more police are deployed but provides no evidence about whether that deployment reduces crime.",s-eng-11-2-3,medium,ai-generated,false,A,Studies across multiple cities consistently show that neighbourhoods with higher police presence report fewer crimes.,true,1
q-eng11.2-36,ENG11.2,mc,"Consider the argument: 'Increasing the number of police officers in a neighbourhood reduces crime rates.' Which of the following would most strengthen this argument?","Option A directly supports the causal claim with multi-city empirical evidence — a consistent real-world pattern between police presence and lower crime provides the strongest possible corroboration for the argument. Option B discusses police training requirements, which does not address whether higher officer presence actually reduces crime. Option C weakens the argument by showing that other factors also influence crime rates, reducing the weight of the single-cause claim. Option D merely describes when more police are deployed but provides no evidence about whether that deployment reduces crime.",s-eng-11-2-3,medium,ai-generated,false,B,Police officers require extensive training before being deployed in neighbourhoods.,false,2
q-eng11.2-36,ENG11.2,mc,"Consider the argument: 'Increasing the number of police officers in a neighbourhood reduces crime rates.' Which of the following would most strengthen this argument?","Option A directly supports the causal claim with multi-city empirical evidence — a consistent real-world pattern between police presence and lower crime provides the strongest possible corroboration for the argument. Option B discusses police training requirements, which does not address whether higher officer presence actually reduces crime. Option C weakens the argument by showing that other factors also influence crime rates, reducing the weight of the single-cause claim. Option D merely describes when more police are deployed but provides no evidence about whether that deployment reduces crime.",s-eng-11-2-3,medium,ai-generated,false,C,Crime rates are also influenced by unemployment levels and access to education.,false,3
q-eng11.2-36,ENG11.2,mc,"Consider the argument: 'Increasing the number of police officers in a neighbourhood reduces crime rates.' Which of the following would most strengthen this argument?","Option A directly supports the causal claim with multi-city empirical evidence — a consistent real-world pattern between police presence and lower crime provides the strongest possible corroboration for the argument. Option B discusses police training requirements, which does not address whether higher officer presence actually reduces crime. Option C weakens the argument by showing that other factors also influence crime rates, reducing the weight of the single-cause claim. Option D merely describes when more police are deployed but provides no evidence about whether that deployment reduces crime.",s-eng-11-2-3,medium,ai-generated,false,D,More police officers are typically deployed during festivals and major public events.,false,4
q-eng11.2-37,ENG11.2,mc,"Read the statement and identify the most accurate implicit assumption: 'Since this restaurant has a long queue, the food here must be excellent.'","Option D is the key implicit assumption — the reasoning from 'long queue' to 'excellent food' only works if popularity generally signals quality; without this bridge the inference breaks down. Option A uses 'always', making it too absolute — the assumption need only hold generally, not universally without exception. Option B claims this restaurant is the most popular in the city, which is a stronger and unsupported claim that goes beyond what a queue can indicate. Option C is a secondary possible assumption but is not the primary logical bridge — the core link is the belief that a restaurant's popularity reflects its food quality.",s-eng-11-2-3,hard,ai-generated,false,A,Long queues always indicate excellent food at a restaurant.,false,1
q-eng11.2-37,ENG11.2,mc,"Read the statement and identify the most accurate implicit assumption: 'Since this restaurant has a long queue, the food here must be excellent.'","Option D is the key implicit assumption — the reasoning from 'long queue' to 'excellent food' only works if popularity generally signals quality; without this bridge the inference breaks down. Option A uses 'always', making it too absolute — the assumption need only hold generally, not universally without exception. Option B claims this restaurant is the most popular in the city, which is a stronger and unsupported claim that goes beyond what a queue can indicate. Option C is a secondary possible assumption but is not the primary logical bridge — the core link is the belief that a restaurant's popularity reflects its food quality.",s-eng-11-2-3,hard,ai-generated,false,B,This restaurant is the most popular restaurant in the city.,false,2
q-eng11.2-37,ENG11.2,mc,"Read the statement and identify the most accurate implicit assumption: 'Since this restaurant has a long queue, the food here must be excellent.'","Option D is the key implicit assumption — the reasoning from 'long queue' to 'excellent food' only works if popularity generally signals quality; without this bridge the inference breaks down. Option A uses 'always', making it too absolute — the assumption need only hold generally, not universally without exception. Option B claims this restaurant is the most popular in the city, which is a stronger and unsupported claim that goes beyond what a queue can indicate. Option C is a secondary possible assumption but is not the primary logical bridge — the core link is the belief that a restaurant's popularity reflects its food quality.",s-eng-11-2-3,hard,ai-generated,false,C,People who stand in long queues are particularly sensitive to food quality.,false,3
q-eng11.2-37,ENG11.2,mc,"Read the statement and identify the most accurate implicit assumption: 'Since this restaurant has a long queue, the food here must be excellent.'","Option D is the key implicit assumption — the reasoning from 'long queue' to 'excellent food' only works if popularity generally signals quality; without this bridge the inference breaks down. Option A uses 'always', making it too absolute — the assumption need only hold generally, not universally without exception. Option B claims this restaurant is the most popular in the city, which is a stronger and unsupported claim that goes beyond what a queue can indicate. Option C is a secondary possible assumption but is not the primary logical bridge — the core link is the belief that a restaurant's popularity reflects its food quality.",s-eng-11-2-3,hard,ai-generated,false,D,Popularity is generally a reliable indicator of a restaurant's food quality.,true,4
q-eng11.2-38,ENG11.2,mc,"Consider the statement: 'To improve student outcomes, the school will extend daily study hours from 6 to 8 hours.' Two assumptions follow. I: More study hours lead to better learning outcomes. II: The current 6-hour schedule is insufficient for the desired student outcomes. Which assumption(s) is/are implicit?","Both Assumptions I and II are implicit — the decision to extend hours only makes sense if (I) more hours are believed to improve outcomes and (II) the current duration is seen as inadequate; rejecting either would make the school's action irrational. Assumption I is the causal premise: without believing hours drive outcomes, extending them has no rationale. Assumption II is the diagnostic premise: if 6 hours were sufficient, there would be no problem requiring a solution. Options A and C each accept only one assumption, but both are needed to justify the school's decision.",s-eng-11-2-3,hard,ai-generated,false,A,Only Assumption I is implicit.,false,1
q-eng11.2-38,ENG11.2,mc,"Consider the statement: 'To improve student outcomes, the school will extend daily study hours from 6 to 8 hours.' Two assumptions follow. I: More study hours lead to better learning outcomes. II: The current 6-hour schedule is insufficient for the desired student outcomes. Which assumption(s) is/are implicit?","Both Assumptions I and II are implicit — the decision to extend hours only makes sense if (I) more hours are believed to improve outcomes and (II) the current duration is seen as inadequate; rejecting either would make the school's action irrational. Assumption I is the causal premise: without believing hours drive outcomes, extending them has no rationale. Assumption II is the diagnostic premise: if 6 hours were sufficient, there would be no problem requiring a solution. Options A and C each accept only one assumption, but both are needed to justify the school's decision.",s-eng-11-2-3,hard,ai-generated,false,B,Both Assumptions I and II are implicit.,true,2
q-eng11.2-38,ENG11.2,mc,"Consider the statement: 'To improve student outcomes, the school will extend daily study hours from 6 to 8 hours.' Two assumptions follow. I: More study hours lead to better learning outcomes. II: The current 6-hour schedule is insufficient for the desired student outcomes. Which assumption(s) is/are implicit?","Both Assumptions I and II are implicit — the decision to extend hours only makes sense if (I) more hours are believed to improve outcomes and (II) the current duration is seen as inadequate; rejecting either would make the school's action irrational. Assumption I is the causal premise: without believing hours drive outcomes, extending them has no rationale. Assumption II is the diagnostic premise: if 6 hours were sufficient, there would be no problem requiring a solution. Options A and C each accept only one assumption, but both are needed to justify the school's decision.",s-eng-11-2-3,hard,ai-generated,false,C,Only Assumption II is implicit.,false,3
q-eng11.2-38,ENG11.2,mc,"Consider the statement: 'To improve student outcomes, the school will extend daily study hours from 6 to 8 hours.' Two assumptions follow. I: More study hours lead to better learning outcomes. II: The current 6-hour schedule is insufficient for the desired student outcomes. Which assumption(s) is/are implicit?","Both Assumptions I and II are implicit — the decision to extend hours only makes sense if (I) more hours are believed to improve outcomes and (II) the current duration is seen as inadequate; rejecting either would make the school's action irrational. Assumption I is the causal premise: without believing hours drive outcomes, extending them has no rationale. Assumption II is the diagnostic premise: if 6 hours were sufficient, there would be no problem requiring a solution. Options A and C each accept only one assumption, but both are needed to justify the school's decision.",s-eng-11-2-3,hard,ai-generated,false,D,Neither Assumption I nor Assumption II is implicit.,false,4
q-eng11.2-39,ENG11.2,mc,"Read the statement and choose the conclusion that can be logically drawn: 'Only a person with a valid ID proof will be allowed entry to the examination hall.'","Option C correctly applies the contrapositive — if valid ID is the required condition for entry, then anyone who has successfully entered must have had valid ID. Option A overreaches by claiming all ID holders will appear for the exam — having valid ID does not mean the person will actually attend. Option B introduces speculation about unofficial exceptions (personal acquaintance with the invigilator), which is entirely outside the statement. Option D speculates about the authority's motives regarding academic integrity, whereas the ID requirement could serve security or administrative purposes rather than academic ones.",s-eng-11-2-3,hard,ai-generated,false,A,All persons with valid ID proofs will appear for the examination.,false,1
q-eng11.2-39,ENG11.2,mc,"Read the statement and choose the conclusion that can be logically drawn: 'Only a person with a valid ID proof will be allowed entry to the examination hall.'","Option C correctly applies the contrapositive — if valid ID is the required condition for entry, then anyone who has successfully entered must have had valid ID. Option A overreaches by claiming all ID holders will appear for the exam — having valid ID does not mean the person will actually attend. Option B introduces speculation about unofficial exceptions (personal acquaintance with the invigilator), which is entirely outside the statement. Option D speculates about the authority's motives regarding academic integrity, whereas the ID requirement could serve security or administrative purposes rather than academic ones.",s-eng-11-2-3,hard,ai-generated,false,B,A person without ID proof may still enter if personally known to the invigilator.,false,2
q-eng11.2-39,ENG11.2,mc,"Read the statement and choose the conclusion that can be logically drawn: 'Only a person with a valid ID proof will be allowed entry to the examination hall.'","Option C correctly applies the contrapositive — if valid ID is the required condition for entry, then anyone who has successfully entered must have had valid ID. Option A overreaches by claiming all ID holders will appear for the exam — having valid ID does not mean the person will actually attend. Option B introduces speculation about unofficial exceptions (personal acquaintance with the invigilator), which is entirely outside the statement. Option D speculates about the authority's motives regarding academic integrity, whereas the ID requirement could serve security or administrative purposes rather than academic ones.",s-eng-11-2-3,hard,ai-generated,false,C,A person who has entered the examination hall has a valid ID proof.,true,3
q-eng11.2-39,ENG11.2,mc,"Read the statement and choose the conclusion that can be logically drawn: 'Only a person with a valid ID proof will be allowed entry to the examination hall.'","Option C correctly applies the contrapositive — if valid ID is the required condition for entry, then anyone who has successfully entered must have had valid ID. Option A overreaches by claiming all ID holders will appear for the exam — having valid ID does not mean the person will actually attend. Option B introduces speculation about unofficial exceptions (personal acquaintance with the invigilator), which is entirely outside the statement. Option D speculates about the authority's motives regarding academic integrity, whereas the ID requirement could serve security or administrative purposes rather than academic ones.",s-eng-11-2-3,hard,ai-generated,false,D,The examination authority prioritises academic integrity above all else.,false,4
q-eng11.2-40,ENG11.2,mc,"Read the statement and choose the most reasonable conclusion: 'Cities with higher literacy rates tend to have lower crime rates.'","Option D is correct — it accurately restates the relationship as a statistical correlation between literacy and crime in cities, without overstating causation or scope. Option A overreaches by claiming educating criminals will 'eliminate crime entirely' — the statement is statistical and population-level, not prescriptive, and 'eliminate' is an unsupported absolute. Option B reverses causality, suggesting high crime rates cause lower literacy, which is the opposite direction of the relationship stated. Option C draws an individual-level conclusion ('all literate people are law-abiding') from a population-level trend, committing the ecological fallacy of applying group data to all individuals.",s-eng-11-2-3,hard,ai-generated,false,A,Educating criminals will eliminate crime entirely from cities.,false,1
q-eng11.2-40,ENG11.2,mc,"Read the statement and choose the most reasonable conclusion: 'Cities with higher literacy rates tend to have lower crime rates.'","Option D is correct — it accurately restates the relationship as a statistical correlation between literacy and crime in cities, without overstating causation or scope. Option A overreaches by claiming educating criminals will 'eliminate crime entirely' — the statement is statistical and population-level, not prescriptive, and 'eliminate' is an unsupported absolute. Option B reverses causality, suggesting high crime rates cause lower literacy, which is the opposite direction of the relationship stated. Option C draws an individual-level conclusion ('all literate people are law-abiding') from a population-level trend, committing the ecological fallacy of applying group data to all individuals.",s-eng-11-2-3,hard,ai-generated,false,B,High crime rates cause lower literacy rates in a city.,false,2
q-eng11.2-40,ENG11.2,mc,"Read the statement and choose the most reasonable conclusion: 'Cities with higher literacy rates tend to have lower crime rates.'","Option D is correct — it accurately restates the relationship as a statistical correlation between literacy and crime in cities, without overstating causation or scope. Option A overreaches by claiming educating criminals will 'eliminate crime entirely' — the statement is statistical and population-level, not prescriptive, and 'eliminate' is an unsupported absolute. Option B reverses causality, suggesting high crime rates cause lower literacy, which is the opposite direction of the relationship stated. Option C draws an individual-level conclusion ('all literate people are law-abiding') from a population-level trend, committing the ecological fallacy of applying group data to all individuals.",s-eng-11-2-3,hard,ai-generated,false,C,All literate people in a city are law-abiding citizens.,false,3
q-eng11.2-40,ENG11.2,mc,"Read the statement and choose the most reasonable conclusion: 'Cities with higher literacy rates tend to have lower crime rates.'","Option D is correct — it accurately restates the relationship as a statistical correlation between literacy and crime in cities, without overstating causation or scope. Option A overreaches by claiming educating criminals will 'eliminate crime entirely' — the statement is statistical and population-level, not prescriptive, and 'eliminate' is an unsupported absolute. Option B reverses causality, suggesting high crime rates cause lower literacy, which is the opposite direction of the relationship stated. Option C draws an individual-level conclusion ('all literate people are law-abiding') from a population-level trend, committing the ecological fallacy of applying group data to all individuals.",s-eng-11-2-3,hard,ai-generated,false,D,There is a correlation between higher literacy rates and lower crime rates in urban areas.,true,4
