question_ref,lo_code,question_type,question_text,explanation,subtopic_codes,difficulty,source,verified,option_key,option_text,answer_value,sort_order
q-eng5.3-01,ENG5.3,mc,"Choose the correct option: 'The students, along with their teacher, _____ attending the workshop tomorrow.'","'Are' is correct — the subject is 'students' (plural); 'along with their teacher' is an interrupter phrase that does not change the verb. Strip it out: 'The students … are attending.' 'Is' treats the plural subject as singular. 'Was' shifts to past tense. 'Has been' is present perfect singular, doubly wrong here.",k-eng-5-3-1,easy,ai-generated,false,A,is,false,1
q-eng5.3-01,ENG5.3,mc,"Choose the correct option: 'The students, along with their teacher, _____ attending the workshop tomorrow.'","'Are' is correct — the subject is 'students' (plural); 'along with their teacher' is an interrupter phrase that does not change the verb. Strip it out: 'The students … are attending.' 'Is' treats the plural subject as singular. 'Was' shifts to past tense. 'Has been' is present perfect singular, doubly wrong here.",k-eng-5-3-1,easy,ai-generated,false,B,are,true,2
q-eng5.3-01,ENG5.3,mc,"Choose the correct option: 'The students, along with their teacher, _____ attending the workshop tomorrow.'","'Are' is correct — the subject is 'students' (plural); 'along with their teacher' is an interrupter phrase that does not change the verb. Strip it out: 'The students … are attending.' 'Is' treats the plural subject as singular. 'Was' shifts to past tense. 'Has been' is present perfect singular, doubly wrong here.",k-eng-5-3-1,easy,ai-generated,false,C,was,false,3
q-eng5.3-01,ENG5.3,mc,"Choose the correct option: 'The students, along with their teacher, _____ attending the workshop tomorrow.'","'Are' is correct — the subject is 'students' (plural); 'along with their teacher' is an interrupter phrase that does not change the verb. Strip it out: 'The students … are attending.' 'Is' treats the plural subject as singular. 'Was' shifts to past tense. 'Has been' is present perfect singular, doubly wrong here.",k-eng-5-3-1,easy,ai-generated,false,D,has been,false,4
q-eng5.3-02,ENG5.3,mc,"Choose the correct option: 'The number of applicants _____ increased significantly this year.'","'Has' is correct — 'the number of' is a singular phrase and takes a singular verb. 'Have' would be correct for 'a number of' (which takes a plural verb), not 'the number of'. 'Are' is plural present tense, wrong here. 'Were' is plural past tense, also wrong.",k-eng-5-3-1,easy,ai-generated,false,A,have,false,1
q-eng5.3-02,ENG5.3,mc,"Choose the correct option: 'The number of applicants _____ increased significantly this year.'","'Has' is correct — 'the number of' is a singular phrase and takes a singular verb. 'Have' would be correct for 'a number of' (which takes a plural verb), not 'the number of'. 'Are' is plural present tense, wrong here. 'Were' is plural past tense, also wrong.",k-eng-5-3-1,easy,ai-generated,false,B,has,true,2
q-eng5.3-02,ENG5.3,mc,"Choose the correct option: 'The number of applicants _____ increased significantly this year.'","'Has' is correct — 'the number of' is a singular phrase and takes a singular verb. 'Have' would be correct for 'a number of' (which takes a plural verb), not 'the number of'. 'Are' is plural present tense, wrong here. 'Were' is plural past tense, also wrong.",k-eng-5-3-1,easy,ai-generated,false,C,are,false,3
q-eng5.3-02,ENG5.3,mc,"Choose the correct option: 'The number of applicants _____ increased significantly this year.'","'Has' is correct — 'the number of' is a singular phrase and takes a singular verb. 'Have' would be correct for 'a number of' (which takes a plural verb), not 'the number of'. 'Are' is plural present tense, wrong here. 'Were' is plural past tense, also wrong.",k-eng-5-3-1,easy,ai-generated,false,D,were,false,4
q-eng5.3-03,ENG5.3,mc,"Choose the correct option: 'A number of students _____ submitted their projects ahead of the deadline.'","'Have' is correct — 'a number of' means 'several/many' and always takes a plural verb. 'Has' is the singular form, used with 'the number of', not 'a number of'. 'Is' is present singular, wrong with a plural subject. 'Was' is past singular, also wrong.",k-eng-5-3-1,easy,ai-generated,false,A,has,false,1
q-eng5.3-03,ENG5.3,mc,"Choose the correct option: 'A number of students _____ submitted their projects ahead of the deadline.'","'Have' is correct — 'a number of' means 'several/many' and always takes a plural verb. 'Has' is the singular form, used with 'the number of', not 'a number of'. 'Is' is present singular, wrong with a plural subject. 'Was' is past singular, also wrong.",k-eng-5-3-1,easy,ai-generated,false,B,have,true,2
q-eng5.3-03,ENG5.3,mc,"Choose the correct option: 'A number of students _____ submitted their projects ahead of the deadline.'","'Have' is correct — 'a number of' means 'several/many' and always takes a plural verb. 'Has' is the singular form, used with 'the number of', not 'a number of'. 'Is' is present singular, wrong with a plural subject. 'Was' is past singular, also wrong.",k-eng-5-3-1,easy,ai-generated,false,C,is,false,3
q-eng5.3-03,ENG5.3,mc,"Choose the correct option: 'A number of students _____ submitted their projects ahead of the deadline.'","'Have' is correct — 'a number of' means 'several/many' and always takes a plural verb. 'Has' is the singular form, used with 'the number of', not 'a number of'. 'Is' is present singular, wrong with a plural subject. 'Was' is past singular, also wrong.",k-eng-5-3-1,easy,ai-generated,false,D,was,false,4
q-eng5.3-04,ENG5.3,mc,"Identify the part that contains an error: 'The manager, (A) as well as his assistants, (B) are responsible (C) for the delay in (D) submitting the report.'","Part B is wrong — 'as well as his assistants' is an interrupter; the subject remains 'the manager' (singular) so the verb must be 'is responsible'. 'The manager' is the correct singular subject. 'For the delay in' is a correct prepositional phrase. 'Submitting the report' is a correct gerund phrase.",k-eng-5-3-1,medium,ai-generated,false,A,The manager,false,1
q-eng5.3-04,ENG5.3,mc,"Identify the part that contains an error: 'The manager, (A) as well as his assistants, (B) are responsible (C) for the delay in (D) submitting the report.'","Part B is wrong — 'as well as his assistants' is an interrupter; the subject remains 'the manager' (singular) so the verb must be 'is responsible'. 'The manager' is the correct singular subject. 'For the delay in' is a correct prepositional phrase. 'Submitting the report' is a correct gerund phrase.",k-eng-5-3-1,medium,ai-generated,false,B,are responsible,true,2
q-eng5.3-04,ENG5.3,mc,"Identify the part that contains an error: 'The manager, (A) as well as his assistants, (B) are responsible (C) for the delay in (D) submitting the report.'","Part B is wrong — 'as well as his assistants' is an interrupter; the subject remains 'the manager' (singular) so the verb must be 'is responsible'. 'The manager' is the correct singular subject. 'For the delay in' is a correct prepositional phrase. 'Submitting the report' is a correct gerund phrase.",k-eng-5-3-1,medium,ai-generated,false,C,for the delay in,false,3
q-eng5.3-04,ENG5.3,mc,"Identify the part that contains an error: 'The manager, (A) as well as his assistants, (B) are responsible (C) for the delay in (D) submitting the report.'","Part B is wrong — 'as well as his assistants' is an interrupter; the subject remains 'the manager' (singular) so the verb must be 'is responsible'. 'The manager' is the correct singular subject. 'For the delay in' is a correct prepositional phrase. 'Submitting the report' is a correct gerund phrase.",k-eng-5-3-1,medium,ai-generated,false,D,submitting the report,false,4
q-eng5.3-05,ENG5.3,mc,"Identify the part that contains an error: 'The Prime Minister, (A) along with several cabinet ministers, (B) were present (C) at the inauguration (D) ceremony.'","Part C is wrong — 'along with several cabinet ministers' is an interrupter; the subject is 'The Prime Minister' (singular) and the verb must be 'was present'. 'The Prime Minister' is the correct singular subject. 'Along with several cabinet ministers' is the correctly punctuated interrupter. 'At the inauguration ceremony' is a correct prepositional phrase.",k-eng-5-3-1,medium,ai-generated,false,A,The Prime Minister,false,1
q-eng5.3-05,ENG5.3,mc,"Identify the part that contains an error: 'The Prime Minister, (A) along with several cabinet ministers, (B) were present (C) at the inauguration (D) ceremony.'","Part C is wrong — 'along with several cabinet ministers' is an interrupter; the subject is 'The Prime Minister' (singular) and the verb must be 'was present'. 'The Prime Minister' is the correct singular subject. 'Along with several cabinet ministers' is the correctly punctuated interrupter. 'At the inauguration ceremony' is a correct prepositional phrase.",k-eng-5-3-1,medium,ai-generated,false,B,along with several cabinet ministers,false,2
q-eng5.3-05,ENG5.3,mc,"Identify the part that contains an error: 'The Prime Minister, (A) along with several cabinet ministers, (B) were present (C) at the inauguration (D) ceremony.'","Part C is wrong — 'along with several cabinet ministers' is an interrupter; the subject is 'The Prime Minister' (singular) and the verb must be 'was present'. 'The Prime Minister' is the correct singular subject. 'Along with several cabinet ministers' is the correctly punctuated interrupter. 'At the inauguration ceremony' is a correct prepositional phrase.",k-eng-5-3-1,medium,ai-generated,false,C,were present,true,3
q-eng5.3-05,ENG5.3,mc,"Identify the part that contains an error: 'The Prime Minister, (A) along with several cabinet ministers, (B) were present (C) at the inauguration (D) ceremony.'","Part C is wrong — 'along with several cabinet ministers' is an interrupter; the subject is 'The Prime Minister' (singular) and the verb must be 'was present'. 'The Prime Minister' is the correct singular subject. 'Along with several cabinet ministers' is the correctly punctuated interrupter. 'At the inauguration ceremony' is a correct prepositional phrase.",k-eng-5-3-1,medium,ai-generated,false,D,at the inauguration,false,4
q-eng5.3-06,ENG5.3,mc,"Choose the correct option: 'The police _____ investigating the case from multiple angles.'","'Are' is correct — 'police' is a plural noun in English (it refers to a body of officers) and always takes a plural verb. 'Is' treats 'police' as singular, which is incorrect. 'Was' is past singular, also wrong. 'Has been' is present perfect singular, doubly incorrect here.",k-eng-5-3-1,medium,ai-generated,false,A,is,false,1
q-eng5.3-06,ENG5.3,mc,"Choose the correct option: 'The police _____ investigating the case from multiple angles.'","'Are' is correct — 'police' is a plural noun in English (it refers to a body of officers) and always takes a plural verb. 'Is' treats 'police' as singular, which is incorrect. 'Was' is past singular, also wrong. 'Has been' is present perfect singular, doubly incorrect here.",k-eng-5-3-1,medium,ai-generated,false,B,are,true,2
q-eng5.3-06,ENG5.3,mc,"Choose the correct option: 'The police _____ investigating the case from multiple angles.'","'Are' is correct — 'police' is a plural noun in English (it refers to a body of officers) and always takes a plural verb. 'Is' treats 'police' as singular, which is incorrect. 'Was' is past singular, also wrong. 'Has been' is present perfect singular, doubly incorrect here.",k-eng-5-3-1,medium,ai-generated,false,C,was,false,3
q-eng5.3-06,ENG5.3,mc,"Choose the correct option: 'The police _____ investigating the case from multiple angles.'","'Are' is correct — 'police' is a plural noun in English (it refers to a body of officers) and always takes a plural verb. 'Is' treats 'police' as singular, which is incorrect. 'Was' is past singular, also wrong. 'Has been' is present perfect singular, doubly incorrect here.",k-eng-5-3-1,medium,ai-generated,false,D,has been,false,4
q-eng5.3-07,ENG5.3,mc,"Identify the part that contains an error: 'Neither the principal (A) nor the teachers (B) was present (C) at the emergency meeting (D) held last week.'","Part C is wrong — in 'neither…nor', the verb agrees with the noun closer to it (proximity rule); 'teachers' is plural so the verb must be 'were present'. 'Neither the principal' is correctly used. 'Nor the teachers' is the correct connector. 'At the emergency meeting held last week' is a correct prepositional phrase.",k-eng-5-3-1,medium,ai-generated,false,A,Neither the principal,false,1
q-eng5.3-07,ENG5.3,mc,"Identify the part that contains an error: 'Neither the principal (A) nor the teachers (B) was present (C) at the emergency meeting (D) held last week.'","Part C is wrong — in 'neither…nor', the verb agrees with the noun closer to it (proximity rule); 'teachers' is plural so the verb must be 'were present'. 'Neither the principal' is correctly used. 'Nor the teachers' is the correct connector. 'At the emergency meeting held last week' is a correct prepositional phrase.",k-eng-5-3-1,medium,ai-generated,false,B,nor the teachers,false,2
q-eng5.3-07,ENG5.3,mc,"Identify the part that contains an error: 'Neither the principal (A) nor the teachers (B) was present (C) at the emergency meeting (D) held last week.'","Part C is wrong — in 'neither…nor', the verb agrees with the noun closer to it (proximity rule); 'teachers' is plural so the verb must be 'were present'. 'Neither the principal' is correctly used. 'Nor the teachers' is the correct connector. 'At the emergency meeting held last week' is a correct prepositional phrase.",k-eng-5-3-1,medium,ai-generated,false,C,was present,true,3
q-eng5.3-07,ENG5.3,mc,"Identify the part that contains an error: 'Neither the principal (A) nor the teachers (B) was present (C) at the emergency meeting (D) held last week.'","Part C is wrong — in 'neither…nor', the verb agrees with the noun closer to it (proximity rule); 'teachers' is plural so the verb must be 'were present'. 'Neither the principal' is correctly used. 'Nor the teachers' is the correct connector. 'At the emergency meeting held last week' is a correct prepositional phrase.",k-eng-5-3-1,medium,ai-generated,false,D,at the emergency meeting,false,4
q-eng5.3-08,ENG5.3,mc,"Choose the correct option: 'The news about the floods _____ alarming to all residents of the coastal area.'","'Is' is correct — 'news' is always singular in English despite ending in -s, just like mathematics, physics, and economics; it always takes a singular verb. 'Are' treats 'news' as plural, which is always wrong. 'Were' is past plural, also incorrect. 'Have been' is present perfect plural, doubly wrong.",k-eng-5-3-1,medium,ai-generated,false,A,are,false,1
q-eng5.3-08,ENG5.3,mc,"Choose the correct option: 'The news about the floods _____ alarming to all residents of the coastal area.'","'Is' is correct — 'news' is always singular in English despite ending in -s, just like mathematics, physics, and economics; it always takes a singular verb. 'Are' treats 'news' as plural, which is always wrong. 'Were' is past plural, also incorrect. 'Have been' is present perfect plural, doubly wrong.",k-eng-5-3-1,medium,ai-generated,false,B,were,false,2
q-eng5.3-08,ENG5.3,mc,"Choose the correct option: 'The news about the floods _____ alarming to all residents of the coastal area.'","'Is' is correct — 'news' is always singular in English despite ending in -s, just like mathematics, physics, and economics; it always takes a singular verb. 'Are' treats 'news' as plural, which is always wrong. 'Were' is past plural, also incorrect. 'Have been' is present perfect plural, doubly wrong.",k-eng-5-3-1,medium,ai-generated,false,C,is,true,3
q-eng5.3-08,ENG5.3,mc,"Choose the correct option: 'The news about the floods _____ alarming to all residents of the coastal area.'","'Is' is correct — 'news' is always singular in English despite ending in -s, just like mathematics, physics, and economics; it always takes a singular verb. 'Are' treats 'news' as plural, which is always wrong. 'Were' is past plural, also incorrect. 'Have been' is present perfect plural, doubly wrong.",k-eng-5-3-1,medium,ai-generated,false,D,have been,false,4
q-eng5.3-09,ENG5.3,mc,"Identify the part that contains an error: 'Each of the contestants (A) were given (B) a separate room (C) to prepare for (D) the final round.'","Part B is wrong — 'each' is always singular and takes a singular verb; 'was given' is correct. 'Each of the contestants' is correctly formed with plural noun after 'each of'. 'A separate room' is the correct singular object. 'To prepare for the final round' is a correct infinitive phrase.",k-eng-5-3-1,hard,ai-generated,false,A,Each of the contestants,false,1
q-eng5.3-09,ENG5.3,mc,"Identify the part that contains an error: 'Each of the contestants (A) were given (B) a separate room (C) to prepare for (D) the final round.'","Part B is wrong — 'each' is always singular and takes a singular verb; 'was given' is correct. 'Each of the contestants' is correctly formed with plural noun after 'each of'. 'A separate room' is the correct singular object. 'To prepare for the final round' is a correct infinitive phrase.",k-eng-5-3-1,hard,ai-generated,false,B,were given,true,2
q-eng5.3-09,ENG5.3,mc,"Identify the part that contains an error: 'Each of the contestants (A) were given (B) a separate room (C) to prepare for (D) the final round.'","Part B is wrong — 'each' is always singular and takes a singular verb; 'was given' is correct. 'Each of the contestants' is correctly formed with plural noun after 'each of'. 'A separate room' is the correct singular object. 'To prepare for the final round' is a correct infinitive phrase.",k-eng-5-3-1,hard,ai-generated,false,C,a separate room,false,3
q-eng5.3-09,ENG5.3,mc,"Identify the part that contains an error: 'Each of the contestants (A) were given (B) a separate room (C) to prepare for (D) the final round.'","Part B is wrong — 'each' is always singular and takes a singular verb; 'was given' is correct. 'Each of the contestants' is correctly formed with plural noun after 'each of'. 'A separate room' is the correct singular object. 'To prepare for the final round' is a correct infinitive phrase.",k-eng-5-3-1,hard,ai-generated,false,D,to prepare for,false,4
q-eng5.3-10,ENG5.3,mc,"Which sentence uses subject-verb agreement correctly?","'The jury has announced its verdict' is correct — 'jury' as a collective noun takes a singular verb in standard exam usage. 'Mathematics are' is wrong — mathematics takes a singular verb. 'Five kilometres are' is wrong — a measurement used as a single unit takes a singular verb ('five kilometres is'). 'Ten thousand rupees were' is wrong — a sum of money as a unit takes a singular verb ('was deposited').",k-eng-5-3-1,hard,ai-generated,false,A,Mathematics are my favourite subject in school.,false,1
q-eng5.3-10,ENG5.3,mc,"Which sentence uses subject-verb agreement correctly?","'The jury has announced its verdict' is correct — 'jury' as a collective noun takes a singular verb in standard exam usage. 'Mathematics are' is wrong — mathematics takes a singular verb. 'Five kilometres are' is wrong — a measurement used as a single unit takes a singular verb ('five kilometres is'). 'Ten thousand rupees were' is wrong — a sum of money as a unit takes a singular verb ('was deposited').",k-eng-5-3-1,hard,ai-generated,false,B,Five kilometres are a long distance to walk daily.,false,2
q-eng5.3-10,ENG5.3,mc,"Which sentence uses subject-verb agreement correctly?","'The jury has announced its verdict' is correct — 'jury' as a collective noun takes a singular verb in standard exam usage. 'Mathematics are' is wrong — mathematics takes a singular verb. 'Five kilometres are' is wrong — a measurement used as a single unit takes a singular verb ('five kilometres is'). 'Ten thousand rupees were' is wrong — a sum of money as a unit takes a singular verb ('was deposited').",k-eng-5-3-1,hard,ai-generated,false,C,The jury has announced its verdict after three days.,true,3
q-eng5.3-10,ENG5.3,mc,"Which sentence uses subject-verb agreement correctly?","'The jury has announced its verdict' is correct — 'jury' as a collective noun takes a singular verb in standard exam usage. 'Mathematics are' is wrong — mathematics takes a singular verb. 'Five kilometres are' is wrong — a measurement used as a single unit takes a singular verb ('five kilometres is'). 'Ten thousand rupees were' is wrong — a sum of money as a unit takes a singular verb ('was deposited').",k-eng-5-3-1,hard,ai-generated,false,D,Ten thousand rupees were deposited into the account.,false,4
q-eng5.3-11,ENG5.3,mc,"Choose the correct option: 'Either of the two plans _____ acceptable to the board of directors.'","'Is' is correct — 'either' refers to one of two and is always singular, taking a singular verb. 'Are' is plural and incorrect with 'either'. 'Were' is past plural, doubly wrong. 'Have been' is present perfect plural, also incorrect.",k-eng-5-3-2,easy,ai-generated,false,A,are,false,1
q-eng5.3-11,ENG5.3,mc,"Choose the correct option: 'Either of the two plans _____ acceptable to the board of directors.'","'Is' is correct — 'either' refers to one of two and is always singular, taking a singular verb. 'Are' is plural and incorrect with 'either'. 'Were' is past plural, doubly wrong. 'Have been' is present perfect plural, also incorrect.",k-eng-5-3-2,easy,ai-generated,false,B,were,false,2
q-eng5.3-11,ENG5.3,mc,"Choose the correct option: 'Either of the two plans _____ acceptable to the board of directors.'","'Is' is correct — 'either' refers to one of two and is always singular, taking a singular verb. 'Are' is plural and incorrect with 'either'. 'Were' is past plural, doubly wrong. 'Have been' is present perfect plural, also incorrect.",k-eng-5-3-2,easy,ai-generated,false,C,is,true,3
q-eng5.3-11,ENG5.3,mc,"Choose the correct option: 'Either of the two plans _____ acceptable to the board of directors.'","'Is' is correct — 'either' refers to one of two and is always singular, taking a singular verb. 'Are' is plural and incorrect with 'either'. 'Were' is past plural, doubly wrong. 'Have been' is present perfect plural, also incorrect.",k-eng-5-3-2,easy,ai-generated,false,D,have been,false,4
q-eng5.3-12,ENG5.3,mc,"Choose the correct option: 'Neither of the two candidates _____ found suitable for the senior position.'","'Was' is correct — 'neither' is singular and takes a singular verb; this is simple past. 'Were' treats 'neither' as plural, which is wrong. 'Are' is present plural, incorrect. 'Have been' is present perfect plural, also wrong.",k-eng-5-3-2,easy,ai-generated,false,A,were,false,1
q-eng5.3-12,ENG5.3,mc,"Choose the correct option: 'Neither of the two candidates _____ found suitable for the senior position.'","'Was' is correct — 'neither' is singular and takes a singular verb; this is simple past. 'Were' treats 'neither' as plural, which is wrong. 'Are' is present plural, incorrect. 'Have been' is present perfect plural, also wrong.",k-eng-5-3-2,easy,ai-generated,false,B,was,true,2
q-eng5.3-12,ENG5.3,mc,"Choose the correct option: 'Neither of the two candidates _____ found suitable for the senior position.'","'Was' is correct — 'neither' is singular and takes a singular verb; this is simple past. 'Were' treats 'neither' as plural, which is wrong. 'Are' is present plural, incorrect. 'Have been' is present perfect plural, also wrong.",k-eng-5-3-2,easy,ai-generated,false,C,are,false,3
q-eng5.3-12,ENG5.3,mc,"Choose the correct option: 'Neither of the two candidates _____ found suitable for the senior position.'","'Was' is correct — 'neither' is singular and takes a singular verb; this is simple past. 'Were' treats 'neither' as plural, which is wrong. 'Are' is present plural, incorrect. 'Have been' is present perfect plural, also wrong.",k-eng-5-3-2,easy,ai-generated,false,D,have been,false,4
q-eng5.3-13,ENG5.3,mc,"Choose the correct option: 'The jury _____ reached a unanimous verdict after three days of deliberation.'","'Has' is correct — 'jury' is a collective noun treated as a singular unit in standard exam English, taking a singular verb. 'Have' treats the jury as multiple individuals, which is non-standard in competitive exam usage. 'Are' is present plural, wrong for a collective noun. 'Were' is past plural, also incorrect.",k-eng-5-3-2,easy,ai-generated,false,A,have,false,1
q-eng5.3-13,ENG5.3,mc,"Choose the correct option: 'The jury _____ reached a unanimous verdict after three days of deliberation.'","'Has' is correct — 'jury' is a collective noun treated as a singular unit in standard exam English, taking a singular verb. 'Have' treats the jury as multiple individuals, which is non-standard in competitive exam usage. 'Are' is present plural, wrong for a collective noun. 'Were' is past plural, also incorrect.",k-eng-5-3-2,easy,ai-generated,false,B,has,true,2
q-eng5.3-13,ENG5.3,mc,"Choose the correct option: 'The jury _____ reached a unanimous verdict after three days of deliberation.'","'Has' is correct — 'jury' is a collective noun treated as a singular unit in standard exam English, taking a singular verb. 'Have' treats the jury as multiple individuals, which is non-standard in competitive exam usage. 'Are' is present plural, wrong for a collective noun. 'Were' is past plural, also incorrect.",k-eng-5-3-2,easy,ai-generated,false,C,are,false,3
q-eng5.3-13,ENG5.3,mc,"Choose the correct option: 'The jury _____ reached a unanimous verdict after three days of deliberation.'","'Has' is correct — 'jury' is a collective noun treated as a singular unit in standard exam English, taking a singular verb. 'Have' treats the jury as multiple individuals, which is non-standard in competitive exam usage. 'Are' is present plural, wrong for a collective noun. 'Were' is past plural, also incorrect.",k-eng-5-3-2,easy,ai-generated,false,D,were,false,4
q-eng5.3-14,ENG5.3,mc,"Identify the part that contains an error: 'Either the manager (A) or the assistants (B) is responsible (C) for the error (D) discovered in the audit.'","Part C is wrong — in 'either…or', the verb agrees with the nearer subject; 'the assistants' is plural so the verb must be 'are responsible'. 'Either the manager' is correctly used. 'Or the assistants' is the correct connector. 'For the error discovered in the audit' is a correct prepositional phrase.",k-eng-5-3-2,medium,ai-generated,false,A,Either the manager,false,1
q-eng5.3-14,ENG5.3,mc,"Identify the part that contains an error: 'Either the manager (A) or the assistants (B) is responsible (C) for the error (D) discovered in the audit.'","Part C is wrong — in 'either…or', the verb agrees with the nearer subject; 'the assistants' is plural so the verb must be 'are responsible'. 'Either the manager' is correctly used. 'Or the assistants' is the correct connector. 'For the error discovered in the audit' is a correct prepositional phrase.",k-eng-5-3-2,medium,ai-generated,false,B,or the assistants,false,2
q-eng5.3-14,ENG5.3,mc,"Identify the part that contains an error: 'Either the manager (A) or the assistants (B) is responsible (C) for the error (D) discovered in the audit.'","Part C is wrong — in 'either…or', the verb agrees with the nearer subject; 'the assistants' is plural so the verb must be 'are responsible'. 'Either the manager' is correctly used. 'Or the assistants' is the correct connector. 'For the error discovered in the audit' is a correct prepositional phrase.",k-eng-5-3-2,medium,ai-generated,false,C,is responsible,true,3
q-eng5.3-14,ENG5.3,mc,"Identify the part that contains an error: 'Either the manager (A) or the assistants (B) is responsible (C) for the error (D) discovered in the audit.'","Part C is wrong — in 'either…or', the verb agrees with the nearer subject; 'the assistants' is plural so the verb must be 'are responsible'. 'Either the manager' is correctly used. 'Or the assistants' is the correct connector. 'For the error discovered in the audit' is a correct prepositional phrase.",k-eng-5-3-2,medium,ai-generated,false,D,for the error,false,4
q-eng5.3-15,ENG5.3,mc,"Identify the part that contains an error: 'The cattle (A) in the field (B) is grazing (C) peacefully near (D) the riverbank.'","Part C is wrong — 'cattle' is always plural in English and requires a plural verb; 'are grazing' is correct. 'The cattle' is the correct plural subject. 'In the field' is a correct prepositional phrase. 'Peacefully near the riverbank' is a correct adverbial phrase.",k-eng-5-3-2,medium,ai-generated,false,A,The cattle,false,1
q-eng5.3-15,ENG5.3,mc,"Identify the part that contains an error: 'The cattle (A) in the field (B) is grazing (C) peacefully near (D) the riverbank.'","Part C is wrong — 'cattle' is always plural in English and requires a plural verb; 'are grazing' is correct. 'The cattle' is the correct plural subject. 'In the field' is a correct prepositional phrase. 'Peacefully near the riverbank' is a correct adverbial phrase.",k-eng-5-3-2,medium,ai-generated,false,B,in the field,false,2
q-eng5.3-15,ENG5.3,mc,"Identify the part that contains an error: 'The cattle (A) in the field (B) is grazing (C) peacefully near (D) the riverbank.'","Part C is wrong — 'cattle' is always plural in English and requires a plural verb; 'are grazing' is correct. 'The cattle' is the correct plural subject. 'In the field' is a correct prepositional phrase. 'Peacefully near the riverbank' is a correct adverbial phrase.",k-eng-5-3-2,medium,ai-generated,false,C,is grazing,true,3
q-eng5.3-15,ENG5.3,mc,"Identify the part that contains an error: 'The cattle (A) in the field (B) is grazing (C) peacefully near (D) the riverbank.'","Part C is wrong — 'cattle' is always plural in English and requires a plural verb; 'are grazing' is correct. 'The cattle' is the correct plural subject. 'In the field' is a correct prepositional phrase. 'Peacefully near the riverbank' is a correct adverbial phrase.",k-eng-5-3-2,medium,ai-generated,false,D,peacefully near,false,4
q-eng5.3-16,ENG5.3,mc,"Choose the correct option: 'Neither Rahul nor Priya _____ aware of the changes made to the schedule.'","'Is' is correct — when both subjects joined by 'neither…nor' are singular, the verb is singular. 'Are' treats both subjects as plural. 'Were' shifts to past tense. 'Have been' is present perfect plural, wrong on both counts.",k-eng-5-3-2,medium,ai-generated,false,A,are,false,1
q-eng5.3-16,ENG5.3,mc,"Choose the correct option: 'Neither Rahul nor Priya _____ aware of the changes made to the schedule.'","'Is' is correct — when both subjects joined by 'neither…nor' are singular, the verb is singular. 'Are' treats both subjects as plural. 'Were' shifts to past tense. 'Have been' is present perfect plural, wrong on both counts.",k-eng-5-3-2,medium,ai-generated,false,B,were,false,2
q-eng5.3-16,ENG5.3,mc,"Choose the correct option: 'Neither Rahul nor Priya _____ aware of the changes made to the schedule.'","'Is' is correct — when both subjects joined by 'neither…nor' are singular, the verb is singular. 'Are' treats both subjects as plural. 'Were' shifts to past tense. 'Have been' is present perfect plural, wrong on both counts.",k-eng-5-3-2,medium,ai-generated,false,C,is,true,3
q-eng5.3-16,ENG5.3,mc,"Choose the correct option: 'Neither Rahul nor Priya _____ aware of the changes made to the schedule.'","'Is' is correct — when both subjects joined by 'neither…nor' are singular, the verb is singular. 'Are' treats both subjects as plural. 'Were' shifts to past tense. 'Have been' is present perfect plural, wrong on both counts.",k-eng-5-3-2,medium,ai-generated,false,D,have been,false,4
q-eng5.3-17,ENG5.3,mc,"Identify the part that contains an error: 'Each of the players (A) have been (B) asked to report (C) to the stadium (D) by 6 AM.'","Part B is wrong — 'each' is always singular and requires a singular verb; 'has been asked' is correct. 'Each of the players' is correctly formed. 'Asked to report' is the correct passive infinitive. 'To the stadium by 6 AM' is a correct prepositional phrase.",k-eng-5-3-2,medium,ai-generated,false,A,Each of the players,false,1
q-eng5.3-17,ENG5.3,mc,"Identify the part that contains an error: 'Each of the players (A) have been (B) asked to report (C) to the stadium (D) by 6 AM.'","Part B is wrong — 'each' is always singular and requires a singular verb; 'has been asked' is correct. 'Each of the players' is correctly formed. 'Asked to report' is the correct passive infinitive. 'To the stadium by 6 AM' is a correct prepositional phrase.",k-eng-5-3-2,medium,ai-generated,false,B,have been,true,2
q-eng5.3-17,ENG5.3,mc,"Identify the part that contains an error: 'Each of the players (A) have been (B) asked to report (C) to the stadium (D) by 6 AM.'","Part B is wrong — 'each' is always singular and requires a singular verb; 'has been asked' is correct. 'Each of the players' is correctly formed. 'Asked to report' is the correct passive infinitive. 'To the stadium by 6 AM' is a correct prepositional phrase.",k-eng-5-3-2,medium,ai-generated,false,C,asked to report,false,3
q-eng5.3-17,ENG5.3,mc,"Identify the part that contains an error: 'Each of the players (A) have been (B) asked to report (C) to the stadium (D) by 6 AM.'","Part B is wrong — 'each' is always singular and requires a singular verb; 'has been asked' is correct. 'Each of the players' is correctly formed. 'Asked to report' is the correct passive infinitive. 'To the stadium by 6 AM' is a correct prepositional phrase.",k-eng-5-3-2,medium,ai-generated,false,D,to the stadium,false,4
q-eng5.3-18,ENG5.3,mc,"Choose the correct option: 'Everyone in the three departments _____ informed about the revised safety norms.'","'Has been' is correct — 'everyone' is an indefinite pronoun that is always singular and takes a singular verb. 'Have been' treats 'everyone' as plural, which is wrong. 'Are' is present plural, also incorrect. 'Were' is past plural, also wrong.",k-eng-5-3-2,medium,ai-generated,false,A,have been,false,1
q-eng5.3-18,ENG5.3,mc,"Choose the correct option: 'Everyone in the three departments _____ informed about the revised safety norms.'","'Has been' is correct — 'everyone' is an indefinite pronoun that is always singular and takes a singular verb. 'Have been' treats 'everyone' as plural, which is wrong. 'Are' is present plural, also incorrect. 'Were' is past plural, also wrong.",k-eng-5-3-2,medium,ai-generated,false,B,has been,true,2
q-eng5.3-18,ENG5.3,mc,"Choose the correct option: 'Everyone in the three departments _____ informed about the revised safety norms.'","'Has been' is correct — 'everyone' is an indefinite pronoun that is always singular and takes a singular verb. 'Have been' treats 'everyone' as plural, which is wrong. 'Are' is present plural, also incorrect. 'Were' is past plural, also wrong.",k-eng-5-3-2,medium,ai-generated,false,C,are,false,3
q-eng5.3-18,ENG5.3,mc,"Choose the correct option: 'Everyone in the three departments _____ informed about the revised safety norms.'","'Has been' is correct — 'everyone' is an indefinite pronoun that is always singular and takes a singular verb. 'Have been' treats 'everyone' as plural, which is wrong. 'Are' is present plural, also incorrect. 'Were' is past plural, also wrong.",k-eng-5-3-2,medium,ai-generated,false,D,were,false,4
q-eng5.3-19,ENG5.3,mc,"Identify the part that contains an error: 'More than one student (A) were caught (B) cheating during (C) the preliminary (D) examination.'","Part B is wrong — 'more than one + singular noun' takes a singular verb despite the plural implication; 'was caught' is correct. 'More than one student' is the correctly formed subject. 'Cheating during' is the correct participial phrase. 'The preliminary examination' is the correct noun phrase.",k-eng-5-3-2,hard,ai-generated,false,A,More than one student,false,1
q-eng5.3-19,ENG5.3,mc,"Identify the part that contains an error: 'More than one student (A) were caught (B) cheating during (C) the preliminary (D) examination.'","Part B is wrong — 'more than one + singular noun' takes a singular verb despite the plural implication; 'was caught' is correct. 'More than one student' is the correctly formed subject. 'Cheating during' is the correct participial phrase. 'The preliminary examination' is the correct noun phrase.",k-eng-5-3-2,hard,ai-generated,false,B,were caught,true,2
q-eng5.3-19,ENG5.3,mc,"Identify the part that contains an error: 'More than one student (A) were caught (B) cheating during (C) the preliminary (D) examination.'","Part B is wrong — 'more than one + singular noun' takes a singular verb despite the plural implication; 'was caught' is correct. 'More than one student' is the correctly formed subject. 'Cheating during' is the correct participial phrase. 'The preliminary examination' is the correct noun phrase.",k-eng-5-3-2,hard,ai-generated,false,C,cheating during,false,3
q-eng5.3-19,ENG5.3,mc,"Identify the part that contains an error: 'More than one student (A) were caught (B) cheating during (C) the preliminary (D) examination.'","Part B is wrong — 'more than one + singular noun' takes a singular verb despite the plural implication; 'was caught' is correct. 'More than one student' is the correctly formed subject. 'Cheating during' is the correct participial phrase. 'The preliminary examination' is the correct noun phrase.",k-eng-5-3-2,hard,ai-generated,false,D,the preliminary,false,4
q-eng5.3-20,ENG5.3,mc,"Which sentence uses subject-verb agreement correctly?","'A number of problems have been identified' is correct — 'a number of' means 'several' and takes a plural verb. 'Neither of the two doors were locked' is wrong — 'neither' is singular and requires 'was'. 'The herd of cattle are moving' is wrong — 'herd' as a collective noun takes a singular verb ('is moving'). 'Either of the solutions are acceptable' is wrong — 'either' is singular and requires 'is'.",k-eng-5-3-2,hard,ai-generated,false,A,Neither of the two doors were locked when we arrived.,false,1
q-eng5.3-20,ENG5.3,mc,"Which sentence uses subject-verb agreement correctly?","'A number of problems have been identified' is correct — 'a number of' means 'several' and takes a plural verb. 'Neither of the two doors were locked' is wrong — 'neither' is singular and requires 'was'. 'The herd of cattle are moving' is wrong — 'herd' as a collective noun takes a singular verb ('is moving'). 'Either of the solutions are acceptable' is wrong — 'either' is singular and requires 'is'.",k-eng-5-3-2,hard,ai-generated,false,B,A number of problems have been identified in the system.,true,2
q-eng5.3-20,ENG5.3,mc,"Which sentence uses subject-verb agreement correctly?","'A number of problems have been identified' is correct — 'a number of' means 'several' and takes a plural verb. 'Neither of the two doors were locked' is wrong — 'neither' is singular and requires 'was'. 'The herd of cattle are moving' is wrong — 'herd' as a collective noun takes a singular verb ('is moving'). 'Either of the solutions are acceptable' is wrong — 'either' is singular and requires 'is'.",k-eng-5-3-2,hard,ai-generated,false,C,The herd of cattle are moving towards the river.,false,3
q-eng5.3-20,ENG5.3,mc,"Which sentence uses subject-verb agreement correctly?","'A number of problems have been identified' is correct — 'a number of' means 'several' and takes a plural verb. 'Neither of the two doors were locked' is wrong — 'neither' is singular and requires 'was'. 'The herd of cattle are moving' is wrong — 'herd' as a collective noun takes a singular verb ('is moving'). 'Either of the solutions are acceptable' is wrong — 'either' is singular and requires 'is'.",k-eng-5-3-2,hard,ai-generated,false,D,Either of the solutions are acceptable to us.,false,4
q-eng5.3-21,ENG5.3,mc,"Choose the correct article: 'She completed _____ MBA from one of the top business schools in the country.'","'An' is correct — article choice depends on the sound, not the spelling; 'MBA' is pronounced 'em-bee-ay', starting with a vowel sound, so 'an' is required. 'A' is used before consonant sounds and is wrong here. 'The' implies a specific MBA already known to the listener. No article is incorrect — an abbreviation used as a count noun requires an article.",k-eng-5-3-3,easy,ai-generated,false,A,a,false,1
q-eng5.3-21,ENG5.3,mc,"Choose the correct article: 'She completed _____ MBA from one of the top business schools in the country.'","'An' is correct — article choice depends on the sound, not the spelling; 'MBA' is pronounced 'em-bee-ay', starting with a vowel sound, so 'an' is required. 'A' is used before consonant sounds and is wrong here. 'The' implies a specific MBA already known to the listener. No article is incorrect — an abbreviation used as a count noun requires an article.",k-eng-5-3-3,easy,ai-generated,false,B,an,true,2
q-eng5.3-21,ENG5.3,mc,"Choose the correct article: 'She completed _____ MBA from one of the top business schools in the country.'","'An' is correct — article choice depends on the sound, not the spelling; 'MBA' is pronounced 'em-bee-ay', starting with a vowel sound, so 'an' is required. 'A' is used before consonant sounds and is wrong here. 'The' implies a specific MBA already known to the listener. No article is incorrect — an abbreviation used as a count noun requires an article.",k-eng-5-3-3,easy,ai-generated,false,C,the,false,3
q-eng5.3-21,ENG5.3,mc,"Choose the correct article: 'She completed _____ MBA from one of the top business schools in the country.'","'An' is correct — article choice depends on the sound, not the spelling; 'MBA' is pronounced 'em-bee-ay', starting with a vowel sound, so 'an' is required. 'A' is used before consonant sounds and is wrong here. 'The' implies a specific MBA already known to the listener. No article is incorrect — an abbreviation used as a count noun requires an article.",k-eng-5-3-3,easy,ai-generated,false,D,no article,false,4
q-eng5.3-22,ENG5.3,mc,"Choose the correct article: 'He secured admission to _____ university abroad through a competitive scholarship programme.'","'A' is correct — 'university' begins with a 'yu' (consonant) sound, so 'a' is used, not 'an'. 'An' is used before vowel sounds; the letter 'u' here is pronounced 'yu', making it a consonant sound. 'The' would imply a specific university already identified. No article is grammatically incorrect since 'university' is a count noun requiring an article on first mention.",k-eng-5-3-3,easy,ai-generated,false,A,a,true,1
q-eng5.3-22,ENG5.3,mc,"Choose the correct article: 'He secured admission to _____ university abroad through a competitive scholarship programme.'","'A' is correct — 'university' begins with a 'yu' (consonant) sound, so 'a' is used, not 'an'. 'An' is used before vowel sounds; the letter 'u' here is pronounced 'yu', making it a consonant sound. 'The' would imply a specific university already identified. No article is grammatically incorrect since 'university' is a count noun requiring an article on first mention.",k-eng-5-3-3,easy,ai-generated,false,B,an,false,2
q-eng5.3-22,ENG5.3,mc,"Choose the correct article: 'He secured admission to _____ university abroad through a competitive scholarship programme.'","'A' is correct — 'university' begins with a 'yu' (consonant) sound, so 'a' is used, not 'an'. 'An' is used before vowel sounds; the letter 'u' here is pronounced 'yu', making it a consonant sound. 'The' would imply a specific university already identified. No article is grammatically incorrect since 'university' is a count noun requiring an article on first mention.",k-eng-5-3-3,easy,ai-generated,false,C,the,false,3
q-eng5.3-22,ENG5.3,mc,"Choose the correct article: 'He secured admission to _____ university abroad through a competitive scholarship programme.'","'A' is correct — 'university' begins with a 'yu' (consonant) sound, so 'a' is used, not 'an'. 'An' is used before vowel sounds; the letter 'u' here is pronounced 'yu', making it a consonant sound. 'The' would imply a specific university already identified. No article is grammatically incorrect since 'university' is a count noun requiring an article on first mention.",k-eng-5-3-3,easy,ai-generated,false,D,no article,false,4
q-eng5.3-23,ENG5.3,mc,"Choose the correct article: 'There is _____ hour left before the examination begins.'","'An' is correct — 'hour' has a silent 'h' so it begins with a vowel sound ('ow'), requiring 'an'. 'A' is used before consonant sounds; since 'h' is silent in 'hour', 'a' is wrong. 'The' would mark a specific hour already known. No article is incorrect since 'hour' is a count noun.",k-eng-5-3-3,easy,ai-generated,false,A,a,false,1
q-eng5.3-23,ENG5.3,mc,"Choose the correct article: 'There is _____ hour left before the examination begins.'","'An' is correct — 'hour' has a silent 'h' so it begins with a vowel sound ('ow'), requiring 'an'. 'A' is used before consonant sounds; since 'h' is silent in 'hour', 'a' is wrong. 'The' would mark a specific hour already known. No article is incorrect since 'hour' is a count noun.",k-eng-5-3-3,easy,ai-generated,false,B,an,true,2
q-eng5.3-23,ENG5.3,mc,"Choose the correct article: 'There is _____ hour left before the examination begins.'","'An' is correct — 'hour' has a silent 'h' so it begins with a vowel sound ('ow'), requiring 'an'. 'A' is used before consonant sounds; since 'h' is silent in 'hour', 'a' is wrong. 'The' would mark a specific hour already known. No article is incorrect since 'hour' is a count noun.",k-eng-5-3-3,easy,ai-generated,false,C,the,false,3
q-eng5.3-23,ENG5.3,mc,"Choose the correct article: 'There is _____ hour left before the examination begins.'","'An' is correct — 'hour' has a silent 'h' so it begins with a vowel sound ('ow'), requiring 'an'. 'A' is used before consonant sounds; since 'h' is silent in 'hour', 'a' is wrong. 'The' would mark a specific hour already known. No article is incorrect since 'hour' is a count noun.",k-eng-5-3-3,easy,ai-generated,false,D,no article,false,4
q-eng5.3-24,ENG5.3,mc,"Identify the part that contains an error: 'We had (A) a lunch together (B) after the meeting (C) was adjourned (D) for the day.'","Part A is wrong — meals in a general sense take no article; 'a lunch' must be 'lunch'. Using 'a' before a meal implies a particular, specific occasion — while possible in some contexts, in standard competitive exam usage 'had lunch' (no article) is correct. 'Together after the meeting' is a correct adverbial phrase. 'Was adjourned' is correct passive. 'For the day' is the correct prepositional phrase.",k-eng-5-3-3,medium,ai-generated,false,A,We had a lunch together,true,1
q-eng5.3-24,ENG5.3,mc,"Identify the part that contains an error: 'We had (A) a lunch together (B) after the meeting (C) was adjourned (D) for the day.'","Part A is wrong — meals in a general sense take no article; 'a lunch' must be 'lunch'. Using 'a' before a meal implies a particular, specific occasion — while possible in some contexts, in standard competitive exam usage 'had lunch' (no article) is correct. 'Together after the meeting' is a correct adverbial phrase. 'Was adjourned' is correct passive. 'For the day' is the correct prepositional phrase.",k-eng-5-3-3,medium,ai-generated,false,B,after the meeting,false,2
q-eng5.3-24,ENG5.3,mc,"Identify the part that contains an error: 'We had (A) a lunch together (B) after the meeting (C) was adjourned (D) for the day.'","Part A is wrong — meals in a general sense take no article; 'a lunch' must be 'lunch'. Using 'a' before a meal implies a particular, specific occasion — while possible in some contexts, in standard competitive exam usage 'had lunch' (no article) is correct. 'Together after the meeting' is a correct adverbial phrase. 'Was adjourned' is correct passive. 'For the day' is the correct prepositional phrase.",k-eng-5-3-3,medium,ai-generated,false,C,was adjourned,false,3
q-eng5.3-24,ENG5.3,mc,"Identify the part that contains an error: 'We had (A) a lunch together (B) after the meeting (C) was adjourned (D) for the day.'","Part A is wrong — meals in a general sense take no article; 'a lunch' must be 'lunch'. Using 'a' before a meal implies a particular, specific occasion — while possible in some contexts, in standard competitive exam usage 'had lunch' (no article) is correct. 'Together after the meeting' is a correct adverbial phrase. 'Was adjourned' is correct passive. 'For the day' is the correct prepositional phrase.",k-eng-5-3-3,medium,ai-generated,false,D,for the day,false,4
q-eng5.3-25,ENG5.3,mc,"Identify the part that contains an error: 'She is fluent (A) in the French (B) and has also (C) studied Spanish (D) for two years.'","Part B is wrong — languages do not take 'the'; the correct form is simply 'in French'. 'She is fluent' is a correct adjective phrase. 'And has also' is the correct connector. 'Studied Spanish for two years' is correct — no article with languages.",k-eng-5-3-3,medium,ai-generated,false,A,She is fluent,false,1
q-eng5.3-25,ENG5.3,mc,"Identify the part that contains an error: 'She is fluent (A) in the French (B) and has also (C) studied Spanish (D) for two years.'","Part B is wrong — languages do not take 'the'; the correct form is simply 'in French'. 'She is fluent' is a correct adjective phrase. 'And has also' is the correct connector. 'Studied Spanish for two years' is correct — no article with languages.",k-eng-5-3-3,medium,ai-generated,false,B,in the French,true,2
q-eng5.3-25,ENG5.3,mc,"Identify the part that contains an error: 'She is fluent (A) in the French (B) and has also (C) studied Spanish (D) for two years.'","Part B is wrong — languages do not take 'the'; the correct form is simply 'in French'. 'She is fluent' is a correct adjective phrase. 'And has also' is the correct connector. 'Studied Spanish for two years' is correct — no article with languages.",k-eng-5-3-3,medium,ai-generated,false,C,and has also,false,3
q-eng5.3-25,ENG5.3,mc,"Identify the part that contains an error: 'She is fluent (A) in the French (B) and has also (C) studied Spanish (D) for two years.'","Part B is wrong — languages do not take 'the'; the correct form is simply 'in French'. 'She is fluent' is a correct adjective phrase. 'And has also' is the correct connector. 'Studied Spanish for two years' is correct — no article with languages.",k-eng-5-3-3,medium,ai-generated,false,D,studied Spanish,false,4
q-eng5.3-26,ENG5.3,mc,"Choose the correct article: 'Mount Everest is _____ highest peak in the world and attracts climbers from every continent.'","'The' is correct — superlative adjectives always require 'the' because they refer to one unique member of a group. 'A' is the indefinite article, incompatible with superlatives. 'An' is also indefinite and wrong. No article cannot be used with a superlative adjective modifying a count noun.",k-eng-5-3-3,medium,ai-generated,false,A,a,false,1
q-eng5.3-26,ENG5.3,mc,"Choose the correct article: 'Mount Everest is _____ highest peak in the world and attracts climbers from every continent.'","'The' is correct — superlative adjectives always require 'the' because they refer to one unique member of a group. 'A' is the indefinite article, incompatible with superlatives. 'An' is also indefinite and wrong. No article cannot be used with a superlative adjective modifying a count noun.",k-eng-5-3-3,medium,ai-generated,false,B,an,false,2
q-eng5.3-26,ENG5.3,mc,"Choose the correct article: 'Mount Everest is _____ highest peak in the world and attracts climbers from every continent.'","'The' is correct — superlative adjectives always require 'the' because they refer to one unique member of a group. 'A' is the indefinite article, incompatible with superlatives. 'An' is also indefinite and wrong. No article cannot be used with a superlative adjective modifying a count noun.",k-eng-5-3-3,medium,ai-generated,false,C,the,true,3
q-eng5.3-26,ENG5.3,mc,"Choose the correct article: 'Mount Everest is _____ highest peak in the world and attracts climbers from every continent.'","'The' is correct — superlative adjectives always require 'the' because they refer to one unique member of a group. 'A' is the indefinite article, incompatible with superlatives. 'An' is also indefinite and wrong. No article cannot be used with a superlative adjective modifying a count noun.",k-eng-5-3-3,medium,ai-generated,false,D,no article,false,4
q-eng5.3-27,ENG5.3,mc,"Identify the part that contains an error: 'They are planning (A) to visit the India (B) next year (C) for a cultural (D) tour.'","Part B is wrong — single-name countries do not take 'the'; the correct form is simply 'India'. 'The' is used with countries whose names are plural or include a common noun (the USA, the Netherlands). 'They are planning' is correctly structured. 'Next year' is the correct time adverbial. 'For a cultural tour' is a correct prepositional phrase.",k-eng-5-3-3,medium,ai-generated,false,A,They are planning,false,1
q-eng5.3-27,ENG5.3,mc,"Identify the part that contains an error: 'They are planning (A) to visit the India (B) next year (C) for a cultural (D) tour.'","Part B is wrong — single-name countries do not take 'the'; the correct form is simply 'India'. 'The' is used with countries whose names are plural or include a common noun (the USA, the Netherlands). 'They are planning' is correctly structured. 'Next year' is the correct time adverbial. 'For a cultural tour' is a correct prepositional phrase.",k-eng-5-3-3,medium,ai-generated,false,B,to visit the India,true,2
q-eng5.3-27,ENG5.3,mc,"Identify the part that contains an error: 'They are planning (A) to visit the India (B) next year (C) for a cultural (D) tour.'","Part B is wrong — single-name countries do not take 'the'; the correct form is simply 'India'. 'The' is used with countries whose names are plural or include a common noun (the USA, the Netherlands). 'They are planning' is correctly structured. 'Next year' is the correct time adverbial. 'For a cultural tour' is a correct prepositional phrase.",k-eng-5-3-3,medium,ai-generated,false,C,next year,false,3
q-eng5.3-27,ENG5.3,mc,"Identify the part that contains an error: 'They are planning (A) to visit the India (B) next year (C) for a cultural (D) tour.'","Part B is wrong — single-name countries do not take 'the'; the correct form is simply 'India'. 'The' is used with countries whose names are plural or include a common noun (the USA, the Netherlands). 'They are planning' is correctly structured. 'Next year' is the correct time adverbial. 'For a cultural tour' is a correct prepositional phrase.",k-eng-5-3-3,medium,ai-generated,false,D,for a cultural,false,4
q-eng5.3-28,ENG5.3,mc,"Choose the correct option: 'She has been playing _____ tennis since the age of eight.'","No article is correct — sports and games take zero article in English. 'A' is indefinite and cannot precede an uncountable activity noun like a sport. 'An' is also incorrect before 'tennis'. 'The' would incorrectly imply a specific match rather than the sport in general.",k-eng-5-3-3,medium,ai-generated,false,A,a,false,1
q-eng5.3-28,ENG5.3,mc,"Choose the correct option: 'She has been playing _____ tennis since the age of eight.'","No article is correct — sports and games take zero article in English. 'A' is indefinite and cannot precede an uncountable activity noun like a sport. 'An' is also incorrect before 'tennis'. 'The' would incorrectly imply a specific match rather than the sport in general.",k-eng-5-3-3,medium,ai-generated,false,B,an,false,2
q-eng5.3-28,ENG5.3,mc,"Choose the correct option: 'She has been playing _____ tennis since the age of eight.'","No article is correct — sports and games take zero article in English. 'A' is indefinite and cannot precede an uncountable activity noun like a sport. 'An' is also incorrect before 'tennis'. 'The' would incorrectly imply a specific match rather than the sport in general.",k-eng-5-3-3,medium,ai-generated,false,C,the,false,3
q-eng5.3-28,ENG5.3,mc,"Choose the correct option: 'She has been playing _____ tennis since the age of eight.'","No article is correct — sports and games take zero article in English. 'A' is indefinite and cannot precede an uncountable activity noun like a sport. 'An' is also incorrect before 'tennis'. 'The' would incorrectly imply a specific match rather than the sport in general.",k-eng-5-3-3,medium,ai-generated,false,D,no article,true,4
q-eng5.3-29,ENG5.3,mc,"Identify the part that contains an error: 'Scientists recently (A) discovered a new planet (B) in the solar system (C) that orbits (D) a sun.'","Part D is wrong — 'sun' refers to our unique star and always takes 'the'; 'a sun' implies one of many suns, which is contextually wrong here. 'Scientists recently' is correctly structured. 'Discovered a new planet' correctly uses the indefinite article for first mention. 'In the solar system that orbits' is correctly structured.",k-eng-5-3-3,hard,ai-generated,false,A,Scientists recently,false,1
q-eng5.3-29,ENG5.3,mc,"Identify the part that contains an error: 'Scientists recently (A) discovered a new planet (B) in the solar system (C) that orbits (D) a sun.'","Part D is wrong — 'sun' refers to our unique star and always takes 'the'; 'a sun' implies one of many suns, which is contextually wrong here. 'Scientists recently' is correctly structured. 'Discovered a new planet' correctly uses the indefinite article for first mention. 'In the solar system that orbits' is correctly structured.",k-eng-5-3-3,hard,ai-generated,false,B,discovered a new planet,false,2
q-eng5.3-29,ENG5.3,mc,"Identify the part that contains an error: 'Scientists recently (A) discovered a new planet (B) in the solar system (C) that orbits (D) a sun.'","Part D is wrong — 'sun' refers to our unique star and always takes 'the'; 'a sun' implies one of many suns, which is contextually wrong here. 'Scientists recently' is correctly structured. 'Discovered a new planet' correctly uses the indefinite article for first mention. 'In the solar system that orbits' is correctly structured.",k-eng-5-3-3,hard,ai-generated,false,C,in the solar system,false,3
q-eng5.3-29,ENG5.3,mc,"Identify the part that contains an error: 'Scientists recently (A) discovered a new planet (B) in the solar system (C) that orbits (D) a sun.'","Part D is wrong — 'sun' refers to our unique star and always takes 'the'; 'a sun' implies one of many suns, which is contextually wrong here. 'Scientists recently' is correctly structured. 'Discovered a new planet' correctly uses the indefinite article for first mention. 'In the solar system that orbits' is correctly structured.",k-eng-5-3-3,hard,ai-generated,false,D,a sun,true,4
q-eng5.3-30,ENG5.3,mc,"Which sentence uses articles correctly?","'She was appointed chairperson of the committee last month' is correct — titles used as complements after 'appointed/elected/named' take zero article. 'He is an university professor' is wrong — 'university' begins with a 'yu' sound, requiring 'a'. 'The gold is a precious metal' is wrong — substances in general use zero article ('Gold is a precious metal'). 'They visited a Eiffel Tower' is wrong — specific landmarks use 'the', not 'a'.",k-eng-5-3-3,hard,ai-generated,false,A,He is an university professor with over twenty years of experience.,false,1
q-eng5.3-30,ENG5.3,mc,"Which sentence uses articles correctly?","'She was appointed chairperson of the committee last month' is correct — titles used as complements after 'appointed/elected/named' take zero article. 'He is an university professor' is wrong — 'university' begins with a 'yu' sound, requiring 'a'. 'The gold is a precious metal' is wrong — substances in general use zero article ('Gold is a precious metal'). 'They visited a Eiffel Tower' is wrong — specific landmarks use 'the', not 'a'.",k-eng-5-3-3,hard,ai-generated,false,B,The gold is a precious metal used in jewellery and electronics.,false,2
q-eng5.3-30,ENG5.3,mc,"Which sentence uses articles correctly?","'She was appointed chairperson of the committee last month' is correct — titles used as complements after 'appointed/elected/named' take zero article. 'He is an university professor' is wrong — 'university' begins with a 'yu' sound, requiring 'a'. 'The gold is a precious metal' is wrong — substances in general use zero article ('Gold is a precious metal'). 'They visited a Eiffel Tower' is wrong — specific landmarks use 'the', not 'a'.",k-eng-5-3-3,hard,ai-generated,false,C,"She was appointed chairperson of the committee last month.",true,3
q-eng5.3-30,ENG5.3,mc,"Which sentence uses articles correctly?","'She was appointed chairperson of the committee last month' is correct — titles used as complements after 'appointed/elected/named' take zero article. 'He is an university professor' is wrong — 'university' begins with a 'yu' sound, requiring 'a'. 'The gold is a precious metal' is wrong — substances in general use zero article ('Gold is a precious metal'). 'They visited a Eiffel Tower' is wrong — specific landmarks use 'the', not 'a'.",k-eng-5-3-3,hard,ai-generated,false,D,They visited a Eiffel Tower during their trip to Paris.,false,4
q-eng5.3-31,ENG5.3,mc,"Choose the correct option: 'The soldier _____ his injuries sustained during the border patrol mission.'","'Died of' is correct — 'die of' is used for diseases and internal medical causes including injuries. 'Died from' is used for external causes or wounds in formal medical writing, but in SSC/IBPS exam convention 'die of' covers injuries too. 'Died by' is used for manner of death (died by drowning). 'Died with' is not a standard collocation with injuries.",s-eng-5-3-1,easy,ai-generated,false,A,died of,true,1
q-eng5.3-31,ENG5.3,mc,"Choose the correct option: 'The soldier _____ his injuries sustained during the border patrol mission.'","'Died of' is correct — 'die of' is used for diseases and internal medical causes including injuries. 'Died from' is used for external causes or wounds in formal medical writing, but in SSC/IBPS exam convention 'die of' covers injuries too. 'Died by' is used for manner of death (died by drowning). 'Died with' is not a standard collocation with injuries.",s-eng-5-3-1,easy,ai-generated,false,B,died from,false,2
q-eng5.3-31,ENG5.3,mc,"Choose the correct option: 'The soldier _____ his injuries sustained during the border patrol mission.'","'Died of' is correct — 'die of' is used for diseases and internal medical causes including injuries. 'Died from' is used for external causes or wounds in formal medical writing, but in SSC/IBPS exam convention 'die of' covers injuries too. 'Died by' is used for manner of death (died by drowning). 'Died with' is not a standard collocation with injuries.",s-eng-5-3-1,easy,ai-generated,false,C,died by,false,3
q-eng5.3-31,ENG5.3,mc,"Choose the correct option: 'The soldier _____ his injuries sustained during the border patrol mission.'","'Died of' is correct — 'die of' is used for diseases and internal medical causes including injuries. 'Died from' is used for external causes or wounds in formal medical writing, but in SSC/IBPS exam convention 'die of' covers injuries too. 'Died by' is used for manner of death (died by drowning). 'Died with' is not a standard collocation with injuries.",s-eng-5-3-1,easy,ai-generated,false,D,died with,false,4
q-eng5.3-32,ENG5.3,mc,"Choose the correct option: 'The revised regulation differs greatly _____ the earlier version in terms of scope and enforcement.'","'From' is correct — things differ from other things; 'differ from' compares two objects or concepts. 'With' is used when people disagree: 'I differ with him on this'. 'To' is not a valid collocation with 'differ'. 'Than' is used for comparisons with adjectives (bigger than), not with the verb 'differ'.",s-eng-5-3-1,easy,ai-generated,false,A,with,false,1
q-eng5.3-32,ENG5.3,mc,"Choose the correct option: 'The revised regulation differs greatly _____ the earlier version in terms of scope and enforcement.'","'From' is correct — things differ from other things; 'differ from' compares two objects or concepts. 'With' is used when people disagree: 'I differ with him on this'. 'To' is not a valid collocation with 'differ'. 'Than' is used for comparisons with adjectives (bigger than), not with the verb 'differ'.",s-eng-5-3-1,easy,ai-generated,false,B,from,true,2
q-eng5.3-32,ENG5.3,mc,"Choose the correct option: 'The revised regulation differs greatly _____ the earlier version in terms of scope and enforcement.'","'From' is correct — things differ from other things; 'differ from' compares two objects or concepts. 'With' is used when people disagree: 'I differ with him on this'. 'To' is not a valid collocation with 'differ'. 'Than' is used for comparisons with adjectives (bigger than), not with the verb 'differ'.",s-eng-5-3-1,easy,ai-generated,false,C,to,false,3
q-eng5.3-32,ENG5.3,mc,"Choose the correct option: 'The revised regulation differs greatly _____ the earlier version in terms of scope and enforcement.'","'From' is correct — things differ from other things; 'differ from' compares two objects or concepts. 'With' is used when people disagree: 'I differ with him on this'. 'To' is not a valid collocation with 'differ'. 'Than' is used for comparisons with adjectives (bigger than), not with the verb 'differ'.",s-eng-5-3-1,easy,ai-generated,false,D,than,false,4
q-eng5.3-33,ENG5.3,mc,"Identify the part that contains an error: 'The committee (A) discussed about (B) the revised budget (C) allocation for (D) the next financial year.'","Part B is wrong — 'discuss' is a transitive verb that takes its object directly with no preposition; 'discussed about the budget' must be 'discussed the budget'. 'The committee' is the correct subject. 'The revised budget' is the correct direct object once the preposition is removed. 'Allocation for the next financial year' is a correct noun phrase.",s-eng-5-3-1,medium,ai-generated,false,A,The committee,false,1
q-eng5.3-33,ENG5.3,mc,"Identify the part that contains an error: 'The committee (A) discussed about (B) the revised budget (C) allocation for (D) the next financial year.'","Part B is wrong — 'discuss' is a transitive verb that takes its object directly with no preposition; 'discussed about the budget' must be 'discussed the budget'. 'The committee' is the correct subject. 'The revised budget' is the correct direct object once the preposition is removed. 'Allocation for the next financial year' is a correct noun phrase.",s-eng-5-3-1,medium,ai-generated,false,B,discussed about,true,2
q-eng5.3-33,ENG5.3,mc,"Identify the part that contains an error: 'The committee (A) discussed about (B) the revised budget (C) allocation for (D) the next financial year.'","Part B is wrong — 'discuss' is a transitive verb that takes its object directly with no preposition; 'discussed about the budget' must be 'discussed the budget'. 'The committee' is the correct subject. 'The revised budget' is the correct direct object once the preposition is removed. 'Allocation for the next financial year' is a correct noun phrase.",s-eng-5-3-1,medium,ai-generated,false,C,the revised budget,false,3
q-eng5.3-33,ENG5.3,mc,"Identify the part that contains an error: 'The committee (A) discussed about (B) the revised budget (C) allocation for (D) the next financial year.'","Part B is wrong — 'discuss' is a transitive verb that takes its object directly with no preposition; 'discussed about the budget' must be 'discussed the budget'. 'The committee' is the correct subject. 'The revised budget' is the correct direct object once the preposition is removed. 'Allocation for the next financial year' is a correct noun phrase.",s-eng-5-3-1,medium,ai-generated,false,D,allocation for,false,4
q-eng5.3-34,ENG5.3,mc,"Identify the part that contains an error: 'She married (A) with a doctor (B) whom she had met (C) during her (D) postgraduate studies.'","Part B is wrong — 'marry' is a transitive verb that takes its object directly; 'married with' is incorrect, the correct form is 'married a doctor'. 'She married' is the correct subject-verb pair once the preposition is removed. 'Whom she had met' is a correct relative clause. 'During her postgraduate studies' is a correct prepositional phrase.",s-eng-5-3-1,medium,ai-generated,false,A,She married,false,1
q-eng5.3-34,ENG5.3,mc,"Identify the part that contains an error: 'She married (A) with a doctor (B) whom she had met (C) during her (D) postgraduate studies.'","Part B is wrong — 'marry' is a transitive verb that takes its object directly; 'married with' is incorrect, the correct form is 'married a doctor'. 'She married' is the correct subject-verb pair once the preposition is removed. 'Whom she had met' is a correct relative clause. 'During her postgraduate studies' is a correct prepositional phrase.",s-eng-5-3-1,medium,ai-generated,false,B,with a doctor,true,2
q-eng5.3-34,ENG5.3,mc,"Identify the part that contains an error: 'She married (A) with a doctor (B) whom she had met (C) during her (D) postgraduate studies.'","Part B is wrong — 'marry' is a transitive verb that takes its object directly; 'married with' is incorrect, the correct form is 'married a doctor'. 'She married' is the correct subject-verb pair once the preposition is removed. 'Whom she had met' is a correct relative clause. 'During her postgraduate studies' is a correct prepositional phrase.",s-eng-5-3-1,medium,ai-generated,false,C,whom she had met,false,3
q-eng5.3-34,ENG5.3,mc,"Identify the part that contains an error: 'She married (A) with a doctor (B) whom she had met (C) during her (D) postgraduate studies.'","Part B is wrong — 'marry' is a transitive verb that takes its object directly; 'married with' is incorrect, the correct form is 'married a doctor'. 'She married' is the correct subject-verb pair once the preposition is removed. 'Whom she had met' is a correct relative clause. 'During her postgraduate studies' is a correct prepositional phrase.",s-eng-5-3-1,medium,ai-generated,false,D,during her,false,4
q-eng5.3-35,ENG5.3,mc,"Choose the correct option: 'The new recruit is three years _____ the team leader in terms of experience.'","'Junior to' is correct — words of Latin origin denoting rank (senior, junior, superior, inferior, prior, preferable) are followed by 'to', never 'than'. 'Junior than' is the most common error. 'Junior from' is not a valid collocation. 'Junior of' is also incorrect.",s-eng-5-3-1,medium,ai-generated,false,A,junior than,false,1
q-eng5.3-35,ENG5.3,mc,"Choose the correct option: 'The new recruit is three years _____ the team leader in terms of experience.'","'Junior to' is correct — words of Latin origin denoting rank (senior, junior, superior, inferior, prior, preferable) are followed by 'to', never 'than'. 'Junior than' is the most common error. 'Junior from' is not a valid collocation. 'Junior of' is also incorrect.",s-eng-5-3-1,medium,ai-generated,false,B,junior to,true,2
q-eng5.3-35,ENG5.3,mc,"Choose the correct option: 'The new recruit is three years _____ the team leader in terms of experience.'","'Junior to' is correct — words of Latin origin denoting rank (senior, junior, superior, inferior, prior, preferable) are followed by 'to', never 'than'. 'Junior than' is the most common error. 'Junior from' is not a valid collocation. 'Junior of' is also incorrect.",s-eng-5-3-1,medium,ai-generated,false,C,junior from,false,3
q-eng5.3-35,ENG5.3,mc,"Choose the correct option: 'The new recruit is three years _____ the team leader in terms of experience.'","'Junior to' is correct — words of Latin origin denoting rank (senior, junior, superior, inferior, prior, preferable) are followed by 'to', never 'than'. 'Junior than' is the most common error. 'Junior from' is not a valid collocation. 'Junior of' is also incorrect.",s-eng-5-3-1,medium,ai-generated,false,D,junior of,false,4
q-eng5.3-36,ENG5.3,mc,"Identify the part that contains an error: 'The contestant (A) entered into (B) the hall confidently (C) and greeted (D) the panel.'","Part B is wrong — 'enter' is a transitive verb and takes its object directly without a preposition; 'entered into the hall' must be 'entered the hall'. 'The contestant' is the correct subject. 'The hall confidently' is the correct object-adverb sequence once the preposition is removed. 'And greeted the panel' is correctly structured.",s-eng-5-3-1,medium,ai-generated,false,A,The contestant,false,1
q-eng5.3-36,ENG5.3,mc,"Identify the part that contains an error: 'The contestant (A) entered into (B) the hall confidently (C) and greeted (D) the panel.'","Part B is wrong — 'enter' is a transitive verb and takes its object directly without a preposition; 'entered into the hall' must be 'entered the hall'. 'The contestant' is the correct subject. 'The hall confidently' is the correct object-adverb sequence once the preposition is removed. 'And greeted the panel' is correctly structured.",s-eng-5-3-1,medium,ai-generated,false,B,entered into,true,2
q-eng5.3-36,ENG5.3,mc,"Identify the part that contains an error: 'The contestant (A) entered into (B) the hall confidently (C) and greeted (D) the panel.'","Part B is wrong — 'enter' is a transitive verb and takes its object directly without a preposition; 'entered into the hall' must be 'entered the hall'. 'The contestant' is the correct subject. 'The hall confidently' is the correct object-adverb sequence once the preposition is removed. 'And greeted the panel' is correctly structured.",s-eng-5-3-1,medium,ai-generated,false,C,the hall confidently,false,3
q-eng5.3-36,ENG5.3,mc,"Identify the part that contains an error: 'The contestant (A) entered into (B) the hall confidently (C) and greeted (D) the panel.'","Part B is wrong — 'enter' is a transitive verb and takes its object directly without a preposition; 'entered into the hall' must be 'entered the hall'. 'The contestant' is the correct subject. 'The hall confidently' is the correct object-adverb sequence once the preposition is removed. 'And greeted the panel' is correctly structured.",s-eng-5-3-1,medium,ai-generated,false,D,and greeted,false,4
q-eng5.3-37,ENG5.3,mc,"Choose the correct option: 'I respect his expertise but I _____ him on this particular approach to the problem.'","'Differ with' is correct — when disagreeing with a person, use 'differ with'; when comparing two things, use 'differ from'. 'Differ from' is used to compare objects or concepts, not to express disagreement with a person. 'Differ to' is not a valid collocation. 'Differ against' does not exist in standard English.",s-eng-5-3-1,medium,ai-generated,false,A,differ from,false,1
q-eng5.3-37,ENG5.3,mc,"Choose the correct option: 'I respect his expertise but I _____ him on this particular approach to the problem.'","'Differ with' is correct — when disagreeing with a person, use 'differ with'; when comparing two things, use 'differ from'. 'Differ from' is used to compare objects or concepts, not to express disagreement with a person. 'Differ to' is not a valid collocation. 'Differ against' does not exist in standard English.",s-eng-5-3-1,medium,ai-generated,false,B,differ with,true,2
q-eng5.3-37,ENG5.3,mc,"Choose the correct option: 'I respect his expertise but I _____ him on this particular approach to the problem.'","'Differ with' is correct — when disagreeing with a person, use 'differ with'; when comparing two things, use 'differ from'. 'Differ from' is used to compare objects or concepts, not to express disagreement with a person. 'Differ to' is not a valid collocation. 'Differ against' does not exist in standard English.",s-eng-5-3-1,medium,ai-generated,false,C,differ to,false,3
q-eng5.3-37,ENG5.3,mc,"Choose the correct option: 'I respect his expertise but I _____ him on this particular approach to the problem.'","'Differ with' is correct — when disagreeing with a person, use 'differ with'; when comparing two things, use 'differ from'. 'Differ from' is used to compare objects or concepts, not to express disagreement with a person. 'Differ to' is not a valid collocation. 'Differ against' does not exist in standard English.",s-eng-5-3-1,medium,ai-generated,false,D,differ against,false,4
q-eng5.3-38,ENG5.3,mc,"Identify the part that contains an error: 'The delegation (A) reached to (B) the venue an hour (C) late due to (D) heavy traffic congestion.'","Part B is wrong — 'reach' is a transitive verb that takes its object directly; 'reached to the venue' must be 'reached the venue'. 'The delegation' is the correct subject. 'The venue an hour late' is the correct object-adverb sequence without the preposition. 'Due to heavy traffic congestion' is a correct reason phrase.",s-eng-5-3-1,medium,ai-generated,false,A,The delegation,false,1
q-eng5.3-38,ENG5.3,mc,"Identify the part that contains an error: 'The delegation (A) reached to (B) the venue an hour (C) late due to (D) heavy traffic congestion.'","Part B is wrong — 'reach' is a transitive verb that takes its object directly; 'reached to the venue' must be 'reached the venue'. 'The delegation' is the correct subject. 'The venue an hour late' is the correct object-adverb sequence without the preposition. 'Due to heavy traffic congestion' is a correct reason phrase.",s-eng-5-3-1,medium,ai-generated,false,B,reached to,true,2
q-eng5.3-38,ENG5.3,mc,"Identify the part that contains an error: 'The delegation (A) reached to (B) the venue an hour (C) late due to (D) heavy traffic congestion.'","Part B is wrong — 'reach' is a transitive verb that takes its object directly; 'reached to the venue' must be 'reached the venue'. 'The delegation' is the correct subject. 'The venue an hour late' is the correct object-adverb sequence without the preposition. 'Due to heavy traffic congestion' is a correct reason phrase.",s-eng-5-3-1,medium,ai-generated,false,C,the venue an hour,false,3
q-eng5.3-38,ENG5.3,mc,"Identify the part that contains an error: 'The delegation (A) reached to (B) the venue an hour (C) late due to (D) heavy traffic congestion.'","Part B is wrong — 'reach' is a transitive verb that takes its object directly; 'reached to the venue' must be 'reached the venue'. 'The delegation' is the correct subject. 'The venue an hour late' is the correct object-adverb sequence without the preposition. 'Due to heavy traffic congestion' is a correct reason phrase.",s-eng-5-3-1,medium,ai-generated,false,D,late due to,false,4
q-eng5.3-39,ENG5.3,mc,"Which sentence correctly uses a verb-preposition pair?","'They discussed the proposal thoroughly before voting' is correct — 'discuss' takes no preposition. 'She resembles to her mother' is wrong — 'resemble' is transitive with no preposition. 'He described about the accident' is wrong — 'describe' takes no preposition. 'The officer mentioned about the delay' is wrong — 'mention' takes no preposition.",s-eng-5-3-1,hard,ai-generated,false,A,She resembles to her mother in both looks and manner.,false,1
q-eng5.3-39,ENG5.3,mc,"Which sentence correctly uses a verb-preposition pair?","'They discussed the proposal thoroughly before voting' is correct — 'discuss' takes no preposition. 'She resembles to her mother' is wrong — 'resemble' is transitive with no preposition. 'He described about the accident' is wrong — 'describe' takes no preposition. 'The officer mentioned about the delay' is wrong — 'mention' takes no preposition.",s-eng-5-3-1,hard,ai-generated,false,B,He described about the accident in great detail.,false,2
q-eng5.3-39,ENG5.3,mc,"Which sentence correctly uses a verb-preposition pair?","'They discussed the proposal thoroughly before voting' is correct — 'discuss' takes no preposition. 'She resembles to her mother' is wrong — 'resemble' is transitive with no preposition. 'He described about the accident' is wrong — 'describe' takes no preposition. 'The officer mentioned about the delay' is wrong — 'mention' takes no preposition.",s-eng-5-3-1,hard,ai-generated,false,C,The officer mentioned about the delay in his report.,false,3
q-eng5.3-39,ENG5.3,mc,"Which sentence correctly uses a verb-preposition pair?","'They discussed the proposal thoroughly before voting' is correct — 'discuss' takes no preposition. 'She resembles to her mother' is wrong — 'resemble' is transitive with no preposition. 'He described about the accident' is wrong — 'describe' takes no preposition. 'The officer mentioned about the delay' is wrong — 'mention' takes no preposition.",s-eng-5-3-1,hard,ai-generated,false,D,They discussed the proposal thoroughly before voting.,true,4
q-eng5.3-40,ENG5.3,mc,"Identify the part that contains an error: 'The result of (A) the experiment was (B) completely different than (C) what the researchers (D) had predicted.'","Part C is wrong — 'different' is always followed by 'from' in standard British and Indian exam English; 'different than' is non-standard. 'The result of' is a correct noun phrase. 'The experiment was completely different' is correctly structured. 'What the researchers had predicted' is a correct noun clause.",s-eng-5-3-1,hard,ai-generated,false,A,The result of,false,1
q-eng5.3-40,ENG5.3,mc,"Identify the part that contains an error: 'The result of (A) the experiment was (B) completely different than (C) what the researchers (D) had predicted.'","Part C is wrong — 'different' is always followed by 'from' in standard British and Indian exam English; 'different than' is non-standard. 'The result of' is a correct noun phrase. 'The experiment was completely different' is correctly structured. 'What the researchers had predicted' is a correct noun clause.",s-eng-5-3-1,hard,ai-generated,false,B,the experiment was,false,2
q-eng5.3-40,ENG5.3,mc,"Identify the part that contains an error: 'The result of (A) the experiment was (B) completely different than (C) what the researchers (D) had predicted.'","Part C is wrong — 'different' is always followed by 'from' in standard British and Indian exam English; 'different than' is non-standard. 'The result of' is a correct noun phrase. 'The experiment was completely different' is correctly structured. 'What the researchers had predicted' is a correct noun clause.",s-eng-5-3-1,hard,ai-generated,false,C,completely different than,true,3
q-eng5.3-40,ENG5.3,mc,"Identify the part that contains an error: 'The result of (A) the experiment was (B) completely different than (C) what the researchers (D) had predicted.'","Part C is wrong — 'different' is always followed by 'from' in standard British and Indian exam English; 'different than' is non-standard. 'The result of' is a correct noun phrase. 'The experiment was completely different' is correctly structured. 'What the researchers had predicted' is a correct noun clause.",s-eng-5-3-1,hard,ai-generated,false,D,what the researchers,false,4
q-eng5.3-41,ENG5.3,mc,"Choose the correct connector: '_____ she studied hard, she could not clear the competitive examination.'","'Although' is correct — it introduces a concessive clause showing contrast between effort and result. 'But' is a coordinating conjunction that cannot begin an adverbial clause. 'Because' introduces a reason clause, contradicting the logic here. 'Since' introduces a time or reason clause, neither of which fits this contrast.",s-eng-5-3-2,easy,ai-generated,false,A,But,false,1
q-eng5.3-41,ENG5.3,mc,"Choose the correct connector: '_____ she studied hard, she could not clear the competitive examination.'","'Although' is correct — it introduces a concessive clause showing contrast between effort and result. 'But' is a coordinating conjunction that cannot begin an adverbial clause. 'Because' introduces a reason clause, contradicting the logic here. 'Since' introduces a time or reason clause, neither of which fits this contrast.",s-eng-5-3-2,easy,ai-generated,false,B,Although,true,2
q-eng5.3-41,ENG5.3,mc,"Choose the correct connector: '_____ she studied hard, she could not clear the competitive examination.'","'Although' is correct — it introduces a concessive clause showing contrast between effort and result. 'But' is a coordinating conjunction that cannot begin an adverbial clause. 'Because' introduces a reason clause, contradicting the logic here. 'Since' introduces a time or reason clause, neither of which fits this contrast.",s-eng-5-3-2,easy,ai-generated,false,C,Because,false,3
q-eng5.3-41,ENG5.3,mc,"Choose the correct connector: '_____ she studied hard, she could not clear the competitive examination.'","'Although' is correct — it introduces a concessive clause showing contrast between effort and result. 'But' is a coordinating conjunction that cannot begin an adverbial clause. 'Because' introduces a reason clause, contradicting the logic here. 'Since' introduces a time or reason clause, neither of which fits this contrast.",s-eng-5-3-2,easy,ai-generated,false,D,Since,false,4
q-eng5.3-42,ENG5.3,mc,"Choose the correct option: 'The match was cancelled _____ heavy rainfall across the city.'","'Because of' is correct — 'because of' is followed by a noun phrase; 'because' is followed by a full clause. Since 'heavy rainfall' is a noun phrase, 'because of' is required. 'Although' introduces contrast, not reason. 'Since' followed directly by a noun phrase would be non-standard here.",s-eng-5-3-2,easy,ai-generated,false,A,because,false,1
q-eng5.3-42,ENG5.3,mc,"Choose the correct option: 'The match was cancelled _____ heavy rainfall across the city.'","'Because of' is correct — 'because of' is followed by a noun phrase; 'because' is followed by a full clause. Since 'heavy rainfall' is a noun phrase, 'because of' is required. 'Although' introduces contrast, not reason. 'Since' followed directly by a noun phrase would be non-standard here.",s-eng-5-3-2,easy,ai-generated,false,B,because of,true,2
q-eng5.3-42,ENG5.3,mc,"Choose the correct option: 'The match was cancelled _____ heavy rainfall across the city.'","'Because of' is correct — 'because of' is followed by a noun phrase; 'because' is followed by a full clause. Since 'heavy rainfall' is a noun phrase, 'because of' is required. 'Although' introduces contrast, not reason. 'Since' followed directly by a noun phrase would be non-standard here.",s-eng-5-3-2,easy,ai-generated,false,C,although,false,3
q-eng5.3-42,ENG5.3,mc,"Choose the correct option: 'The match was cancelled _____ heavy rainfall across the city.'","'Because of' is correct — 'because of' is followed by a noun phrase; 'because' is followed by a full clause. Since 'heavy rainfall' is a noun phrase, 'because of' is required. 'Although' introduces contrast, not reason. 'Since' followed directly by a noun phrase would be non-standard here.",s-eng-5-3-2,easy,ai-generated,false,D,since,false,4
q-eng5.3-43,ENG5.3,mc,"Identify the part that contains an error: 'Both the principal (A) as well as (B) the vice-principal (C) attended (D) the national conference.'","Part B is wrong — the correct correlative pair is 'both…and'; using 'as well as' after 'both' is incorrect. 'Both the principal and the vice-principal' is the correct structure. 'The vice-principal' is correctly positioned. 'Attended the national conference' is correctly structured.",s-eng-5-3-2,medium,ai-generated,false,A,Both the principal,false,1
q-eng5.3-43,ENG5.3,mc,"Identify the part that contains an error: 'Both the principal (A) as well as (B) the vice-principal (C) attended (D) the national conference.'","Part B is wrong — the correct correlative pair is 'both…and'; using 'as well as' after 'both' is incorrect. 'Both the principal and the vice-principal' is the correct structure. 'The vice-principal' is correctly positioned. 'Attended the national conference' is correctly structured.",s-eng-5-3-2,medium,ai-generated,false,B,as well as,true,2
q-eng5.3-43,ENG5.3,mc,"Identify the part that contains an error: 'Both the principal (A) as well as (B) the vice-principal (C) attended (D) the national conference.'","Part B is wrong — the correct correlative pair is 'both…and'; using 'as well as' after 'both' is incorrect. 'Both the principal and the vice-principal' is the correct structure. 'The vice-principal' is correctly positioned. 'Attended the national conference' is correctly structured.",s-eng-5-3-2,medium,ai-generated,false,C,the vice-principal,false,3
q-eng5.3-43,ENG5.3,mc,"Identify the part that contains an error: 'Both the principal (A) as well as (B) the vice-principal (C) attended (D) the national conference.'","Part B is wrong — the correct correlative pair is 'both…and'; using 'as well as' after 'both' is incorrect. 'Both the principal and the vice-principal' is the correct structure. 'The vice-principal' is correctly positioned. 'Attended the national conference' is correctly structured.",s-eng-5-3-2,medium,ai-generated,false,D,attended,false,4
q-eng5.3-44,ENG5.3,mc,"Identify the part that contains an error: 'The weather was (A) so cold that (B) the pipes froze (C) overnight and (D) burst by morning.'","No error — this sentence is correctly formed. 'So cold that' is the correct 'so…that' result structure. 'The pipes froze overnight' is correct simple past. 'And burst by morning' is correctly coordinated. All parts are grammatically sound, so 'No error' is the correct choice.",s-eng-5-3-2,medium,ai-generated,false,A,The weather was,false,1
q-eng5.3-44,ENG5.3,mc,"Identify the part that contains an error: 'The weather was (A) so cold that (B) the pipes froze (C) overnight and (D) burst by morning.'","No error — this sentence is correctly formed. 'So cold that' is the correct 'so…that' result structure. 'The pipes froze overnight' is correct simple past. 'And burst by morning' is correctly coordinated. All parts are grammatically sound, so 'No error' is the correct choice.",s-eng-5-3-2,medium,ai-generated,false,B,so cold that,false,2
q-eng5.3-44,ENG5.3,mc,"Identify the part that contains an error: 'The weather was (A) so cold that (B) the pipes froze (C) overnight and (D) burst by morning.'","No error — this sentence is correctly formed. 'So cold that' is the correct 'so…that' result structure. 'The pipes froze overnight' is correct simple past. 'And burst by morning' is correctly coordinated. All parts are grammatically sound, so 'No error' is the correct choice.",s-eng-5-3-2,medium,ai-generated,false,C,the pipes froze,false,3
q-eng5.3-44,ENG5.3,mc,"Identify the part that contains an error: 'The weather was (A) so cold that (B) the pipes froze (C) overnight and (D) burst by morning.'","No error — this sentence is correctly formed. 'So cold that' is the correct 'so…that' result structure. 'The pipes froze overnight' is correct simple past. 'And burst by morning' is correctly coordinated. All parts are grammatically sound, so 'No error' is the correct choice.",s-eng-5-3-2,medium,ai-generated,false,D,No error,true,4
q-eng5.3-45,ENG5.3,mc,"Choose the correct option: 'You can submit the form _____ online or in person at the nearest office.'","'Either' is correct — 'either…or' is the standard correlative conjunction for two alternatives. 'Neither' pairs with 'nor' and negates both alternatives, which contradicts the meaning here. 'Whether' introduces indirect questions or conditions, not a simple choice. 'Both' pairs with 'and', not 'or'.",s-eng-5-3-2,medium,ai-generated,false,A,neither,false,1
q-eng5.3-45,ENG5.3,mc,"Choose the correct option: 'You can submit the form _____ online or in person at the nearest office.'","'Either' is correct — 'either…or' is the standard correlative conjunction for two alternatives. 'Neither' pairs with 'nor' and negates both alternatives, which contradicts the meaning here. 'Whether' introduces indirect questions or conditions, not a simple choice. 'Both' pairs with 'and', not 'or'.",s-eng-5-3-2,medium,ai-generated,false,B,either,true,2
q-eng5.3-45,ENG5.3,mc,"Choose the correct option: 'You can submit the form _____ online or in person at the nearest office.'","'Either' is correct — 'either…or' is the standard correlative conjunction for two alternatives. 'Neither' pairs with 'nor' and negates both alternatives, which contradicts the meaning here. 'Whether' introduces indirect questions or conditions, not a simple choice. 'Both' pairs with 'and', not 'or'.",s-eng-5-3-2,medium,ai-generated,false,C,whether,false,3
q-eng5.3-45,ENG5.3,mc,"Choose the correct option: 'You can submit the form _____ online or in person at the nearest office.'","'Either' is correct — 'either…or' is the standard correlative conjunction for two alternatives. 'Neither' pairs with 'nor' and negates both alternatives, which contradicts the meaning here. 'Whether' introduces indirect questions or conditions, not a simple choice. 'Both' pairs with 'and', not 'or'.",s-eng-5-3-2,medium,ai-generated,false,D,both,false,4
q-eng5.3-46,ENG5.3,mc,"Identify the part that contains an error: 'Scarcely had (A) we settled down (B) than the lights (C) went out (D) completely.'","Part C is wrong — the fixed correlative with 'Scarcely' is 'Scarcely … when'; 'than' belongs with 'No sooner … than'. The correct form is 'Scarcely had we settled down when the lights went out'. 'Scarcely had' is the correct inverted auxiliary. 'We settled down' is correctly placed after the auxiliary. 'Went out completely' is correctly structured.",s-eng-5-3-2,medium,ai-generated,false,A,Scarcely had,false,1
q-eng5.3-46,ENG5.3,mc,"Identify the part that contains an error: 'Scarcely had (A) we settled down (B) than the lights (C) went out (D) completely.'","Part C is wrong — the fixed correlative with 'Scarcely' is 'Scarcely … when'; 'than' belongs with 'No sooner … than'. The correct form is 'Scarcely had we settled down when the lights went out'. 'Scarcely had' is the correct inverted auxiliary. 'We settled down' is correctly placed after the auxiliary. 'Went out completely' is correctly structured.",s-eng-5-3-2,medium,ai-generated,false,B,we settled down,false,2
q-eng5.3-46,ENG5.3,mc,"Identify the part that contains an error: 'Scarcely had (A) we settled down (B) than the lights (C) went out (D) completely.'","Part C is wrong — the fixed correlative with 'Scarcely' is 'Scarcely … when'; 'than' belongs with 'No sooner … than'. The correct form is 'Scarcely had we settled down when the lights went out'. 'Scarcely had' is the correct inverted auxiliary. 'We settled down' is correctly placed after the auxiliary. 'Went out completely' is correctly structured.",s-eng-5-3-2,medium,ai-generated,false,C,than the lights,true,3
q-eng5.3-46,ENG5.3,mc,"Identify the part that contains an error: 'Scarcely had (A) we settled down (B) than the lights (C) went out (D) completely.'","Part C is wrong — the fixed correlative with 'Scarcely' is 'Scarcely … when'; 'than' belongs with 'No sooner … than'. The correct form is 'Scarcely had we settled down when the lights went out'. 'Scarcely had' is the correct inverted auxiliary. 'We settled down' is correctly placed after the auxiliary. 'Went out completely' is correctly structured.",s-eng-5-3-2,medium,ai-generated,false,D,went out,false,4
q-eng5.3-47,ENG5.3,mc,"Choose the correct option: 'You will not be permitted entry _____ you produce a valid photo ID at the gate.'","'Unless' is correct — 'unless' means 'except if' and introduces the condition for denial; it is the right connector here. 'Until' means 'up to the time that' and expresses duration, not condition. 'Without' would need to be followed by a gerund ('without producing'). 'Except' cannot introduce a finite clause here.",s-eng-5-3-2,medium,ai-generated,false,A,until,false,1
q-eng5.3-47,ENG5.3,mc,"Choose the correct option: 'You will not be permitted entry _____ you produce a valid photo ID at the gate.'","'Unless' is correct — 'unless' means 'except if' and introduces the condition for denial; it is the right connector here. 'Until' means 'up to the time that' and expresses duration, not condition. 'Without' would need to be followed by a gerund ('without producing'). 'Except' cannot introduce a finite clause here.",s-eng-5-3-2,medium,ai-generated,false,B,unless,true,2
q-eng5.3-47,ENG5.3,mc,"Choose the correct option: 'You will not be permitted entry _____ you produce a valid photo ID at the gate.'","'Unless' is correct — 'unless' means 'except if' and introduces the condition for denial; it is the right connector here. 'Until' means 'up to the time that' and expresses duration, not condition. 'Without' would need to be followed by a gerund ('without producing'). 'Except' cannot introduce a finite clause here.",s-eng-5-3-2,medium,ai-generated,false,C,without,false,3
q-eng5.3-47,ENG5.3,mc,"Choose the correct option: 'You will not be permitted entry _____ you produce a valid photo ID at the gate.'","'Unless' is correct — 'unless' means 'except if' and introduces the condition for denial; it is the right connector here. 'Until' means 'up to the time that' and expresses duration, not condition. 'Without' would need to be followed by a gerund ('without producing'). 'Except' cannot introduce a finite clause here.",s-eng-5-3-2,medium,ai-generated,false,D,except,false,4
q-eng5.3-48,ENG5.3,mc,"Identify the part that contains an error: 'Though he tried (A) his best, but (B) he could not (C) complete the marathon (D) within the time limit.'","Part B is wrong — 'though' and 'but' cannot both be used in the same sentence; use one or the other. The correct sentence is either 'Though he tried his best, he could not complete…' or 'He tried his best, but he could not complete…'. 'His best' is correctly used. 'He could not' is correctly structured. 'Complete the marathon within the time limit' is a correct verb phrase.",s-eng-5-3-2,medium,ai-generated,false,A,Though he tried,false,1
q-eng5.3-48,ENG5.3,mc,"Identify the part that contains an error: 'Though he tried (A) his best, but (B) he could not (C) complete the marathon (D) within the time limit.'","Part B is wrong — 'though' and 'but' cannot both be used in the same sentence; use one or the other. The correct sentence is either 'Though he tried his best, he could not complete…' or 'He tried his best, but he could not complete…'. 'His best' is correctly used. 'He could not' is correctly structured. 'Complete the marathon within the time limit' is a correct verb phrase.",s-eng-5-3-2,medium,ai-generated,false,B,but he could not,true,2
q-eng5.3-48,ENG5.3,mc,"Identify the part that contains an error: 'Though he tried (A) his best, but (B) he could not (C) complete the marathon (D) within the time limit.'","Part B is wrong — 'though' and 'but' cannot both be used in the same sentence; use one or the other. The correct sentence is either 'Though he tried his best, he could not complete…' or 'He tried his best, but he could not complete…'. 'His best' is correctly used. 'He could not' is correctly structured. 'Complete the marathon within the time limit' is a correct verb phrase.",s-eng-5-3-2,medium,ai-generated,false,C,he could not,false,3
q-eng5.3-48,ENG5.3,mc,"Identify the part that contains an error: 'Though he tried (A) his best, but (B) he could not (C) complete the marathon (D) within the time limit.'","Part B is wrong — 'though' and 'but' cannot both be used in the same sentence; use one or the other. The correct sentence is either 'Though he tried his best, he could not complete…' or 'He tried his best, but he could not complete…'. 'His best' is correctly used. 'He could not' is correctly structured. 'Complete the marathon within the time limit' is a correct verb phrase.",s-eng-5-3-2,medium,ai-generated,false,D,complete the marathon,false,4
q-eng5.3-49,ENG5.3,mc,"Identify the part that contains an error: 'No sooner did (A) the results appear online (B) when students (C) began checking (D) their scores eagerly.'","Part C is wrong — the fixed pair with 'No sooner' is 'No sooner … than'; 'when' belongs with 'Hardly/Scarcely … when'. The correct form is 'No sooner did the results appear online than students began checking their scores'. 'No sooner did' is the correct inverted auxiliary. 'The results appear online' is correctly placed. 'Began checking their scores eagerly' is correctly structured.",s-eng-5-3-2,hard,ai-generated,false,A,No sooner did,false,1
q-eng5.3-49,ENG5.3,mc,"Identify the part that contains an error: 'No sooner did (A) the results appear online (B) when students (C) began checking (D) their scores eagerly.'","Part C is wrong — the fixed pair with 'No sooner' is 'No sooner … than'; 'when' belongs with 'Hardly/Scarcely … when'. The correct form is 'No sooner did the results appear online than students began checking their scores'. 'No sooner did' is the correct inverted auxiliary. 'The results appear online' is correctly placed. 'Began checking their scores eagerly' is correctly structured.",s-eng-5-3-2,hard,ai-generated,false,B,the results appear online,false,2
q-eng5.3-49,ENG5.3,mc,"Identify the part that contains an error: 'No sooner did (A) the results appear online (B) when students (C) began checking (D) their scores eagerly.'","Part C is wrong — the fixed pair with 'No sooner' is 'No sooner … than'; 'when' belongs with 'Hardly/Scarcely … when'. The correct form is 'No sooner did the results appear online than students began checking their scores'. 'No sooner did' is the correct inverted auxiliary. 'The results appear online' is correctly placed. 'Began checking their scores eagerly' is correctly structured.",s-eng-5-3-2,hard,ai-generated,false,C,when students,true,3
q-eng5.3-49,ENG5.3,mc,"Identify the part that contains an error: 'No sooner did (A) the results appear online (B) when students (C) began checking (D) their scores eagerly.'","Part C is wrong — the fixed pair with 'No sooner' is 'No sooner … than'; 'when' belongs with 'Hardly/Scarcely … when'. The correct form is 'No sooner did the results appear online than students began checking their scores'. 'No sooner did' is the correct inverted auxiliary. 'The results appear online' is correctly placed. 'Began checking their scores eagerly' is correctly structured.",s-eng-5-3-2,hard,ai-generated,false,D,began checking,false,4
q-eng5.3-50,ENG5.3,mc,"Which sentence uses conjunctions correctly?","'Since she completed her training, she is ready for fieldwork' is correct — 'since' here introduces a reason clause and is followed by a correct finite clause. Option A is wrong — 'although' and 'but' cannot both appear in one sentence. Option C is wrong — 'the reason is because' is redundant; the correct form is 'the reason is that'. Option D is wrong — 'too intelligent to not understand' double-negates; the correct form is 'too intelligent to understand'.",s-eng-5-3-2,hard,ai-generated,false,A,"Although it was raining, but we decided to continue the match.",false,1
q-eng5.3-50,ENG5.3,mc,"Which sentence uses conjunctions correctly?","'Since she completed her training, she is ready for fieldwork' is correct — 'since' here introduces a reason clause and is followed by a correct finite clause. Option A is wrong — 'although' and 'but' cannot both appear in one sentence. Option C is wrong — 'the reason is because' is redundant; the correct form is 'the reason is that'. Option D is wrong — 'too intelligent to not understand' double-negates; the correct form is 'too intelligent to understand'.",s-eng-5-3-2,hard,ai-generated,false,B,"Since she completed her training, she is ready for fieldwork.",true,2
q-eng5.3-50,ENG5.3,mc,"Which sentence uses conjunctions correctly?","'Since she completed her training, she is ready for fieldwork' is correct — 'since' here introduces a reason clause and is followed by a correct finite clause. Option A is wrong — 'although' and 'but' cannot both appear in one sentence. Option C is wrong — 'the reason is because' is redundant; the correct form is 'the reason is that'. Option D is wrong — 'too intelligent to not understand' double-negates; the correct form is 'too intelligent to understand'.",s-eng-5-3-2,hard,ai-generated,false,C,The reason for his failure is because he did not prepare well.,false,3
q-eng5.3-50,ENG5.3,mc,"Which sentence uses conjunctions correctly?","'Since she completed her training, she is ready for fieldwork' is correct — 'since' here introduces a reason clause and is followed by a correct finite clause. Option A is wrong — 'although' and 'but' cannot both appear in one sentence. Option C is wrong — 'the reason is because' is redundant; the correct form is 'the reason is that'. Option D is wrong — 'too intelligent to not understand' double-negates; the correct form is 'too intelligent to understand'.",s-eng-5-3-2,hard,ai-generated,false,D,He is too intelligent to not understand such a simple concept.,false,4
