question_ref,lo_code,question_type,question_text,explanation,subtopic_codes,difficulty,source,verified,option_key,option_text,answer_value,sort_order
q-eng5.2-01,ENG5.2,mc,"Choose the correct option: 'She _____ in this department since 2018 and knows every process thoroughly.'","'Has worked' is correct — 'since' marks a starting point in time and requires the present perfect tense ('have/has + past participle'). 'Works' is simple present and ignores the time marker. 'Worked' is simple past, which closes the action in the past. 'Had worked' is past perfect, used only for an action completed before another past event.",k-eng-5-2-1,easy,ai-generated,false,A,works,false,1
q-eng5.2-01,ENG5.2,mc,"Choose the correct option: 'She _____ in this department since 2018 and knows every process thoroughly.'","'Has worked' is correct — 'since' marks a starting point in time and requires the present perfect tense ('have/has + past participle'). 'Works' is simple present and ignores the time marker. 'Worked' is simple past, which closes the action in the past. 'Had worked' is past perfect, used only for an action completed before another past event.",k-eng-5-2-1,easy,ai-generated,false,B,has worked,true,2
q-eng5.2-01,ENG5.2,mc,"Choose the correct option: 'She _____ in this department since 2018 and knows every process thoroughly.'","'Has worked' is correct — 'since' marks a starting point in time and requires the present perfect tense ('have/has + past participle'). 'Works' is simple present and ignores the time marker. 'Worked' is simple past, which closes the action in the past. 'Had worked' is past perfect, used only for an action completed before another past event.",k-eng-5-2-1,easy,ai-generated,false,C,worked,false,3
q-eng5.2-01,ENG5.2,mc,"Choose the correct option: 'She _____ in this department since 2018 and knows every process thoroughly.'","'Has worked' is correct — 'since' marks a starting point in time and requires the present perfect tense ('have/has + past participle'). 'Works' is simple present and ignores the time marker. 'Worked' is simple past, which closes the action in the past. 'Had worked' is past perfect, used only for an action completed before another past event.",k-eng-5-2-1,easy,ai-generated,false,D,had worked,false,4
q-eng5.2-02,ENG5.2,mc,"Choose the correct option: 'They _____ for the results for the past two weeks and are growing anxious.'","'Have been waiting' is correct — 'for + duration' with an ongoing action requires present perfect continuous ('have/has + been + V-ing'). 'Wait' is simple present with no link to duration. 'Waited' is simple past, implying the waiting ended. 'Had waited' is past perfect, used for an action completed before another past event.",k-eng-5-2-1,easy,ai-generated,false,A,wait,false,1
q-eng5.2-02,ENG5.2,mc,"Choose the correct option: 'They _____ for the results for the past two weeks and are growing anxious.'","'Have been waiting' is correct — 'for + duration' with an ongoing action requires present perfect continuous ('have/has + been + V-ing'). 'Wait' is simple present with no link to duration. 'Waited' is simple past, implying the waiting ended. 'Had waited' is past perfect, used for an action completed before another past event.",k-eng-5-2-1,easy,ai-generated,false,B,waited,false,2
q-eng5.2-02,ENG5.2,mc,"Choose the correct option: 'They _____ for the results for the past two weeks and are growing anxious.'","'Have been waiting' is correct — 'for + duration' with an ongoing action requires present perfect continuous ('have/has + been + V-ing'). 'Wait' is simple present with no link to duration. 'Waited' is simple past, implying the waiting ended. 'Had waited' is past perfect, used for an action completed before another past event.",k-eng-5-2-1,easy,ai-generated,false,C,have been waiting,true,3
q-eng5.2-02,ENG5.2,mc,"Choose the correct option: 'They _____ for the results for the past two weeks and are growing anxious.'","'Have been waiting' is correct — 'for + duration' with an ongoing action requires present perfect continuous ('have/has + been + V-ing'). 'Wait' is simple present with no link to duration. 'Waited' is simple past, implying the waiting ended. 'Had waited' is past perfect, used for an action completed before another past event.",k-eng-5-2-1,easy,ai-generated,false,D,had waited,false,4
q-eng5.2-03,ENG5.2,mc,"Choose the correct option: 'He joined this organisation _____ and has since risen to a senior position.'","'Five years ago' is correct — 'ago' signals a completed past event and requires simple past tense; here it correctly modifies the simple past 'joined'. 'Since five years' is wrong — 'since' marks a point in time, not a duration. 'For five years back' is a non-standard construction. 'From five years' is incorrect — English does not use 'from' to express elapsed past time.",k-eng-5-2-1,easy,ai-generated,false,A,since five years,false,1
q-eng5.2-03,ENG5.2,mc,"Choose the correct option: 'He joined this organisation _____ and has since risen to a senior position.'","'Five years ago' is correct — 'ago' signals a completed past event and requires simple past tense; here it correctly modifies the simple past 'joined'. 'Since five years' is wrong — 'since' marks a point in time, not a duration. 'For five years back' is a non-standard construction. 'From five years' is incorrect — English does not use 'from' to express elapsed past time.",k-eng-5-2-1,easy,ai-generated,false,B,five years ago,true,2
q-eng5.2-03,ENG5.2,mc,"Choose the correct option: 'He joined this organisation _____ and has since risen to a senior position.'","'Five years ago' is correct — 'ago' signals a completed past event and requires simple past tense; here it correctly modifies the simple past 'joined'. 'Since five years' is wrong — 'since' marks a point in time, not a duration. 'For five years back' is a non-standard construction. 'From five years' is incorrect — English does not use 'from' to express elapsed past time.",k-eng-5-2-1,easy,ai-generated,false,C,for five years back,false,3
q-eng5.2-03,ENG5.2,mc,"Choose the correct option: 'He joined this organisation _____ and has since risen to a senior position.'","'Five years ago' is correct — 'ago' signals a completed past event and requires simple past tense; here it correctly modifies the simple past 'joined'. 'Since five years' is wrong — 'since' marks a point in time, not a duration. 'For five years back' is a non-standard construction. 'From five years' is incorrect — English does not use 'from' to express elapsed past time.",k-eng-5-2-1,easy,ai-generated,false,D,from five years,false,4
q-eng5.2-04,ENG5.2,mc,"Identify the part that contains an error: 'Rahul has been (A) suffering from fever (B) since three days (C) and refuses to (D) see a doctor.'","Part C is wrong — 'since' marks a specific point in time (since Monday); a duration like 'three days' requires 'for'. The correct phrase is 'for three days'. 'Has been' is the correct present perfect auxiliary. 'Suffering from fever' is a correct participial phrase. 'And refuses to' is correctly structured.",k-eng-5-2-1,medium,ai-generated,false,A,Rahul has been,false,1
q-eng5.2-04,ENG5.2,mc,"Identify the part that contains an error: 'Rahul has been (A) suffering from fever (B) since three days (C) and refuses to (D) see a doctor.'","Part C is wrong — 'since' marks a specific point in time (since Monday); a duration like 'three days' requires 'for'. The correct phrase is 'for three days'. 'Has been' is the correct present perfect auxiliary. 'Suffering from fever' is a correct participial phrase. 'And refuses to' is correctly structured.",k-eng-5-2-1,medium,ai-generated,false,B,suffering from fever,false,2
q-eng5.2-04,ENG5.2,mc,"Identify the part that contains an error: 'Rahul has been (A) suffering from fever (B) since three days (C) and refuses to (D) see a doctor.'","Part C is wrong — 'since' marks a specific point in time (since Monday); a duration like 'three days' requires 'for'. The correct phrase is 'for three days'. 'Has been' is the correct present perfect auxiliary. 'Suffering from fever' is a correct participial phrase. 'And refuses to' is correctly structured.",k-eng-5-2-1,medium,ai-generated,false,C,since three days,true,3
q-eng5.2-04,ENG5.2,mc,"Identify the part that contains an error: 'Rahul has been (A) suffering from fever (B) since three days (C) and refuses to (D) see a doctor.'","Part C is wrong — 'since' marks a specific point in time (since Monday); a duration like 'three days' requires 'for'. The correct phrase is 'for three days'. 'Has been' is the correct present perfect auxiliary. 'Suffering from fever' is a correct participial phrase. 'And refuses to' is correctly structured.",k-eng-5-2-1,medium,ai-generated,false,D,and refuses to,false,4
q-eng5.2-05,ENG5.2,mc,"Identify the part that contains an error: 'I have submitted (A) the application (B) two weeks ago (C) and am still (D) waiting for a reply.'","Part A is wrong — 'ago' signals a specific past point and forces simple past tense; 'I submitted' is correct. Present perfect cannot be used with 'ago'. 'The application' is correctly used. 'Two weeks ago' is a valid time phrase but mandates simple past. 'And am still' is correctly structured.",k-eng-5-2-1,medium,ai-generated,false,A,I have submitted,true,1
q-eng5.2-05,ENG5.2,mc,"Identify the part that contains an error: 'I have submitted (A) the application (B) two weeks ago (C) and am still (D) waiting for a reply.'","Part A is wrong — 'ago' signals a specific past point and forces simple past tense; 'I submitted' is correct. Present perfect cannot be used with 'ago'. 'The application' is correctly used. 'Two weeks ago' is a valid time phrase but mandates simple past. 'And am still' is correctly structured.",k-eng-5-2-1,medium,ai-generated,false,B,the application,false,2
q-eng5.2-05,ENG5.2,mc,"Identify the part that contains an error: 'I have submitted (A) the application (B) two weeks ago (C) and am still (D) waiting for a reply.'","Part A is wrong — 'ago' signals a specific past point and forces simple past tense; 'I submitted' is correct. Present perfect cannot be used with 'ago'. 'The application' is correctly used. 'Two weeks ago' is a valid time phrase but mandates simple past. 'And am still' is correctly structured.",k-eng-5-2-1,medium,ai-generated,false,C,two weeks ago,false,3
q-eng5.2-05,ENG5.2,mc,"Identify the part that contains an error: 'I have submitted (A) the application (B) two weeks ago (C) and am still (D) waiting for a reply.'","Part A is wrong — 'ago' signals a specific past point and forces simple past tense; 'I submitted' is correct. Present perfect cannot be used with 'ago'. 'The application' is correctly used. 'Two weeks ago' is a valid time phrase but mandates simple past. 'And am still' is correctly structured.",k-eng-5-2-1,medium,ai-generated,false,D,and am still,false,4
q-eng5.2-06,ENG5.2,mc,"Choose the correct option: 'The geography teacher explained that the earth _____ around the sun.'","'Revolves' is correct — scientific facts and universal truths stay in the present tense even in reported speech; backshifting does not apply to permanent truths. 'Revolved' wrongly backshifts the universal truth. 'Had revolved' implies the fact is no longer true. 'Would revolve' is a conditional form inappropriate for a permanent fact.",k-eng-5-2-1,medium,ai-generated,false,A,revolved,false,1
q-eng5.2-06,ENG5.2,mc,"Choose the correct option: 'The geography teacher explained that the earth _____ around the sun.'","'Revolves' is correct — scientific facts and universal truths stay in the present tense even in reported speech; backshifting does not apply to permanent truths. 'Revolved' wrongly backshifts the universal truth. 'Had revolved' implies the fact is no longer true. 'Would revolve' is a conditional form inappropriate for a permanent fact.",k-eng-5-2-1,medium,ai-generated,false,B,revolves,true,2
q-eng5.2-06,ENG5.2,mc,"Choose the correct option: 'The geography teacher explained that the earth _____ around the sun.'","'Revolves' is correct — scientific facts and universal truths stay in the present tense even in reported speech; backshifting does not apply to permanent truths. 'Revolved' wrongly backshifts the universal truth. 'Had revolved' implies the fact is no longer true. 'Would revolve' is a conditional form inappropriate for a permanent fact.",k-eng-5-2-1,medium,ai-generated,false,C,had revolved,false,3
q-eng5.2-06,ENG5.2,mc,"Choose the correct option: 'The geography teacher explained that the earth _____ around the sun.'","'Revolves' is correct — scientific facts and universal truths stay in the present tense even in reported speech; backshifting does not apply to permanent truths. 'Revolved' wrongly backshifts the universal truth. 'Had revolved' implies the fact is no longer true. 'Would revolve' is a conditional form inappropriate for a permanent fact.",k-eng-5-2-1,medium,ai-generated,false,D,would revolve,false,4
q-eng5.2-07,ENG5.2,mc,"Choose the correct option: 'By the time we reached the station, the train _____.'","'Had already left' is correct — when two actions are set in the past, the action completed first uses past perfect ('had + V3'). 'Has left' is present perfect, wrong for a past sequence. 'Left' is simple past and does not clearly signal the earlier completion. 'Was leaving' is past continuous, implying the train was still in the process of leaving when we arrived.",k-eng-5-2-1,medium,ai-generated,false,A,has left,false,1
q-eng5.2-07,ENG5.2,mc,"Choose the correct option: 'By the time we reached the station, the train _____.'","'Had already left' is correct — when two actions are set in the past, the action completed first uses past perfect ('had + V3'). 'Has left' is present perfect, wrong for a past sequence. 'Left' is simple past and does not clearly signal the earlier completion. 'Was leaving' is past continuous, implying the train was still in the process of leaving when we arrived.",k-eng-5-2-1,medium,ai-generated,false,B,left,false,2
q-eng5.2-07,ENG5.2,mc,"Choose the correct option: 'By the time we reached the station, the train _____.'","'Had already left' is correct — when two actions are set in the past, the action completed first uses past perfect ('had + V3'). 'Has left' is present perfect, wrong for a past sequence. 'Left' is simple past and does not clearly signal the earlier completion. 'Was leaving' is past continuous, implying the train was still in the process of leaving when we arrived.",k-eng-5-2-1,medium,ai-generated,false,C,had already left,true,3
q-eng5.2-07,ENG5.2,mc,"Choose the correct option: 'By the time we reached the station, the train _____.'","'Had already left' is correct — when two actions are set in the past, the action completed first uses past perfect ('had + V3'). 'Has left' is present perfect, wrong for a past sequence. 'Left' is simple past and does not clearly signal the earlier completion. 'Was leaving' is past continuous, implying the train was still in the process of leaving when we arrived.",k-eng-5-2-1,medium,ai-generated,false,D,was leaving,false,4
q-eng5.2-08,ENG5.2,mc,"Choose the correct word to fill the blank: 'No sooner had the examination started _____ the fire alarm went off.'","'Than' is correct — the fixed correlative pair is 'No sooner … than'; using any other connector breaks the idiom. 'When' belongs to 'Hardly/Scarcely … when', not 'No sooner'. 'That' is not part of this correlative structure. 'Then' is an adverb of time, not a conjunction used in this paired structure.",k-eng-5-2-1,medium,ai-generated,false,A,when,false,1
q-eng5.2-08,ENG5.2,mc,"Choose the correct word to fill the blank: 'No sooner had the examination started _____ the fire alarm went off.'","'Than' is correct — the fixed correlative pair is 'No sooner … than'; using any other connector breaks the idiom. 'When' belongs to 'Hardly/Scarcely … when', not 'No sooner'. 'That' is not part of this correlative structure. 'Then' is an adverb of time, not a conjunction used in this paired structure.",k-eng-5-2-1,medium,ai-generated,false,B,than,true,2
q-eng5.2-08,ENG5.2,mc,"Choose the correct word to fill the blank: 'No sooner had the examination started _____ the fire alarm went off.'","'Than' is correct — the fixed correlative pair is 'No sooner … than'; using any other connector breaks the idiom. 'When' belongs to 'Hardly/Scarcely … when', not 'No sooner'. 'That' is not part of this correlative structure. 'Then' is an adverb of time, not a conjunction used in this paired structure.",k-eng-5-2-1,medium,ai-generated,false,C,that,false,3
q-eng5.2-08,ENG5.2,mc,"Choose the correct word to fill the blank: 'No sooner had the examination started _____ the fire alarm went off.'","'Than' is correct — the fixed correlative pair is 'No sooner … than'; using any other connector breaks the idiom. 'When' belongs to 'Hardly/Scarcely … when', not 'No sooner'. 'That' is not part of this correlative structure. 'Then' is an adverb of time, not a conjunction used in this paired structure.",k-eng-5-2-1,medium,ai-generated,false,D,then,false,4
q-eng5.2-09,ENG5.2,mc,"Identify the part that contains an error: 'Hardly had (A) the ceremony begun (B) than it (C) started to rain (D) heavily.'","Part C is wrong — the fixed correlative with 'Hardly' is 'Hardly … when'; 'than' belongs to the 'No sooner … than' pair. The correct sentence is 'Hardly had the ceremony begun when it started to rain.' 'Hardly had' is the correct inverted structure. 'The ceremony begun' correctly uses past participle after 'had'. 'Started to rain heavily' is correctly structured.",k-eng-5-2-1,hard,ai-generated,false,A,Hardly had,false,1
q-eng5.2-09,ENG5.2,mc,"Identify the part that contains an error: 'Hardly had (A) the ceremony begun (B) than it (C) started to rain (D) heavily.'","Part C is wrong — the fixed correlative with 'Hardly' is 'Hardly … when'; 'than' belongs to the 'No sooner … than' pair. The correct sentence is 'Hardly had the ceremony begun when it started to rain.' 'Hardly had' is the correct inverted structure. 'The ceremony begun' correctly uses past participle after 'had'. 'Started to rain heavily' is correctly structured.",k-eng-5-2-1,hard,ai-generated,false,B,the ceremony begun,false,2
q-eng5.2-09,ENG5.2,mc,"Identify the part that contains an error: 'Hardly had (A) the ceremony begun (B) than it (C) started to rain (D) heavily.'","Part C is wrong — the fixed correlative with 'Hardly' is 'Hardly … when'; 'than' belongs to the 'No sooner … than' pair. The correct sentence is 'Hardly had the ceremony begun when it started to rain.' 'Hardly had' is the correct inverted structure. 'The ceremony begun' correctly uses past participle after 'had'. 'Started to rain heavily' is correctly structured.",k-eng-5-2-1,hard,ai-generated,false,C,than it,true,3
q-eng5.2-09,ENG5.2,mc,"Identify the part that contains an error: 'Hardly had (A) the ceremony begun (B) than it (C) started to rain (D) heavily.'","Part C is wrong — the fixed correlative with 'Hardly' is 'Hardly … when'; 'than' belongs to the 'No sooner … than' pair. The correct sentence is 'Hardly had the ceremony begun when it started to rain.' 'Hardly had' is the correct inverted structure. 'The ceremony begun' correctly uses past participle after 'had'. 'Started to rain heavily' is correctly structured.",k-eng-5-2-1,hard,ai-generated,false,D,started to rain heavily,false,4
q-eng5.2-10,ENG5.2,mc,"Identify the part that contains an error: 'When the inspector (A) arrived at the scene, he found (B) that someone has broken (C) into the vault (D) and stolen the files.'","Part C is wrong — after the past reporting verb 'found', the embedded clause must use past perfect 'had broken' to show the break-in preceded the inspector's arrival; 'has broken' is present perfect and creates a tense mismatch. 'Arrived at the scene' is correct simple past. 'He found' is correct simple past. 'Into the vault' is the correct prepositional phrase.",k-eng-5-2-1,hard,ai-generated,false,A,When the inspector,false,1
q-eng5.2-10,ENG5.2,mc,"Identify the part that contains an error: 'When the inspector (A) arrived at the scene, he found (B) that someone has broken (C) into the vault (D) and stolen the files.'","Part C is wrong — after the past reporting verb 'found', the embedded clause must use past perfect 'had broken' to show the break-in preceded the inspector's arrival; 'has broken' is present perfect and creates a tense mismatch. 'Arrived at the scene' is correct simple past. 'He found' is correct simple past. 'Into the vault' is the correct prepositional phrase.",k-eng-5-2-1,hard,ai-generated,false,B,arrived at the scene he found,false,2
q-eng5.2-10,ENG5.2,mc,"Identify the part that contains an error: 'When the inspector (A) arrived at the scene, he found (B) that someone has broken (C) into the vault (D) and stolen the files.'","Part C is wrong — after the past reporting verb 'found', the embedded clause must use past perfect 'had broken' to show the break-in preceded the inspector's arrival; 'has broken' is present perfect and creates a tense mismatch. 'Arrived at the scene' is correct simple past. 'He found' is correct simple past. 'Into the vault' is the correct prepositional phrase.",k-eng-5-2-1,hard,ai-generated,false,C,that someone has broken,true,3
q-eng5.2-10,ENG5.2,mc,"Identify the part that contains an error: 'When the inspector (A) arrived at the scene, he found (B) that someone has broken (C) into the vault (D) and stolen the files.'","Part C is wrong — after the past reporting verb 'found', the embedded clause must use past perfect 'had broken' to show the break-in preceded the inspector's arrival; 'has broken' is present perfect and creates a tense mismatch. 'Arrived at the scene' is correct simple past. 'He found' is correct simple past. 'Into the vault' is the correct prepositional phrase.",k-eng-5-2-1,hard,ai-generated,false,D,into the vault,false,4
q-eng5.2-11,ENG5.2,mc,"Choose the correct option: 'All employees _____ their identity cards while inside the office premises.'","'Must wear' is correct — modal verbs like 'must' are always followed by the bare infinitive (base form without 'to'). 'Must to wear' incorrectly inserts 'to' after the modal. 'Must wearing' uses a present participle, which never follows a modal directly. 'Must wore' uses the past tense, which is also incorrect after a modal.",k-eng-5-2-2,easy,ai-generated,false,A,must to wear,false,1
q-eng5.2-11,ENG5.2,mc,"Choose the correct option: 'All employees _____ their identity cards while inside the office premises.'","'Must wear' is correct — modal verbs like 'must' are always followed by the bare infinitive (base form without 'to'). 'Must to wear' incorrectly inserts 'to' after the modal. 'Must wearing' uses a present participle, which never follows a modal directly. 'Must wore' uses the past tense, which is also incorrect after a modal.",k-eng-5-2-2,easy,ai-generated,false,B,must wear,true,2
q-eng5.2-11,ENG5.2,mc,"Choose the correct option: 'All employees _____ their identity cards while inside the office premises.'","'Must wear' is correct — modal verbs like 'must' are always followed by the bare infinitive (base form without 'to'). 'Must to wear' incorrectly inserts 'to' after the modal. 'Must wearing' uses a present participle, which never follows a modal directly. 'Must wore' uses the past tense, which is also incorrect after a modal.",k-eng-5-2-2,easy,ai-generated,false,C,must wearing,false,3
q-eng5.2-11,ENG5.2,mc,"Choose the correct option: 'All employees _____ their identity cards while inside the office premises.'","'Must wear' is correct — modal verbs like 'must' are always followed by the bare infinitive (base form without 'to'). 'Must to wear' incorrectly inserts 'to' after the modal. 'Must wearing' uses a present participle, which never follows a modal directly. 'Must wore' uses the past tense, which is also incorrect after a modal.",k-eng-5-2-2,easy,ai-generated,false,D,must wore,false,4
q-eng5.2-12,ENG5.2,mc,"Identify the part that contains an error: 'The supervisor (A) must checked (B) all submitted (C) forms before (D) the deadline.'","Part B is wrong — after a modal verb like 'must', only the base form is permitted; 'checked' is past tense and must be replaced with 'check'. 'The supervisor' is the correct subject. 'All submitted' is a correct adjective-noun phrase. 'Forms before the deadline' is correctly structured.",k-eng-5-2-2,easy,ai-generated,false,A,The supervisor,false,1
q-eng5.2-12,ENG5.2,mc,"Identify the part that contains an error: 'The supervisor (A) must checked (B) all submitted (C) forms before (D) the deadline.'","Part B is wrong — after a modal verb like 'must', only the base form is permitted; 'checked' is past tense and must be replaced with 'check'. 'The supervisor' is the correct subject. 'All submitted' is a correct adjective-noun phrase. 'Forms before the deadline' is correctly structured.",k-eng-5-2-2,easy,ai-generated,false,B,must checked,true,2
q-eng5.2-12,ENG5.2,mc,"Identify the part that contains an error: 'The supervisor (A) must checked (B) all submitted (C) forms before (D) the deadline.'","Part B is wrong — after a modal verb like 'must', only the base form is permitted; 'checked' is past tense and must be replaced with 'check'. 'The supervisor' is the correct subject. 'All submitted' is a correct adjective-noun phrase. 'Forms before the deadline' is correctly structured.",k-eng-5-2-2,easy,ai-generated,false,C,all submitted,false,3
q-eng5.2-12,ENG5.2,mc,"Identify the part that contains an error: 'The supervisor (A) must checked (B) all submitted (C) forms before (D) the deadline.'","Part B is wrong — after a modal verb like 'must', only the base form is permitted; 'checked' is past tense and must be replaced with 'check'. 'The supervisor' is the correct subject. 'All submitted' is a correct adjective-noun phrase. 'Forms before the deadline' is correctly structured.",k-eng-5-2-2,easy,ai-generated,false,D,forms before the deadline,false,4
q-eng5.2-13,ENG5.2,mc,"Choose the correct option: 'You _____ the doctor earlier. Now the infection has spread considerably.'","'Should have seen' is correct — to express regret or criticism about a past action not taken, use the modal perfect 'should + have + past participle'. 'Should see' is present obligation, not past regret. 'Should had seen' is ungrammatical — after a modal, the auxiliary must be the base form 'have', not 'had'. 'Should seeing' incorrectly uses a present participle after the modal.",k-eng-5-2-2,medium,ai-generated,false,A,should see,false,1
q-eng5.2-13,ENG5.2,mc,"Choose the correct option: 'You _____ the doctor earlier. Now the infection has spread considerably.'","'Should have seen' is correct — to express regret or criticism about a past action not taken, use the modal perfect 'should + have + past participle'. 'Should see' is present obligation, not past regret. 'Should had seen' is ungrammatical — after a modal, the auxiliary must be the base form 'have', not 'had'. 'Should seeing' incorrectly uses a present participle after the modal.",k-eng-5-2-2,medium,ai-generated,false,B,should have seen,true,2
q-eng5.2-13,ENG5.2,mc,"Choose the correct option: 'You _____ the doctor earlier. Now the infection has spread considerably.'","'Should have seen' is correct — to express regret or criticism about a past action not taken, use the modal perfect 'should + have + past participle'. 'Should see' is present obligation, not past regret. 'Should had seen' is ungrammatical — after a modal, the auxiliary must be the base form 'have', not 'had'. 'Should seeing' incorrectly uses a present participle after the modal.",k-eng-5-2-2,medium,ai-generated,false,C,should had seen,false,3
q-eng5.2-13,ENG5.2,mc,"Choose the correct option: 'You _____ the doctor earlier. Now the infection has spread considerably.'","'Should have seen' is correct — to express regret or criticism about a past action not taken, use the modal perfect 'should + have + past participle'. 'Should see' is present obligation, not past regret. 'Should had seen' is ungrammatical — after a modal, the auxiliary must be the base form 'have', not 'had'. 'Should seeing' incorrectly uses a present participle after the modal.",k-eng-5-2-2,medium,ai-generated,false,D,should seeing,false,4
q-eng5.2-14,ENG5.2,mc,"Identify the part that contains an error: 'He should (A) has submitted (B) the assignment (C) well before (D) the deadline.'","Part B is wrong — after a modal verb, the auxiliary must be the base form 'have', not the third-person form 'has'; the correct modal perfect is 'should have submitted'. 'He should' is correctly paired. 'The assignment' is the correct object. 'Well before the deadline' is a correct adverbial phrase.",k-eng-5-2-2,medium,ai-generated,false,A,He should,false,1
q-eng5.2-14,ENG5.2,mc,"Identify the part that contains an error: 'He should (A) has submitted (B) the assignment (C) well before (D) the deadline.'","Part B is wrong — after a modal verb, the auxiliary must be the base form 'have', not the third-person form 'has'; the correct modal perfect is 'should have submitted'. 'He should' is correctly paired. 'The assignment' is the correct object. 'Well before the deadline' is a correct adverbial phrase.",k-eng-5-2-2,medium,ai-generated,false,B,has submitted,true,2
q-eng5.2-14,ENG5.2,mc,"Identify the part that contains an error: 'He should (A) has submitted (B) the assignment (C) well before (D) the deadline.'","Part B is wrong — after a modal verb, the auxiliary must be the base form 'have', not the third-person form 'has'; the correct modal perfect is 'should have submitted'. 'He should' is correctly paired. 'The assignment' is the correct object. 'Well before the deadline' is a correct adverbial phrase.",k-eng-5-2-2,medium,ai-generated,false,C,the assignment,false,3
q-eng5.2-14,ENG5.2,mc,"Identify the part that contains an error: 'He should (A) has submitted (B) the assignment (C) well before (D) the deadline.'","Part B is wrong — after a modal verb, the auxiliary must be the base form 'have', not the third-person form 'has'; the correct modal perfect is 'should have submitted'. 'He should' is correctly paired. 'The assignment' is the correct object. 'Well before the deadline' is a correct adverbial phrase.",k-eng-5-2-2,medium,ai-generated,false,D,well before the deadline,false,4
q-eng5.2-15,ENG5.2,mc,"Choose the correct option: 'After hours of effort, the rescue team _____ save all the trapped miners.'","'Was able to' is correct — for a single successful achievement in the past, 'was/were able to' is used rather than 'could'. 'Could' expresses general past ability, not a single successful effort. 'Might' expresses possibility, not a completed achievement. 'Would' expresses past habit or future-in-past, not a past achievement.",k-eng-5-2-2,medium,ai-generated,false,A,could,false,1
q-eng5.2-15,ENG5.2,mc,"Choose the correct option: 'After hours of effort, the rescue team _____ save all the trapped miners.'","'Was able to' is correct — for a single successful achievement in the past, 'was/were able to' is used rather than 'could'. 'Could' expresses general past ability, not a single successful effort. 'Might' expresses possibility, not a completed achievement. 'Would' expresses past habit or future-in-past, not a past achievement.",k-eng-5-2-2,medium,ai-generated,false,B,was able to,true,2
q-eng5.2-15,ENG5.2,mc,"Choose the correct option: 'After hours of effort, the rescue team _____ save all the trapped miners.'","'Was able to' is correct — for a single successful achievement in the past, 'was/were able to' is used rather than 'could'. 'Could' expresses general past ability, not a single successful effort. 'Might' expresses possibility, not a completed achievement. 'Would' expresses past habit or future-in-past, not a past achievement.",k-eng-5-2-2,medium,ai-generated,false,C,might,false,3
q-eng5.2-15,ENG5.2,mc,"Choose the correct option: 'After hours of effort, the rescue team _____ save all the trapped miners.'","'Was able to' is correct — for a single successful achievement in the past, 'was/were able to' is used rather than 'could'. 'Could' expresses general past ability, not a single successful effort. 'Might' expresses possibility, not a completed achievement. 'Would' expresses past habit or future-in-past, not a past achievement.",k-eng-5-2-2,medium,ai-generated,false,D,would,false,4
q-eng5.2-16,ENG5.2,mc,"Choose the correct option: 'During summer holidays, we _____ spend our mornings at the river and return only by noon.'","'Would' is correct — 'would + base form' expresses a repeated past habit or custom. 'Will' is present/future and does not fit the past context. 'Could' suggests past ability, not habitual action. 'Should' implies obligation, which does not match the leisure activity described.",k-eng-5-2-2,medium,ai-generated,false,A,will,false,1
q-eng5.2-16,ENG5.2,mc,"Choose the correct option: 'During summer holidays, we _____ spend our mornings at the river and return only by noon.'","'Would' is correct — 'would + base form' expresses a repeated past habit or custom. 'Will' is present/future and does not fit the past context. 'Could' suggests past ability, not habitual action. 'Should' implies obligation, which does not match the leisure activity described.",k-eng-5-2-2,medium,ai-generated,false,B,would,true,2
q-eng5.2-16,ENG5.2,mc,"Choose the correct option: 'During summer holidays, we _____ spend our mornings at the river and return only by noon.'","'Would' is correct — 'would + base form' expresses a repeated past habit or custom. 'Will' is present/future and does not fit the past context. 'Could' suggests past ability, not habitual action. 'Should' implies obligation, which does not match the leisure activity described.",k-eng-5-2-2,medium,ai-generated,false,C,could,false,3
q-eng5.2-16,ENG5.2,mc,"Choose the correct option: 'During summer holidays, we _____ spend our mornings at the river and return only by noon.'","'Would' is correct — 'would + base form' expresses a repeated past habit or custom. 'Will' is present/future and does not fit the past context. 'Could' suggests past ability, not habitual action. 'Should' implies obligation, which does not match the leisure activity described.",k-eng-5-2-2,medium,ai-generated,false,D,should,false,4
q-eng5.2-17,ENG5.2,mc,"Identify the part that contains an error: 'Since the flight (A) has been delayed, (B) you need not (C) to rush (D) to the airport.'","Part D is wrong — when 'need' functions as a modal auxiliary ('need not'), it takes the bare infinitive without 'to'; the correct form is 'need not rush'. 'Since the flight' is a correct subordinating opener. 'Has been delayed' is correct present perfect passive. 'You need not' is the correct modal form.",k-eng-5-2-2,medium,ai-generated,false,A,Since the flight,false,1
q-eng5.2-17,ENG5.2,mc,"Identify the part that contains an error: 'Since the flight (A) has been delayed, (B) you need not (C) to rush (D) to the airport.'","Part D is wrong — when 'need' functions as a modal auxiliary ('need not'), it takes the bare infinitive without 'to'; the correct form is 'need not rush'. 'Since the flight' is a correct subordinating opener. 'Has been delayed' is correct present perfect passive. 'You need not' is the correct modal form.",k-eng-5-2-2,medium,ai-generated,false,B,has been delayed,false,2
q-eng5.2-17,ENG5.2,mc,"Identify the part that contains an error: 'Since the flight (A) has been delayed, (B) you need not (C) to rush (D) to the airport.'","Part D is wrong — when 'need' functions as a modal auxiliary ('need not'), it takes the bare infinitive without 'to'; the correct form is 'need not rush'. 'Since the flight' is a correct subordinating opener. 'Has been delayed' is correct present perfect passive. 'You need not' is the correct modal form.",k-eng-5-2-2,medium,ai-generated,false,C,you need not,false,3
q-eng5.2-17,ENG5.2,mc,"Identify the part that contains an error: 'Since the flight (A) has been delayed, (B) you need not (C) to rush (D) to the airport.'","Part D is wrong — when 'need' functions as a modal auxiliary ('need not'), it takes the bare infinitive without 'to'; the correct form is 'need not rush'. 'Since the flight' is a correct subordinating opener. 'Has been delayed' is correct present perfect passive. 'You need not' is the correct modal form.",k-eng-5-2-2,medium,ai-generated,false,D,to rush to the airport,true,4
q-eng5.2-18,ENG5.2,mc,"Which of the following sentences uses a modal verb correctly?","'He need not worry about the outcome' is correct — 'need not' as a modal takes the bare infinitive 'worry' without 'to'. 'She dares not to speak' is wrong — 'dare not' as a modal also takes the bare infinitive without 'to'. 'They must to leave' is wrong — 'must' never takes 'to' before the infinitive. 'We should to inform' is wrong — 'should' also takes the bare infinitive without 'to'.",k-eng-5-2-2,medium,ai-generated,false,A,She dares not to speak in front of the crowd.,false,1
q-eng5.2-18,ENG5.2,mc,"Which of the following sentences uses a modal verb correctly?","'He need not worry about the outcome' is correct — 'need not' as a modal takes the bare infinitive 'worry' without 'to'. 'She dares not to speak' is wrong — 'dare not' as a modal also takes the bare infinitive without 'to'. 'They must to leave' is wrong — 'must' never takes 'to' before the infinitive. 'We should to inform' is wrong — 'should' also takes the bare infinitive without 'to'.",k-eng-5-2-2,medium,ai-generated,false,B,He need not worry about the outcome.,true,2
q-eng5.2-18,ENG5.2,mc,"Which of the following sentences uses a modal verb correctly?","'He need not worry about the outcome' is correct — 'need not' as a modal takes the bare infinitive 'worry' without 'to'. 'She dares not to speak' is wrong — 'dare not' as a modal also takes the bare infinitive without 'to'. 'They must to leave' is wrong — 'must' never takes 'to' before the infinitive. 'We should to inform' is wrong — 'should' also takes the bare infinitive without 'to'.",k-eng-5-2-2,medium,ai-generated,false,C,They must to leave by noon.,false,3
q-eng5.2-18,ENG5.2,mc,"Which of the following sentences uses a modal verb correctly?","'He need not worry about the outcome' is correct — 'need not' as a modal takes the bare infinitive 'worry' without 'to'. 'She dares not to speak' is wrong — 'dare not' as a modal also takes the bare infinitive without 'to'. 'They must to leave' is wrong — 'must' never takes 'to' before the infinitive. 'We should to inform' is wrong — 'should' also takes the bare infinitive without 'to'.",k-eng-5-2-2,medium,ai-generated,false,D,We should to inform the manager immediately.,false,4
q-eng5.2-19,ENG5.2,mc,"Which sentence uses a modal perfect correctly?","'She could have been promoted had she shown more initiative' is correct — 'could have + past participle' is the correct modal perfect form. 'May has left' is wrong — modals cannot be followed by 'has'; the correct form is 'may have left'. 'Might had informed' is wrong — must be 'might have informed'. 'Would have went' is wrong — the past participle of 'go' is 'gone', not 'went'.",k-eng-5-2-2,hard,ai-generated,false,A,He may has left before we arrived.,false,1
q-eng5.2-19,ENG5.2,mc,"Which sentence uses a modal perfect correctly?","'She could have been promoted had she shown more initiative' is correct — 'could have + past participle' is the correct modal perfect form. 'May has left' is wrong — modals cannot be followed by 'has'; the correct form is 'may have left'. 'Might had informed' is wrong — must be 'might have informed'. 'Would have went' is wrong — the past participle of 'go' is 'gone', not 'went'.",k-eng-5-2-2,hard,ai-generated,false,B,She could have been promoted had she shown more initiative.,true,2
q-eng5.2-19,ENG5.2,mc,"Which sentence uses a modal perfect correctly?","'She could have been promoted had she shown more initiative' is correct — 'could have + past participle' is the correct modal perfect form. 'May has left' is wrong — modals cannot be followed by 'has'; the correct form is 'may have left'. 'Might had informed' is wrong — must be 'might have informed'. 'Would have went' is wrong — the past participle of 'go' is 'gone', not 'went'.",k-eng-5-2-2,hard,ai-generated,false,C,They might had informed us about the change.,false,3
q-eng5.2-19,ENG5.2,mc,"Which sentence uses a modal perfect correctly?","'She could have been promoted had she shown more initiative' is correct — 'could have + past participle' is the correct modal perfect form. 'May has left' is wrong — modals cannot be followed by 'has'; the correct form is 'may have left'. 'Might had informed' is wrong — must be 'might have informed'. 'Would have went' is wrong — the past participle of 'go' is 'gone', not 'went'.",k-eng-5-2-2,hard,ai-generated,false,D,We would have went if we had known about it.,false,4
q-eng5.2-20,ENG5.2,mc,"Identify the part that contains an error: 'The project (A) should have been (B) completed last month (C) but the team (D) could not managed the workload.'","Part D is wrong — after a modal verb like 'could', only the base form is permitted; 'managed' (past tense) must be replaced with 'manage'. 'The project' is the correct subject. 'Should have been' is a correct modal perfect passive auxiliary. 'Completed last month' is the correct past participial phrase.",k-eng-5-2-2,hard,ai-generated,false,A,The project,false,1
q-eng5.2-20,ENG5.2,mc,"Identify the part that contains an error: 'The project (A) should have been (B) completed last month (C) but the team (D) could not managed the workload.'","Part D is wrong — after a modal verb like 'could', only the base form is permitted; 'managed' (past tense) must be replaced with 'manage'. 'The project' is the correct subject. 'Should have been' is a correct modal perfect passive auxiliary. 'Completed last month' is the correct past participial phrase.",k-eng-5-2-2,hard,ai-generated,false,B,should have been,false,2
q-eng5.2-20,ENG5.2,mc,"Identify the part that contains an error: 'The project (A) should have been (B) completed last month (C) but the team (D) could not managed the workload.'","Part D is wrong — after a modal verb like 'could', only the base form is permitted; 'managed' (past tense) must be replaced with 'manage'. 'The project' is the correct subject. 'Should have been' is a correct modal perfect passive auxiliary. 'Completed last month' is the correct past participial phrase.",k-eng-5-2-2,hard,ai-generated,false,C,completed last month,false,3
q-eng5.2-20,ENG5.2,mc,"Identify the part that contains an error: 'The project (A) should have been (B) completed last month (C) but the team (D) could not managed the workload.'","Part D is wrong — after a modal verb like 'could', only the base form is permitted; 'managed' (past tense) must be replaced with 'manage'. 'The project' is the correct subject. 'Should have been' is a correct modal perfect passive auxiliary. 'Completed last month' is the correct past participial phrase.",k-eng-5-2-2,hard,ai-generated,false,D,could not managed the workload,true,4
q-eng5.2-21,ENG5.2,mc,"Choose the correct option: 'If it rains tomorrow, the organisers _____ the event indoors.'","'Will shift' is correct — Type 1 conditionals (real/likely future situations) use 'if + present simple' in the condition and 'will + base form' in the result. 'Would shift' belongs to Type 2, which expresses hypothetical situations. 'Shifted' is simple past, not a valid result clause. 'Shift' without an auxiliary cannot serve as the main verb of a result clause here.",k-eng-5-2-3,easy,ai-generated,false,A,would shift,false,1
q-eng5.2-21,ENG5.2,mc,"Choose the correct option: 'If it rains tomorrow, the organisers _____ the event indoors.'","'Will shift' is correct — Type 1 conditionals (real/likely future situations) use 'if + present simple' in the condition and 'will + base form' in the result. 'Would shift' belongs to Type 2, which expresses hypothetical situations. 'Shifted' is simple past, not a valid result clause. 'Shift' without an auxiliary cannot serve as the main verb of a result clause here.",k-eng-5-2-3,easy,ai-generated,false,B,will shift,true,2
q-eng5.2-21,ENG5.2,mc,"Choose the correct option: 'If it rains tomorrow, the organisers _____ the event indoors.'","'Will shift' is correct — Type 1 conditionals (real/likely future situations) use 'if + present simple' in the condition and 'will + base form' in the result. 'Would shift' belongs to Type 2, which expresses hypothetical situations. 'Shifted' is simple past, not a valid result clause. 'Shift' without an auxiliary cannot serve as the main verb of a result clause here.",k-eng-5-2-3,easy,ai-generated,false,C,shifted,false,3
q-eng5.2-21,ENG5.2,mc,"Choose the correct option: 'If it rains tomorrow, the organisers _____ the event indoors.'","'Will shift' is correct — Type 1 conditionals (real/likely future situations) use 'if + present simple' in the condition and 'will + base form' in the result. 'Would shift' belongs to Type 2, which expresses hypothetical situations. 'Shifted' is simple past, not a valid result clause. 'Shift' without an auxiliary cannot serve as the main verb of a result clause here.",k-eng-5-2-3,easy,ai-generated,false,D,shift,false,4
q-eng5.2-22,ENG5.2,mc,"Choose the correct option: 'If I _____ the Finance Minister, I would immediately reduce fuel prices.'","'Were' is correct — Type 2 conditionals use the subjunctive mood in the if-clause; 'were' is required for all persons (I/he/she/it) in formal and competitive exam English. 'Am' is present indicative, making it a factual rather than hypothetical statement. 'Was' is informal and not the accepted answer in competitive exams. 'Have been' is present perfect and inappropriate in a Type 2 condition.",k-eng-5-2-3,easy,ai-generated,false,A,am,false,1
q-eng5.2-22,ENG5.2,mc,"Choose the correct option: 'If I _____ the Finance Minister, I would immediately reduce fuel prices.'","'Were' is correct — Type 2 conditionals use the subjunctive mood in the if-clause; 'were' is required for all persons (I/he/she/it) in formal and competitive exam English. 'Am' is present indicative, making it a factual rather than hypothetical statement. 'Was' is informal and not the accepted answer in competitive exams. 'Have been' is present perfect and inappropriate in a Type 2 condition.",k-eng-5-2-3,easy,ai-generated,false,B,was,false,2
q-eng5.2-22,ENG5.2,mc,"Choose the correct option: 'If I _____ the Finance Minister, I would immediately reduce fuel prices.'","'Were' is correct — Type 2 conditionals use the subjunctive mood in the if-clause; 'were' is required for all persons (I/he/she/it) in formal and competitive exam English. 'Am' is present indicative, making it a factual rather than hypothetical statement. 'Was' is informal and not the accepted answer in competitive exams. 'Have been' is present perfect and inappropriate in a Type 2 condition.",k-eng-5-2-3,easy,ai-generated,false,C,were,true,3
q-eng5.2-22,ENG5.2,mc,"Choose the correct option: 'If I _____ the Finance Minister, I would immediately reduce fuel prices.'","'Were' is correct — Type 2 conditionals use the subjunctive mood in the if-clause; 'were' is required for all persons (I/he/she/it) in formal and competitive exam English. 'Am' is present indicative, making it a factual rather than hypothetical statement. 'Was' is informal and not the accepted answer in competitive exams. 'Have been' is present perfect and inappropriate in a Type 2 condition.",k-eng-5-2-3,easy,ai-generated,false,D,have been,false,4
q-eng5.2-23,ENG5.2,mc,"Choose the correct option: 'If the team had practised more diligently, they _____ the championship.'","'Would have won' is correct — Type 3 conditionals use 'if + past perfect' in the condition and 'would + have + past participle' in the result. 'Will have won' uses 'will', which belongs to Type 1. 'Would win' is the Type 2 result form and does not match the past perfect condition. 'Had won' is past perfect and cannot function as a result clause.",k-eng-5-2-3,medium,ai-generated,false,A,will have won,false,1
q-eng5.2-23,ENG5.2,mc,"Choose the correct option: 'If the team had practised more diligently, they _____ the championship.'","'Would have won' is correct — Type 3 conditionals use 'if + past perfect' in the condition and 'would + have + past participle' in the result. 'Will have won' uses 'will', which belongs to Type 1. 'Would win' is the Type 2 result form and does not match the past perfect condition. 'Had won' is past perfect and cannot function as a result clause.",k-eng-5-2-3,medium,ai-generated,false,B,would win,false,2
q-eng5.2-23,ENG5.2,mc,"Choose the correct option: 'If the team had practised more diligently, they _____ the championship.'","'Would have won' is correct — Type 3 conditionals use 'if + past perfect' in the condition and 'would + have + past participle' in the result. 'Will have won' uses 'will', which belongs to Type 1. 'Would win' is the Type 2 result form and does not match the past perfect condition. 'Had won' is past perfect and cannot function as a result clause.",k-eng-5-2-3,medium,ai-generated,false,C,would have won,true,3
q-eng5.2-23,ENG5.2,mc,"Choose the correct option: 'If the team had practised more diligently, they _____ the championship.'","'Would have won' is correct — Type 3 conditionals use 'if + past perfect' in the condition and 'would + have + past participle' in the result. 'Will have won' uses 'will', which belongs to Type 1. 'Would win' is the Type 2 result form and does not match the past perfect condition. 'Had won' is past perfect and cannot function as a result clause.",k-eng-5-2-3,medium,ai-generated,false,D,had won,false,4
q-eng5.2-24,ENG5.2,mc,"Identify the part that contains an error: 'If I (A) would have known (B) about the vacancy, (C) I would certainly (D) have applied for it.'","Part B is wrong — 'would' must never appear in the 'if' clause of a conditional; the Type 3 condition requires 'if + past perfect', so the correct form is 'If I had known'. 'If I' is the correct start of the condition clause. 'About the vacancy' is a correct prepositional phrase. 'I would certainly have applied' is the correct Type 3 result clause.",k-eng-5-2-3,medium,ai-generated,false,A,If I,false,1
q-eng5.2-24,ENG5.2,mc,"Identify the part that contains an error: 'If I (A) would have known (B) about the vacancy, (C) I would certainly (D) have applied for it.'","Part B is wrong — 'would' must never appear in the 'if' clause of a conditional; the Type 3 condition requires 'if + past perfect', so the correct form is 'If I had known'. 'If I' is the correct start of the condition clause. 'About the vacancy' is a correct prepositional phrase. 'I would certainly have applied' is the correct Type 3 result clause.",k-eng-5-2-3,medium,ai-generated,false,B,would have known,true,2
q-eng5.2-24,ENG5.2,mc,"Identify the part that contains an error: 'If I (A) would have known (B) about the vacancy, (C) I would certainly (D) have applied for it.'","Part B is wrong — 'would' must never appear in the 'if' clause of a conditional; the Type 3 condition requires 'if + past perfect', so the correct form is 'If I had known'. 'If I' is the correct start of the condition clause. 'About the vacancy' is a correct prepositional phrase. 'I would certainly have applied' is the correct Type 3 result clause.",k-eng-5-2-3,medium,ai-generated,false,C,about the vacancy,false,3
q-eng5.2-24,ENG5.2,mc,"Identify the part that contains an error: 'If I (A) would have known (B) about the vacancy, (C) I would certainly (D) have applied for it.'","Part B is wrong — 'would' must never appear in the 'if' clause of a conditional; the Type 3 condition requires 'if + past perfect', so the correct form is 'If I had known'. 'If I' is the correct start of the condition clause. 'About the vacancy' is a correct prepositional phrase. 'I would certainly have applied' is the correct Type 3 result clause.",k-eng-5-2-3,medium,ai-generated,false,D,I would certainly,false,4
q-eng5.2-25,ENG5.2,mc,"Which of the following sentences is a correctly formed conditional?","'If he had warned us, we would have taken precautions' is correct — 'if + past perfect … would have + V3' is the standard Type 3 conditional. Option A places 'would' in the if-clause ('would study'), which is always wrong. Option C uses 'will' in the if-clause ('will arrive'), which is also wrong. Option D mixes a present tense condition with a Type 3 result clause.",k-eng-5-2-3,medium,ai-generated,false,A,"If she would study harder, she will pass the exam.",false,1
q-eng5.2-25,ENG5.2,mc,"Which of the following sentences is a correctly formed conditional?","'If he had warned us, we would have taken precautions' is correct — 'if + past perfect … would have + V3' is the standard Type 3 conditional. Option A places 'would' in the if-clause ('would study'), which is always wrong. Option C uses 'will' in the if-clause ('will arrive'), which is also wrong. Option D mixes a present tense condition with a Type 3 result clause.",k-eng-5-2-3,medium,ai-generated,false,B,"If he had warned us, we would have taken precautions.",true,2
q-eng5.2-25,ENG5.2,mc,"Which of the following sentences is a correctly formed conditional?","'If he had warned us, we would have taken precautions' is correct — 'if + past perfect … would have + V3' is the standard Type 3 conditional. Option A places 'would' in the if-clause ('would study'), which is always wrong. Option C uses 'will' in the if-clause ('will arrive'), which is also wrong. Option D mixes a present tense condition with a Type 3 result clause.",k-eng-5-2-3,medium,ai-generated,false,C,"If they will arrive early, we would begin the meeting.",false,3
q-eng5.2-25,ENG5.2,mc,"Which of the following sentences is a correctly formed conditional?","'If he had warned us, we would have taken precautions' is correct — 'if + past perfect … would have + V3' is the standard Type 3 conditional. Option A places 'would' in the if-clause ('would study'), which is always wrong. Option C uses 'will' in the if-clause ('will arrive'), which is also wrong. Option D mixes a present tense condition with a Type 3 result clause.",k-eng-5-2-3,medium,ai-generated,false,D,"If I know the answer, I would have told you.",false,4
q-eng5.2-26,ENG5.2,mc,"Choose the correct option: 'The new recruit spoke as if he _____ the most experienced person in the room.'","'Were' is correct — after 'as if' expressing a hypothetical or imagined comparison, the subjunctive 'were' is used for all persons in formal English. 'Is' treats the situation as factual rather than hypothetical. 'Was' is the informal alternative but is not the expected answer in competitive exams for subjunctive contexts. 'Has been' is present perfect and unsuitable for a hypothetical comparison.",k-eng-5-2-3,medium,ai-generated,false,A,is,false,1
q-eng5.2-26,ENG5.2,mc,"Choose the correct option: 'The new recruit spoke as if he _____ the most experienced person in the room.'","'Were' is correct — after 'as if' expressing a hypothetical or imagined comparison, the subjunctive 'were' is used for all persons in formal English. 'Is' treats the situation as factual rather than hypothetical. 'Was' is the informal alternative but is not the expected answer in competitive exams for subjunctive contexts. 'Has been' is present perfect and unsuitable for a hypothetical comparison.",k-eng-5-2-3,medium,ai-generated,false,B,was,false,2
q-eng5.2-26,ENG5.2,mc,"Choose the correct option: 'The new recruit spoke as if he _____ the most experienced person in the room.'","'Were' is correct — after 'as if' expressing a hypothetical or imagined comparison, the subjunctive 'were' is used for all persons in formal English. 'Is' treats the situation as factual rather than hypothetical. 'Was' is the informal alternative but is not the expected answer in competitive exams for subjunctive contexts. 'Has been' is present perfect and unsuitable for a hypothetical comparison.",k-eng-5-2-3,medium,ai-generated,false,C,were,true,3
q-eng5.2-26,ENG5.2,mc,"Choose the correct option: 'The new recruit spoke as if he _____ the most experienced person in the room.'","'Were' is correct — after 'as if' expressing a hypothetical or imagined comparison, the subjunctive 'were' is used for all persons in formal English. 'Is' treats the situation as factual rather than hypothetical. 'Was' is the informal alternative but is not the expected answer in competitive exams for subjunctive contexts. 'Has been' is present perfect and unsuitable for a hypothetical comparison.",k-eng-5-2-3,medium,ai-generated,false,D,has been,false,4
q-eng5.2-27,ENG5.2,mc,"Choose the correct option: 'The students wish they _____ allowed to use calculators during the examination.'","'Were' is correct — after 'wish' expressing a present unfulfilled desire, the subjunctive past ('were' for all persons) is standard in formal English. 'Are' is present indicative and would make this a factual statement. 'Was' is informal and is not the accepted exam answer for this subjunctive context. 'Have been' is present perfect and inappropriate for a present wish.",k-eng-5-2-3,medium,ai-generated,false,A,are,false,1
q-eng5.2-27,ENG5.2,mc,"Choose the correct option: 'The students wish they _____ allowed to use calculators during the examination.'","'Were' is correct — after 'wish' expressing a present unfulfilled desire, the subjunctive past ('were' for all persons) is standard in formal English. 'Are' is present indicative and would make this a factual statement. 'Was' is informal and is not the accepted exam answer for this subjunctive context. 'Have been' is present perfect and inappropriate for a present wish.",k-eng-5-2-3,medium,ai-generated,false,B,was,false,2
q-eng5.2-27,ENG5.2,mc,"Choose the correct option: 'The students wish they _____ allowed to use calculators during the examination.'","'Were' is correct — after 'wish' expressing a present unfulfilled desire, the subjunctive past ('were' for all persons) is standard in formal English. 'Are' is present indicative and would make this a factual statement. 'Was' is informal and is not the accepted exam answer for this subjunctive context. 'Have been' is present perfect and inappropriate for a present wish.",k-eng-5-2-3,medium,ai-generated,false,C,were,true,3
q-eng5.2-27,ENG5.2,mc,"Choose the correct option: 'The students wish they _____ allowed to use calculators during the examination.'","'Were' is correct — after 'wish' expressing a present unfulfilled desire, the subjunctive past ('were' for all persons) is standard in formal English. 'Are' is present indicative and would make this a factual statement. 'Was' is informal and is not the accepted exam answer for this subjunctive context. 'Have been' is present perfect and inappropriate for a present wish.",k-eng-5-2-3,medium,ai-generated,false,D,have been,false,4
q-eng5.2-28,ENG5.2,mc,"Identify the error in the sentence or choose 'No error': 'Had the engineers detected the fault in time, the accident could have been prevented entirely.'","'No error' is correct — 'Had + subject + past participle' is a valid inversion of 'If + subject + had + past participle', a standard Type 3 conditional form. 'Could have been prevented' is the correct modal perfect passive result. The other options label correct parts of the sentence: 'Had the engineers' is the correct inverted subject; 'detected the fault in time' is the correct past participial phrase.",k-eng-5-2-3,hard,ai-generated,false,A,Had the engineers,false,1
q-eng5.2-28,ENG5.2,mc,"Identify the error in the sentence or choose 'No error': 'Had the engineers detected the fault in time, the accident could have been prevented entirely.'","'No error' is correct — 'Had + subject + past participle' is a valid inversion of 'If + subject + had + past participle', a standard Type 3 conditional form. 'Could have been prevented' is the correct modal perfect passive result. The other options label correct parts of the sentence: 'Had the engineers' is the correct inverted subject; 'detected the fault in time' is the correct past participial phrase.",k-eng-5-2-3,hard,ai-generated,false,B,detected the fault in time,false,2
q-eng5.2-28,ENG5.2,mc,"Identify the error in the sentence or choose 'No error': 'Had the engineers detected the fault in time, the accident could have been prevented entirely.'","'No error' is correct — 'Had + subject + past participle' is a valid inversion of 'If + subject + had + past participle', a standard Type 3 conditional form. 'Could have been prevented' is the correct modal perfect passive result. The other options label correct parts of the sentence: 'Had the engineers' is the correct inverted subject; 'detected the fault in time' is the correct past participial phrase.",k-eng-5-2-3,hard,ai-generated,false,C,the accident could have been,false,3
q-eng5.2-28,ENG5.2,mc,"Identify the error in the sentence or choose 'No error': 'Had the engineers detected the fault in time, the accident could have been prevented entirely.'","'No error' is correct — 'Had + subject + past participle' is a valid inversion of 'If + subject + had + past participle', a standard Type 3 conditional form. 'Could have been prevented' is the correct modal perfect passive result. The other options label correct parts of the sentence: 'Had the engineers' is the correct inverted subject; 'detected the fault in time' is the correct past participial phrase.",k-eng-5-2-3,hard,ai-generated,false,D,No error,true,4
q-eng5.2-29,ENG5.2,mc,"Identify the part that contains an error: 'The critics agreed (A) that if the script (B) had been stronger, (C) the film would had (D) won several awards.'","Part D is wrong — the Type 3 result clause requires 'would + have + past participle'; 'would had' is ungrammatical because the word after the modal must be the base form 'have', not the past form 'had'. 'The critics agreed' is a correctly structured reporting clause. 'That if the script' correctly introduces the embedded conditional. 'Had been stronger' is the correct past perfect condition.",k-eng-5-2-3,hard,ai-generated,false,A,The critics agreed,false,1
q-eng5.2-29,ENG5.2,mc,"Identify the part that contains an error: 'The critics agreed (A) that if the script (B) had been stronger, (C) the film would had (D) won several awards.'","Part D is wrong — the Type 3 result clause requires 'would + have + past participle'; 'would had' is ungrammatical because the word after the modal must be the base form 'have', not the past form 'had'. 'The critics agreed' is a correctly structured reporting clause. 'That if the script' correctly introduces the embedded conditional. 'Had been stronger' is the correct past perfect condition.",k-eng-5-2-3,hard,ai-generated,false,B,that if the script,false,2
q-eng5.2-29,ENG5.2,mc,"Identify the part that contains an error: 'The critics agreed (A) that if the script (B) had been stronger, (C) the film would had (D) won several awards.'","Part D is wrong — the Type 3 result clause requires 'would + have + past participle'; 'would had' is ungrammatical because the word after the modal must be the base form 'have', not the past form 'had'. 'The critics agreed' is a correctly structured reporting clause. 'That if the script' correctly introduces the embedded conditional. 'Had been stronger' is the correct past perfect condition.",k-eng-5-2-3,hard,ai-generated,false,C,had been stronger,false,3
q-eng5.2-29,ENG5.2,mc,"Identify the part that contains an error: 'The critics agreed (A) that if the script (B) had been stronger, (C) the film would had (D) won several awards.'","Part D is wrong — the Type 3 result clause requires 'would + have + past participle'; 'would had' is ungrammatical because the word after the modal must be the base form 'have', not the past form 'had'. 'The critics agreed' is a correctly structured reporting clause. 'That if the script' correctly introduces the embedded conditional. 'Had been stronger' is the correct past perfect condition.",k-eng-5-2-3,hard,ai-generated,false,D,the film would had,true,4
q-eng5.2-30,ENG5.2,mc,"Which sentence correctly expresses a mixed conditional (past condition + present result)?","'If she had taken the scholarship, she would be studying abroad now' is correct — 'if + past perfect' (past condition) + 'would + base form + now' (present result) is the standard mixed conditional. Option A mixes a present condition with a Type 3 result clause, which is inconsistent. Option C pairs a past perfect condition with a Type 1 result ('will feel'), which is wrong. Option D puts 'would' in the if-clause, which is always incorrect.",k-eng-5-2-3,hard,ai-generated,false,A,"If she studies harder, she would have passed the exam.",false,1
q-eng5.2-30,ENG5.2,mc,"Which sentence correctly expresses a mixed conditional (past condition + present result)?","'If she had taken the scholarship, she would be studying abroad now' is correct — 'if + past perfect' (past condition) + 'would + base form + now' (present result) is the standard mixed conditional. Option A mixes a present condition with a Type 3 result clause, which is inconsistent. Option C pairs a past perfect condition with a Type 1 result ('will feel'), which is wrong. Option D puts 'would' in the if-clause, which is always incorrect.",k-eng-5-2-3,hard,ai-generated,false,B,"If she had taken the scholarship, she would be studying abroad now.",true,2
q-eng5.2-30,ENG5.2,mc,"Which sentence correctly expresses a mixed conditional (past condition + present result)?","'If she had taken the scholarship, she would be studying abroad now' is correct — 'if + past perfect' (past condition) + 'would + base form + now' (present result) is the standard mixed conditional. Option A mixes a present condition with a Type 3 result clause, which is inconsistent. Option C pairs a past perfect condition with a Type 1 result ('will feel'), which is wrong. Option D puts 'would' in the if-clause, which is always incorrect.",k-eng-5-2-3,hard,ai-generated,false,C,"If he had slept early, he will feel better today.",false,3
q-eng5.2-30,ENG5.2,mc,"Which sentence correctly expresses a mixed conditional (past condition + present result)?","'If she had taken the scholarship, she would be studying abroad now' is correct — 'if + past perfect' (past condition) + 'would + base form + now' (present result) is the standard mixed conditional. Option A mixes a present condition with a Type 3 result clause, which is inconsistent. Option C pairs a past perfect condition with a Type 1 result ('will feel'), which is wrong. Option D puts 'would' in the if-clause, which is always incorrect.",k-eng-5-2-3,hard,ai-generated,false,D,"If I would have more time, I would have finished the project.",false,4
q-eng5.2-31,ENG5.2,mc,"Choose the correct passive form: 'The annual accounts _____ by an independent auditor every year.'","'Are reviewed' is correct — the subject 'accounts' is plural and the action is a regular present practice, so 'are + past participle' is the correct simple present passive. 'Review' is active voice and needs a subject performing the action. 'Is reviewed' uses a singular auxiliary for a plural subject. 'Were reviewed' shifts the tense to past, contradicting 'every year'.",s-eng-5-2-1,easy,ai-generated,false,A,review,false,1
q-eng5.2-31,ENG5.2,mc,"Choose the correct passive form: 'The annual accounts _____ by an independent auditor every year.'","'Are reviewed' is correct — the subject 'accounts' is plural and the action is a regular present practice, so 'are + past participle' is the correct simple present passive. 'Review' is active voice and needs a subject performing the action. 'Is reviewed' uses a singular auxiliary for a plural subject. 'Were reviewed' shifts the tense to past, contradicting 'every year'.",s-eng-5-2-1,easy,ai-generated,false,B,are reviewed,true,2
q-eng5.2-31,ENG5.2,mc,"Choose the correct passive form: 'The annual accounts _____ by an independent auditor every year.'","'Are reviewed' is correct — the subject 'accounts' is plural and the action is a regular present practice, so 'are + past participle' is the correct simple present passive. 'Review' is active voice and needs a subject performing the action. 'Is reviewed' uses a singular auxiliary for a plural subject. 'Were reviewed' shifts the tense to past, contradicting 'every year'.",s-eng-5-2-1,easy,ai-generated,false,C,is reviewed,false,3
q-eng5.2-31,ENG5.2,mc,"Choose the correct passive form: 'The annual accounts _____ by an independent auditor every year.'","'Are reviewed' is correct — the subject 'accounts' is plural and the action is a regular present practice, so 'are + past participle' is the correct simple present passive. 'Review' is active voice and needs a subject performing the action. 'Is reviewed' uses a singular auxiliary for a plural subject. 'Were reviewed' shifts the tense to past, contradicting 'every year'.",s-eng-5-2-1,easy,ai-generated,false,D,were reviewed,false,4
q-eng5.2-32,ENG5.2,mc,"Identify the part that contains an error: 'The entire budget (A) was been (B) revised by the finance (C) team before (D) final approval.'","Part B is wrong — 'was been' is an ungrammatical double-auxiliary construction; the correct simple past passive is 'was revised', or 'had been revised' if past perfect is intended. 'The entire budget' is the correct subject. 'Revised by the finance' is the correct passive complement — the error is only in the auxiliary. 'Team before final approval' is correctly structured.",s-eng-5-2-1,easy,ai-generated,false,A,The entire budget,false,1
q-eng5.2-32,ENG5.2,mc,"Identify the part that contains an error: 'The entire budget (A) was been (B) revised by the finance (C) team before (D) final approval.'","Part B is wrong — 'was been' is an ungrammatical double-auxiliary construction; the correct simple past passive is 'was revised', or 'had been revised' if past perfect is intended. 'The entire budget' is the correct subject. 'Revised by the finance' is the correct passive complement — the error is only in the auxiliary. 'Team before final approval' is correctly structured.",s-eng-5-2-1,easy,ai-generated,false,B,was been,true,2
q-eng5.2-32,ENG5.2,mc,"Identify the part that contains an error: 'The entire budget (A) was been (B) revised by the finance (C) team before (D) final approval.'","Part B is wrong — 'was been' is an ungrammatical double-auxiliary construction; the correct simple past passive is 'was revised', or 'had been revised' if past perfect is intended. 'The entire budget' is the correct subject. 'Revised by the finance' is the correct passive complement — the error is only in the auxiliary. 'Team before final approval' is correctly structured.",s-eng-5-2-1,easy,ai-generated,false,C,revised by the finance,false,3
q-eng5.2-32,ENG5.2,mc,"Identify the part that contains an error: 'The entire budget (A) was been (B) revised by the finance (C) team before (D) final approval.'","Part B is wrong — 'was been' is an ungrammatical double-auxiliary construction; the correct simple past passive is 'was revised', or 'had been revised' if past perfect is intended. 'The entire budget' is the correct subject. 'Revised by the finance' is the correct passive complement — the error is only in the auxiliary. 'Team before final approval' is correctly structured.",s-eng-5-2-1,easy,ai-generated,false,D,team before final approval,false,4
q-eng5.2-33,ENG5.2,mc,"Which sentence contains a passive voice error?","'The accident was happened near the school gate' is wrong — 'happen' is an intransitive verb and cannot take an object, so it cannot be passivised; the correct form is 'The accident happened near the school gate'. 'The letter was posted' correctly passivises the transitive verb 'post'. 'The results were announced' correctly passivises 'announce'. 'The package was delivered' correctly passivises 'deliver'.",s-eng-5-2-1,medium,ai-generated,false,A,The letter was posted by the assistant yesterday.,false,1
q-eng5.2-33,ENG5.2,mc,"Which sentence contains a passive voice error?","'The accident was happened near the school gate' is wrong — 'happen' is an intransitive verb and cannot take an object, so it cannot be passivised; the correct form is 'The accident happened near the school gate'. 'The letter was posted' correctly passivises the transitive verb 'post'. 'The results were announced' correctly passivises 'announce'. 'The package was delivered' correctly passivises 'deliver'.",s-eng-5-2-1,medium,ai-generated,false,B,The accident was happened near the school gate.,true,2
q-eng5.2-33,ENG5.2,mc,"Which sentence contains a passive voice error?","'The accident was happened near the school gate' is wrong — 'happen' is an intransitive verb and cannot take an object, so it cannot be passivised; the correct form is 'The accident happened near the school gate'. 'The letter was posted' correctly passivises the transitive verb 'post'. 'The results were announced' correctly passivises 'announce'. 'The package was delivered' correctly passivises 'deliver'.",s-eng-5-2-1,medium,ai-generated,false,C,The results were announced at the end of the ceremony.,false,3
q-eng5.2-33,ENG5.2,mc,"Which sentence contains a passive voice error?","'The accident was happened near the school gate' is wrong — 'happen' is an intransitive verb and cannot take an object, so it cannot be passivised; the correct form is 'The accident happened near the school gate'. 'The letter was posted' correctly passivises the transitive verb 'post'. 'The results were announced' correctly passivises 'announce'. 'The package was delivered' correctly passivises 'deliver'.",s-eng-5-2-1,medium,ai-generated,false,D,The package was delivered to the wrong address by mistake.,false,4
q-eng5.2-34,ENG5.2,mc,"Which of the following is correctly written in the passive voice?","'The files were being arranged when he arrived' is correct — 'were being + past participle' is the correct past continuous passive. 'A decision has been took' is wrong — the past participle of 'take' is 'taken', not 'took'. 'The report was wrote' is wrong — the past participle of 'write' is 'written'. 'New guidelines has been issued' is wrong — the plural subject requires 'have been', not 'has been'.",s-eng-5-2-1,medium,ai-generated,false,A,A decision has been took by the committee.,false,1
q-eng5.2-34,ENG5.2,mc,"Which of the following is correctly written in the passive voice?","'The files were being arranged when he arrived' is correct — 'were being + past participle' is the correct past continuous passive. 'A decision has been took' is wrong — the past participle of 'take' is 'taken', not 'took'. 'The report was wrote' is wrong — the past participle of 'write' is 'written'. 'New guidelines has been issued' is wrong — the plural subject requires 'have been', not 'has been'.",s-eng-5-2-1,medium,ai-generated,false,B,The files were being arranged when he arrived.,true,2
q-eng5.2-34,ENG5.2,mc,"Which of the following is correctly written in the passive voice?","'The files were being arranged when he arrived' is correct — 'were being + past participle' is the correct past continuous passive. 'A decision has been took' is wrong — the past participle of 'take' is 'taken', not 'took'. 'The report was wrote' is wrong — the past participle of 'write' is 'written'. 'New guidelines has been issued' is wrong — the plural subject requires 'have been', not 'has been'.",s-eng-5-2-1,medium,ai-generated,false,C,The report was wrote by the senior analyst.,false,3
q-eng5.2-34,ENG5.2,mc,"Which of the following is correctly written in the passive voice?","'The files were being arranged when he arrived' is correct — 'were being + past participle' is the correct past continuous passive. 'A decision has been took' is wrong — the past participle of 'take' is 'taken', not 'took'. 'The report was wrote' is wrong — the past participle of 'write' is 'written'. 'New guidelines has been issued' is wrong — the plural subject requires 'have been', not 'has been'.",s-eng-5-2-1,medium,ai-generated,false,D,New guidelines has been issued by the ministry.,false,4
q-eng5.2-35,ENG5.2,mc,"Which sentence correctly converts 'The authority is reviewing all pending applications' into passive voice?","'All pending applications are being reviewed by the authority' is correct — the present continuous passive is 'am/is/are + being + past participle'. 'Were being reviewed' shifts the tense to past continuous passive. 'Are reviewed' is simple present passive, not continuous. 'Have been reviewed' is present perfect passive, not continuous.",s-eng-5-2-1,medium,ai-generated,false,A,All pending applications were being reviewed by the authority.,false,1
q-eng5.2-35,ENG5.2,mc,"Which sentence correctly converts 'The authority is reviewing all pending applications' into passive voice?","'All pending applications are being reviewed by the authority' is correct — the present continuous passive is 'am/is/are + being + past participle'. 'Were being reviewed' shifts the tense to past continuous passive. 'Are reviewed' is simple present passive, not continuous. 'Have been reviewed' is present perfect passive, not continuous.",s-eng-5-2-1,medium,ai-generated,false,B,All pending applications are being reviewed by the authority.,true,2
q-eng5.2-35,ENG5.2,mc,"Which sentence correctly converts 'The authority is reviewing all pending applications' into passive voice?","'All pending applications are being reviewed by the authority' is correct — the present continuous passive is 'am/is/are + being + past participle'. 'Were being reviewed' shifts the tense to past continuous passive. 'Are reviewed' is simple present passive, not continuous. 'Have been reviewed' is present perfect passive, not continuous.",s-eng-5-2-1,medium,ai-generated,false,C,All pending applications are reviewed by the authority.,false,3
q-eng5.2-35,ENG5.2,mc,"Which sentence correctly converts 'The authority is reviewing all pending applications' into passive voice?","'All pending applications are being reviewed by the authority' is correct — the present continuous passive is 'am/is/are + being + past participle'. 'Were being reviewed' shifts the tense to past continuous passive. 'Are reviewed' is simple present passive, not continuous. 'Have been reviewed' is present perfect passive, not continuous.",s-eng-5-2-1,medium,ai-generated,false,D,All pending applications have been reviewed by the authority.,false,4
q-eng5.2-36,ENG5.2,mc,"Identify the part that contains an error: 'The windshield (A) was broke (B) during the collision (C) and had to be (D) replaced immediately.'","Part B is wrong — the passive requires 'was + past participle'; the past participle of 'break' is 'broken', not 'broke' (which is simple past active). The correct form is 'was broken'. 'The windshield' is the correct subject. 'During the collision' is the correct prepositional phrase. 'And had to be replaced immediately' is a correct modal passive.",s-eng-5-2-1,medium,ai-generated,false,A,The windshield,false,1
q-eng5.2-36,ENG5.2,mc,"Identify the part that contains an error: 'The windshield (A) was broke (B) during the collision (C) and had to be (D) replaced immediately.'","Part B is wrong — the passive requires 'was + past participle'; the past participle of 'break' is 'broken', not 'broke' (which is simple past active). The correct form is 'was broken'. 'The windshield' is the correct subject. 'During the collision' is the correct prepositional phrase. 'And had to be replaced immediately' is a correct modal passive.",s-eng-5-2-1,medium,ai-generated,false,B,was broke,true,2
q-eng5.2-36,ENG5.2,mc,"Identify the part that contains an error: 'The windshield (A) was broke (B) during the collision (C) and had to be (D) replaced immediately.'","Part B is wrong — the passive requires 'was + past participle'; the past participle of 'break' is 'broken', not 'broke' (which is simple past active). The correct form is 'was broken'. 'The windshield' is the correct subject. 'During the collision' is the correct prepositional phrase. 'And had to be replaced immediately' is a correct modal passive.",s-eng-5-2-1,medium,ai-generated,false,C,during the collision,false,3
q-eng5.2-36,ENG5.2,mc,"Identify the part that contains an error: 'The windshield (A) was broke (B) during the collision (C) and had to be (D) replaced immediately.'","Part B is wrong — the passive requires 'was + past participle'; the past participle of 'break' is 'broken', not 'broke' (which is simple past active). The correct form is 'was broken'. 'The windshield' is the correct subject. 'During the collision' is the correct prepositional phrase. 'And had to be replaced immediately' is a correct modal passive.",s-eng-5-2-1,medium,ai-generated,false,D,and had to be,false,4
q-eng5.2-37,ENG5.2,mc,"Which sentence uses the passive voice correctly?","'The bridge was designed by a renowned engineer' is correct — 'was + past participle (designed)' is the correct simple past passive. 'Was sang' is wrong — the past participle of 'sing' is 'sung', not 'sang'. 'Was lead' is wrong — the past participle of 'lead' is 'led'. 'Were brung' is wrong — 'brung' is not a standard form; the past participle of 'bring' is 'brought'.",s-eng-5-2-1,medium,ai-generated,false,A,The national anthem was sang by the choir.,false,1
q-eng5.2-37,ENG5.2,mc,"Which sentence uses the passive voice correctly?","'The bridge was designed by a renowned engineer' is correct — 'was + past participle (designed)' is the correct simple past passive. 'Was sang' is wrong — the past participle of 'sing' is 'sung', not 'sang'. 'Was lead' is wrong — the past participle of 'lead' is 'led'. 'Were brung' is wrong — 'brung' is not a standard form; the past participle of 'bring' is 'brought'.",s-eng-5-2-1,medium,ai-generated,false,B,The bridge was designed by a renowned engineer.,true,2
q-eng5.2-37,ENG5.2,mc,"Which sentence uses the passive voice correctly?","'The bridge was designed by a renowned engineer' is correct — 'was + past participle (designed)' is the correct simple past passive. 'Was sang' is wrong — the past participle of 'sing' is 'sung', not 'sang'. 'Was lead' is wrong — the past participle of 'lead' is 'led'. 'Were brung' is wrong — 'brung' is not a standard form; the past participle of 'bring' is 'brought'.",s-eng-5-2-1,medium,ai-generated,false,C,The delegation was lead by the senior diplomat.,false,3
q-eng5.2-37,ENG5.2,mc,"Which sentence uses the passive voice correctly?","'The bridge was designed by a renowned engineer' is correct — 'was + past participle (designed)' is the correct simple past passive. 'Was sang' is wrong — the past participle of 'sing' is 'sung', not 'sang'. 'Was lead' is wrong — the past participle of 'lead' is 'led'. 'Were brung' is wrong — 'brung' is not a standard form; the past participle of 'bring' is 'brought'.",s-eng-5-2-1,medium,ai-generated,false,D,Fresh vegetables were brung to the kitchen every morning.,false,4
q-eng5.2-38,ENG5.2,mc,"Choose the correct option: 'The safety manual _____ thoroughly before operating any equipment in the plant.'","'Must be read' is correct — the passive infinitive after a modal is 'modal + be + past participle'. 'Must read' is active voice, not passive. 'Must have read' is modal perfect, implying the reading should have occurred in the past. 'Must reading' is ungrammatical — a modal cannot be followed by a present participle.",s-eng-5-2-1,medium,ai-generated,false,A,must read,false,1
q-eng5.2-38,ENG5.2,mc,"Choose the correct option: 'The safety manual _____ thoroughly before operating any equipment in the plant.'","'Must be read' is correct — the passive infinitive after a modal is 'modal + be + past participle'. 'Must read' is active voice, not passive. 'Must have read' is modal perfect, implying the reading should have occurred in the past. 'Must reading' is ungrammatical — a modal cannot be followed by a present participle.",s-eng-5-2-1,medium,ai-generated,false,B,must be read,true,2
q-eng5.2-38,ENG5.2,mc,"Choose the correct option: 'The safety manual _____ thoroughly before operating any equipment in the plant.'","'Must be read' is correct — the passive infinitive after a modal is 'modal + be + past participle'. 'Must read' is active voice, not passive. 'Must have read' is modal perfect, implying the reading should have occurred in the past. 'Must reading' is ungrammatical — a modal cannot be followed by a present participle.",s-eng-5-2-1,medium,ai-generated,false,C,must have read,false,3
q-eng5.2-38,ENG5.2,mc,"Choose the correct option: 'The safety manual _____ thoroughly before operating any equipment in the plant.'","'Must be read' is correct — the passive infinitive after a modal is 'modal + be + past participle'. 'Must read' is active voice, not passive. 'Must have read' is modal perfect, implying the reading should have occurred in the past. 'Must reading' is ungrammatical — a modal cannot be followed by a present participle.",s-eng-5-2-1,medium,ai-generated,false,D,must reading,false,4
q-eng5.2-39,ENG5.2,mc,"Identify the part that contains an error: 'The new policy (A) is expected to be (B) implementing across (C) all regional (D) offices from next month.'","Part C is wrong — after 'to be' in the passive infinitive, the past participle is required, not the present participle; the correct form is 'to be implemented across'. 'The new policy' is the correct subject. 'Is expected to be' correctly begins the passive infinitive construction. 'All regional offices from next month' is a correct noun phrase with time adverbial.",s-eng-5-2-1,hard,ai-generated,false,A,The new policy,false,1
q-eng5.2-39,ENG5.2,mc,"Identify the part that contains an error: 'The new policy (A) is expected to be (B) implementing across (C) all regional (D) offices from next month.'","Part C is wrong — after 'to be' in the passive infinitive, the past participle is required, not the present participle; the correct form is 'to be implemented across'. 'The new policy' is the correct subject. 'Is expected to be' correctly begins the passive infinitive construction. 'All regional offices from next month' is a correct noun phrase with time adverbial.",s-eng-5-2-1,hard,ai-generated,false,B,is expected to be,false,2
q-eng5.2-39,ENG5.2,mc,"Identify the part that contains an error: 'The new policy (A) is expected to be (B) implementing across (C) all regional (D) offices from next month.'","Part C is wrong — after 'to be' in the passive infinitive, the past participle is required, not the present participle; the correct form is 'to be implemented across'. 'The new policy' is the correct subject. 'Is expected to be' correctly begins the passive infinitive construction. 'All regional offices from next month' is a correct noun phrase with time adverbial.",s-eng-5-2-1,hard,ai-generated,false,C,implementing across,true,3
q-eng5.2-39,ENG5.2,mc,"Identify the part that contains an error: 'The new policy (A) is expected to be (B) implementing across (C) all regional (D) offices from next month.'","Part C is wrong — after 'to be' in the passive infinitive, the past participle is required, not the present participle; the correct form is 'to be implemented across'. 'The new policy' is the correct subject. 'Is expected to be' correctly begins the passive infinitive construction. 'All regional offices from next month' is a correct noun phrase with time adverbial.",s-eng-5-2-1,hard,ai-generated,false,D,all regional,false,4
q-eng5.2-40,ENG5.2,mc,"Identify the part that contains an error: 'The director (A) got the presentation (B) prepared by the team (C) and then had it (D) been shown to the stakeholders.'","Part D is wrong — in the causative 'have + object + past participle', the correct form is 'had it shown'; adding 'been' creates an ungrammatical passive construction instead of the causative. 'The director' is the correct subject. 'Got the presentation prepared' is a correct causative with 'get'. 'And then had it' correctly introduces the second causative.",s-eng-5-2-1,hard,ai-generated,false,A,The director,false,1
q-eng5.2-40,ENG5.2,mc,"Identify the part that contains an error: 'The director (A) got the presentation (B) prepared by the team (C) and then had it (D) been shown to the stakeholders.'","Part D is wrong — in the causative 'have + object + past participle', the correct form is 'had it shown'; adding 'been' creates an ungrammatical passive construction instead of the causative. 'The director' is the correct subject. 'Got the presentation prepared' is a correct causative with 'get'. 'And then had it' correctly introduces the second causative.",s-eng-5-2-1,hard,ai-generated,false,B,got the presentation,false,2
q-eng5.2-40,ENG5.2,mc,"Identify the part that contains an error: 'The director (A) got the presentation (B) prepared by the team (C) and then had it (D) been shown to the stakeholders.'","Part D is wrong — in the causative 'have + object + past participle', the correct form is 'had it shown'; adding 'been' creates an ungrammatical passive construction instead of the causative. 'The director' is the correct subject. 'Got the presentation prepared' is a correct causative with 'get'. 'And then had it' correctly introduces the second causative.",s-eng-5-2-1,hard,ai-generated,false,C,prepared by the team,false,3
q-eng5.2-40,ENG5.2,mc,"Identify the part that contains an error: 'The director (A) got the presentation (B) prepared by the team (C) and then had it (D) been shown to the stakeholders.'","Part D is wrong — in the causative 'have + object + past participle', the correct form is 'had it shown'; adding 'been' creates an ungrammatical passive construction instead of the causative. 'The director' is the correct subject. 'Got the presentation prepared' is a correct causative with 'get'. 'And then had it' correctly introduces the second causative.",s-eng-5-2-1,hard,ai-generated,false,D,been shown to the stakeholders,true,4
q-eng5.2-41,ENG5.2,mc,"Choose the correct option: 'Priya said, ""I am feeling unwell today."" → Priya said that she _____ unwell that day.'","'Was feeling' is correct — 'am feeling' (present continuous) backshifts to 'was feeling' (past continuous) when the reporting verb is in the past ('said'). 'Is feeling' retains the present tense without backshift and is incorrect. 'Has been feeling' is an over-backshift to present perfect continuous. 'Would be feeling' is the backshift of 'will be feeling', not 'am feeling'.",s-eng-5-2-2,easy,ai-generated,false,A,is feeling,false,1
q-eng5.2-41,ENG5.2,mc,"Choose the correct option: 'Priya said, ""I am feeling unwell today."" → Priya said that she _____ unwell that day.'","'Was feeling' is correct — 'am feeling' (present continuous) backshifts to 'was feeling' (past continuous) when the reporting verb is in the past ('said'). 'Is feeling' retains the present tense without backshift and is incorrect. 'Has been feeling' is an over-backshift to present perfect continuous. 'Would be feeling' is the backshift of 'will be feeling', not 'am feeling'.",s-eng-5-2-2,easy,ai-generated,false,B,was feeling,true,2
q-eng5.2-41,ENG5.2,mc,"Choose the correct option: 'Priya said, ""I am feeling unwell today."" → Priya said that she _____ unwell that day.'","'Was feeling' is correct — 'am feeling' (present continuous) backshifts to 'was feeling' (past continuous) when the reporting verb is in the past ('said'). 'Is feeling' retains the present tense without backshift and is incorrect. 'Has been feeling' is an over-backshift to present perfect continuous. 'Would be feeling' is the backshift of 'will be feeling', not 'am feeling'.",s-eng-5-2-2,easy,ai-generated,false,C,has been feeling,false,3
q-eng5.2-41,ENG5.2,mc,"Choose the correct option: 'Priya said, ""I am feeling unwell today."" → Priya said that she _____ unwell that day.'","'Was feeling' is correct — 'am feeling' (present continuous) backshifts to 'was feeling' (past continuous) when the reporting verb is in the past ('said'). 'Is feeling' retains the present tense without backshift and is incorrect. 'Has been feeling' is an over-backshift to present perfect continuous. 'Would be feeling' is the backshift of 'will be feeling', not 'am feeling'.",s-eng-5-2-2,easy,ai-generated,false,D,would be feeling,false,4
q-eng5.2-42,ENG5.2,mc,"Choose the correct option: 'He said, ""I will call you after the meeting."" → He said that he _____ call after the meeting.'","'Would' is correct — in indirect speech with a past reporting verb, 'will' backshifts to 'would'. 'Will' is retained without backshift, which is incorrect after the past reporting verb 'said'. 'Shall' is not the backshift of 'will' in reported speech. 'Could' is the backshift of 'can', not 'will'.",s-eng-5-2-2,easy,ai-generated,false,A,will,false,1
q-eng5.2-42,ENG5.2,mc,"Choose the correct option: 'He said, ""I will call you after the meeting."" → He said that he _____ call after the meeting.'","'Would' is correct — in indirect speech with a past reporting verb, 'will' backshifts to 'would'. 'Will' is retained without backshift, which is incorrect after the past reporting verb 'said'. 'Shall' is not the backshift of 'will' in reported speech. 'Could' is the backshift of 'can', not 'will'.",s-eng-5-2-2,easy,ai-generated,false,B,would,true,2
q-eng5.2-42,ENG5.2,mc,"Choose the correct option: 'He said, ""I will call you after the meeting."" → He said that he _____ call after the meeting.'","'Would' is correct — in indirect speech with a past reporting verb, 'will' backshifts to 'would'. 'Will' is retained without backshift, which is incorrect after the past reporting verb 'said'. 'Shall' is not the backshift of 'will' in reported speech. 'Could' is the backshift of 'can', not 'will'.",s-eng-5-2-2,easy,ai-generated,false,C,shall,false,3
q-eng5.2-42,ENG5.2,mc,"Choose the correct option: 'He said, ""I will call you after the meeting."" → He said that he _____ call after the meeting.'","'Would' is correct — in indirect speech with a past reporting verb, 'will' backshifts to 'would'. 'Will' is retained without backshift, which is incorrect after the past reporting verb 'said'. 'Shall' is not the backshift of 'will' in reported speech. 'Could' is the backshift of 'can', not 'will'.",s-eng-5-2-2,easy,ai-generated,false,D,could,false,4
q-eng5.2-43,ENG5.2,mc,"Which sentence correctly converts: 'She said, ""I met him here yesterday.""","Option C is correct — 'met' (simple past) backshifts to 'had met' (past perfect); 'here' changes to 'there'; 'yesterday' changes to 'the previous day'. Option A is wrong — 'the next day' is the reporting shift for 'tomorrow', not 'yesterday'. Option B is wrong — no backshift applied and place/time markers are not changed. Option D is wrong — 'has met' is present perfect without backshift.",s-eng-5-2-2,medium,ai-generated,false,A,"She said that she had met him there the next day.",false,1
q-eng5.2-43,ENG5.2,mc,"Which sentence correctly converts: 'She said, ""I met him here yesterday.""","Option C is correct — 'met' (simple past) backshifts to 'had met' (past perfect); 'here' changes to 'there'; 'yesterday' changes to 'the previous day'. Option A is wrong — 'the next day' is the reporting shift for 'tomorrow', not 'yesterday'. Option B is wrong — no backshift applied and place/time markers are not changed. Option D is wrong — 'has met' is present perfect without backshift.",s-eng-5-2-2,medium,ai-generated,false,B,"She said that she met him here yesterday.",false,2
q-eng5.2-43,ENG5.2,mc,"Which sentence correctly converts: 'She said, ""I met him here yesterday.""","Option C is correct — 'met' (simple past) backshifts to 'had met' (past perfect); 'here' changes to 'there'; 'yesterday' changes to 'the previous day'. Option A is wrong — 'the next day' is the reporting shift for 'tomorrow', not 'yesterday'. Option B is wrong — no backshift applied and place/time markers are not changed. Option D is wrong — 'has met' is present perfect without backshift.",s-eng-5-2-2,medium,ai-generated,false,C,"She said that she had met him there the previous day.",true,3
q-eng5.2-43,ENG5.2,mc,"Which sentence correctly converts: 'She said, ""I met him here yesterday.""","Option C is correct — 'met' (simple past) backshifts to 'had met' (past perfect); 'here' changes to 'there'; 'yesterday' changes to 'the previous day'. Option A is wrong — 'the next day' is the reporting shift for 'tomorrow', not 'yesterday'. Option B is wrong — no backshift applied and place/time markers are not changed. Option D is wrong — 'has met' is present perfect without backshift.",s-eng-5-2-2,medium,ai-generated,false,D,"She said that she has met him there the previous day.",false,4
q-eng5.2-44,ENG5.2,mc,"Identify the part that contains an error: 'The principal (A) asked the students (B) that whether (C) they had completed (D) the assignment.'","Part C is wrong — 'that' and 'whether' cannot be used together; for indirect yes/no questions, use 'whether' or 'if' alone. 'The principal' is the correct subject. 'Asked the students' is the correct reporting verb with indirect object. 'They had completed the assignment' is the correctly backshifted indirect clause.",s-eng-5-2-2,medium,ai-generated,false,A,The principal,false,1
q-eng5.2-44,ENG5.2,mc,"Identify the part that contains an error: 'The principal (A) asked the students (B) that whether (C) they had completed (D) the assignment.'","Part C is wrong — 'that' and 'whether' cannot be used together; for indirect yes/no questions, use 'whether' or 'if' alone. 'The principal' is the correct subject. 'Asked the students' is the correct reporting verb with indirect object. 'They had completed the assignment' is the correctly backshifted indirect clause.",s-eng-5-2-2,medium,ai-generated,false,B,asked the students,false,2
q-eng5.2-44,ENG5.2,mc,"Identify the part that contains an error: 'The principal (A) asked the students (B) that whether (C) they had completed (D) the assignment.'","Part C is wrong — 'that' and 'whether' cannot be used together; for indirect yes/no questions, use 'whether' or 'if' alone. 'The principal' is the correct subject. 'Asked the students' is the correct reporting verb with indirect object. 'They had completed the assignment' is the correctly backshifted indirect clause.",s-eng-5-2-2,medium,ai-generated,false,C,that whether,true,3
q-eng5.2-44,ENG5.2,mc,"Identify the part that contains an error: 'The principal (A) asked the students (B) that whether (C) they had completed (D) the assignment.'","Part C is wrong — 'that' and 'whether' cannot be used together; for indirect yes/no questions, use 'whether' or 'if' alone. 'The principal' is the correct subject. 'Asked the students' is the correct reporting verb with indirect object. 'They had completed the assignment' is the correctly backshifted indirect clause.",s-eng-5-2-2,medium,ai-generated,false,D,they had completed,false,4
q-eng5.2-45,ENG5.2,mc,"Which sentence correctly converts: 'The officer asked, ""Where does she work?""'","Option C is correct — indirect questions use statement word order (subject before verb) and require backshift; 'does she work' becomes 'she worked'. Option A retains direct question word order ('does she work'). Option B applies statement order but fails to backshift ('works' should be 'worked'). Option D incorrectly inserts 'that' before the wh-word.",s-eng-5-2-2,medium,ai-generated,false,A,The officer asked where does she work.,false,1
q-eng5.2-45,ENG5.2,mc,"Which sentence correctly converts: 'The officer asked, ""Where does she work?""'","Option C is correct — indirect questions use statement word order (subject before verb) and require backshift; 'does she work' becomes 'she worked'. Option A retains direct question word order ('does she work'). Option B applies statement order but fails to backshift ('works' should be 'worked'). Option D incorrectly inserts 'that' before the wh-word.",s-eng-5-2-2,medium,ai-generated,false,B,The officer asked where she works.,false,2
q-eng5.2-45,ENG5.2,mc,"Which sentence correctly converts: 'The officer asked, ""Where does she work?""'","Option C is correct — indirect questions use statement word order (subject before verb) and require backshift; 'does she work' becomes 'she worked'. Option A retains direct question word order ('does she work'). Option B applies statement order but fails to backshift ('works' should be 'worked'). Option D incorrectly inserts 'that' before the wh-word.",s-eng-5-2-2,medium,ai-generated,false,C,The officer asked where she worked.,true,3
q-eng5.2-45,ENG5.2,mc,"Which sentence correctly converts: 'The officer asked, ""Where does she work?""'","Option C is correct — indirect questions use statement word order (subject before verb) and require backshift; 'does she work' becomes 'she worked'. Option A retains direct question word order ('does she work'). Option B applies statement order but fails to backshift ('works' should be 'worked'). Option D incorrectly inserts 'that' before the wh-word.",s-eng-5-2-2,medium,ai-generated,false,D,The officer asked that where she worked.,false,4
q-eng5.2-46,ENG5.2,mc,"Which sentence is correctly reported?","'They informed us that the meeting had been postponed' is correct — 'has been postponed' backshifts to 'had been postponed'. Option A is wrong — 'will visit' must backshift to 'would visit'. Option B is wrong — 'said me' is incorrect; 'say' does not take a personal object directly, the correct verb is 'told me'. Option D is wrong — indirect questions do not use direct question word order ('can he review').",s-eng-5-2-2,medium,ai-generated,false,A,"She told him that she will visit the next day.",false,1
q-eng5.2-46,ENG5.2,mc,"Which sentence is correctly reported?","'They informed us that the meeting had been postponed' is correct — 'has been postponed' backshifts to 'had been postponed'. Option A is wrong — 'will visit' must backshift to 'would visit'. Option B is wrong — 'said me' is incorrect; 'say' does not take a personal object directly, the correct verb is 'told me'. Option D is wrong — indirect questions do not use direct question word order ('can he review').",s-eng-5-2-2,medium,ai-generated,false,B,He said me that he was feeling tired.,false,2
q-eng5.2-46,ENG5.2,mc,"Which sentence is correctly reported?","'They informed us that the meeting had been postponed' is correct — 'has been postponed' backshifts to 'had been postponed'. Option A is wrong — 'will visit' must backshift to 'would visit'. Option B is wrong — 'said me' is incorrect; 'say' does not take a personal object directly, the correct verb is 'told me'. Option D is wrong — indirect questions do not use direct question word order ('can he review').",s-eng-5-2-2,medium,ai-generated,false,C,They informed us that the meeting had been postponed.,true,3
q-eng5.2-46,ENG5.2,mc,"Which sentence is correctly reported?","'They informed us that the meeting had been postponed' is correct — 'has been postponed' backshifts to 'had been postponed'. Option A is wrong — 'will visit' must backshift to 'would visit'. Option B is wrong — 'said me' is incorrect; 'say' does not take a personal object directly, the correct verb is 'told me'. Option D is wrong — indirect questions do not use direct question word order ('can he review').",s-eng-5-2-2,medium,ai-generated,false,D,The manager asked that can he review the files.,false,4
q-eng5.2-47,ENG5.2,mc,"Identify the part that contains an error: 'The principal (A) said us (B) that the annual (C) examination had been (D) rescheduled.'","Part B is wrong — 'said' cannot take a personal indirect object directly; the correct verb is 'told': 'told us'. 'Say' is used as 'said that …' while 'tell' is used as 'told us that …'. 'The principal' is the correct subject. 'That the annual' is the correct connector. 'Examination had been rescheduled' is the correct past perfect passive clause.",s-eng-5-2-2,medium,ai-generated,false,A,The principal,false,1
q-eng5.2-47,ENG5.2,mc,"Identify the part that contains an error: 'The principal (A) said us (B) that the annual (C) examination had been (D) rescheduled.'","Part B is wrong — 'said' cannot take a personal indirect object directly; the correct verb is 'told': 'told us'. 'Say' is used as 'said that …' while 'tell' is used as 'told us that …'. 'The principal' is the correct subject. 'That the annual' is the correct connector. 'Examination had been rescheduled' is the correct past perfect passive clause.",s-eng-5-2-2,medium,ai-generated,false,B,said us,true,2
q-eng5.2-47,ENG5.2,mc,"Identify the part that contains an error: 'The principal (A) said us (B) that the annual (C) examination had been (D) rescheduled.'","Part B is wrong — 'said' cannot take a personal indirect object directly; the correct verb is 'told': 'told us'. 'Say' is used as 'said that …' while 'tell' is used as 'told us that …'. 'The principal' is the correct subject. 'That the annual' is the correct connector. 'Examination had been rescheduled' is the correct past perfect passive clause.",s-eng-5-2-2,medium,ai-generated,false,C,that the annual,false,3
q-eng5.2-47,ENG5.2,mc,"Identify the part that contains an error: 'The principal (A) said us (B) that the annual (C) examination had been (D) rescheduled.'","Part B is wrong — 'said' cannot take a personal indirect object directly; the correct verb is 'told': 'told us'. 'Say' is used as 'said that …' while 'tell' is used as 'told us that …'. 'The principal' is the correct subject. 'That the annual' is the correct connector. 'Examination had been rescheduled' is the correct past perfect passive clause.",s-eng-5-2-2,medium,ai-generated,false,D,examination had been,false,4
q-eng5.2-48,ENG5.2,mc,"Choose the correct option: 'He said, ""It may rain in the evening."" → He said that it _____ rain in the evening.'","'Might' is correct — 'may' backshifts to 'might' in indirect speech when the reporting verb is in the past. 'May' is retained without backshift and is incorrect after a past reporting verb. 'Would' is the backshift of 'will', not 'may'. 'Could' is the backshift of 'can', not 'may'.",s-eng-5-2-2,medium,ai-generated,false,A,may,false,1
q-eng5.2-48,ENG5.2,mc,"Choose the correct option: 'He said, ""It may rain in the evening."" → He said that it _____ rain in the evening.'","'Might' is correct — 'may' backshifts to 'might' in indirect speech when the reporting verb is in the past. 'May' is retained without backshift and is incorrect after a past reporting verb. 'Would' is the backshift of 'will', not 'may'. 'Could' is the backshift of 'can', not 'may'.",s-eng-5-2-2,medium,ai-generated,false,B,might,true,2
q-eng5.2-48,ENG5.2,mc,"Choose the correct option: 'He said, ""It may rain in the evening."" → He said that it _____ rain in the evening.'","'Might' is correct — 'may' backshifts to 'might' in indirect speech when the reporting verb is in the past. 'May' is retained without backshift and is incorrect after a past reporting verb. 'Would' is the backshift of 'will', not 'may'. 'Could' is the backshift of 'can', not 'may'.",s-eng-5-2-2,medium,ai-generated,false,C,would,false,3
q-eng5.2-48,ENG5.2,mc,"Choose the correct option: 'He said, ""It may rain in the evening."" → He said that it _____ rain in the evening.'","'Might' is correct — 'may' backshifts to 'might' in indirect speech when the reporting verb is in the past. 'May' is retained without backshift and is incorrect after a past reporting verb. 'Would' is the backshift of 'will', not 'may'. 'Could' is the backshift of 'can', not 'may'.",s-eng-5-2-2,medium,ai-generated,false,D,could,false,4
q-eng5.2-49,ENG5.2,mc,"Which sentence correctly reports: 'The doctor said, ""You must rest for a week.""'","Option B is correct — 'must' expressing obligation backshifts to 'had to' in reported speech when the reporting verb is in the past. Option A is wrong — 'must' should backshift to 'had to'. Option C is wrong — 'must rested' uses a past form after 'must'; modals take the bare infinitive. Option D is wrong — 'would rest' is the backshift of 'will rest', not 'must rest'.",s-eng-5-2-2,hard,ai-generated,false,A,The doctor said that I must rest for a week.,false,1
q-eng5.2-49,ENG5.2,mc,"Which sentence correctly reports: 'The doctor said, ""You must rest for a week.""'","Option B is correct — 'must' expressing obligation backshifts to 'had to' in reported speech when the reporting verb is in the past. Option A is wrong — 'must' should backshift to 'had to'. Option C is wrong — 'must rested' uses a past form after 'must'; modals take the bare infinitive. Option D is wrong — 'would rest' is the backshift of 'will rest', not 'must rest'.",s-eng-5-2-2,hard,ai-generated,false,B,The doctor said that I had to rest for a week.,true,2
q-eng5.2-49,ENG5.2,mc,"Which sentence correctly reports: 'The doctor said, ""You must rest for a week.""'","Option B is correct — 'must' expressing obligation backshifts to 'had to' in reported speech when the reporting verb is in the past. Option A is wrong — 'must' should backshift to 'had to'. Option C is wrong — 'must rested' uses a past form after 'must'; modals take the bare infinitive. Option D is wrong — 'would rest' is the backshift of 'will rest', not 'must rest'.",s-eng-5-2-2,hard,ai-generated,false,C,The doctor said that I must rested for a week.,false,3
q-eng5.2-49,ENG5.2,mc,"Which sentence correctly reports: 'The doctor said, ""You must rest for a week.""'","Option B is correct — 'must' expressing obligation backshifts to 'had to' in reported speech when the reporting verb is in the past. Option A is wrong — 'must' should backshift to 'had to'. Option C is wrong — 'must rested' uses a past form after 'must'; modals take the bare infinitive. Option D is wrong — 'would rest' is the backshift of 'will rest', not 'must rest'.",s-eng-5-2-2,hard,ai-generated,false,D,The doctor said that I would rest for a week.,false,4
q-eng5.2-50,ENG5.2,mc,"Identify the part that contains an error: 'He announced (A) that the results will be (B) declared the (C) next day and requested (D) everyone to stay calm.'","Part B is wrong — after the past reporting verb 'announced', 'will be' must backshift to 'would be'; indirect speech requires tense backshift when the reporting verb is past. 'He announced' is the correct past reporting verb. 'Declared the next day' is a correct verb phrase with the appropriately shifted time marker. 'And requested everyone to stay calm' is the correct second clause.",s-eng-5-2-2,hard,ai-generated,false,A,He announced,false,1
q-eng5.2-50,ENG5.2,mc,"Identify the part that contains an error: 'He announced (A) that the results will be (B) declared the (C) next day and requested (D) everyone to stay calm.'","Part B is wrong — after the past reporting verb 'announced', 'will be' must backshift to 'would be'; indirect speech requires tense backshift when the reporting verb is past. 'He announced' is the correct past reporting verb. 'Declared the next day' is a correct verb phrase with the appropriately shifted time marker. 'And requested everyone to stay calm' is the correct second clause.",s-eng-5-2-2,hard,ai-generated,false,B,that the results will be,true,2
q-eng5.2-50,ENG5.2,mc,"Identify the part that contains an error: 'He announced (A) that the results will be (B) declared the (C) next day and requested (D) everyone to stay calm.'","Part B is wrong — after the past reporting verb 'announced', 'will be' must backshift to 'would be'; indirect speech requires tense backshift when the reporting verb is past. 'He announced' is the correct past reporting verb. 'Declared the next day' is a correct verb phrase with the appropriately shifted time marker. 'And requested everyone to stay calm' is the correct second clause.",s-eng-5-2-2,hard,ai-generated,false,C,declared the,false,3
q-eng5.2-50,ENG5.2,mc,"Identify the part that contains an error: 'He announced (A) that the results will be (B) declared the (C) next day and requested (D) everyone to stay calm.'","Part B is wrong — after the past reporting verb 'announced', 'will be' must backshift to 'would be'; indirect speech requires tense backshift when the reporting verb is past. 'He announced' is the correct past reporting verb. 'Declared the next day' is a correct verb phrase with the appropriately shifted time marker. 'And requested everyone to stay calm' is the correct second clause.",s-eng-5-2-2,hard,ai-generated,false,D,and requested,false,4
