question_ref,lo_code,question_type,question_text,explanation,subtopic_codes,difficulty,source,verified,option_key,option_text,answer_value,sort_order
q-eng6.2-01,ENG6.2,mc,"Choose the correct article to fill the blank: 'There has been _____ significant increase in the number of road accidents reported this year.'","'A' is correct — 'significant' begins with the consonant sound /s/, so the indefinite article 'a' is used. 'An' is used before words beginning with a vowel sound, not a consonant sound. 'The' is used for specific or previously mentioned items; this is a general statement with no prior reference. No article cannot be used here because 'increase' is a countable singular noun and requires a determiner.",k-eng-6-2-1,easy,ai-generated,false,A,a,true,1
q-eng6.2-01,ENG6.2,mc,"Choose the correct article to fill the blank: 'There has been _____ significant increase in the number of road accidents reported this year.'","'A' is correct — 'significant' begins with the consonant sound /s/, so the indefinite article 'a' is used. 'An' is used before words beginning with a vowel sound, not a consonant sound. 'The' is used for specific or previously mentioned items; this is a general statement with no prior reference. No article cannot be used here because 'increase' is a countable singular noun and requires a determiner.",k-eng-6-2-1,easy,ai-generated,false,B,an,false,2
q-eng6.2-01,ENG6.2,mc,"Choose the correct article to fill the blank: 'There has been _____ significant increase in the number of road accidents reported this year.'","'A' is correct — 'significant' begins with the consonant sound /s/, so the indefinite article 'a' is used. 'An' is used before words beginning with a vowel sound, not a consonant sound. 'The' is used for specific or previously mentioned items; this is a general statement with no prior reference. No article cannot be used here because 'increase' is a countable singular noun and requires a determiner.",k-eng-6-2-1,easy,ai-generated,false,C,the,false,3
q-eng6.2-01,ENG6.2,mc,"Choose the correct article to fill the blank: 'There has been _____ significant increase in the number of road accidents reported this year.'","'A' is correct — 'significant' begins with the consonant sound /s/, so the indefinite article 'a' is used. 'An' is used before words beginning with a vowel sound, not a consonant sound. 'The' is used for specific or previously mentioned items; this is a general statement with no prior reference. No article cannot be used here because 'increase' is a countable singular noun and requires a determiner.",k-eng-6-2-1,easy,ai-generated,false,D,no article,false,4
q-eng6.2-02,ENG6.2,mc,"Choose the correct article to fill the blank: 'She holds _____ MBA from one of the top business schools in the country.'","'An' is correct — the article is chosen based on the sound of the following word; 'MBA' is pronounced 'em-bee-ay', beginning with the vowel sound 'em', so 'an' must be used. 'A' is used before consonant sounds, but 'M' in 'MBA' is spoken as 'em' (vowel sound). 'The' would imply a specific, previously identified MBA, which is not the case here. No article cannot be used because 'MBA' is a singular countable noun (abbreviated title) and needs a determiner.",k-eng-6-2-1,easy,ai-generated,false,A,a,false,1
q-eng6.2-02,ENG6.2,mc,"Choose the correct article to fill the blank: 'She holds _____ MBA from one of the top business schools in the country.'","'An' is correct — the article is chosen based on the sound of the following word; 'MBA' is pronounced 'em-bee-ay', beginning with the vowel sound 'em', so 'an' must be used. 'A' is used before consonant sounds, but 'M' in 'MBA' is spoken as 'em' (vowel sound). 'The' would imply a specific, previously identified MBA, which is not the case here. No article cannot be used because 'MBA' is a singular countable noun (abbreviated title) and needs a determiner.",k-eng-6-2-1,easy,ai-generated,false,B,an,true,2
q-eng6.2-02,ENG6.2,mc,"Choose the correct article to fill the blank: 'She holds _____ MBA from one of the top business schools in the country.'","'An' is correct — the article is chosen based on the sound of the following word; 'MBA' is pronounced 'em-bee-ay', beginning with the vowel sound 'em', so 'an' must be used. 'A' is used before consonant sounds, but 'M' in 'MBA' is spoken as 'em' (vowel sound). 'The' would imply a specific, previously identified MBA, which is not the case here. No article cannot be used because 'MBA' is a singular countable noun (abbreviated title) and needs a determiner.",k-eng-6-2-1,easy,ai-generated,false,C,the,false,3
q-eng6.2-02,ENG6.2,mc,"Choose the correct article to fill the blank: 'She holds _____ MBA from one of the top business schools in the country.'","'An' is correct — the article is chosen based on the sound of the following word; 'MBA' is pronounced 'em-bee-ay', beginning with the vowel sound 'em', so 'an' must be used. 'A' is used before consonant sounds, but 'M' in 'MBA' is spoken as 'em' (vowel sound). 'The' would imply a specific, previously identified MBA, which is not the case here. No article cannot be used because 'MBA' is a singular countable noun (abbreviated title) and needs a determiner.",k-eng-6-2-1,easy,ai-generated,false,D,no article,false,4
q-eng6.2-03,ENG6.2,mc,"Choose the correct preposition to fill the blank: 'The contractor was accused _____ submitting falsified invoices to the municipal corporation.'","'Of' is correct — 'accused of' is the fixed prepositional collocation; one is accused of a crime, wrongdoing, or action. 'For' is used in 'blamed for' or 'punished for', not in the 'accused' collocation. 'With' does not collocate with 'accused' in standard English. 'In' does not form a standard collocation with 'accused' in this context.",k-eng-6-2-1,easy,ai-generated,false,A,for,false,1
q-eng6.2-03,ENG6.2,mc,"Choose the correct preposition to fill the blank: 'The contractor was accused _____ submitting falsified invoices to the municipal corporation.'","'Of' is correct — 'accused of' is the fixed prepositional collocation; one is accused of a crime, wrongdoing, or action. 'For' is used in 'blamed for' or 'punished for', not in the 'accused' collocation. 'With' does not collocate with 'accused' in standard English. 'In' does not form a standard collocation with 'accused' in this context.",k-eng-6-2-1,easy,ai-generated,false,B,of,true,2
q-eng6.2-03,ENG6.2,mc,"Choose the correct preposition to fill the blank: 'The contractor was accused _____ submitting falsified invoices to the municipal corporation.'","'Of' is correct — 'accused of' is the fixed prepositional collocation; one is accused of a crime, wrongdoing, or action. 'For' is used in 'blamed for' or 'punished for', not in the 'accused' collocation. 'With' does not collocate with 'accused' in standard English. 'In' does not form a standard collocation with 'accused' in this context.",k-eng-6-2-1,easy,ai-generated,false,C,with,false,3
q-eng6.2-03,ENG6.2,mc,"Choose the correct preposition to fill the blank: 'The contractor was accused _____ submitting falsified invoices to the municipal corporation.'","'Of' is correct — 'accused of' is the fixed prepositional collocation; one is accused of a crime, wrongdoing, or action. 'For' is used in 'blamed for' or 'punished for', not in the 'accused' collocation. 'With' does not collocate with 'accused' in standard English. 'In' does not form a standard collocation with 'accused' in this context.",k-eng-6-2-1,easy,ai-generated,false,D,in,false,4
q-eng6.2-04,ENG6.2,mc,"Choose the correct preposition to fill the blank: 'The director was not available _____ the time when the reporters arrived at the office.'","'At' is correct — 'at the time' is the standard English expression for a specific point or moment in time. 'In' is used for periods of time (in the morning, in 2020), not a specific moment identified as 'the time'. 'On' is used for days and dates (on Monday, on 5th May), not for a general time reference like 'the time'. 'For' indicates duration (for three hours), not a specific moment.",k-eng-6-2-1,medium,ai-generated,false,A,in,false,1
q-eng6.2-04,ENG6.2,mc,"Choose the correct preposition to fill the blank: 'The director was not available _____ the time when the reporters arrived at the office.'","'At' is correct — 'at the time' is the standard English expression for a specific point or moment in time. 'In' is used for periods of time (in the morning, in 2020), not a specific moment identified as 'the time'. 'On' is used for days and dates (on Monday, on 5th May), not for a general time reference like 'the time'. 'For' indicates duration (for three hours), not a specific moment.",k-eng-6-2-1,medium,ai-generated,false,B,on,false,2
q-eng6.2-04,ENG6.2,mc,"Choose the correct preposition to fill the blank: 'The director was not available _____ the time when the reporters arrived at the office.'","'At' is correct — 'at the time' is the standard English expression for a specific point or moment in time. 'In' is used for periods of time (in the morning, in 2020), not a specific moment identified as 'the time'. 'On' is used for days and dates (on Monday, on 5th May), not for a general time reference like 'the time'. 'For' indicates duration (for three hours), not a specific moment.",k-eng-6-2-1,medium,ai-generated,false,C,at,true,3
q-eng6.2-04,ENG6.2,mc,"Choose the correct preposition to fill the blank: 'The director was not available _____ the time when the reporters arrived at the office.'","'At' is correct — 'at the time' is the standard English expression for a specific point or moment in time. 'In' is used for periods of time (in the morning, in 2020), not a specific moment identified as 'the time'. 'On' is used for days and dates (on Monday, on 5th May), not for a general time reference like 'the time'. 'For' indicates duration (for three hours), not a specific moment.",k-eng-6-2-1,medium,ai-generated,false,D,for,false,4
q-eng6.2-05,ENG6.2,mc,"Choose the correct conjunction to fill the blank: 'He was offered the senior position _____ he had no prior experience in that particular sector.'","'Although' is correct — the sentence shows a contrast: getting the position despite lacking experience; 'although' introduces this concessive relationship. 'Because' introduces a reason, but lacking experience would be a reason NOT to get the position, making the sentence contradictory. 'Unless' introduces a condition ('unless he had experience' = 'only if he had experience'), which also contradicts receiving the position without it. 'Since' here would mean 'because', which has the same problem as 'because'.",k-eng-6-2-1,medium,ai-generated,false,A,because,false,1
q-eng6.2-05,ENG6.2,mc,"Choose the correct conjunction to fill the blank: 'He was offered the senior position _____ he had no prior experience in that particular sector.'","'Although' is correct — the sentence shows a contrast: getting the position despite lacking experience; 'although' introduces this concessive relationship. 'Because' introduces a reason, but lacking experience would be a reason NOT to get the position, making the sentence contradictory. 'Unless' introduces a condition ('unless he had experience' = 'only if he had experience'), which also contradicts receiving the position without it. 'Since' here would mean 'because', which has the same problem as 'because'.",k-eng-6-2-1,medium,ai-generated,false,B,although,true,2
q-eng6.2-05,ENG6.2,mc,"Choose the correct conjunction to fill the blank: 'He was offered the senior position _____ he had no prior experience in that particular sector.'","'Although' is correct — the sentence shows a contrast: getting the position despite lacking experience; 'although' introduces this concessive relationship. 'Because' introduces a reason, but lacking experience would be a reason NOT to get the position, making the sentence contradictory. 'Unless' introduces a condition ('unless he had experience' = 'only if he had experience'), which also contradicts receiving the position without it. 'Since' here would mean 'because', which has the same problem as 'because'.",k-eng-6-2-1,medium,ai-generated,false,C,unless,false,3
q-eng6.2-05,ENG6.2,mc,"Choose the correct conjunction to fill the blank: 'He was offered the senior position _____ he had no prior experience in that particular sector.'","'Although' is correct — the sentence shows a contrast: getting the position despite lacking experience; 'although' introduces this concessive relationship. 'Because' introduces a reason, but lacking experience would be a reason NOT to get the position, making the sentence contradictory. 'Unless' introduces a condition ('unless he had experience' = 'only if he had experience'), which also contradicts receiving the position without it. 'Since' here would mean 'because', which has the same problem as 'because'.",k-eng-6-2-1,medium,ai-generated,false,D,since,false,4
q-eng6.2-06,ENG6.2,mc,"Choose the correct article to fill the blank: 'The government has announced several new schemes to protect _____ environment from further industrial damage.'","'The' is correct — 'the environment' is a unique, shared concept (there is only one global environment); it always takes the definite article 'the'. 'A' is the indefinite article used when introducing something for the first time or referring to one of several — the environment is not one of many. 'An' would be used before a vowel sound but 'environment' begins with a vowel sound only at the word level; regardless, 'the' is the required article here for this unique noun. No article cannot be used because 'environment' here refers to a specific shared entity, not a general abstract noun.",k-eng-6-2-1,easy,ai-generated,false,A,a,false,1
q-eng6.2-06,ENG6.2,mc,"Choose the correct article to fill the blank: 'The government has announced several new schemes to protect _____ environment from further industrial damage.'","'The' is correct — 'the environment' is a unique, shared concept (there is only one global environment); it always takes the definite article 'the'. 'A' is the indefinite article used when introducing something for the first time or referring to one of several — the environment is not one of many. 'An' would be used before a vowel sound but 'environment' begins with a vowel sound only at the word level; regardless, 'the' is the required article here for this unique noun. No article cannot be used because 'environment' here refers to a specific shared entity, not a general abstract noun.",k-eng-6-2-1,easy,ai-generated,false,B,an,false,2
q-eng6.2-06,ENG6.2,mc,"Choose the correct article to fill the blank: 'The government has announced several new schemes to protect _____ environment from further industrial damage.'","'The' is correct — 'the environment' is a unique, shared concept (there is only one global environment); it always takes the definite article 'the'. 'A' is the indefinite article used when introducing something for the first time or referring to one of several — the environment is not one of many. 'An' would be used before a vowel sound but 'environment' begins with a vowel sound only at the word level; regardless, 'the' is the required article here for this unique noun. No article cannot be used because 'environment' here refers to a specific shared entity, not a general abstract noun.",k-eng-6-2-1,easy,ai-generated,false,C,the,true,3
q-eng6.2-06,ENG6.2,mc,"Choose the correct article to fill the blank: 'The government has announced several new schemes to protect _____ environment from further industrial damage.'","'The' is correct — 'the environment' is a unique, shared concept (there is only one global environment); it always takes the definite article 'the'. 'A' is the indefinite article used when introducing something for the first time or referring to one of several — the environment is not one of many. 'An' would be used before a vowel sound but 'environment' begins with a vowel sound only at the word level; regardless, 'the' is the required article here for this unique noun. No article cannot be used because 'environment' here refers to a specific shared entity, not a general abstract noun.",k-eng-6-2-1,easy,ai-generated,false,D,no article,false,4
q-eng6.2-07,ENG6.2,mc,"Choose the correct preposition to fill the blank: 'The painting was created _____ a unique technique involving multiple layers of transparent oil paint.'","'With' is correct — 'with' introduces the tool, instrument, or method used; 'created with a technique' means the technique was the means of creation. 'By' is used for the agent (the person who did something) or certain set expressions, not for the method/instrument here. 'Through' would imply a process or medium ('through hard work') but is less natural than 'with' when the blank refers directly to a technique as an instrument. 'From' indicates material origin ('made from wood'), not the method of execution.",k-eng-6-2-1,medium,ai-generated,false,A,by,false,1
q-eng6.2-07,ENG6.2,mc,"Choose the correct preposition to fill the blank: 'The painting was created _____ a unique technique involving multiple layers of transparent oil paint.'","'With' is correct — 'with' introduces the tool, instrument, or method used; 'created with a technique' means the technique was the means of creation. 'By' is used for the agent (the person who did something) or certain set expressions, not for the method/instrument here. 'Through' would imply a process or medium ('through hard work') but is less natural than 'with' when the blank refers directly to a technique as an instrument. 'From' indicates material origin ('made from wood'), not the method of execution.",k-eng-6-2-1,medium,ai-generated,false,B,with,true,2
q-eng6.2-07,ENG6.2,mc,"Choose the correct preposition to fill the blank: 'The painting was created _____ a unique technique involving multiple layers of transparent oil paint.'","'With' is correct — 'with' introduces the tool, instrument, or method used; 'created with a technique' means the technique was the means of creation. 'By' is used for the agent (the person who did something) or certain set expressions, not for the method/instrument here. 'Through' would imply a process or medium ('through hard work') but is less natural than 'with' when the blank refers directly to a technique as an instrument. 'From' indicates material origin ('made from wood'), not the method of execution.",k-eng-6-2-1,medium,ai-generated,false,C,through,false,3
q-eng6.2-07,ENG6.2,mc,"Choose the correct preposition to fill the blank: 'The painting was created _____ a unique technique involving multiple layers of transparent oil paint.'","'With' is correct — 'with' introduces the tool, instrument, or method used; 'created with a technique' means the technique was the means of creation. 'By' is used for the agent (the person who did something) or certain set expressions, not for the method/instrument here. 'Through' would imply a process or medium ('through hard work') but is less natural than 'with' when the blank refers directly to a technique as an instrument. 'From' indicates material origin ('made from wood'), not the method of execution.",k-eng-6-2-1,medium,ai-generated,false,D,from,false,4
q-eng6.2-08,ENG6.2,mc,"Choose the correct conjunction to fill the blank: 'She could not attend the award ceremony _____ she was recovering from surgery at a hospital in Chennai.'","'Because' is correct — the clause explains the reason she could not attend; 'because' introduces a cause or reason. 'Although' would create a contradiction: 'although she was recovering from surgery, she could not attend' implies that surgery was expected to let her attend, which makes no sense. 'Unless' introduces a condition meaning 'only if not', which distorts the meaning entirely. 'Whereas' introduces a contrast between two situations, which is not appropriate for expressing a reason.",k-eng-6-2-1,easy,ai-generated,false,A,although,false,1
q-eng6.2-08,ENG6.2,mc,"Choose the correct conjunction to fill the blank: 'She could not attend the award ceremony _____ she was recovering from surgery at a hospital in Chennai.'","'Because' is correct — the clause explains the reason she could not attend; 'because' introduces a cause or reason. 'Although' would create a contradiction: 'although she was recovering from surgery, she could not attend' implies that surgery was expected to let her attend, which makes no sense. 'Unless' introduces a condition meaning 'only if not', which distorts the meaning entirely. 'Whereas' introduces a contrast between two situations, which is not appropriate for expressing a reason.",k-eng-6-2-1,easy,ai-generated,false,B,because,true,2
q-eng6.2-08,ENG6.2,mc,"Choose the correct conjunction to fill the blank: 'She could not attend the award ceremony _____ she was recovering from surgery at a hospital in Chennai.'","'Because' is correct — the clause explains the reason she could not attend; 'because' introduces a cause or reason. 'Although' would create a contradiction: 'although she was recovering from surgery, she could not attend' implies that surgery was expected to let her attend, which makes no sense. 'Unless' introduces a condition meaning 'only if not', which distorts the meaning entirely. 'Whereas' introduces a contrast between two situations, which is not appropriate for expressing a reason.",k-eng-6-2-1,easy,ai-generated,false,C,unless,false,3
q-eng6.2-08,ENG6.2,mc,"Choose the correct conjunction to fill the blank: 'She could not attend the award ceremony _____ she was recovering from surgery at a hospital in Chennai.'","'Because' is correct — the clause explains the reason she could not attend; 'because' introduces a cause or reason. 'Although' would create a contradiction: 'although she was recovering from surgery, she could not attend' implies that surgery was expected to let her attend, which makes no sense. 'Unless' introduces a condition meaning 'only if not', which distorts the meaning entirely. 'Whereas' introduces a contrast between two situations, which is not appropriate for expressing a reason.",k-eng-6-2-1,easy,ai-generated,false,D,whereas,false,4
q-eng6.2-09,ENG6.2,mc,"Choose the correct articles to fill both blanks: '_____ patience is considered _____ virtue in most cultures around the world.'","'No article / a' is correct — 'patience' is an uncountable abstract noun used in a general sense, which takes no article; 'a virtue' means one among many virtues, requiring the indefinite article 'a'. 'The / a' is wrong because 'the patience' would imply a specific patience, not the general concept. 'A / the' is wrong because 'a patience' is ungrammatical — patience is uncountable and cannot take 'a'. 'The / the' is wrong for the same reason as 'the / a': 'the patience' and 'the virtue' both add unwanted specificity to general concepts.",k-eng-6-2-1,hard,ai-generated,false,A,the / a,false,1
q-eng6.2-09,ENG6.2,mc,"Choose the correct articles to fill both blanks: '_____ patience is considered _____ virtue in most cultures around the world.'","'No article / a' is correct — 'patience' is an uncountable abstract noun used in a general sense, which takes no article; 'a virtue' means one among many virtues, requiring the indefinite article 'a'. 'The / a' is wrong because 'the patience' would imply a specific patience, not the general concept. 'A / the' is wrong because 'a patience' is ungrammatical — patience is uncountable and cannot take 'a'. 'The / the' is wrong for the same reason as 'the / a': 'the patience' and 'the virtue' both add unwanted specificity to general concepts.",k-eng-6-2-1,hard,ai-generated,false,B,a / the,false,2
q-eng6.2-09,ENG6.2,mc,"Choose the correct articles to fill both blanks: '_____ patience is considered _____ virtue in most cultures around the world.'","'No article / a' is correct — 'patience' is an uncountable abstract noun used in a general sense, which takes no article; 'a virtue' means one among many virtues, requiring the indefinite article 'a'. 'The / a' is wrong because 'the patience' would imply a specific patience, not the general concept. 'A / the' is wrong because 'a patience' is ungrammatical — patience is uncountable and cannot take 'a'. 'The / the' is wrong for the same reason as 'the / a': 'the patience' and 'the virtue' both add unwanted specificity to general concepts.",k-eng-6-2-1,hard,ai-generated,false,C,the / the,false,3
q-eng6.2-09,ENG6.2,mc,"Choose the correct articles to fill both blanks: '_____ patience is considered _____ virtue in most cultures around the world.'","'No article / a' is correct — 'patience' is an uncountable abstract noun used in a general sense, which takes no article; 'a virtue' means one among many virtues, requiring the indefinite article 'a'. 'The / a' is wrong because 'the patience' would imply a specific patience, not the general concept. 'A / the' is wrong because 'a patience' is ungrammatical — patience is uncountable and cannot take 'a'. 'The / the' is wrong for the same reason as 'the / a': 'the patience' and 'the virtue' both add unwanted specificity to general concepts.",k-eng-6-2-1,hard,ai-generated,false,D,no article / a,true,4
q-eng6.2-10,ENG6.2,mc,"Choose the correct preposition to fill the blank: 'The senior manager insisted _____ a thorough review of all documents before the contract was signed.'","'On' is correct — 'insist on' is the fixed prepositional collocation meaning to demand or require firmly; one insists on a course of action or a condition. 'For' is used in 'ask for' or 'wait for', not in the 'insist' collocation. 'At' does not collocate with 'insist' in standard English. 'About' collocates with verbs of speaking or thinking ('talk about', 'worry about'), not with 'insist'.",k-eng-6-2-1,medium,ai-generated,false,A,on,true,1
q-eng6.2-10,ENG6.2,mc,"Choose the correct preposition to fill the blank: 'The senior manager insisted _____ a thorough review of all documents before the contract was signed.'","'On' is correct — 'insist on' is the fixed prepositional collocation meaning to demand or require firmly; one insists on a course of action or a condition. 'For' is used in 'ask for' or 'wait for', not in the 'insist' collocation. 'At' does not collocate with 'insist' in standard English. 'About' collocates with verbs of speaking or thinking ('talk about', 'worry about'), not with 'insist'.",k-eng-6-2-1,medium,ai-generated,false,B,for,false,2
q-eng6.2-10,ENG6.2,mc,"Choose the correct preposition to fill the blank: 'The senior manager insisted _____ a thorough review of all documents before the contract was signed.'","'On' is correct — 'insist on' is the fixed prepositional collocation meaning to demand or require firmly; one insists on a course of action or a condition. 'For' is used in 'ask for' or 'wait for', not in the 'insist' collocation. 'At' does not collocate with 'insist' in standard English. 'About' collocates with verbs of speaking or thinking ('talk about', 'worry about'), not with 'insist'.",k-eng-6-2-1,medium,ai-generated,false,C,at,false,3
q-eng6.2-10,ENG6.2,mc,"Choose the correct preposition to fill the blank: 'The senior manager insisted _____ a thorough review of all documents before the contract was signed.'","'On' is correct — 'insist on' is the fixed prepositional collocation meaning to demand or require firmly; one insists on a course of action or a condition. 'For' is used in 'ask for' or 'wait for', not in the 'insist' collocation. 'At' does not collocate with 'insist' in standard English. 'About' collocates with verbs of speaking or thinking ('talk about', 'worry about'), not with 'insist'.",k-eng-6-2-1,medium,ai-generated,false,D,about,false,4
q-eng6.2-11,ENG6.2,mc,"Choose the correct verb form to fill the blank: 'She _____ in this city since she completed her postgraduate studies in 2018.'","'Has lived' is correct — 'since' marks a starting point in time and requires the present perfect tense to indicate an action that began in the past and continues to the present. 'Lives' is simple present, which does not show the connection to the starting point 'since 2018'. 'Lived' is simple past, which implies the action ended in the past, contradicting the ongoing nature shown by 'since'. 'Had lived' is past perfect, used for an action before another past event, not for an ongoing present situation.",k-eng-6-2-2,easy,ai-generated,false,A,lives,false,1
q-eng6.2-11,ENG6.2,mc,"Choose the correct verb form to fill the blank: 'She _____ in this city since she completed her postgraduate studies in 2018.'","'Has lived' is correct — 'since' marks a starting point in time and requires the present perfect tense to indicate an action that began in the past and continues to the present. 'Lives' is simple present, which does not show the connection to the starting point 'since 2018'. 'Lived' is simple past, which implies the action ended in the past, contradicting the ongoing nature shown by 'since'. 'Had lived' is past perfect, used for an action before another past event, not for an ongoing present situation.",k-eng-6-2-2,easy,ai-generated,false,B,lived,false,2
q-eng6.2-11,ENG6.2,mc,"Choose the correct verb form to fill the blank: 'She _____ in this city since she completed her postgraduate studies in 2018.'","'Has lived' is correct — 'since' marks a starting point in time and requires the present perfect tense to indicate an action that began in the past and continues to the present. 'Lives' is simple present, which does not show the connection to the starting point 'since 2018'. 'Lived' is simple past, which implies the action ended in the past, contradicting the ongoing nature shown by 'since'. 'Had lived' is past perfect, used for an action before another past event, not for an ongoing present situation.",k-eng-6-2-2,easy,ai-generated,false,C,has lived,true,3
q-eng6.2-11,ENG6.2,mc,"Choose the correct verb form to fill the blank: 'She _____ in this city since she completed her postgraduate studies in 2018.'","'Has lived' is correct — 'since' marks a starting point in time and requires the present perfect tense to indicate an action that began in the past and continues to the present. 'Lives' is simple present, which does not show the connection to the starting point 'since 2018'. 'Lived' is simple past, which implies the action ended in the past, contradicting the ongoing nature shown by 'since'. 'Had lived' is past perfect, used for an action before another past event, not for an ongoing present situation.",k-eng-6-2-2,easy,ai-generated,false,D,had lived,false,4
q-eng6.2-12,ENG6.2,mc,"Choose the correct verb form to fill the blank: 'The new expressway _____ last year by a team of engineers from three different countries.'","'Was constructed' is correct — 'last year' signals simple past tense, and the expressway is the recipient of the action (not the doer), so passive voice is needed: 'was constructed'. 'Is constructed' is simple present passive, which contradicts the past time marker 'last year'. 'Has been constructed' is present perfect passive, also inconsistent with the definite past marker 'last year'. 'Constructed' is active voice — the expressway cannot perform the action of constructing itself.",k-eng-6-2-2,easy,ai-generated,false,A,was constructed,true,1
q-eng6.2-12,ENG6.2,mc,"Choose the correct verb form to fill the blank: 'The new expressway _____ last year by a team of engineers from three different countries.'","'Was constructed' is correct — 'last year' signals simple past tense, and the expressway is the recipient of the action (not the doer), so passive voice is needed: 'was constructed'. 'Is constructed' is simple present passive, which contradicts the past time marker 'last year'. 'Has been constructed' is present perfect passive, also inconsistent with the definite past marker 'last year'. 'Constructed' is active voice — the expressway cannot perform the action of constructing itself.",k-eng-6-2-2,easy,ai-generated,false,B,is constructed,false,2
q-eng6.2-12,ENG6.2,mc,"Choose the correct verb form to fill the blank: 'The new expressway _____ last year by a team of engineers from three different countries.'","'Was constructed' is correct — 'last year' signals simple past tense, and the expressway is the recipient of the action (not the doer), so passive voice is needed: 'was constructed'. 'Is constructed' is simple present passive, which contradicts the past time marker 'last year'. 'Has been constructed' is present perfect passive, also inconsistent with the definite past marker 'last year'. 'Constructed' is active voice — the expressway cannot perform the action of constructing itself.",k-eng-6-2-2,easy,ai-generated,false,C,has been constructed,false,3
q-eng6.2-12,ENG6.2,mc,"Choose the correct verb form to fill the blank: 'The new expressway _____ last year by a team of engineers from three different countries.'","'Was constructed' is correct — 'last year' signals simple past tense, and the expressway is the recipient of the action (not the doer), so passive voice is needed: 'was constructed'. 'Is constructed' is simple present passive, which contradicts the past time marker 'last year'. 'Has been constructed' is present perfect passive, also inconsistent with the definite past marker 'last year'. 'Constructed' is active voice — the expressway cannot perform the action of constructing itself.",k-eng-6-2-2,easy,ai-generated,false,D,constructed,false,4
q-eng6.2-13,ENG6.2,mc,"Choose the correct verb form to fill the blank: 'The committee decided to avoid _____ the sensitive topic until more comprehensive data became available.'","'Discussing' is correct — 'avoid' always takes a gerund (-ing form), never an infinitive; this is a fixed grammatical rule in English. 'To discuss' is an infinitive, which is grammatically wrong after 'avoid'. 'Discuss' is the bare infinitive, also ungrammatical after 'avoid'. 'Discussed' is past tense and cannot function as the object of 'avoid' in this sentence structure.",k-eng-6-2-2,medium,ai-generated,false,A,to discuss,false,1
q-eng6.2-13,ENG6.2,mc,"Choose the correct verb form to fill the blank: 'The committee decided to avoid _____ the sensitive topic until more comprehensive data became available.'","'Discussing' is correct — 'avoid' always takes a gerund (-ing form), never an infinitive; this is a fixed grammatical rule in English. 'To discuss' is an infinitive, which is grammatically wrong after 'avoid'. 'Discuss' is the bare infinitive, also ungrammatical after 'avoid'. 'Discussed' is past tense and cannot function as the object of 'avoid' in this sentence structure.",k-eng-6-2-2,medium,ai-generated,false,B,discussing,true,2
q-eng6.2-13,ENG6.2,mc,"Choose the correct verb form to fill the blank: 'The committee decided to avoid _____ the sensitive topic until more comprehensive data became available.'","'Discussing' is correct — 'avoid' always takes a gerund (-ing form), never an infinitive; this is a fixed grammatical rule in English. 'To discuss' is an infinitive, which is grammatically wrong after 'avoid'. 'Discuss' is the bare infinitive, also ungrammatical after 'avoid'. 'Discussed' is past tense and cannot function as the object of 'avoid' in this sentence structure.",k-eng-6-2-2,medium,ai-generated,false,C,discuss,false,3
q-eng6.2-13,ENG6.2,mc,"Choose the correct verb form to fill the blank: 'The committee decided to avoid _____ the sensitive topic until more comprehensive data became available.'","'Discussing' is correct — 'avoid' always takes a gerund (-ing form), never an infinitive; this is a fixed grammatical rule in English. 'To discuss' is an infinitive, which is grammatically wrong after 'avoid'. 'Discuss' is the bare infinitive, also ungrammatical after 'avoid'. 'Discussed' is past tense and cannot function as the object of 'avoid' in this sentence structure.",k-eng-6-2-2,medium,ai-generated,false,D,discussed,false,4
q-eng6.2-14,ENG6.2,mc,"Choose the correct verb form to fill the blank: 'The peace negotiators _____ for over eight hours and are expected to reach a final agreement by midnight.'","'Have been talking' is correct — the action began in the past and continues up to the present moment (shown by 'are expected' in the same sentence), and 'for over eight hours' marks duration; this combination of duration + ongoing action requires present perfect continuous. 'Talk' is simple present and ignores the duration 'for over eight hours'. 'Talked' is simple past and implies the talking is over, contradicting 'are expected to reach a conclusion'. 'Are talking' is present continuous, but it does not show the connection to the starting point implied by the eight-hour duration.",k-eng-6-2-2,medium,ai-generated,false,A,talk,false,1
q-eng6.2-14,ENG6.2,mc,"Choose the correct verb form to fill the blank: 'The peace negotiators _____ for over eight hours and are expected to reach a final agreement by midnight.'","'Have been talking' is correct — the action began in the past and continues up to the present moment (shown by 'are expected' in the same sentence), and 'for over eight hours' marks duration; this combination of duration + ongoing action requires present perfect continuous. 'Talk' is simple present and ignores the duration 'for over eight hours'. 'Talked' is simple past and implies the talking is over, contradicting 'are expected to reach a conclusion'. 'Are talking' is present continuous, but it does not show the connection to the starting point implied by the eight-hour duration.",k-eng-6-2-2,medium,ai-generated,false,B,talked,false,2
q-eng6.2-14,ENG6.2,mc,"Choose the correct verb form to fill the blank: 'The peace negotiators _____ for over eight hours and are expected to reach a final agreement by midnight.'","'Have been talking' is correct — the action began in the past and continues up to the present moment (shown by 'are expected' in the same sentence), and 'for over eight hours' marks duration; this combination of duration + ongoing action requires present perfect continuous. 'Talk' is simple present and ignores the duration 'for over eight hours'. 'Talked' is simple past and implies the talking is over, contradicting 'are expected to reach a conclusion'. 'Are talking' is present continuous, but it does not show the connection to the starting point implied by the eight-hour duration.",k-eng-6-2-2,medium,ai-generated,false,C,have been talking,true,3
q-eng6.2-14,ENG6.2,mc,"Choose the correct verb form to fill the blank: 'The peace negotiators _____ for over eight hours and are expected to reach a final agreement by midnight.'","'Have been talking' is correct — the action began in the past and continues up to the present moment (shown by 'are expected' in the same sentence), and 'for over eight hours' marks duration; this combination of duration + ongoing action requires present perfect continuous. 'Talk' is simple present and ignores the duration 'for over eight hours'. 'Talked' is simple past and implies the talking is over, contradicting 'are expected to reach a conclusion'. 'Are talking' is present continuous, but it does not show the connection to the starting point implied by the eight-hour duration.",k-eng-6-2-2,medium,ai-generated,false,D,are talking,false,4
q-eng6.2-15,ENG6.2,mc,"Choose the correct verb form to fill the blank: 'If the laboratory samples _____ more carefully, the critical errors would have been detected much earlier.'","'Had been analyzed' is correct — this is a Type 3 conditional (unreal past): the if-clause requires past perfect (had + past participle), here in passive form; the main clause 'would have been detected' confirms the Type 3 structure. 'Was analyzed' is simple past passive, incorrect in the if-clause of a Type 3 conditional. 'Were analyzed' is used in Type 2 conditionals (unreal present/future), which require 'would + base form' in the main clause, not 'would have been'. 'Has been analyzed' is present perfect passive and cannot introduce an unreal past condition.",k-eng-6-2-2,hard,ai-generated,false,A,was analyzed,false,1
q-eng6.2-15,ENG6.2,mc,"Choose the correct verb form to fill the blank: 'If the laboratory samples _____ more carefully, the critical errors would have been detected much earlier.'","'Had been analyzed' is correct — this is a Type 3 conditional (unreal past): the if-clause requires past perfect (had + past participle), here in passive form; the main clause 'would have been detected' confirms the Type 3 structure. 'Was analyzed' is simple past passive, incorrect in the if-clause of a Type 3 conditional. 'Were analyzed' is used in Type 2 conditionals (unreal present/future), which require 'would + base form' in the main clause, not 'would have been'. 'Has been analyzed' is present perfect passive and cannot introduce an unreal past condition.",k-eng-6-2-2,hard,ai-generated,false,B,were analyzed,false,2
q-eng6.2-15,ENG6.2,mc,"Choose the correct verb form to fill the blank: 'If the laboratory samples _____ more carefully, the critical errors would have been detected much earlier.'","'Had been analyzed' is correct — this is a Type 3 conditional (unreal past): the if-clause requires past perfect (had + past participle), here in passive form; the main clause 'would have been detected' confirms the Type 3 structure. 'Was analyzed' is simple past passive, incorrect in the if-clause of a Type 3 conditional. 'Were analyzed' is used in Type 2 conditionals (unreal present/future), which require 'would + base form' in the main clause, not 'would have been'. 'Has been analyzed' is present perfect passive and cannot introduce an unreal past condition.",k-eng-6-2-2,hard,ai-generated,false,C,had been analyzed,true,3
q-eng6.2-15,ENG6.2,mc,"Choose the correct verb form to fill the blank: 'If the laboratory samples _____ more carefully, the critical errors would have been detected much earlier.'","'Had been analyzed' is correct — this is a Type 3 conditional (unreal past): the if-clause requires past perfect (had + past participle), here in passive form; the main clause 'would have been detected' confirms the Type 3 structure. 'Was analyzed' is simple past passive, incorrect in the if-clause of a Type 3 conditional. 'Were analyzed' is used in Type 2 conditionals (unreal present/future), which require 'would + base form' in the main clause, not 'would have been'. 'Has been analyzed' is present perfect passive and cannot introduce an unreal past condition.",k-eng-6-2-2,hard,ai-generated,false,D,has been analyzed,false,4
q-eng6.2-16,ENG6.2,mc,"Choose the correct verb form to fill the blank: 'He _____ the report by Friday, but he was pulled into urgent client meetings all week.'","'Should have submitted' is correct — the modal perfect 'should have + past participle' expresses an obligation or expectation that was not fulfilled in the past; the context 'but he was pulled into meetings' confirms it did not happen. 'Should submit' is present/future obligation, which does not match the past context established by 'was pulled'. 'Must have submitted' expresses a logical deduction or near-certainty about the past, not an unfulfilled obligation. 'Must submit' is present/future obligation, also inconsistent with the past-tense context.",k-eng-6-2-2,medium,ai-generated,false,A,should submit,false,1
q-eng6.2-16,ENG6.2,mc,"Choose the correct verb form to fill the blank: 'He _____ the report by Friday, but he was pulled into urgent client meetings all week.'","'Should have submitted' is correct — the modal perfect 'should have + past participle' expresses an obligation or expectation that was not fulfilled in the past; the context 'but he was pulled into meetings' confirms it did not happen. 'Should submit' is present/future obligation, which does not match the past context established by 'was pulled'. 'Must have submitted' expresses a logical deduction or near-certainty about the past, not an unfulfilled obligation. 'Must submit' is present/future obligation, also inconsistent with the past-tense context.",k-eng-6-2-2,medium,ai-generated,false,B,should have submitted,true,2
q-eng6.2-16,ENG6.2,mc,"Choose the correct verb form to fill the blank: 'He _____ the report by Friday, but he was pulled into urgent client meetings all week.'","'Should have submitted' is correct — the modal perfect 'should have + past participle' expresses an obligation or expectation that was not fulfilled in the past; the context 'but he was pulled into meetings' confirms it did not happen. 'Should submit' is present/future obligation, which does not match the past context established by 'was pulled'. 'Must have submitted' expresses a logical deduction or near-certainty about the past, not an unfulfilled obligation. 'Must submit' is present/future obligation, also inconsistent with the past-tense context.",k-eng-6-2-2,medium,ai-generated,false,C,must have submitted,false,3
q-eng6.2-16,ENG6.2,mc,"Choose the correct verb form to fill the blank: 'He _____ the report by Friday, but he was pulled into urgent client meetings all week.'","'Should have submitted' is correct — the modal perfect 'should have + past participle' expresses an obligation or expectation that was not fulfilled in the past; the context 'but he was pulled into meetings' confirms it did not happen. 'Should submit' is present/future obligation, which does not match the past context established by 'was pulled'. 'Must have submitted' expresses a logical deduction or near-certainty about the past, not an unfulfilled obligation. 'Must submit' is present/future obligation, also inconsistent with the past-tense context.",k-eng-6-2-2,medium,ai-generated,false,D,must submit,false,4
q-eng6.2-17,ENG6.2,mc,"Choose the correct verb form to fill the blank: 'By the time the inspection team arrives tomorrow morning, we _____ all the safety checks.'","'Will have completed' is correct — 'by the time + future reference' requires the future perfect tense, indicating that an action will be finished before a future point in time. 'Will complete' is simple future, which does not show completion before the arrival of the inspection team. 'Complete' is simple present; while simple present can refer to scheduled future events, it does not convey the completed-before-then meaning needed here. 'Are completing' is present continuous, also unable to express the future completion required by 'by the time'.",k-eng-6-2-2,medium,ai-generated,false,A,will complete,false,1
q-eng6.2-17,ENG6.2,mc,"Choose the correct verb form to fill the blank: 'By the time the inspection team arrives tomorrow morning, we _____ all the safety checks.'","'Will have completed' is correct — 'by the time + future reference' requires the future perfect tense, indicating that an action will be finished before a future point in time. 'Will complete' is simple future, which does not show completion before the arrival of the inspection team. 'Complete' is simple present; while simple present can refer to scheduled future events, it does not convey the completed-before-then meaning needed here. 'Are completing' is present continuous, also unable to express the future completion required by 'by the time'.",k-eng-6-2-2,medium,ai-generated,false,B,complete,false,2
q-eng6.2-17,ENG6.2,mc,"Choose the correct verb form to fill the blank: 'By the time the inspection team arrives tomorrow morning, we _____ all the safety checks.'","'Will have completed' is correct — 'by the time + future reference' requires the future perfect tense, indicating that an action will be finished before a future point in time. 'Will complete' is simple future, which does not show completion before the arrival of the inspection team. 'Complete' is simple present; while simple present can refer to scheduled future events, it does not convey the completed-before-then meaning needed here. 'Are completing' is present continuous, also unable to express the future completion required by 'by the time'.",k-eng-6-2-2,medium,ai-generated,false,C,will have completed,true,3
q-eng6.2-17,ENG6.2,mc,"Choose the correct verb form to fill the blank: 'By the time the inspection team arrives tomorrow morning, we _____ all the safety checks.'","'Will have completed' is correct — 'by the time + future reference' requires the future perfect tense, indicating that an action will be finished before a future point in time. 'Will complete' is simple future, which does not show completion before the arrival of the inspection team. 'Complete' is simple present; while simple present can refer to scheduled future events, it does not convey the completed-before-then meaning needed here. 'Are completing' is present continuous, also unable to express the future completion required by 'by the time'.",k-eng-6-2-2,medium,ai-generated,false,D,are completing,false,4
q-eng6.2-18,ENG6.2,mc,"Choose the correct verb form to fill the blank: 'The last flight _____ before we reached the airport, so we had to book an early morning train instead.'","'Had departed' is correct — the past perfect is required to show that one past action (the flight departing) was completed before another past action (reaching the airport); 'had + past participle' is the standard form. 'Has departed' is present perfect, which refers to a past action with current relevance, not an action prior to another past event. 'Departed' is simple past, which places both events at the same time level without showing which happened first. 'Was departing' is past continuous, suggesting the flight was in the process of departing as they arrived, which contradicts 'had to book a train instead'.",k-eng-6-2-2,medium,ai-generated,false,A,has departed,false,1
q-eng6.2-18,ENG6.2,mc,"Choose the correct verb form to fill the blank: 'The last flight _____ before we reached the airport, so we had to book an early morning train instead.'","'Had departed' is correct — the past perfect is required to show that one past action (the flight departing) was completed before another past action (reaching the airport); 'had + past participle' is the standard form. 'Has departed' is present perfect, which refers to a past action with current relevance, not an action prior to another past event. 'Departed' is simple past, which places both events at the same time level without showing which happened first. 'Was departing' is past continuous, suggesting the flight was in the process of departing as they arrived, which contradicts 'had to book a train instead'.",k-eng-6-2-2,medium,ai-generated,false,B,departed,false,2
q-eng6.2-18,ENG6.2,mc,"Choose the correct verb form to fill the blank: 'The last flight _____ before we reached the airport, so we had to book an early morning train instead.'","'Had departed' is correct — the past perfect is required to show that one past action (the flight departing) was completed before another past action (reaching the airport); 'had + past participle' is the standard form. 'Has departed' is present perfect, which refers to a past action with current relevance, not an action prior to another past event. 'Departed' is simple past, which places both events at the same time level without showing which happened first. 'Was departing' is past continuous, suggesting the flight was in the process of departing as they arrived, which contradicts 'had to book a train instead'.",k-eng-6-2-2,medium,ai-generated,false,C,had departed,true,3
q-eng6.2-18,ENG6.2,mc,"Choose the correct verb form to fill the blank: 'The last flight _____ before we reached the airport, so we had to book an early morning train instead.'","'Had departed' is correct — the past perfect is required to show that one past action (the flight departing) was completed before another past action (reaching the airport); 'had + past participle' is the standard form. 'Has departed' is present perfect, which refers to a past action with current relevance, not an action prior to another past event. 'Departed' is simple past, which places both events at the same time level without showing which happened first. 'Was departing' is past continuous, suggesting the flight was in the process of departing as they arrived, which contradicts 'had to book a train instead'.",k-eng-6-2-2,medium,ai-generated,false,D,was departing,false,4
q-eng6.2-19,ENG6.2,mc,"Choose the correct verb form to fill the blank: 'The physician suggested _____ at least eight glasses of water daily and getting a minimum of seven hours of sleep.'","'Drinking' is correct — 'suggest' always takes a gerund (-ing form) when followed by a verb, never a to-infinitive; 'suggest drinking' is the grammatically required structure. 'To drink' is the to-infinitive, which is ungrammatical after 'suggest' in standard British and Indian English. 'Drink' is the bare infinitive, also not accepted after 'suggest'. 'That drink' is ungrammatical; the correct subordinate clause structure would be 'suggest that someone drink/drinks', which is not among the options.",k-eng-6-2-2,medium,ai-generated,false,A,to drink,false,1
q-eng6.2-19,ENG6.2,mc,"Choose the correct verb form to fill the blank: 'The physician suggested _____ at least eight glasses of water daily and getting a minimum of seven hours of sleep.'","'Drinking' is correct — 'suggest' always takes a gerund (-ing form) when followed by a verb, never a to-infinitive; 'suggest drinking' is the grammatically required structure. 'To drink' is the to-infinitive, which is ungrammatical after 'suggest' in standard British and Indian English. 'Drink' is the bare infinitive, also not accepted after 'suggest'. 'That drink' is ungrammatical; the correct subordinate clause structure would be 'suggest that someone drink/drinks', which is not among the options.",k-eng-6-2-2,medium,ai-generated,false,B,drinking,true,2
q-eng6.2-19,ENG6.2,mc,"Choose the correct verb form to fill the blank: 'The physician suggested _____ at least eight glasses of water daily and getting a minimum of seven hours of sleep.'","'Drinking' is correct — 'suggest' always takes a gerund (-ing form) when followed by a verb, never a to-infinitive; 'suggest drinking' is the grammatically required structure. 'To drink' is the to-infinitive, which is ungrammatical after 'suggest' in standard British and Indian English. 'Drink' is the bare infinitive, also not accepted after 'suggest'. 'That drink' is ungrammatical; the correct subordinate clause structure would be 'suggest that someone drink/drinks', which is not among the options.",k-eng-6-2-2,medium,ai-generated,false,C,drink,false,3
q-eng6.2-19,ENG6.2,mc,"Choose the correct verb form to fill the blank: 'The physician suggested _____ at least eight glasses of water daily and getting a minimum of seven hours of sleep.'","'Drinking' is correct — 'suggest' always takes a gerund (-ing form) when followed by a verb, never a to-infinitive; 'suggest drinking' is the grammatically required structure. 'To drink' is the to-infinitive, which is ungrammatical after 'suggest' in standard British and Indian English. 'Drink' is the bare infinitive, also not accepted after 'suggest'. 'That drink' is ungrammatical; the correct subordinate clause structure would be 'suggest that someone drink/drinks', which is not among the options.",k-eng-6-2-2,medium,ai-generated,false,D,that drink,false,4
q-eng6.2-20,ENG6.2,mc,"Choose the correct verb form to fill the blank: 'The report confirms that water _____ at exactly 100 degrees Celsius at standard atmospheric pressure.'","'Boils' is correct — universal scientific truths and natural laws are always expressed in the simple present tense, regardless of when the sentence is written; 'water boils at 100°C' is a permanent fact. 'Boiled' is simple past, which would imply this was once true but may no longer be, which is factually wrong. 'Has boiled' is present perfect, suggesting a recently completed action rather than a permanent truth. 'Would boil' is conditional, suggesting uncertainty or a hypothetical, which contradicts the factual certainty of the scientific law.",k-eng-6-2-2,easy,ai-generated,false,A,boiled,false,1
q-eng6.2-20,ENG6.2,mc,"Choose the correct verb form to fill the blank: 'The report confirms that water _____ at exactly 100 degrees Celsius at standard atmospheric pressure.'","'Boils' is correct — universal scientific truths and natural laws are always expressed in the simple present tense, regardless of when the sentence is written; 'water boils at 100°C' is a permanent fact. 'Boiled' is simple past, which would imply this was once true but may no longer be, which is factually wrong. 'Has boiled' is present perfect, suggesting a recently completed action rather than a permanent truth. 'Would boil' is conditional, suggesting uncertainty or a hypothetical, which contradicts the factual certainty of the scientific law.",k-eng-6-2-2,easy,ai-generated,false,B,boils,true,2
q-eng6.2-20,ENG6.2,mc,"Choose the correct verb form to fill the blank: 'The report confirms that water _____ at exactly 100 degrees Celsius at standard atmospheric pressure.'","'Boils' is correct — universal scientific truths and natural laws are always expressed in the simple present tense, regardless of when the sentence is written; 'water boils at 100°C' is a permanent fact. 'Boiled' is simple past, which would imply this was once true but may no longer be, which is factually wrong. 'Has boiled' is present perfect, suggesting a recently completed action rather than a permanent truth. 'Would boil' is conditional, suggesting uncertainty or a hypothetical, which contradicts the factual certainty of the scientific law.",k-eng-6-2-2,easy,ai-generated,false,C,has boiled,false,3
q-eng6.2-20,ENG6.2,mc,"Choose the correct verb form to fill the blank: 'The report confirms that water _____ at exactly 100 degrees Celsius at standard atmospheric pressure.'","'Boils' is correct — universal scientific truths and natural laws are always expressed in the simple present tense, regardless of when the sentence is written; 'water boils at 100°C' is a permanent fact. 'Boiled' is simple past, which would imply this was once true but may no longer be, which is factually wrong. 'Has boiled' is present perfect, suggesting a recently completed action rather than a permanent truth. 'Would boil' is conditional, suggesting uncertainty or a hypothetical, which contradicts the factual certainty of the scientific law.",k-eng-6-2-2,easy,ai-generated,false,D,would boil,false,4
q-eng6.2-21,ENG6.2,mc,"Read the passage and choose the word that best maintains the theme: 'The company has committed to reducing its carbon footprint by 40% over the next decade. It has already invested heavily in solar panels and electric vehicles. This _____ approach to business will set a precedent for the entire industry.'","'Sustainable' is correct — the passage theme is long-term environmental responsibility; 'sustainable approach' aligns with the green investments and future-focused commitment described. 'Reckless' means careless and irresponsible, directly contradicting a company making careful environmental investments. 'Profitable' focuses on financial returns, which is not the theme the passage develops. 'Conventional' means traditional and standard, contradicting the innovative, forward-looking nature of the company's green strategy.",s-eng-6-2-1,easy,ai-generated,false,A,reckless,false,1
q-eng6.2-21,ENG6.2,mc,"Read the passage and choose the word that best maintains the theme: 'The company has committed to reducing its carbon footprint by 40% over the next decade. It has already invested heavily in solar panels and electric vehicles. This _____ approach to business will set a precedent for the entire industry.'","'Sustainable' is correct — the passage theme is long-term environmental responsibility; 'sustainable approach' aligns with the green investments and future-focused commitment described. 'Reckless' means careless and irresponsible, directly contradicting a company making careful environmental investments. 'Profitable' focuses on financial returns, which is not the theme the passage develops. 'Conventional' means traditional and standard, contradicting the innovative, forward-looking nature of the company's green strategy.",s-eng-6-2-1,easy,ai-generated,false,B,sustainable,true,2
q-eng6.2-21,ENG6.2,mc,"Read the passage and choose the word that best maintains the theme: 'The company has committed to reducing its carbon footprint by 40% over the next decade. It has already invested heavily in solar panels and electric vehicles. This _____ approach to business will set a precedent for the entire industry.'","'Sustainable' is correct — the passage theme is long-term environmental responsibility; 'sustainable approach' aligns with the green investments and future-focused commitment described. 'Reckless' means careless and irresponsible, directly contradicting a company making careful environmental investments. 'Profitable' focuses on financial returns, which is not the theme the passage develops. 'Conventional' means traditional and standard, contradicting the innovative, forward-looking nature of the company's green strategy.",s-eng-6-2-1,easy,ai-generated,false,C,profitable,false,3
q-eng6.2-21,ENG6.2,mc,"Read the passage and choose the word that best maintains the theme: 'The company has committed to reducing its carbon footprint by 40% over the next decade. It has already invested heavily in solar panels and electric vehicles. This _____ approach to business will set a precedent for the entire industry.'","'Sustainable' is correct — the passage theme is long-term environmental responsibility; 'sustainable approach' aligns with the green investments and future-focused commitment described. 'Reckless' means careless and irresponsible, directly contradicting a company making careful environmental investments. 'Profitable' focuses on financial returns, which is not the theme the passage develops. 'Conventional' means traditional and standard, contradicting the innovative, forward-looking nature of the company's green strategy.",s-eng-6-2-1,easy,ai-generated,false,D,conventional,false,4
q-eng6.2-22,ENG6.2,mc,"Read the passage and choose the word that best maintains the theme: 'The pharmaceutical company spent fifteen years and billions of rupees developing the new vaccine. Thousands of clinical trials were conducted across multiple countries. The drug's eventual regulatory approval was a _____ moment for medical science.'","'Landmark' is correct — fifteen years, billions of rupees, and thousands of trials signal an extraordinary achievement; 'landmark moment' (a historic turning point) is the only option that matches this scale. 'Routine' means ordinary and expected, which contradicts the extraordinary effort described. 'Premature' means happening too early or before conditions are right, which contradicts the extensive, completed trial process. 'Disappointing' is the opposite of what a final approval after such massive investment represents.",s-eng-6-2-1,easy,ai-generated,false,A,routine,false,1
q-eng6.2-22,ENG6.2,mc,"Read the passage and choose the word that best maintains the theme: 'The pharmaceutical company spent fifteen years and billions of rupees developing the new vaccine. Thousands of clinical trials were conducted across multiple countries. The drug's eventual regulatory approval was a _____ moment for medical science.'","'Landmark' is correct — fifteen years, billions of rupees, and thousands of trials signal an extraordinary achievement; 'landmark moment' (a historic turning point) is the only option that matches this scale. 'Routine' means ordinary and expected, which contradicts the extraordinary effort described. 'Premature' means happening too early or before conditions are right, which contradicts the extensive, completed trial process. 'Disappointing' is the opposite of what a final approval after such massive investment represents.",s-eng-6-2-1,easy,ai-generated,false,B,premature,false,2
q-eng6.2-22,ENG6.2,mc,"Read the passage and choose the word that best maintains the theme: 'The pharmaceutical company spent fifteen years and billions of rupees developing the new vaccine. Thousands of clinical trials were conducted across multiple countries. The drug's eventual regulatory approval was a _____ moment for medical science.'","'Landmark' is correct — fifteen years, billions of rupees, and thousands of trials signal an extraordinary achievement; 'landmark moment' (a historic turning point) is the only option that matches this scale. 'Routine' means ordinary and expected, which contradicts the extraordinary effort described. 'Premature' means happening too early or before conditions are right, which contradicts the extensive, completed trial process. 'Disappointing' is the opposite of what a final approval after such massive investment represents.",s-eng-6-2-1,easy,ai-generated,false,C,landmark,true,3
q-eng6.2-22,ENG6.2,mc,"Read the passage and choose the word that best maintains the theme: 'The pharmaceutical company spent fifteen years and billions of rupees developing the new vaccine. Thousands of clinical trials were conducted across multiple countries. The drug's eventual regulatory approval was a _____ moment for medical science.'","'Landmark' is correct — fifteen years, billions of rupees, and thousands of trials signal an extraordinary achievement; 'landmark moment' (a historic turning point) is the only option that matches this scale. 'Routine' means ordinary and expected, which contradicts the extraordinary effort described. 'Premature' means happening too early or before conditions are right, which contradicts the extensive, completed trial process. 'Disappointing' is the opposite of what a final approval after such massive investment represents.",s-eng-6-2-1,easy,ai-generated,false,D,disappointing,false,4
q-eng6.2-23,ENG6.2,mc,"Read the passage and choose the word that best maintains the theme: 'The new education policy seeks to provide equal opportunities for children from all economic backgrounds. Scholarship programmes and free meals have been introduced in government schools. The policy reflects the government's _____ commitment to bridging the gap between the rich and the poor.'","'Steadfast' is correct — the passage describes wide-ranging, concrete measures (scholarships, free meals) supporting a long-term goal; 'steadfast' (firm, unwavering) matches both the scale and the social-justice theme. 'Reluctant' means unwilling and hesitant, which contradicts investing heavily in scholarships and meals. 'Nominal' means in name only, existing without substance — the opposite of a policy backed by real, implemented measures. 'Occasional' suggests inconsistency over time, contradicting the broad, ongoing measures described.",s-eng-6-2-1,medium,ai-generated,false,A,reluctant,false,1
q-eng6.2-23,ENG6.2,mc,"Read the passage and choose the word that best maintains the theme: 'The new education policy seeks to provide equal opportunities for children from all economic backgrounds. Scholarship programmes and free meals have been introduced in government schools. The policy reflects the government's _____ commitment to bridging the gap between the rich and the poor.'","'Steadfast' is correct — the passage describes wide-ranging, concrete measures (scholarships, free meals) supporting a long-term goal; 'steadfast' (firm, unwavering) matches both the scale and the social-justice theme. 'Reluctant' means unwilling and hesitant, which contradicts investing heavily in scholarships and meals. 'Nominal' means in name only, existing without substance — the opposite of a policy backed by real, implemented measures. 'Occasional' suggests inconsistency over time, contradicting the broad, ongoing measures described.",s-eng-6-2-1,medium,ai-generated,false,B,nominal,false,2
q-eng6.2-23,ENG6.2,mc,"Read the passage and choose the word that best maintains the theme: 'The new education policy seeks to provide equal opportunities for children from all economic backgrounds. Scholarship programmes and free meals have been introduced in government schools. The policy reflects the government's _____ commitment to bridging the gap between the rich and the poor.'","'Steadfast' is correct — the passage describes wide-ranging, concrete measures (scholarships, free meals) supporting a long-term goal; 'steadfast' (firm, unwavering) matches both the scale and the social-justice theme. 'Reluctant' means unwilling and hesitant, which contradicts investing heavily in scholarships and meals. 'Nominal' means in name only, existing without substance — the opposite of a policy backed by real, implemented measures. 'Occasional' suggests inconsistency over time, contradicting the broad, ongoing measures described.",s-eng-6-2-1,medium,ai-generated,false,C,steadfast,true,3
q-eng6.2-23,ENG6.2,mc,"Read the passage and choose the word that best maintains the theme: 'The new education policy seeks to provide equal opportunities for children from all economic backgrounds. Scholarship programmes and free meals have been introduced in government schools. The policy reflects the government's _____ commitment to bridging the gap between the rich and the poor.'","'Steadfast' is correct — the passage describes wide-ranging, concrete measures (scholarships, free meals) supporting a long-term goal; 'steadfast' (firm, unwavering) matches both the scale and the social-justice theme. 'Reluctant' means unwilling and hesitant, which contradicts investing heavily in scholarships and meals. 'Nominal' means in name only, existing without substance — the opposite of a policy backed by real, implemented measures. 'Occasional' suggests inconsistency over time, contradicting the broad, ongoing measures described.",s-eng-6-2-1,medium,ai-generated,false,D,occasional,false,4
q-eng6.2-24,ENG6.2,mc,"Read the passage and choose the word that best maintains the theme: 'The police received a tip that the suspect had crossed the state border. A multi-agency operation was launched within hours. The _____ response prevented what could have been a major security breach.'","'Swift' is correct — 'within hours' directly signals speed; the theme is rapid, effective law enforcement; 'swift response' (fast, immediate) is the only option consistent with the time marker and successful outcome. 'Sluggish' means slow and inefficient, directly contradicted by 'within hours'. 'Delayed' also means late in responding, contradicted by the immediate launch described. 'Controversial' implies public disagreement about the response, which the passage does not hint at.",s-eng-6-2-1,easy,ai-generated,false,A,sluggish,false,1
q-eng6.2-24,ENG6.2,mc,"Read the passage and choose the word that best maintains the theme: 'The police received a tip that the suspect had crossed the state border. A multi-agency operation was launched within hours. The _____ response prevented what could have been a major security breach.'","'Swift' is correct — 'within hours' directly signals speed; the theme is rapid, effective law enforcement; 'swift response' (fast, immediate) is the only option consistent with the time marker and successful outcome. 'Sluggish' means slow and inefficient, directly contradicted by 'within hours'. 'Delayed' also means late in responding, contradicted by the immediate launch described. 'Controversial' implies public disagreement about the response, which the passage does not hint at.",s-eng-6-2-1,easy,ai-generated,false,B,delayed,false,2
q-eng6.2-24,ENG6.2,mc,"Read the passage and choose the word that best maintains the theme: 'The police received a tip that the suspect had crossed the state border. A multi-agency operation was launched within hours. The _____ response prevented what could have been a major security breach.'","'Swift' is correct — 'within hours' directly signals speed; the theme is rapid, effective law enforcement; 'swift response' (fast, immediate) is the only option consistent with the time marker and successful outcome. 'Sluggish' means slow and inefficient, directly contradicted by 'within hours'. 'Delayed' also means late in responding, contradicted by the immediate launch described. 'Controversial' implies public disagreement about the response, which the passage does not hint at.",s-eng-6-2-1,easy,ai-generated,false,C,swift,true,3
q-eng6.2-24,ENG6.2,mc,"Read the passage and choose the word that best maintains the theme: 'The police received a tip that the suspect had crossed the state border. A multi-agency operation was launched within hours. The _____ response prevented what could have been a major security breach.'","'Swift' is correct — 'within hours' directly signals speed; the theme is rapid, effective law enforcement; 'swift response' (fast, immediate) is the only option consistent with the time marker and successful outcome. 'Sluggish' means slow and inefficient, directly contradicted by 'within hours'. 'Delayed' also means late in responding, contradicted by the immediate launch described. 'Controversial' implies public disagreement about the response, which the passage does not hint at.",s-eng-6-2-1,easy,ai-generated,false,D,controversial,false,4
q-eng6.2-25,ENG6.2,mc,"Read the passage and choose the word that best maintains the theme: 'The ancient manuscript had survived centuries of wars, floods, and deliberate neglect. Scholars from three universities spent years carefully deciphering its faded text. It is now considered _____ to our understanding of medieval Indian history.'","'Invaluable' is correct — centuries of survival plus years of scholarly effort signal extreme importance; 'invaluable' (priceless, of immeasurable value) is the only option that matches this significance. 'Irrelevant' means of no importance, directly contradicted by years of scholarly dedication. 'Redundant' means unnecessary or repetitive, also contradicted by the unique value the passage attributes to the manuscript. 'Supplementary' means additional rather than essential, understating the primary importance the passage establishes.",s-eng-6-2-1,medium,ai-generated,false,A,irrelevant,false,1
q-eng6.2-25,ENG6.2,mc,"Read the passage and choose the word that best maintains the theme: 'The ancient manuscript had survived centuries of wars, floods, and deliberate neglect. Scholars from three universities spent years carefully deciphering its faded text. It is now considered _____ to our understanding of medieval Indian history.'","'Invaluable' is correct — centuries of survival plus years of scholarly effort signal extreme importance; 'invaluable' (priceless, of immeasurable value) is the only option that matches this significance. 'Irrelevant' means of no importance, directly contradicted by years of scholarly dedication. 'Redundant' means unnecessary or repetitive, also contradicted by the unique value the passage attributes to the manuscript. 'Supplementary' means additional rather than essential, understating the primary importance the passage establishes.",s-eng-6-2-1,medium,ai-generated,false,B,redundant,false,2
q-eng6.2-25,ENG6.2,mc,"Read the passage and choose the word that best maintains the theme: 'The ancient manuscript had survived centuries of wars, floods, and deliberate neglect. Scholars from three universities spent years carefully deciphering its faded text. It is now considered _____ to our understanding of medieval Indian history.'","'Invaluable' is correct — centuries of survival plus years of scholarly effort signal extreme importance; 'invaluable' (priceless, of immeasurable value) is the only option that matches this significance. 'Irrelevant' means of no importance, directly contradicted by years of scholarly dedication. 'Redundant' means unnecessary or repetitive, also contradicted by the unique value the passage attributes to the manuscript. 'Supplementary' means additional rather than essential, understating the primary importance the passage establishes.",s-eng-6-2-1,medium,ai-generated,false,C,supplementary,false,3
q-eng6.2-25,ENG6.2,mc,"Read the passage and choose the word that best maintains the theme: 'The ancient manuscript had survived centuries of wars, floods, and deliberate neglect. Scholars from three universities spent years carefully deciphering its faded text. It is now considered _____ to our understanding of medieval Indian history.'","'Invaluable' is correct — centuries of survival plus years of scholarly effort signal extreme importance; 'invaluable' (priceless, of immeasurable value) is the only option that matches this significance. 'Irrelevant' means of no importance, directly contradicted by years of scholarly dedication. 'Redundant' means unnecessary or repetitive, also contradicted by the unique value the passage attributes to the manuscript. 'Supplementary' means additional rather than essential, understating the primary importance the passage establishes.",s-eng-6-2-1,medium,ai-generated,false,D,invaluable,true,4
q-eng6.2-26,ENG6.2,mc,"Read the passage and choose the word that best maintains the theme: 'The new CEO took charge during one of the most difficult periods in the company's history. She restructured the entire management team and renegotiated contracts with key suppliers. Her _____ leadership style helped the company recover faster than analysts had predicted.'","'Decisive' is correct — restructuring teams and renegotiating contracts are bold, concrete actions; 'decisive' (making firm, clear decisions) is the only option consistent with the turnaround theme. 'Passive' means accepting without resistance or acting, the opposite of restructuring and renegotiating. 'Indecisive' means unable to make firm decisions, which would not produce the rapid recovery described. 'Reactive' means responding to events rather than initiating them, which understates the proactive restructuring the passage describes.",s-eng-6-2-1,medium,ai-generated,false,A,passive,false,1
q-eng6.2-26,ENG6.2,mc,"Read the passage and choose the word that best maintains the theme: 'The new CEO took charge during one of the most difficult periods in the company's history. She restructured the entire management team and renegotiated contracts with key suppliers. Her _____ leadership style helped the company recover faster than analysts had predicted.'","'Decisive' is correct — restructuring teams and renegotiating contracts are bold, concrete actions; 'decisive' (making firm, clear decisions) is the only option consistent with the turnaround theme. 'Passive' means accepting without resistance or acting, the opposite of restructuring and renegotiating. 'Indecisive' means unable to make firm decisions, which would not produce the rapid recovery described. 'Reactive' means responding to events rather than initiating them, which understates the proactive restructuring the passage describes.",s-eng-6-2-1,medium,ai-generated,false,B,indecisive,false,2
q-eng6.2-26,ENG6.2,mc,"Read the passage and choose the word that best maintains the theme: 'The new CEO took charge during one of the most difficult periods in the company's history. She restructured the entire management team and renegotiated contracts with key suppliers. Her _____ leadership style helped the company recover faster than analysts had predicted.'","'Decisive' is correct — restructuring teams and renegotiating contracts are bold, concrete actions; 'decisive' (making firm, clear decisions) is the only option consistent with the turnaround theme. 'Passive' means accepting without resistance or acting, the opposite of restructuring and renegotiating. 'Indecisive' means unable to make firm decisions, which would not produce the rapid recovery described. 'Reactive' means responding to events rather than initiating them, which understates the proactive restructuring the passage describes.",s-eng-6-2-1,medium,ai-generated,false,C,decisive,true,3
q-eng6.2-26,ENG6.2,mc,"Read the passage and choose the word that best maintains the theme: 'The new CEO took charge during one of the most difficult periods in the company's history. She restructured the entire management team and renegotiated contracts with key suppliers. Her _____ leadership style helped the company recover faster than analysts had predicted.'","'Decisive' is correct — restructuring teams and renegotiating contracts are bold, concrete actions; 'decisive' (making firm, clear decisions) is the only option consistent with the turnaround theme. 'Passive' means accepting without resistance or acting, the opposite of restructuring and renegotiating. 'Indecisive' means unable to make firm decisions, which would not produce the rapid recovery described. 'Reactive' means responding to events rather than initiating them, which understates the proactive restructuring the passage describes.",s-eng-6-2-1,medium,ai-generated,false,D,reactive,false,4
q-eng6.2-27,ENG6.2,mc,"Read the passage and choose the word that best maintains the theme: 'The startup developed an app that gives farmers real-time weather alerts and crop disease warnings. The app was downloaded over two million times in its first year alone. This _____ solution is transforming the face of agriculture in rural India.'","'Innovative' is correct — a new technology solving an old agricultural problem and achieving two million downloads signals a creative, forward-thinking solution; 'innovative' (introducing new ideas) aligns perfectly with the theme. 'Trivial' means of little importance or value, contradicted by the massive downloads and transformative impact described. 'Outdated' means old-fashioned, directly contradicted by the new app and tech-driven solution. 'Conventional' means traditional and ordinary, contradicted by the novel technology the passage describes.",s-eng-6-2-1,easy,ai-generated,false,A,trivial,false,1
q-eng6.2-27,ENG6.2,mc,"Read the passage and choose the word that best maintains the theme: 'The startup developed an app that gives farmers real-time weather alerts and crop disease warnings. The app was downloaded over two million times in its first year alone. This _____ solution is transforming the face of agriculture in rural India.'","'Innovative' is correct — a new technology solving an old agricultural problem and achieving two million downloads signals a creative, forward-thinking solution; 'innovative' (introducing new ideas) aligns perfectly with the theme. 'Trivial' means of little importance or value, contradicted by the massive downloads and transformative impact described. 'Outdated' means old-fashioned, directly contradicted by the new app and tech-driven solution. 'Conventional' means traditional and ordinary, contradicted by the novel technology the passage describes.",s-eng-6-2-1,easy,ai-generated,false,B,outdated,false,2
q-eng6.2-27,ENG6.2,mc,"Read the passage and choose the word that best maintains the theme: 'The startup developed an app that gives farmers real-time weather alerts and crop disease warnings. The app was downloaded over two million times in its first year alone. This _____ solution is transforming the face of agriculture in rural India.'","'Innovative' is correct — a new technology solving an old agricultural problem and achieving two million downloads signals a creative, forward-thinking solution; 'innovative' (introducing new ideas) aligns perfectly with the theme. 'Trivial' means of little importance or value, contradicted by the massive downloads and transformative impact described. 'Outdated' means old-fashioned, directly contradicted by the new app and tech-driven solution. 'Conventional' means traditional and ordinary, contradicted by the novel technology the passage describes.",s-eng-6-2-1,easy,ai-generated,false,C,conventional,false,3
q-eng6.2-27,ENG6.2,mc,"Read the passage and choose the word that best maintains the theme: 'The startup developed an app that gives farmers real-time weather alerts and crop disease warnings. The app was downloaded over two million times in its first year alone. This _____ solution is transforming the face of agriculture in rural India.'","'Innovative' is correct — a new technology solving an old agricultural problem and achieving two million downloads signals a creative, forward-thinking solution; 'innovative' (introducing new ideas) aligns perfectly with the theme. 'Trivial' means of little importance or value, contradicted by the massive downloads and transformative impact described. 'Outdated' means old-fashioned, directly contradicted by the new app and tech-driven solution. 'Conventional' means traditional and ordinary, contradicted by the novel technology the passage describes.",s-eng-6-2-1,easy,ai-generated,false,D,innovative,true,4
q-eng6.2-28,ENG6.2,mc,"Read the passage and choose the word that best maintains the theme: 'People who exercised regularly and maintained a balanced diet showed significantly lower rates of chronic illness. Those who also practised mindfulness reported even better health outcomes. The research underscores the importance of a _____ approach to wellness.'","'Holistic' is correct — the passage covers physical (exercise, diet) and mental (mindfulness) dimensions of health together; 'holistic' (treating the whole person: body, mind, and spirit) is the only word that captures this multi-dimensional theme. 'Fragmented' means broken into separate, unconnected parts, which contradicts the integrated approach the passage describes. 'Pharmaceutical' refers to medicine and drugs, which are not mentioned in the passage. 'Reactive' means responding to illness after it occurs, which contradicts the preventive, lifestyle-based approach of the passage.",s-eng-6-2-1,medium,ai-generated,false,A,fragmented,false,1
q-eng6.2-28,ENG6.2,mc,"Read the passage and choose the word that best maintains the theme: 'People who exercised regularly and maintained a balanced diet showed significantly lower rates of chronic illness. Those who also practised mindfulness reported even better health outcomes. The research underscores the importance of a _____ approach to wellness.'","'Holistic' is correct — the passage covers physical (exercise, diet) and mental (mindfulness) dimensions of health together; 'holistic' (treating the whole person: body, mind, and spirit) is the only word that captures this multi-dimensional theme. 'Fragmented' means broken into separate, unconnected parts, which contradicts the integrated approach the passage describes. 'Pharmaceutical' refers to medicine and drugs, which are not mentioned in the passage. 'Reactive' means responding to illness after it occurs, which contradicts the preventive, lifestyle-based approach of the passage.",s-eng-6-2-1,medium,ai-generated,false,B,pharmaceutical,false,2
q-eng6.2-28,ENG6.2,mc,"Read the passage and choose the word that best maintains the theme: 'People who exercised regularly and maintained a balanced diet showed significantly lower rates of chronic illness. Those who also practised mindfulness reported even better health outcomes. The research underscores the importance of a _____ approach to wellness.'","'Holistic' is correct — the passage covers physical (exercise, diet) and mental (mindfulness) dimensions of health together; 'holistic' (treating the whole person: body, mind, and spirit) is the only word that captures this multi-dimensional theme. 'Fragmented' means broken into separate, unconnected parts, which contradicts the integrated approach the passage describes. 'Pharmaceutical' refers to medicine and drugs, which are not mentioned in the passage. 'Reactive' means responding to illness after it occurs, which contradicts the preventive, lifestyle-based approach of the passage.",s-eng-6-2-1,medium,ai-generated,false,C,holistic,true,3
q-eng6.2-28,ENG6.2,mc,"Read the passage and choose the word that best maintains the theme: 'People who exercised regularly and maintained a balanced diet showed significantly lower rates of chronic illness. Those who also practised mindfulness reported even better health outcomes. The research underscores the importance of a _____ approach to wellness.'","'Holistic' is correct — the passage covers physical (exercise, diet) and mental (mindfulness) dimensions of health together; 'holistic' (treating the whole person: body, mind, and spirit) is the only word that captures this multi-dimensional theme. 'Fragmented' means broken into separate, unconnected parts, which contradicts the integrated approach the passage describes. 'Pharmaceutical' refers to medicine and drugs, which are not mentioned in the passage. 'Reactive' means responding to illness after it occurs, which contradicts the preventive, lifestyle-based approach of the passage.",s-eng-6-2-1,medium,ai-generated,false,D,reactive,false,4
q-eng6.2-29,ENG6.2,mc,"Read the passage and choose the word that best maintains the theme: 'Local volunteers coordinated closely with government rescue teams during the flood relief operations. Food, medicine, and temporary shelter were provided to thousands of displaced families within 48 hours. The _____ effort demonstrated how communities can rise together in times of crisis.'","'Collective' is correct — the passage shows multiple groups (volunteers, government teams, communities) working together; 'collective' (done by people acting as a group) is the precise word that captures the joint, community-wide effort. 'Divided' means split or not in agreement, the opposite of the coordinated teamwork the passage describes. 'Half-hearted' means lacking enthusiasm or commitment, contradicted by the comprehensive relief effort within 48 hours. 'Unilateral' means done by one party alone, contradicting the multi-party collaboration (volunteers + government) the passage depicts.",s-eng-6-2-1,medium,ai-generated,false,A,divided,false,1
q-eng6.2-29,ENG6.2,mc,"Read the passage and choose the word that best maintains the theme: 'Local volunteers coordinated closely with government rescue teams during the flood relief operations. Food, medicine, and temporary shelter were provided to thousands of displaced families within 48 hours. The _____ effort demonstrated how communities can rise together in times of crisis.'","'Collective' is correct — the passage shows multiple groups (volunteers, government teams, communities) working together; 'collective' (done by people acting as a group) is the precise word that captures the joint, community-wide effort. 'Divided' means split or not in agreement, the opposite of the coordinated teamwork the passage describes. 'Half-hearted' means lacking enthusiasm or commitment, contradicted by the comprehensive relief effort within 48 hours. 'Unilateral' means done by one party alone, contradicting the multi-party collaboration (volunteers + government) the passage depicts.",s-eng-6-2-1,medium,ai-generated,false,B,half-hearted,false,2
q-eng6.2-29,ENG6.2,mc,"Read the passage and choose the word that best maintains the theme: 'Local volunteers coordinated closely with government rescue teams during the flood relief operations. Food, medicine, and temporary shelter were provided to thousands of displaced families within 48 hours. The _____ effort demonstrated how communities can rise together in times of crisis.'","'Collective' is correct — the passage shows multiple groups (volunteers, government teams, communities) working together; 'collective' (done by people acting as a group) is the precise word that captures the joint, community-wide effort. 'Divided' means split or not in agreement, the opposite of the coordinated teamwork the passage describes. 'Half-hearted' means lacking enthusiasm or commitment, contradicted by the comprehensive relief effort within 48 hours. 'Unilateral' means done by one party alone, contradicting the multi-party collaboration (volunteers + government) the passage depicts.",s-eng-6-2-1,medium,ai-generated,false,C,collective,true,3
q-eng6.2-29,ENG6.2,mc,"Read the passage and choose the word that best maintains the theme: 'Local volunteers coordinated closely with government rescue teams during the flood relief operations. Food, medicine, and temporary shelter were provided to thousands of displaced families within 48 hours. The _____ effort demonstrated how communities can rise together in times of crisis.'","'Collective' is correct — the passage shows multiple groups (volunteers, government teams, communities) working together; 'collective' (done by people acting as a group) is the precise word that captures the joint, community-wide effort. 'Divided' means split or not in agreement, the opposite of the coordinated teamwork the passage describes. 'Half-hearted' means lacking enthusiasm or commitment, contradicted by the comprehensive relief effort within 48 hours. 'Unilateral' means done by one party alone, contradicting the multi-party collaboration (volunteers + government) the passage depicts.",s-eng-6-2-1,medium,ai-generated,false,D,unilateral,false,4
q-eng6.2-30,ENG6.2,mc,"Read the passage and choose the word that best maintains the theme: 'The government launched a nationwide literacy campaign targeting adults who had never attended school. Mobile education units were deployed to remote villages. The initiative reflects a _____ resolve to ensure that no citizen is left behind.'","'Firm' is correct — deploying mobile units to remote villages shows serious, committed action; 'firm resolve' (strong, unwavering determination) matches the scale and ambition of the nationwide campaign. 'Feeble' means weak and ineffective, directly contradicted by a nationwide campaign with mobile units in remote areas. 'Wavering' means uncertain and inconsistent, also contradicted by the sustained, large-scale effort described. 'Symbolic' means existing only as a gesture without real impact, contradicted by the concrete, logistically demanding actions the passage describes.",s-eng-6-2-1,hard,ai-generated,false,A,feeble,false,1
q-eng6.2-30,ENG6.2,mc,"Read the passage and choose the word that best maintains the theme: 'The government launched a nationwide literacy campaign targeting adults who had never attended school. Mobile education units were deployed to remote villages. The initiative reflects a _____ resolve to ensure that no citizen is left behind.'","'Firm' is correct — deploying mobile units to remote villages shows serious, committed action; 'firm resolve' (strong, unwavering determination) matches the scale and ambition of the nationwide campaign. 'Feeble' means weak and ineffective, directly contradicted by a nationwide campaign with mobile units in remote areas. 'Wavering' means uncertain and inconsistent, also contradicted by the sustained, large-scale effort described. 'Symbolic' means existing only as a gesture without real impact, contradicted by the concrete, logistically demanding actions the passage describes.",s-eng-6-2-1,hard,ai-generated,false,B,wavering,false,2
q-eng6.2-30,ENG6.2,mc,"Read the passage and choose the word that best maintains the theme: 'The government launched a nationwide literacy campaign targeting adults who had never attended school. Mobile education units were deployed to remote villages. The initiative reflects a _____ resolve to ensure that no citizen is left behind.'","'Firm' is correct — deploying mobile units to remote villages shows serious, committed action; 'firm resolve' (strong, unwavering determination) matches the scale and ambition of the nationwide campaign. 'Feeble' means weak and ineffective, directly contradicted by a nationwide campaign with mobile units in remote areas. 'Wavering' means uncertain and inconsistent, also contradicted by the sustained, large-scale effort described. 'Symbolic' means existing only as a gesture without real impact, contradicted by the concrete, logistically demanding actions the passage describes.",s-eng-6-2-1,hard,ai-generated,false,C,firm,true,3
q-eng6.2-30,ENG6.2,mc,"Read the passage and choose the word that best maintains the theme: 'The government launched a nationwide literacy campaign targeting adults who had never attended school. Mobile education units were deployed to remote villages. The initiative reflects a _____ resolve to ensure that no citizen is left behind.'","'Firm' is correct — deploying mobile units to remote villages shows serious, committed action; 'firm resolve' (strong, unwavering determination) matches the scale and ambition of the nationwide campaign. 'Feeble' means weak and ineffective, directly contradicted by a nationwide campaign with mobile units in remote areas. 'Wavering' means uncertain and inconsistent, also contradicted by the sustained, large-scale effort described. 'Symbolic' means existing only as a gesture without real impact, contradicted by the concrete, logistically demanding actions the passage describes.",s-eng-6-2-1,hard,ai-generated,false,D,symbolic,false,4
q-eng6.2-31,ENG6.2,mc,"Choose the transition word that best maintains the narrative flow: 'The first half of the match was completely dominated by the visiting team. _____, the home side came back strongly after the break and scored three goals in the final twenty minutes.'","'However' is correct — it signals a contrast between the visiting team's dominance in the first half and the home side's comeback; this contrast is the central narrative movement of the passage. 'Similarly' signals a comparison or continuation, not a reversal — using it would suggest both halves were the same. 'Moreover' adds a related point, not a contrasting one, making the comeback seem like a continuation of the visiting team's dominance. 'Therefore' signals a result or logical consequence, which would wrongly imply the comeback happened because the visiting team dominated.",s-eng-6-2-2,easy,ai-generated,false,A,similarly,false,1
q-eng6.2-31,ENG6.2,mc,"Choose the transition word that best maintains the narrative flow: 'The first half of the match was completely dominated by the visiting team. _____, the home side came back strongly after the break and scored three goals in the final twenty minutes.'","'However' is correct — it signals a contrast between the visiting team's dominance in the first half and the home side's comeback; this contrast is the central narrative movement of the passage. 'Similarly' signals a comparison or continuation, not a reversal — using it would suggest both halves were the same. 'Moreover' adds a related point, not a contrasting one, making the comeback seem like a continuation of the visiting team's dominance. 'Therefore' signals a result or logical consequence, which would wrongly imply the comeback happened because the visiting team dominated.",s-eng-6-2-2,easy,ai-generated,false,B,moreover,false,2
q-eng6.2-31,ENG6.2,mc,"Choose the transition word that best maintains the narrative flow: 'The first half of the match was completely dominated by the visiting team. _____, the home side came back strongly after the break and scored three goals in the final twenty minutes.'","'However' is correct — it signals a contrast between the visiting team's dominance in the first half and the home side's comeback; this contrast is the central narrative movement of the passage. 'Similarly' signals a comparison or continuation, not a reversal — using it would suggest both halves were the same. 'Moreover' adds a related point, not a contrasting one, making the comeback seem like a continuation of the visiting team's dominance. 'Therefore' signals a result or logical consequence, which would wrongly imply the comeback happened because the visiting team dominated.",s-eng-6-2-2,easy,ai-generated,false,C,however,true,3
q-eng6.2-31,ENG6.2,mc,"Choose the transition word that best maintains the narrative flow: 'The first half of the match was completely dominated by the visiting team. _____, the home side came back strongly after the break and scored three goals in the final twenty minutes.'","'However' is correct — it signals a contrast between the visiting team's dominance in the first half and the home side's comeback; this contrast is the central narrative movement of the passage. 'Similarly' signals a comparison or continuation, not a reversal — using it would suggest both halves were the same. 'Moreover' adds a related point, not a contrasting one, making the comeback seem like a continuation of the visiting team's dominance. 'Therefore' signals a result or logical consequence, which would wrongly imply the comeback happened because the visiting team dominated.",s-eng-6-2-2,easy,ai-generated,false,D,therefore,false,4
q-eng6.2-32,ENG6.2,mc,"Choose the transition word that best maintains the narrative flow: 'The new metro line will significantly reduce traffic congestion on the main highway. _____, it will cut average daily commute times by nearly 40%.'","'Furthermore' is correct — it introduces a second, additional benefit (reduced commute times) building on the first (reduced congestion); 'furthermore' signals that a related positive point is being added. 'Nevertheless' signals a contrast or concession, which would imply the commute time reduction is unexpected or contradicts the congestion point. 'However' also signals a contrast, wrongly implying the second point works against the first. 'Otherwise' means in different circumstances or alternatively, making the sentence logically incoherent in this context.",s-eng-6-2-2,easy,ai-generated,false,A,nevertheless,false,1
q-eng6.2-32,ENG6.2,mc,"Choose the transition word that best maintains the narrative flow: 'The new metro line will significantly reduce traffic congestion on the main highway. _____, it will cut average daily commute times by nearly 40%.'","'Furthermore' is correct — it introduces a second, additional benefit (reduced commute times) building on the first (reduced congestion); 'furthermore' signals that a related positive point is being added. 'Nevertheless' signals a contrast or concession, which would imply the commute time reduction is unexpected or contradicts the congestion point. 'However' also signals a contrast, wrongly implying the second point works against the first. 'Otherwise' means in different circumstances or alternatively, making the sentence logically incoherent in this context.",s-eng-6-2-2,easy,ai-generated,false,B,furthermore,true,2
q-eng6.2-32,ENG6.2,mc,"Choose the transition word that best maintains the narrative flow: 'The new metro line will significantly reduce traffic congestion on the main highway. _____, it will cut average daily commute times by nearly 40%.'","'Furthermore' is correct — it introduces a second, additional benefit (reduced commute times) building on the first (reduced congestion); 'furthermore' signals that a related positive point is being added. 'Nevertheless' signals a contrast or concession, which would imply the commute time reduction is unexpected or contradicts the congestion point. 'However' also signals a contrast, wrongly implying the second point works against the first. 'Otherwise' means in different circumstances or alternatively, making the sentence logically incoherent in this context.",s-eng-6-2-2,easy,ai-generated,false,C,however,false,3
q-eng6.2-32,ENG6.2,mc,"Choose the transition word that best maintains the narrative flow: 'The new metro line will significantly reduce traffic congestion on the main highway. _____, it will cut average daily commute times by nearly 40%.'","'Furthermore' is correct — it introduces a second, additional benefit (reduced commute times) building on the first (reduced congestion); 'furthermore' signals that a related positive point is being added. 'Nevertheless' signals a contrast or concession, which would imply the commute time reduction is unexpected or contradicts the congestion point. 'However' also signals a contrast, wrongly implying the second point works against the first. 'Otherwise' means in different circumstances or alternatively, making the sentence logically incoherent in this context.",s-eng-6-2-2,easy,ai-generated,false,D,otherwise,false,4
q-eng6.2-33,ENG6.2,mc,"Choose the transition word that best maintains the narrative flow: 'The company failed to meet its quarterly targets for the third consecutive time. _____, the board of directors decided to replace the CEO immediately.'","'Consequently' is correct — it introduces a result or logical outcome; the board's decision to replace the CEO is a direct consequence of the repeated failure to meet targets. 'Meanwhile' signals that something happens at the same time in a parallel narrative, not as a result of the first event. 'Nevertheless' signals a contrast — it would imply the board decided to replace the CEO despite the failure, which is logically odd. 'Otherwise' signals an alternative condition, which does not fit the cause-and-effect relationship the passage establishes.",s-eng-6-2-2,easy,ai-generated,false,A,meanwhile,false,1
q-eng6.2-33,ENG6.2,mc,"Choose the transition word that best maintains the narrative flow: 'The company failed to meet its quarterly targets for the third consecutive time. _____, the board of directors decided to replace the CEO immediately.'","'Consequently' is correct — it introduces a result or logical outcome; the board's decision to replace the CEO is a direct consequence of the repeated failure to meet targets. 'Meanwhile' signals that something happens at the same time in a parallel narrative, not as a result of the first event. 'Nevertheless' signals a contrast — it would imply the board decided to replace the CEO despite the failure, which is logically odd. 'Otherwise' signals an alternative condition, which does not fit the cause-and-effect relationship the passage establishes.",s-eng-6-2-2,easy,ai-generated,false,B,nevertheless,false,2
q-eng6.2-33,ENG6.2,mc,"Choose the transition word that best maintains the narrative flow: 'The company failed to meet its quarterly targets for the third consecutive time. _____, the board of directors decided to replace the CEO immediately.'","'Consequently' is correct — it introduces a result or logical outcome; the board's decision to replace the CEO is a direct consequence of the repeated failure to meet targets. 'Meanwhile' signals that something happens at the same time in a parallel narrative, not as a result of the first event. 'Nevertheless' signals a contrast — it would imply the board decided to replace the CEO despite the failure, which is logically odd. 'Otherwise' signals an alternative condition, which does not fit the cause-and-effect relationship the passage establishes.",s-eng-6-2-2,easy,ai-generated,false,C,consequently,true,3
q-eng6.2-33,ENG6.2,mc,"Choose the transition word that best maintains the narrative flow: 'The company failed to meet its quarterly targets for the third consecutive time. _____, the board of directors decided to replace the CEO immediately.'","'Consequently' is correct — it introduces a result or logical outcome; the board's decision to replace the CEO is a direct consequence of the repeated failure to meet targets. 'Meanwhile' signals that something happens at the same time in a parallel narrative, not as a result of the first event. 'Nevertheless' signals a contrast — it would imply the board decided to replace the CEO despite the failure, which is logically odd. 'Otherwise' signals an alternative condition, which does not fit the cause-and-effect relationship the passage establishes.",s-eng-6-2-2,easy,ai-generated,false,D,otherwise,false,4
q-eng6.2-34,ENG6.2,mc,"Choose the word that best maintains the narrative flow: 'The expedition team set up camp at the base of the mountain. The next morning, they began their _____ to the summit, carrying only the most essential supplies.'","'Ascent' is correct — the team is at the base and moving toward the summit, which means they are going upward; 'ascent' (the act of climbing up) is the precise word for this upward journey. 'Descent' means going down, which is the opposite direction of base-to-summit movement. 'Retreat' means withdrawing or going back, which contradicts setting off toward the summit with supplies. 'Return' means coming back to a starting point, also contradicted by the forward, upward movement the passage describes.",s-eng-6-2-2,easy,ai-generated,false,A,descent,false,1
q-eng6.2-34,ENG6.2,mc,"Choose the word that best maintains the narrative flow: 'The expedition team set up camp at the base of the mountain. The next morning, they began their _____ to the summit, carrying only the most essential supplies.'","'Ascent' is correct — the team is at the base and moving toward the summit, which means they are going upward; 'ascent' (the act of climbing up) is the precise word for this upward journey. 'Descent' means going down, which is the opposite direction of base-to-summit movement. 'Retreat' means withdrawing or going back, which contradicts setting off toward the summit with supplies. 'Return' means coming back to a starting point, also contradicted by the forward, upward movement the passage describes.",s-eng-6-2-2,easy,ai-generated,false,B,retreat,false,2
q-eng6.2-34,ENG6.2,mc,"Choose the word that best maintains the narrative flow: 'The expedition team set up camp at the base of the mountain. The next morning, they began their _____ to the summit, carrying only the most essential supplies.'","'Ascent' is correct — the team is at the base and moving toward the summit, which means they are going upward; 'ascent' (the act of climbing up) is the precise word for this upward journey. 'Descent' means going down, which is the opposite direction of base-to-summit movement. 'Retreat' means withdrawing or going back, which contradicts setting off toward the summit with supplies. 'Return' means coming back to a starting point, also contradicted by the forward, upward movement the passage describes.",s-eng-6-2-2,easy,ai-generated,false,C,ascent,true,3
q-eng6.2-34,ENG6.2,mc,"Choose the word that best maintains the narrative flow: 'The expedition team set up camp at the base of the mountain. The next morning, they began their _____ to the summit, carrying only the most essential supplies.'","'Ascent' is correct — the team is at the base and moving toward the summit, which means they are going upward; 'ascent' (the act of climbing up) is the precise word for this upward journey. 'Descent' means going down, which is the opposite direction of base-to-summit movement. 'Retreat' means withdrawing or going back, which contradicts setting off toward the summit with supplies. 'Return' means coming back to a starting point, also contradicted by the forward, upward movement the passage describes.",s-eng-6-2-2,easy,ai-generated,false,D,return,false,4
q-eng6.2-35,ENG6.2,mc,"Choose the transition word that best maintains the narrative flow: 'The project was completed three weeks ahead of schedule. _____, several design flaws were identified during the final inspection.'","'Nonetheless' is correct — it introduces a concession: the project finished early (positive), yet flaws were found (problem despite the positive); 'nonetheless' (= nevertheless) captures this contrast while maintaining both ideas. 'Besides' adds a further point in the same direction rather than introducing a contrasting problem. 'Thus' signals a logical consequence — but finding flaws is not a consequence of finishing early. 'Therefore' also signals a direct result, making the same logical error as 'thus'.",s-eng-6-2-2,medium,ai-generated,false,A,besides,false,1
q-eng6.2-35,ENG6.2,mc,"Choose the transition word that best maintains the narrative flow: 'The project was completed three weeks ahead of schedule. _____, several design flaws were identified during the final inspection.'","'Nonetheless' is correct — it introduces a concession: the project finished early (positive), yet flaws were found (problem despite the positive); 'nonetheless' (= nevertheless) captures this contrast while maintaining both ideas. 'Besides' adds a further point in the same direction rather than introducing a contrasting problem. 'Thus' signals a logical consequence — but finding flaws is not a consequence of finishing early. 'Therefore' also signals a direct result, making the same logical error as 'thus'.",s-eng-6-2-2,medium,ai-generated,false,B,thus,false,2
q-eng6.2-35,ENG6.2,mc,"Choose the transition word that best maintains the narrative flow: 'The project was completed three weeks ahead of schedule. _____, several design flaws were identified during the final inspection.'","'Nonetheless' is correct — it introduces a concession: the project finished early (positive), yet flaws were found (problem despite the positive); 'nonetheless' (= nevertheless) captures this contrast while maintaining both ideas. 'Besides' adds a further point in the same direction rather than introducing a contrasting problem. 'Thus' signals a logical consequence — but finding flaws is not a consequence of finishing early. 'Therefore' also signals a direct result, making the same logical error as 'thus'.",s-eng-6-2-2,medium,ai-generated,false,C,nonetheless,true,3
q-eng6.2-35,ENG6.2,mc,"Choose the transition word that best maintains the narrative flow: 'The project was completed three weeks ahead of schedule. _____, several design flaws were identified during the final inspection.'","'Nonetheless' is correct — it introduces a concession: the project finished early (positive), yet flaws were found (problem despite the positive); 'nonetheless' (= nevertheless) captures this contrast while maintaining both ideas. 'Besides' adds a further point in the same direction rather than introducing a contrasting problem. 'Thus' signals a logical consequence — but finding flaws is not a consequence of finishing early. 'Therefore' also signals a direct result, making the same logical error as 'thus'.",s-eng-6-2-2,medium,ai-generated,false,D,therefore,false,4
q-eng6.2-36,ENG6.2,mc,"Choose the transition word that best maintains the narrative flow: 'The application form must first be filled in completely and submitted through the online portal. _____, the candidate will receive a confirmation email with a scheduled interview date.'","'Thereafter' is correct — it signals the next step in a sequential process after the form is submitted; 'thereafter' (= after that) maintains the procedural flow of the passage. 'Nevertheless' signals a concession or contrast, which would wrongly imply receiving the email is unexpected or contradicts the submission step. 'However' signals a contrast, also misrepresenting the straightforward sequence. 'Beforehand' means at an earlier time, which reverses the logical order by suggesting the email comes before the submission.",s-eng-6-2-2,medium,ai-generated,false,A,thereafter,true,1
q-eng6.2-36,ENG6.2,mc,"Choose the transition word that best maintains the narrative flow: 'The application form must first be filled in completely and submitted through the online portal. _____, the candidate will receive a confirmation email with a scheduled interview date.'","'Thereafter' is correct — it signals the next step in a sequential process after the form is submitted; 'thereafter' (= after that) maintains the procedural flow of the passage. 'Nevertheless' signals a concession or contrast, which would wrongly imply receiving the email is unexpected or contradicts the submission step. 'However' signals a contrast, also misrepresenting the straightforward sequence. 'Beforehand' means at an earlier time, which reverses the logical order by suggesting the email comes before the submission.",s-eng-6-2-2,medium,ai-generated,false,B,nevertheless,false,2
q-eng6.2-36,ENG6.2,mc,"Choose the transition word that best maintains the narrative flow: 'The application form must first be filled in completely and submitted through the online portal. _____, the candidate will receive a confirmation email with a scheduled interview date.'","'Thereafter' is correct — it signals the next step in a sequential process after the form is submitted; 'thereafter' (= after that) maintains the procedural flow of the passage. 'Nevertheless' signals a concession or contrast, which would wrongly imply receiving the email is unexpected or contradicts the submission step. 'However' signals a contrast, also misrepresenting the straightforward sequence. 'Beforehand' means at an earlier time, which reverses the logical order by suggesting the email comes before the submission.",s-eng-6-2-2,medium,ai-generated,false,C,however,false,3
q-eng6.2-36,ENG6.2,mc,"Choose the transition word that best maintains the narrative flow: 'The application form must first be filled in completely and submitted through the online portal. _____, the candidate will receive a confirmation email with a scheduled interview date.'","'Thereafter' is correct — it signals the next step in a sequential process after the form is submitted; 'thereafter' (= after that) maintains the procedural flow of the passage. 'Nevertheless' signals a concession or contrast, which would wrongly imply receiving the email is unexpected or contradicts the submission step. 'However' signals a contrast, also misrepresenting the straightforward sequence. 'Beforehand' means at an earlier time, which reverses the logical order by suggesting the email comes before the submission.",s-eng-6-2-2,medium,ai-generated,false,D,beforehand,false,4
q-eng6.2-37,ENG6.2,mc,"Choose the transition phrase that best maintains the narrative flow: 'Indian cities face a wide range of serious environmental challenges. _____, Delhi regularly records some of the highest levels of air pollution in the world.'","'For instance' is correct — it introduces a specific example (Delhi's air pollution) that illustrates the general statement (Indian cities face environmental challenges); 'for instance' is the standard phrase for exemplification. 'In contrast' signals a difference or opposition, wrongly implying Delhi's situation is the opposite of other Indian cities' challenges. 'On the contrary' similarly introduces a contradictory point, not a supporting example. 'As a result' signals a consequence, wrongly implying Delhi's air pollution is caused by the general statement, not an example of it.",s-eng-6-2-2,medium,ai-generated,false,A,in contrast,false,1
q-eng6.2-37,ENG6.2,mc,"Choose the transition phrase that best maintains the narrative flow: 'Indian cities face a wide range of serious environmental challenges. _____, Delhi regularly records some of the highest levels of air pollution in the world.'","'For instance' is correct — it introduces a specific example (Delhi's air pollution) that illustrates the general statement (Indian cities face environmental challenges); 'for instance' is the standard phrase for exemplification. 'In contrast' signals a difference or opposition, wrongly implying Delhi's situation is the opposite of other Indian cities' challenges. 'On the contrary' similarly introduces a contradictory point, not a supporting example. 'As a result' signals a consequence, wrongly implying Delhi's air pollution is caused by the general statement, not an example of it.",s-eng-6-2-2,medium,ai-generated,false,B,on the contrary,false,2
q-eng6.2-37,ENG6.2,mc,"Choose the transition phrase that best maintains the narrative flow: 'Indian cities face a wide range of serious environmental challenges. _____, Delhi regularly records some of the highest levels of air pollution in the world.'","'For instance' is correct — it introduces a specific example (Delhi's air pollution) that illustrates the general statement (Indian cities face environmental challenges); 'for instance' is the standard phrase for exemplification. 'In contrast' signals a difference or opposition, wrongly implying Delhi's situation is the opposite of other Indian cities' challenges. 'On the contrary' similarly introduces a contradictory point, not a supporting example. 'As a result' signals a consequence, wrongly implying Delhi's air pollution is caused by the general statement, not an example of it.",s-eng-6-2-2,medium,ai-generated,false,C,for instance,true,3
q-eng6.2-37,ENG6.2,mc,"Choose the transition phrase that best maintains the narrative flow: 'Indian cities face a wide range of serious environmental challenges. _____, Delhi regularly records some of the highest levels of air pollution in the world.'","'For instance' is correct — it introduces a specific example (Delhi's air pollution) that illustrates the general statement (Indian cities face environmental challenges); 'for instance' is the standard phrase for exemplification. 'In contrast' signals a difference or opposition, wrongly implying Delhi's situation is the opposite of other Indian cities' challenges. 'On the contrary' similarly introduces a contradictory point, not a supporting example. 'As a result' signals a consequence, wrongly implying Delhi's air pollution is caused by the general statement, not an example of it.",s-eng-6-2-2,medium,ai-generated,false,D,as a result,false,4
q-eng6.2-38,ENG6.2,mc,"Choose the transition phrase that best maintains the narrative flow: 'The research covered urban infrastructure, housing, water supply, and sanitation across twelve cities. _____, the study concluded that coordinated policy-making is essential for sustainable growth.'","'Overall' is correct — after listing multiple covered areas, 'overall' introduces a summarising conclusion that draws together all the findings; it signals that what follows is a broad inference from the entire body of research. 'Meanwhile' suggests a simultaneous or parallel event, not a conclusion from completed research. 'Conversely' signals a reversal or opposite point, wrongly implying the conclusion contradicts the research areas covered. 'Subsequently' signals that the conclusion came later in time, but it does not convey the summarising function that 'overall' does in bringing together all research strands.",s-eng-6-2-2,hard,ai-generated,false,A,meanwhile,false,1
q-eng6.2-38,ENG6.2,mc,"Choose the transition phrase that best maintains the narrative flow: 'The research covered urban infrastructure, housing, water supply, and sanitation across twelve cities. _____, the study concluded that coordinated policy-making is essential for sustainable growth.'","'Overall' is correct — after listing multiple covered areas, 'overall' introduces a summarising conclusion that draws together all the findings; it signals that what follows is a broad inference from the entire body of research. 'Meanwhile' suggests a simultaneous or parallel event, not a conclusion from completed research. 'Conversely' signals a reversal or opposite point, wrongly implying the conclusion contradicts the research areas covered. 'Subsequently' signals that the conclusion came later in time, but it does not convey the summarising function that 'overall' does in bringing together all research strands.",s-eng-6-2-2,hard,ai-generated,false,B,conversely,false,2
q-eng6.2-38,ENG6.2,mc,"Choose the transition phrase that best maintains the narrative flow: 'The research covered urban infrastructure, housing, water supply, and sanitation across twelve cities. _____, the study concluded that coordinated policy-making is essential for sustainable growth.'","'Overall' is correct — after listing multiple covered areas, 'overall' introduces a summarising conclusion that draws together all the findings; it signals that what follows is a broad inference from the entire body of research. 'Meanwhile' suggests a simultaneous or parallel event, not a conclusion from completed research. 'Conversely' signals a reversal or opposite point, wrongly implying the conclusion contradicts the research areas covered. 'Subsequently' signals that the conclusion came later in time, but it does not convey the summarising function that 'overall' does in bringing together all research strands.",s-eng-6-2-2,hard,ai-generated,false,C,overall,true,3
q-eng6.2-38,ENG6.2,mc,"Choose the transition phrase that best maintains the narrative flow: 'The research covered urban infrastructure, housing, water supply, and sanitation across twelve cities. _____, the study concluded that coordinated policy-making is essential for sustainable growth.'","'Overall' is correct — after listing multiple covered areas, 'overall' introduces a summarising conclusion that draws together all the findings; it signals that what follows is a broad inference from the entire body of research. 'Meanwhile' suggests a simultaneous or parallel event, not a conclusion from completed research. 'Conversely' signals a reversal or opposite point, wrongly implying the conclusion contradicts the research areas covered. 'Subsequently' signals that the conclusion came later in time, but it does not convey the summarising function that 'overall' does in bringing together all research strands.",s-eng-6-2-2,hard,ai-generated,false,D,subsequently,false,4
q-eng6.2-39,ENG6.2,mc,"Choose the transition word that best maintains the narrative flow: 'She had applied to twelve companies without receiving a single callback. _____, the one firm she had least expected to respond offered her the most competitive package of all.'","'Ironically' is correct — the unexpected twist (applying to twelve with no luck, yet the least expected one offers the best deal) is precisely what 'ironically' captures; it highlights the surprising, contrary-to-expectation outcome. 'Consequently' signals a direct result, which would wrongly imply the best offer was because she applied to twelve companies without response. 'Similarly' signals a comparison or continuation in the same direction, missing the reversal entirely. 'Accordingly' means in a way that is appropriate or in accordance with something, which does not fit the unexpected, ironic nature of the outcome.",s-eng-6-2-2,hard,ai-generated,false,A,consequently,false,1
q-eng6.2-39,ENG6.2,mc,"Choose the transition word that best maintains the narrative flow: 'She had applied to twelve companies without receiving a single callback. _____, the one firm she had least expected to respond offered her the most competitive package of all.'","'Ironically' is correct — the unexpected twist (applying to twelve with no luck, yet the least expected one offers the best deal) is precisely what 'ironically' captures; it highlights the surprising, contrary-to-expectation outcome. 'Consequently' signals a direct result, which would wrongly imply the best offer was because she applied to twelve companies without response. 'Similarly' signals a comparison or continuation in the same direction, missing the reversal entirely. 'Accordingly' means in a way that is appropriate or in accordance with something, which does not fit the unexpected, ironic nature of the outcome.",s-eng-6-2-2,hard,ai-generated,false,B,ironically,true,2
q-eng6.2-39,ENG6.2,mc,"Choose the transition word that best maintains the narrative flow: 'She had applied to twelve companies without receiving a single callback. _____, the one firm she had least expected to respond offered her the most competitive package of all.'","'Ironically' is correct — the unexpected twist (applying to twelve with no luck, yet the least expected one offers the best deal) is precisely what 'ironically' captures; it highlights the surprising, contrary-to-expectation outcome. 'Consequently' signals a direct result, which would wrongly imply the best offer was because she applied to twelve companies without response. 'Similarly' signals a comparison or continuation in the same direction, missing the reversal entirely. 'Accordingly' means in a way that is appropriate or in accordance with something, which does not fit the unexpected, ironic nature of the outcome.",s-eng-6-2-2,hard,ai-generated,false,C,similarly,false,3
q-eng6.2-39,ENG6.2,mc,"Choose the transition word that best maintains the narrative flow: 'She had applied to twelve companies without receiving a single callback. _____, the one firm she had least expected to respond offered her the most competitive package of all.'","'Ironically' is correct — the unexpected twist (applying to twelve with no luck, yet the least expected one offers the best deal) is precisely what 'ironically' captures; it highlights the surprising, contrary-to-expectation outcome. 'Consequently' signals a direct result, which would wrongly imply the best offer was because she applied to twelve companies without response. 'Similarly' signals a comparison or continuation in the same direction, missing the reversal entirely. 'Accordingly' means in a way that is appropriate or in accordance with something, which does not fit the unexpected, ironic nature of the outcome.",s-eng-6-2-2,hard,ai-generated,false,D,accordingly,false,4
q-eng6.2-40,ENG6.2,mc,"Choose the transition word that best maintains the narrative flow: 'The scientists discovered a previously unknown species of fish in the deep sea. _____, they found evidence of bioluminescent communication among the creatures.'","'Additionally' is correct — 'they found evidence of bioluminescent communication' is a second, related discovery added to the first; 'additionally' (= also, in addition) maintains the forward momentum of a narrative that lists multiple findings. 'Nevertheless' implies the bioluminescence finding is surprising or contrasts with the first discovery, which is not the tone of the passage. 'Therefore' implies the second finding is a logical result of the first, which it is not. 'Conversely' implies the second finding is the opposite of the first, which misrepresents the relationship between two independent discoveries.",s-eng-6-2-2,medium,ai-generated,false,A,additionally,true,1
q-eng6.2-40,ENG6.2,mc,"Choose the transition word that best maintains the narrative flow: 'The scientists discovered a previously unknown species of fish in the deep sea. _____, they found evidence of bioluminescent communication among the creatures.'","'Additionally' is correct — 'they found evidence of bioluminescent communication' is a second, related discovery added to the first; 'additionally' (= also, in addition) maintains the forward momentum of a narrative that lists multiple findings. 'Nevertheless' implies the bioluminescence finding is surprising or contrasts with the first discovery, which is not the tone of the passage. 'Therefore' implies the second finding is a logical result of the first, which it is not. 'Conversely' implies the second finding is the opposite of the first, which misrepresents the relationship between two independent discoveries.",s-eng-6-2-2,medium,ai-generated,false,B,nevertheless,false,2
q-eng6.2-40,ENG6.2,mc,"Choose the transition word that best maintains the narrative flow: 'The scientists discovered a previously unknown species of fish in the deep sea. _____, they found evidence of bioluminescent communication among the creatures.'","'Additionally' is correct — 'they found evidence of bioluminescent communication' is a second, related discovery added to the first; 'additionally' (= also, in addition) maintains the forward momentum of a narrative that lists multiple findings. 'Nevertheless' implies the bioluminescence finding is surprising or contrasts with the first discovery, which is not the tone of the passage. 'Therefore' implies the second finding is a logical result of the first, which it is not. 'Conversely' implies the second finding is the opposite of the first, which misrepresents the relationship between two independent discoveries.",s-eng-6-2-2,medium,ai-generated,false,C,therefore,false,3
q-eng6.2-40,ENG6.2,mc,"Choose the transition word that best maintains the narrative flow: 'The scientists discovered a previously unknown species of fish in the deep sea. _____, they found evidence of bioluminescent communication among the creatures.'","'Additionally' is correct — 'they found evidence of bioluminescent communication' is a second, related discovery added to the first; 'additionally' (= also, in addition) maintains the forward momentum of a narrative that lists multiple findings. 'Nevertheless' implies the bioluminescence finding is surprising or contrasts with the first discovery, which is not the tone of the passage. 'Therefore' implies the second finding is a logical result of the first, which it is not. 'Conversely' implies the second finding is the opposite of the first, which misrepresents the relationship between two independent discoveries.",s-eng-6-2-2,medium,ai-generated,false,D,conversely,false,4
