question_ref,lo_code,question_type,question_text,explanation,subtopic_codes,difficulty,source,verified,option_key,option_text,answer_value,sort_order
q-eng6.1-01,ENG6.1,mc,"Choose the word that best fills the blank: 'An _____ silence fell over the usually busy marketplace, surprising every shopper.'","'Eerie' is correct — it means strange and unsettling, which fits a surprising, unusual silence in a busy place. 'Customary' means usual/expected, the opposite of what the sentence signals. 'Usual' repeats the same idea as 'usually busy' and makes no contrast. 'Familiar' also implies something expected, not surprising.",k-eng-6-1-1,easy,ai-generated,false,A,customary,false,1
q-eng6.1-01,ENG6.1,mc,"Choose the word that best fills the blank: 'An _____ silence fell over the usually busy marketplace, surprising every shopper.'","'Eerie' is correct — it means strange and unsettling, which fits a surprising, unusual silence in a busy place. 'Customary' means usual/expected, the opposite of what the sentence signals. 'Usual' repeats the same idea as 'usually busy' and makes no contrast. 'Familiar' also implies something expected, not surprising.",k-eng-6-1-1,easy,ai-generated,false,B,eerie,true,2
q-eng6.1-01,ENG6.1,mc,"Choose the word that best fills the blank: 'An _____ silence fell over the usually busy marketplace, surprising every shopper.'","'Eerie' is correct — it means strange and unsettling, which fits a surprising, unusual silence in a busy place. 'Customary' means usual/expected, the opposite of what the sentence signals. 'Usual' repeats the same idea as 'usually busy' and makes no contrast. 'Familiar' also implies something expected, not surprising.",k-eng-6-1-1,easy,ai-generated,false,C,usual,false,3
q-eng6.1-01,ENG6.1,mc,"Choose the word that best fills the blank: 'An _____ silence fell over the usually busy marketplace, surprising every shopper.'","'Eerie' is correct — it means strange and unsettling, which fits a surprising, unusual silence in a busy place. 'Customary' means usual/expected, the opposite of what the sentence signals. 'Usual' repeats the same idea as 'usually busy' and makes no contrast. 'Familiar' also implies something expected, not surprising.",k-eng-6-1-1,easy,ai-generated,false,D,familiar,false,4
q-eng6.1-02,ENG6.1,mc,"Choose the word that best fills the blank: 'The firm _____ heavy losses last quarter owing to a sudden drop in demand.'","'Incurred' is correct — the fixed collocation is 'incur losses/debts/penalties', meaning to suffer or become liable for something negative. 'Earned' and 'gained' both denote receiving something positive, not losses. 'Received' implies passive delivery and does not collocate with losses in standard English.",k-eng-6-1-1,easy,ai-generated,false,A,earned,false,1
q-eng6.1-02,ENG6.1,mc,"Choose the word that best fills the blank: 'The firm _____ heavy losses last quarter owing to a sudden drop in demand.'","'Incurred' is correct — the fixed collocation is 'incur losses/debts/penalties', meaning to suffer or become liable for something negative. 'Earned' and 'gained' both denote receiving something positive, not losses. 'Received' implies passive delivery and does not collocate with losses in standard English.",k-eng-6-1-1,easy,ai-generated,false,B,gained,false,2
q-eng6.1-02,ENG6.1,mc,"Choose the word that best fills the blank: 'The firm _____ heavy losses last quarter owing to a sudden drop in demand.'","'Incurred' is correct — the fixed collocation is 'incur losses/debts/penalties', meaning to suffer or become liable for something negative. 'Earned' and 'gained' both denote receiving something positive, not losses. 'Received' implies passive delivery and does not collocate with losses in standard English.",k-eng-6-1-1,easy,ai-generated,false,C,incurred,true,3
q-eng6.1-02,ENG6.1,mc,"Choose the word that best fills the blank: 'The firm _____ heavy losses last quarter owing to a sudden drop in demand.'","'Incurred' is correct — the fixed collocation is 'incur losses/debts/penalties', meaning to suffer or become liable for something negative. 'Earned' and 'gained' both denote receiving something positive, not losses. 'Received' implies passive delivery and does not collocate with losses in standard English.",k-eng-6-1-1,easy,ai-generated,false,D,received,false,4
q-eng6.1-03,ENG6.1,mc,"Choose the word that best fills the blank: 'The disease spread _____ across the country, affecting millions within weeks.'","'Rapidly' is correct — 'millions within weeks' signals fast, widespread movement, and 'rapidly' collocates naturally with 'spread'. 'Sporadically' means in scattered, irregular patches — inconsistent with 'millions'. 'Selectively' implies deliberate targeting, which contradicts a disease's random spread. 'Gradually' means slowly over time, contradicting the 'within weeks' urgency.",k-eng-6-1-1,easy,ai-generated,false,A,sporadically,false,1
q-eng6.1-03,ENG6.1,mc,"Choose the word that best fills the blank: 'The disease spread _____ across the country, affecting millions within weeks.'","'Rapidly' is correct — 'millions within weeks' signals fast, widespread movement, and 'rapidly' collocates naturally with 'spread'. 'Sporadically' means in scattered, irregular patches — inconsistent with 'millions'. 'Selectively' implies deliberate targeting, which contradicts a disease's random spread. 'Gradually' means slowly over time, contradicting the 'within weeks' urgency.",k-eng-6-1-1,easy,ai-generated,false,B,selectively,false,2
q-eng6.1-03,ENG6.1,mc,"Choose the word that best fills the blank: 'The disease spread _____ across the country, affecting millions within weeks.'","'Rapidly' is correct — 'millions within weeks' signals fast, widespread movement, and 'rapidly' collocates naturally with 'spread'. 'Sporadically' means in scattered, irregular patches — inconsistent with 'millions'. 'Selectively' implies deliberate targeting, which contradicts a disease's random spread. 'Gradually' means slowly over time, contradicting the 'within weeks' urgency.",k-eng-6-1-1,easy,ai-generated,false,C,rapidly,true,3
q-eng6.1-03,ENG6.1,mc,"Choose the word that best fills the blank: 'The disease spread _____ across the country, affecting millions within weeks.'","'Rapidly' is correct — 'millions within weeks' signals fast, widespread movement, and 'rapidly' collocates naturally with 'spread'. 'Sporadically' means in scattered, irregular patches — inconsistent with 'millions'. 'Selectively' implies deliberate targeting, which contradicts a disease's random spread. 'Gradually' means slowly over time, contradicting the 'within weeks' urgency.",k-eng-6-1-1,easy,ai-generated,false,D,gradually,false,4
q-eng6.1-04,ENG6.1,mc,"Choose the word that best fills the blank: 'A good editor must have an _____ for detail if she is to catch every error in the manuscript.'","'Eye' is correct — 'an eye for detail' is a fixed collocation meaning the ability to notice small things carefully. 'Ear' collocates with music or sound ('an ear for music'), not with visual detail. 'Nose' collocates with trouble or opportunities ('a nose for news'), not textual accuracy. 'Feel' is vague and does not form a natural fixed phrase with 'for detail'.",k-eng-6-1-1,medium,ai-generated,false,A,eye,true,1
q-eng6.1-04,ENG6.1,mc,"Choose the word that best fills the blank: 'A good editor must have an _____ for detail if she is to catch every error in the manuscript.'","'Eye' is correct — 'an eye for detail' is a fixed collocation meaning the ability to notice small things carefully. 'Ear' collocates with music or sound ('an ear for music'), not with visual detail. 'Nose' collocates with trouble or opportunities ('a nose for news'), not textual accuracy. 'Feel' is vague and does not form a natural fixed phrase with 'for detail'.",k-eng-6-1-1,medium,ai-generated,false,B,ear,false,2
q-eng6.1-04,ENG6.1,mc,"Choose the word that best fills the blank: 'A good editor must have an _____ for detail if she is to catch every error in the manuscript.'","'Eye' is correct — 'an eye for detail' is a fixed collocation meaning the ability to notice small things carefully. 'Ear' collocates with music or sound ('an ear for music'), not with visual detail. 'Nose' collocates with trouble or opportunities ('a nose for news'), not textual accuracy. 'Feel' is vague and does not form a natural fixed phrase with 'for detail'.",k-eng-6-1-1,medium,ai-generated,false,C,nose,false,3
q-eng6.1-04,ENG6.1,mc,"Choose the word that best fills the blank: 'A good editor must have an _____ for detail if she is to catch every error in the manuscript.'","'Eye' is correct — 'an eye for detail' is a fixed collocation meaning the ability to notice small things carefully. 'Ear' collocates with music or sound ('an ear for music'), not with visual detail. 'Nose' collocates with trouble or opportunities ('a nose for news'), not textual accuracy. 'Feel' is vague and does not form a natural fixed phrase with 'for detail'.",k-eng-6-1-1,medium,ai-generated,false,D,feel,false,4
q-eng6.1-05,ENG6.1,mc,"Choose the word that best fills the blank: 'The politician's _____ remarks about the rival party triggered a wave of public outrage.'","'Inflammatory' is correct — it means tending to arouse anger or violent feelings, which explains the public outrage. 'Diplomatic' means tactful and careful, the opposite of what caused outrage. 'Measured' means calm and deliberate, also inconsistent with provoking outrage. 'Polite' implies courtesy, which would not trigger anger.",k-eng-6-1-1,easy,ai-generated,false,A,diplomatic,false,1
q-eng6.1-05,ENG6.1,mc,"Choose the word that best fills the blank: 'The politician's _____ remarks about the rival party triggered a wave of public outrage.'","'Inflammatory' is correct — it means tending to arouse anger or violent feelings, which explains the public outrage. 'Diplomatic' means tactful and careful, the opposite of what caused outrage. 'Measured' means calm and deliberate, also inconsistent with provoking outrage. 'Polite' implies courtesy, which would not trigger anger.",k-eng-6-1-1,easy,ai-generated,false,B,inflammatory,true,2
q-eng6.1-05,ENG6.1,mc,"Choose the word that best fills the blank: 'The politician's _____ remarks about the rival party triggered a wave of public outrage.'","'Inflammatory' is correct — it means tending to arouse anger or violent feelings, which explains the public outrage. 'Diplomatic' means tactful and careful, the opposite of what caused outrage. 'Measured' means calm and deliberate, also inconsistent with provoking outrage. 'Polite' implies courtesy, which would not trigger anger.",k-eng-6-1-1,easy,ai-generated,false,C,measured,false,3
q-eng6.1-05,ENG6.1,mc,"Choose the word that best fills the blank: 'The politician's _____ remarks about the rival party triggered a wave of public outrage.'","'Inflammatory' is correct — it means tending to arouse anger or violent feelings, which explains the public outrage. 'Diplomatic' means tactful and careful, the opposite of what caused outrage. 'Measured' means calm and deliberate, also inconsistent with provoking outrage. 'Polite' implies courtesy, which would not trigger anger.",k-eng-6-1-1,easy,ai-generated,false,D,polite,false,4
q-eng6.1-06,ENG6.1,mc,"Choose the word that best fills the blank: 'Despite the hostile cross-examination, the witness _____ her composure throughout the hearing.'","'Maintained' is correct — 'maintain composure' is a fixed collocation meaning to keep calm; it is the standard verb used with composure. 'Saved' is used for saving things from loss or danger, not internal states. 'Preserved' usually applies to physical objects or cultural heritage, not emotional states. 'Protected' implies shielding from external harm and does not collocate naturally with composure.",k-eng-6-1-1,medium,ai-generated,false,A,saved,false,1
q-eng6.1-06,ENG6.1,mc,"Choose the word that best fills the blank: 'Despite the hostile cross-examination, the witness _____ her composure throughout the hearing.'","'Maintained' is correct — 'maintain composure' is a fixed collocation meaning to keep calm; it is the standard verb used with composure. 'Saved' is used for saving things from loss or danger, not internal states. 'Preserved' usually applies to physical objects or cultural heritage, not emotional states. 'Protected' implies shielding from external harm and does not collocate naturally with composure.",k-eng-6-1-1,medium,ai-generated,false,B,maintained,true,2
q-eng6.1-06,ENG6.1,mc,"Choose the word that best fills the blank: 'Despite the hostile cross-examination, the witness _____ her composure throughout the hearing.'","'Maintained' is correct — 'maintain composure' is a fixed collocation meaning to keep calm; it is the standard verb used with composure. 'Saved' is used for saving things from loss or danger, not internal states. 'Preserved' usually applies to physical objects or cultural heritage, not emotional states. 'Protected' implies shielding from external harm and does not collocate naturally with composure.",k-eng-6-1-1,medium,ai-generated,false,C,preserved,false,3
q-eng6.1-06,ENG6.1,mc,"Choose the word that best fills the blank: 'Despite the hostile cross-examination, the witness _____ her composure throughout the hearing.'","'Maintained' is correct — 'maintain composure' is a fixed collocation meaning to keep calm; it is the standard verb used with composure. 'Saved' is used for saving things from loss or danger, not internal states. 'Preserved' usually applies to physical objects or cultural heritage, not emotional states. 'Protected' implies shielding from external harm and does not collocate naturally with composure.",k-eng-6-1-1,medium,ai-generated,false,D,protected,false,4
q-eng6.1-07,ENG6.1,mc,"Choose the word that best fills the blank: 'The judge delivered an _____ verdict that satisfied both the prosecution and the defence.'","'Impartial' is correct — it means fair and unbiased, which is exactly why both sides were satisfied. 'Biased' means unfairly favouring one side, which would not satisfy both. 'Subjective' means based on personal feeling rather than facts, inconsistent with a court verdict satisfying both parties. 'One-sided' explicitly favours one party, the opposite of the given outcome.",k-eng-6-1-1,medium,ai-generated,false,A,biased,false,1
q-eng6.1-07,ENG6.1,mc,"Choose the word that best fills the blank: 'The judge delivered an _____ verdict that satisfied both the prosecution and the defence.'","'Impartial' is correct — it means fair and unbiased, which is exactly why both sides were satisfied. 'Biased' means unfairly favouring one side, which would not satisfy both. 'Subjective' means based on personal feeling rather than facts, inconsistent with a court verdict satisfying both parties. 'One-sided' explicitly favours one party, the opposite of the given outcome.",k-eng-6-1-1,medium,ai-generated,false,B,subjective,false,2
q-eng6.1-07,ENG6.1,mc,"Choose the word that best fills the blank: 'The judge delivered an _____ verdict that satisfied both the prosecution and the defence.'","'Impartial' is correct — it means fair and unbiased, which is exactly why both sides were satisfied. 'Biased' means unfairly favouring one side, which would not satisfy both. 'Subjective' means based on personal feeling rather than facts, inconsistent with a court verdict satisfying both parties. 'One-sided' explicitly favours one party, the opposite of the given outcome.",k-eng-6-1-1,medium,ai-generated,false,C,one-sided,false,3
q-eng6.1-07,ENG6.1,mc,"Choose the word that best fills the blank: 'The judge delivered an _____ verdict that satisfied both the prosecution and the defence.'","'Impartial' is correct — it means fair and unbiased, which is exactly why both sides were satisfied. 'Biased' means unfairly favouring one side, which would not satisfy both. 'Subjective' means based on personal feeling rather than facts, inconsistent with a court verdict satisfying both parties. 'One-sided' explicitly favours one party, the opposite of the given outcome.",k-eng-6-1-1,medium,ai-generated,false,D,impartial,true,4
q-eng6.1-08,ENG6.1,mc,"Choose the word that best fills the blank: 'The CEO _____ a directive instructing all departments to reduce operational costs by 15%.'","'Issued' is correct — 'issue a directive/order/circular' is the standard collocation for officially putting out a formal instruction. 'Announced' is used for making something known publicly, not for formally releasing a written directive. 'Released' is used for freeing or publishing content (e.g., a film, a report), not for official directives in a corporate context. 'Gave' is informal and too vague for the formal register of a CEO's directive.",k-eng-6-1-1,medium,ai-generated,false,A,announced,false,1
q-eng6.1-08,ENG6.1,mc,"Choose the word that best fills the blank: 'The CEO _____ a directive instructing all departments to reduce operational costs by 15%.'","'Issued' is correct — 'issue a directive/order/circular' is the standard collocation for officially putting out a formal instruction. 'Announced' is used for making something known publicly, not for formally releasing a written directive. 'Released' is used for freeing or publishing content (e.g., a film, a report), not for official directives in a corporate context. 'Gave' is informal and too vague for the formal register of a CEO's directive.",k-eng-6-1-1,medium,ai-generated,false,B,issued,true,2
q-eng6.1-08,ENG6.1,mc,"Choose the word that best fills the blank: 'The CEO _____ a directive instructing all departments to reduce operational costs by 15%.'","'Issued' is correct — 'issue a directive/order/circular' is the standard collocation for officially putting out a formal instruction. 'Announced' is used for making something known publicly, not for formally releasing a written directive. 'Released' is used for freeing or publishing content (e.g., a film, a report), not for official directives in a corporate context. 'Gave' is informal and too vague for the formal register of a CEO's directive.",k-eng-6-1-1,medium,ai-generated,false,C,released,false,3
q-eng6.1-08,ENG6.1,mc,"Choose the word that best fills the blank: 'The CEO _____ a directive instructing all departments to reduce operational costs by 15%.'","'Issued' is correct — 'issue a directive/order/circular' is the standard collocation for officially putting out a formal instruction. 'Announced' is used for making something known publicly, not for formally releasing a written directive. 'Released' is used for freeing or publishing content (e.g., a film, a report), not for official directives in a corporate context. 'Gave' is informal and too vague for the formal register of a CEO's directive.",k-eng-6-1-1,medium,ai-generated,false,D,gave,false,4
q-eng6.1-09,ENG6.1,mc,"Choose the word that best fills the blank: 'The new labour policy will _____ a significant change in the way companies handle employee grievances.'","'Effect' is correct — when used as a verb, 'effect' means to bring about or cause a change; 'effect a change' is a fixed formal collocation. 'Affect' is a verb meaning to influence or have an impact on, not to bring something about — it cannot take 'a change' as its direct object in this sense. 'Make' is grammatically valid ('make a change') but far less formal and specific than 'effect a change' in this context. 'Bring' alone cannot stand here; the correct phrase would be 'bring about', which is not among the options.",k-eng-6-1-1,hard,ai-generated,false,A,affect,false,1
q-eng6.1-09,ENG6.1,mc,"Choose the word that best fills the blank: 'The new labour policy will _____ a significant change in the way companies handle employee grievances.'","'Effect' is correct — when used as a verb, 'effect' means to bring about or cause a change; 'effect a change' is a fixed formal collocation. 'Affect' is a verb meaning to influence or have an impact on, not to bring something about — it cannot take 'a change' as its direct object in this sense. 'Make' is grammatically valid ('make a change') but far less formal and specific than 'effect a change' in this context. 'Bring' alone cannot stand here; the correct phrase would be 'bring about', which is not among the options.",k-eng-6-1-1,hard,ai-generated,false,B,effect,true,2
q-eng6.1-09,ENG6.1,mc,"Choose the word that best fills the blank: 'The new labour policy will _____ a significant change in the way companies handle employee grievances.'","'Effect' is correct — when used as a verb, 'effect' means to bring about or cause a change; 'effect a change' is a fixed formal collocation. 'Affect' is a verb meaning to influence or have an impact on, not to bring something about — it cannot take 'a change' as its direct object in this sense. 'Make' is grammatically valid ('make a change') but far less formal and specific than 'effect a change' in this context. 'Bring' alone cannot stand here; the correct phrase would be 'bring about', which is not among the options.",k-eng-6-1-1,hard,ai-generated,false,C,make,false,3
q-eng6.1-09,ENG6.1,mc,"Choose the word that best fills the blank: 'The new labour policy will _____ a significant change in the way companies handle employee grievances.'","'Effect' is correct — when used as a verb, 'effect' means to bring about or cause a change; 'effect a change' is a fixed formal collocation. 'Affect' is a verb meaning to influence or have an impact on, not to bring something about — it cannot take 'a change' as its direct object in this sense. 'Make' is grammatically valid ('make a change') but far less formal and specific than 'effect a change' in this context. 'Bring' alone cannot stand here; the correct phrase would be 'bring about', which is not among the options.",k-eng-6-1-1,hard,ai-generated,false,D,bring,false,4
q-eng6.1-10,ENG6.1,mc,"Choose the word that best fills the blank: 'The principal's speech about resilience _____ a chord with the students who had just faced the board examinations.'","'Struck' is correct — 'strike a chord' is a fixed collocation meaning to resonate emotionally with someone. 'Hit' is close but 'hit a chord' is not the standard form; the idiom always uses 'strike'. 'Touched' collocates with 'touched a nerve' or 'touched someone's heart', not 'touched a chord'. 'Reached' does not collocate with 'chord' in any standard idiomatic expression.",k-eng-6-1-1,hard,ai-generated,false,A,hit,false,1
q-eng6.1-10,ENG6.1,mc,"Choose the word that best fills the blank: 'The principal's speech about resilience _____ a chord with the students who had just faced the board examinations.'","'Struck' is correct — 'strike a chord' is a fixed collocation meaning to resonate emotionally with someone. 'Hit' is close but 'hit a chord' is not the standard form; the idiom always uses 'strike'. 'Touched' collocates with 'touched a nerve' or 'touched someone's heart', not 'touched a chord'. 'Reached' does not collocate with 'chord' in any standard idiomatic expression.",k-eng-6-1-1,hard,ai-generated,false,B,struck,true,2
q-eng6.1-10,ENG6.1,mc,"Choose the word that best fills the blank: 'The principal's speech about resilience _____ a chord with the students who had just faced the board examinations.'","'Struck' is correct — 'strike a chord' is a fixed collocation meaning to resonate emotionally with someone. 'Hit' is close but 'hit a chord' is not the standard form; the idiom always uses 'strike'. 'Touched' collocates with 'touched a nerve' or 'touched someone's heart', not 'touched a chord'. 'Reached' does not collocate with 'chord' in any standard idiomatic expression.",k-eng-6-1-1,hard,ai-generated,false,C,touched,false,3
q-eng6.1-10,ENG6.1,mc,"Choose the word that best fills the blank: 'The principal's speech about resilience _____ a chord with the students who had just faced the board examinations.'","'Struck' is correct — 'strike a chord' is a fixed collocation meaning to resonate emotionally with someone. 'Hit' is close but 'hit a chord' is not the standard form; the idiom always uses 'strike'. 'Touched' collocates with 'touched a nerve' or 'touched someone's heart', not 'touched a chord'. 'Reached' does not collocate with 'chord' in any standard idiomatic expression.",k-eng-6-1-1,hard,ai-generated,false,D,reached,false,4
q-eng6.1-11,ENG6.1,mc,"Choose the phrasal verb that best fills the blank: 'The cricket match was _____ after heavy rain made the pitch completely unplayable.'","'Called off' is correct — it means cancelled, which fits a match that cannot proceed due to rain. 'Called out' means to challenge someone or shout for attention. 'Called up' means to summon someone (e.g., to the army or a phone call). 'Called in' means to summon someone to a location or to report in by phone.",k-eng-6-1-2,easy,ai-generated,false,A,called off,true,1
q-eng6.1-11,ENG6.1,mc,"Choose the phrasal verb that best fills the blank: 'The cricket match was _____ after heavy rain made the pitch completely unplayable.'","'Called off' is correct — it means cancelled, which fits a match that cannot proceed due to rain. 'Called out' means to challenge someone or shout for attention. 'Called up' means to summon someone (e.g., to the army or a phone call). 'Called in' means to summon someone to a location or to report in by phone.",k-eng-6-1-2,easy,ai-generated,false,B,called out,false,2
q-eng6.1-11,ENG6.1,mc,"Choose the phrasal verb that best fills the blank: 'The cricket match was _____ after heavy rain made the pitch completely unplayable.'","'Called off' is correct — it means cancelled, which fits a match that cannot proceed due to rain. 'Called out' means to challenge someone or shout for attention. 'Called up' means to summon someone (e.g., to the army or a phone call). 'Called in' means to summon someone to a location or to report in by phone.",k-eng-6-1-2,easy,ai-generated,false,C,called up,false,3
q-eng6.1-11,ENG6.1,mc,"Choose the phrasal verb that best fills the blank: 'The cricket match was _____ after heavy rain made the pitch completely unplayable.'","'Called off' is correct — it means cancelled, which fits a match that cannot proceed due to rain. 'Called out' means to challenge someone or shout for attention. 'Called up' means to summon someone (e.g., to the army or a phone call). 'Called in' means to summon someone to a location or to report in by phone.",k-eng-6-1-2,easy,ai-generated,false,D,called in,false,4
q-eng6.1-12,ENG6.1,mc,"Choose the phrasal verb that best fills the blank: 'The research team was asked to _____ a survey on consumer preferences before the product launch.'","'Carry out' is correct — it means to conduct or execute a task, the natural phrasal verb with 'survey/experiment/investigation'. 'Carry on' means to continue, not to perform a new task. 'Carry over' means to transfer something to a later time or period. 'Carry away' means to become overly excited or to transport something physically.",k-eng-6-1-2,easy,ai-generated,false,A,carry on,false,1
q-eng6.1-12,ENG6.1,mc,"Choose the phrasal verb that best fills the blank: 'The research team was asked to _____ a survey on consumer preferences before the product launch.'","'Carry out' is correct — it means to conduct or execute a task, the natural phrasal verb with 'survey/experiment/investigation'. 'Carry on' means to continue, not to perform a new task. 'Carry over' means to transfer something to a later time or period. 'Carry away' means to become overly excited or to transport something physically.",k-eng-6-1-2,easy,ai-generated,false,B,carry over,false,2
q-eng6.1-12,ENG6.1,mc,"Choose the phrasal verb that best fills the blank: 'The research team was asked to _____ a survey on consumer preferences before the product launch.'","'Carry out' is correct — it means to conduct or execute a task, the natural phrasal verb with 'survey/experiment/investigation'. 'Carry on' means to continue, not to perform a new task. 'Carry over' means to transfer something to a later time or period. 'Carry away' means to become overly excited or to transport something physically.",k-eng-6-1-2,easy,ai-generated,false,C,carry out,true,3
q-eng6.1-12,ENG6.1,mc,"Choose the phrasal verb that best fills the blank: 'The research team was asked to _____ a survey on consumer preferences before the product launch.'","'Carry out' is correct — it means to conduct or execute a task, the natural phrasal verb with 'survey/experiment/investigation'. 'Carry on' means to continue, not to perform a new task. 'Carry over' means to transfer something to a later time or period. 'Carry away' means to become overly excited or to transport something physically.",k-eng-6-1-2,easy,ai-generated,false,D,carry away,false,4
q-eng6.1-13,ENG6.1,mc,"Choose the phrasal verb that best fills the blank: 'A special committee was formed to _____ allegations of financial irregularities in the department.'","'Look into' is correct — it means to investigate, which fits the context of a committee examining allegations. 'Look up' means to search for information (in a dictionary or database). 'Look after' means to take care of someone or something. 'Look over' means to examine something briefly or casually, not conduct a formal investigation.",k-eng-6-1-2,easy,ai-generated,false,A,look up,false,1
q-eng6.1-13,ENG6.1,mc,"Choose the phrasal verb that best fills the blank: 'A special committee was formed to _____ allegations of financial irregularities in the department.'","'Look into' is correct — it means to investigate, which fits the context of a committee examining allegations. 'Look up' means to search for information (in a dictionary or database). 'Look after' means to take care of someone or something. 'Look over' means to examine something briefly or casually, not conduct a formal investigation.",k-eng-6-1-2,easy,ai-generated,false,B,look into,true,2
q-eng6.1-13,ENG6.1,mc,"Choose the phrasal verb that best fills the blank: 'A special committee was formed to _____ allegations of financial irregularities in the department.'","'Look into' is correct — it means to investigate, which fits the context of a committee examining allegations. 'Look up' means to search for information (in a dictionary or database). 'Look after' means to take care of someone or something. 'Look over' means to examine something briefly or casually, not conduct a formal investigation.",k-eng-6-1-2,easy,ai-generated,false,C,look after,false,3
q-eng6.1-13,ENG6.1,mc,"Choose the phrasal verb that best fills the blank: 'A special committee was formed to _____ allegations of financial irregularities in the department.'","'Look into' is correct — it means to investigate, which fits the context of a committee examining allegations. 'Look up' means to search for information (in a dictionary or database). 'Look after' means to take care of someone or something. 'Look over' means to examine something briefly or casually, not conduct a formal investigation.",k-eng-6-1-2,easy,ai-generated,false,D,look over,false,4
q-eng6.1-14,ENG6.1,mc,"Choose the phrasal verb that best fills the blank: 'The surgery was _____ because the patient developed a high fever the night before.'","'Put off' is correct — it means postponed, which fits a surgery rescheduled due to illness. 'Put up' means to erect something or to tolerate. 'Put out' means to extinguish (a fire) or to publish. 'Put down' means to lay something on a surface, to suppress a rebellion, or to euthanise an animal.",k-eng-6-1-2,medium,ai-generated,false,A,put up,false,1
q-eng6.1-14,ENG6.1,mc,"Choose the phrasal verb that best fills the blank: 'The surgery was _____ because the patient developed a high fever the night before.'","'Put off' is correct — it means postponed, which fits a surgery rescheduled due to illness. 'Put up' means to erect something or to tolerate. 'Put out' means to extinguish (a fire) or to publish. 'Put down' means to lay something on a surface, to suppress a rebellion, or to euthanise an animal.",k-eng-6-1-2,medium,ai-generated,false,B,put off,true,2
q-eng6.1-14,ENG6.1,mc,"Choose the phrasal verb that best fills the blank: 'The surgery was _____ because the patient developed a high fever the night before.'","'Put off' is correct — it means postponed, which fits a surgery rescheduled due to illness. 'Put up' means to erect something or to tolerate. 'Put out' means to extinguish (a fire) or to publish. 'Put down' means to lay something on a surface, to suppress a rebellion, or to euthanise an animal.",k-eng-6-1-2,medium,ai-generated,false,C,put out,false,3
q-eng6.1-14,ENG6.1,mc,"Choose the phrasal verb that best fills the blank: 'The surgery was _____ because the patient developed a high fever the night before.'","'Put off' is correct — it means postponed, which fits a surgery rescheduled due to illness. 'Put up' means to erect something or to tolerate. 'Put out' means to extinguish (a fire) or to publish. 'Put down' means to lay something on a surface, to suppress a rebellion, or to euthanise an animal.",k-eng-6-1-2,medium,ai-generated,false,D,put down,false,4
q-eng6.1-15,ENG6.1,mc,"Choose the phrasal verb that best fills the blank: 'The century-old structure was _____ last month to make room for a modern housing complex.'","'Pulled down' is correct — it means demolished, the standard phrasal verb for tearing down a building. 'Pulled off' means to succeed in doing something difficult. 'Pulled out' means to withdraw from a place or agreement. 'Pulled up' means to stop a vehicle, to reprimand someone, or to uproot a plant.",k-eng-6-1-2,medium,ai-generated,false,A,pulled off,false,1
q-eng6.1-15,ENG6.1,mc,"Choose the phrasal verb that best fills the blank: 'The century-old structure was _____ last month to make room for a modern housing complex.'","'Pulled down' is correct — it means demolished, the standard phrasal verb for tearing down a building. 'Pulled off' means to succeed in doing something difficult. 'Pulled out' means to withdraw from a place or agreement. 'Pulled up' means to stop a vehicle, to reprimand someone, or to uproot a plant.",k-eng-6-1-2,medium,ai-generated,false,B,pulled out,false,2
q-eng6.1-15,ENG6.1,mc,"Choose the phrasal verb that best fills the blank: 'The century-old structure was _____ last month to make room for a modern housing complex.'","'Pulled down' is correct — it means demolished, the standard phrasal verb for tearing down a building. 'Pulled off' means to succeed in doing something difficult. 'Pulled out' means to withdraw from a place or agreement. 'Pulled up' means to stop a vehicle, to reprimand someone, or to uproot a plant.",k-eng-6-1-2,medium,ai-generated,false,C,pulled up,false,3
q-eng6.1-15,ENG6.1,mc,"Choose the phrasal verb that best fills the blank: 'The century-old structure was _____ last month to make room for a modern housing complex.'","'Pulled down' is correct — it means demolished, the standard phrasal verb for tearing down a building. 'Pulled off' means to succeed in doing something difficult. 'Pulled out' means to withdraw from a place or agreement. 'Pulled up' means to stop a vehicle, to reprimand someone, or to uproot a plant.",k-eng-6-1-2,medium,ai-generated,false,D,pulled down,true,4
q-eng6.1-16,ENG6.1,mc,"Choose the idiom that best fills the blank: 'Finishing the 500-page audit report in just two days was _____ for the small team.'","'A tall order' is correct — it means a very difficult or demanding task, fitting the near-impossible deadline. 'A close call' means a narrow escape from danger or failure, not a difficult assignment. 'A dark horse' refers to an unexpected competitor or winner. 'A safe bet' means something very likely to succeed, the opposite of the difficulty described.",k-eng-6-1-2,medium,ai-generated,false,A,a tall order,true,1
q-eng6.1-16,ENG6.1,mc,"Choose the idiom that best fills the blank: 'Finishing the 500-page audit report in just two days was _____ for the small team.'","'A tall order' is correct — it means a very difficult or demanding task, fitting the near-impossible deadline. 'A close call' means a narrow escape from danger or failure, not a difficult assignment. 'A dark horse' refers to an unexpected competitor or winner. 'A safe bet' means something very likely to succeed, the opposite of the difficulty described.",k-eng-6-1-2,medium,ai-generated,false,B,a close call,false,2
q-eng6.1-16,ENG6.1,mc,"Choose the idiom that best fills the blank: 'Finishing the 500-page audit report in just two days was _____ for the small team.'","'A tall order' is correct — it means a very difficult or demanding task, fitting the near-impossible deadline. 'A close call' means a narrow escape from danger or failure, not a difficult assignment. 'A dark horse' refers to an unexpected competitor or winner. 'A safe bet' means something very likely to succeed, the opposite of the difficulty described.",k-eng-6-1-2,medium,ai-generated,false,C,a dark horse,false,3
q-eng6.1-16,ENG6.1,mc,"Choose the idiom that best fills the blank: 'Finishing the 500-page audit report in just two days was _____ for the small team.'","'A tall order' is correct — it means a very difficult or demanding task, fitting the near-impossible deadline. 'A close call' means a narrow escape from danger or failure, not a difficult assignment. 'A dark horse' refers to an unexpected competitor or winner. 'A safe bet' means something very likely to succeed, the opposite of the difficulty described.",k-eng-6-1-2,medium,ai-generated,false,D,a safe bet,false,4
q-eng6.1-17,ENG6.1,mc,"Choose the idiom that best fills the blank: 'The merger plans are still _____ — the two boards have not yet agreed on a final valuation.'","'Up in the air' is correct — it means uncertain or undecided, which perfectly fits plans that are not yet finalised. 'Out of the blue' means unexpectedly and suddenly, not a state of uncertainty. 'On the fence' means undecided about one's personal opinion or stance, not about a plan itself. 'Under the weather' means feeling unwell, which is unrelated to business negotiations.",k-eng-6-1-2,medium,ai-generated,false,A,out of the blue,false,1
q-eng6.1-17,ENG6.1,mc,"Choose the idiom that best fills the blank: 'The merger plans are still _____ — the two boards have not yet agreed on a final valuation.'","'Up in the air' is correct — it means uncertain or undecided, which perfectly fits plans that are not yet finalised. 'Out of the blue' means unexpectedly and suddenly, not a state of uncertainty. 'On the fence' means undecided about one's personal opinion or stance, not about a plan itself. 'Under the weather' means feeling unwell, which is unrelated to business negotiations.",k-eng-6-1-2,medium,ai-generated,false,B,on the fence,false,2
q-eng6.1-17,ENG6.1,mc,"Choose the idiom that best fills the blank: 'The merger plans are still _____ — the two boards have not yet agreed on a final valuation.'","'Up in the air' is correct — it means uncertain or undecided, which perfectly fits plans that are not yet finalised. 'Out of the blue' means unexpectedly and suddenly, not a state of uncertainty. 'On the fence' means undecided about one's personal opinion or stance, not about a plan itself. 'Under the weather' means feeling unwell, which is unrelated to business negotiations.",k-eng-6-1-2,medium,ai-generated,false,C,up in the air,true,3
q-eng6.1-17,ENG6.1,mc,"Choose the idiom that best fills the blank: 'The merger plans are still _____ — the two boards have not yet agreed on a final valuation.'","'Up in the air' is correct — it means uncertain or undecided, which perfectly fits plans that are not yet finalised. 'Out of the blue' means unexpectedly and suddenly, not a state of uncertainty. 'On the fence' means undecided about one's personal opinion or stance, not about a plan itself. 'Under the weather' means feeling unwell, which is unrelated to business negotiations.",k-eng-6-1-2,medium,ai-generated,false,D,under the weather,false,4
q-eng6.1-18,ENG6.1,mc,"Choose the word that best completes the idiom: 'Topping the national civil services examination after only four months of preparation was no small _____.'","'Feat' is correct — 'no small feat' is a fixed idiom meaning an impressive and difficult achievement. 'Task' and 'job' simply mean a piece of work, not achievements, and do not form this idiom. 'Act' can mean a deed but 'no small act' is not an established idiomatic expression in standard English.",k-eng-6-1-2,easy,ai-generated,false,A,task,false,1
q-eng6.1-18,ENG6.1,mc,"Choose the word that best completes the idiom: 'Topping the national civil services examination after only four months of preparation was no small _____.'","'Feat' is correct — 'no small feat' is a fixed idiom meaning an impressive and difficult achievement. 'Task' and 'job' simply mean a piece of work, not achievements, and do not form this idiom. 'Act' can mean a deed but 'no small act' is not an established idiomatic expression in standard English.",k-eng-6-1-2,easy,ai-generated,false,B,feat,true,2
q-eng6.1-18,ENG6.1,mc,"Choose the word that best completes the idiom: 'Topping the national civil services examination after only four months of preparation was no small _____.'","'Feat' is correct — 'no small feat' is a fixed idiom meaning an impressive and difficult achievement. 'Task' and 'job' simply mean a piece of work, not achievements, and do not form this idiom. 'Act' can mean a deed but 'no small act' is not an established idiomatic expression in standard English.",k-eng-6-1-2,easy,ai-generated,false,C,job,false,3
q-eng6.1-18,ENG6.1,mc,"Choose the word that best completes the idiom: 'Topping the national civil services examination after only four months of preparation was no small _____.'","'Feat' is correct — 'no small feat' is a fixed idiom meaning an impressive and difficult achievement. 'Task' and 'job' simply mean a piece of work, not achievements, and do not form this idiom. 'Act' can mean a deed but 'no small act' is not an established idiomatic expression in standard English.",k-eng-6-1-2,easy,ai-generated,false,D,act,false,4
q-eng6.1-19,ENG6.1,mc,"Choose the idiom that best fills the blank: 'The students were _____ the night before their board exams, going over every chapter one last time.'","'Burning the midnight oil' is correct — it means working or studying very late into the night, exactly fitting pre-exam all-night revision. 'Biting the bullet' means enduring a painful or difficult situation stoically. 'Pulling someone's leg' means joking or teasing. 'Hitting the nail on the head' means identifying something exactly correctly.",k-eng-6-1-2,easy,ai-generated,false,A,burning the midnight oil,true,1
q-eng6.1-19,ENG6.1,mc,"Choose the idiom that best fills the blank: 'The students were _____ the night before their board exams, going over every chapter one last time.'","'Burning the midnight oil' is correct — it means working or studying very late into the night, exactly fitting pre-exam all-night revision. 'Biting the bullet' means enduring a painful or difficult situation stoically. 'Pulling someone's leg' means joking or teasing. 'Hitting the nail on the head' means identifying something exactly correctly.",k-eng-6-1-2,easy,ai-generated,false,B,biting the bullet,false,2
q-eng6.1-19,ENG6.1,mc,"Choose the idiom that best fills the blank: 'The students were _____ the night before their board exams, going over every chapter one last time.'","'Burning the midnight oil' is correct — it means working or studying very late into the night, exactly fitting pre-exam all-night revision. 'Biting the bullet' means enduring a painful or difficult situation stoically. 'Pulling someone's leg' means joking or teasing. 'Hitting the nail on the head' means identifying something exactly correctly.",k-eng-6-1-2,easy,ai-generated,false,C,pulling someone's leg,false,3
q-eng6.1-19,ENG6.1,mc,"Choose the idiom that best fills the blank: 'The students were _____ the night before their board exams, going over every chapter one last time.'","'Burning the midnight oil' is correct — it means working or studying very late into the night, exactly fitting pre-exam all-night revision. 'Biting the bullet' means enduring a painful or difficult situation stoically. 'Pulling someone's leg' means joking or teasing. 'Hitting the nail on the head' means identifying something exactly correctly.",k-eng-6-1-2,easy,ai-generated,false,D,hitting the nail on the head,false,4
q-eng6.1-20,ENG6.1,mc,"Choose the idiom that best fills the blank: 'We have submitted our bid; now _____ — the client must decide whether to accept our terms.'","'The ball is in their court' is correct — it means the next action or decision rests with another party, fitting a situation where the client must now respond. 'The cat is out of the bag' means a secret has been revealed. 'The jury is still out' means a decision or verdict has not yet been reached, but implies ongoing uncertainty rather than a clear handover of responsibility. 'The coast is clear' means there is no danger or obstacle, unrelated to decision-making responsibility.",k-eng-6-1-2,hard,ai-generated,false,A,the ball is in their court,true,1
q-eng6.1-20,ENG6.1,mc,"Choose the idiom that best fills the blank: 'We have submitted our bid; now _____ — the client must decide whether to accept our terms.'","'The ball is in their court' is correct — it means the next action or decision rests with another party, fitting a situation where the client must now respond. 'The cat is out of the bag' means a secret has been revealed. 'The jury is still out' means a decision or verdict has not yet been reached, but implies ongoing uncertainty rather than a clear handover of responsibility. 'The coast is clear' means there is no danger or obstacle, unrelated to decision-making responsibility.",k-eng-6-1-2,hard,ai-generated,false,B,the cat is out of the bag,false,2
q-eng6.1-20,ENG6.1,mc,"Choose the idiom that best fills the blank: 'We have submitted our bid; now _____ — the client must decide whether to accept our terms.'","'The ball is in their court' is correct — it means the next action or decision rests with another party, fitting a situation where the client must now respond. 'The cat is out of the bag' means a secret has been revealed. 'The jury is still out' means a decision or verdict has not yet been reached, but implies ongoing uncertainty rather than a clear handover of responsibility. 'The coast is clear' means there is no danger or obstacle, unrelated to decision-making responsibility.",k-eng-6-1-2,hard,ai-generated,false,C,the jury is still out,false,3
q-eng6.1-20,ENG6.1,mc,"Choose the idiom that best fills the blank: 'We have submitted our bid; now _____ — the client must decide whether to accept our terms.'","'The ball is in their court' is correct — it means the next action or decision rests with another party, fitting a situation where the client must now respond. 'The cat is out of the bag' means a secret has been revealed. 'The jury is still out' means a decision or verdict has not yet been reached, but implies ongoing uncertainty rather than a clear handover of responsibility. 'The coast is clear' means there is no danger or obstacle, unrelated to decision-making responsibility.",k-eng-6-1-2,hard,ai-generated,false,D,the coast is clear,false,4
q-eng6.1-21,ENG6.1,mc,"The following sentence is from an official government notice. Choose the word that best fits its formal register: 'The Ministry of Finance has _____ new guidelines for the filing of income tax returns by salaried employees.'","'Issued' is correct — 'issued guidelines/circulars/orders' is the standard formal official collocation used in government notices and legal documents. 'Put out' is informal and conversational, inappropriate for a ministry notice. 'Come up with' is casual and implies impromptu creation rather than official publication. 'Gotten out' is informal and non-standard in formal writing.",s-eng-6-1-1,easy,ai-generated,false,A,issued,true,1
q-eng6.1-21,ENG6.1,mc,"The following sentence is from an official government notice. Choose the word that best fits its formal register: 'The Ministry of Finance has _____ new guidelines for the filing of income tax returns by salaried employees.'","'Issued' is correct — 'issued guidelines/circulars/orders' is the standard formal official collocation used in government notices and legal documents. 'Put out' is informal and conversational, inappropriate for a ministry notice. 'Come up with' is casual and implies impromptu creation rather than official publication. 'Gotten out' is informal and non-standard in formal writing.",s-eng-6-1-1,easy,ai-generated,false,B,put out,false,2
q-eng6.1-21,ENG6.1,mc,"The following sentence is from an official government notice. Choose the word that best fits its formal register: 'The Ministry of Finance has _____ new guidelines for the filing of income tax returns by salaried employees.'","'Issued' is correct — 'issued guidelines/circulars/orders' is the standard formal official collocation used in government notices and legal documents. 'Put out' is informal and conversational, inappropriate for a ministry notice. 'Come up with' is casual and implies impromptu creation rather than official publication. 'Gotten out' is informal and non-standard in formal writing.",s-eng-6-1-1,easy,ai-generated,false,C,come up with,false,3
q-eng6.1-21,ENG6.1,mc,"The following sentence is from an official government notice. Choose the word that best fits its formal register: 'The Ministry of Finance has _____ new guidelines for the filing of income tax returns by salaried employees.'","'Issued' is correct — 'issued guidelines/circulars/orders' is the standard formal official collocation used in government notices and legal documents. 'Put out' is informal and conversational, inappropriate for a ministry notice. 'Come up with' is casual and implies impromptu creation rather than official publication. 'Gotten out' is informal and non-standard in formal writing.",s-eng-6-1-1,easy,ai-generated,false,D,gotten out,false,4
q-eng6.1-22,ENG6.1,mc,"The following sentence is from a research paper. Choose the word that best fits its academic register: 'The new findings _____ the earlier hypothesis that sleep deprivation significantly impairs cognitive performance.'","'Corroborated' is correct — it is the precise academic term for supporting or confirming evidence, commonly used in research writing when data backs a hypothesis. 'Backed up' is informal and too colloquial for a research paper. 'Proved' overstates the strength of findings; research papers use cautious language ('corroborated', 'supported', 'indicated'). 'Pointed to' is weaker and directional rather than confirmatory.",s-eng-6-1-1,medium,ai-generated,false,A,backed up,false,1
q-eng6.1-22,ENG6.1,mc,"The following sentence is from a research paper. Choose the word that best fits its academic register: 'The new findings _____ the earlier hypothesis that sleep deprivation significantly impairs cognitive performance.'","'Corroborated' is correct — it is the precise academic term for supporting or confirming evidence, commonly used in research writing when data backs a hypothesis. 'Backed up' is informal and too colloquial for a research paper. 'Proved' overstates the strength of findings; research papers use cautious language ('corroborated', 'supported', 'indicated'). 'Pointed to' is weaker and directional rather than confirmatory.",s-eng-6-1-1,medium,ai-generated,false,B,corroborated,true,2
q-eng6.1-22,ENG6.1,mc,"The following sentence is from a research paper. Choose the word that best fits its academic register: 'The new findings _____ the earlier hypothesis that sleep deprivation significantly impairs cognitive performance.'","'Corroborated' is correct — it is the precise academic term for supporting or confirming evidence, commonly used in research writing when data backs a hypothesis. 'Backed up' is informal and too colloquial for a research paper. 'Proved' overstates the strength of findings; research papers use cautious language ('corroborated', 'supported', 'indicated'). 'Pointed to' is weaker and directional rather than confirmatory.",s-eng-6-1-1,medium,ai-generated,false,C,proved,false,3
q-eng6.1-22,ENG6.1,mc,"The following sentence is from a research paper. Choose the word that best fits its academic register: 'The new findings _____ the earlier hypothesis that sleep deprivation significantly impairs cognitive performance.'","'Corroborated' is correct — it is the precise academic term for supporting or confirming evidence, commonly used in research writing when data backs a hypothesis. 'Backed up' is informal and too colloquial for a research paper. 'Proved' overstates the strength of findings; research papers use cautious language ('corroborated', 'supported', 'indicated'). 'Pointed to' is weaker and directional rather than confirmatory.",s-eng-6-1-1,medium,ai-generated,false,D,pointed to,false,4
q-eng6.1-23,ENG6.1,mc,"The following sentence is from a corporate board report. Choose the word that best fits its formal register: 'The board of directors _____ the proposal to expand operations into Southeast Asia after a unanimous vote.'","'Ratified' is correct — it is the formal corporate/legal term for officially approving a decision by vote, standard in board meeting minutes and corporate documents. 'Okayed' is informal slang, entirely inappropriate for a board report. 'Agreed to' is grammatically fine but lacks the precision and formality of 'ratified' in a corporate context. 'Said yes to' is conversational and out of register for a formal report.",s-eng-6-1-1,easy,ai-generated,false,A,okayed,false,1
q-eng6.1-23,ENG6.1,mc,"The following sentence is from a corporate board report. Choose the word that best fits its formal register: 'The board of directors _____ the proposal to expand operations into Southeast Asia after a unanimous vote.'","'Ratified' is correct — it is the formal corporate/legal term for officially approving a decision by vote, standard in board meeting minutes and corporate documents. 'Okayed' is informal slang, entirely inappropriate for a board report. 'Agreed to' is grammatically fine but lacks the precision and formality of 'ratified' in a corporate context. 'Said yes to' is conversational and out of register for a formal report.",s-eng-6-1-1,easy,ai-generated,false,B,ratified,true,2
q-eng6.1-23,ENG6.1,mc,"The following sentence is from a corporate board report. Choose the word that best fits its formal register: 'The board of directors _____ the proposal to expand operations into Southeast Asia after a unanimous vote.'","'Ratified' is correct — it is the formal corporate/legal term for officially approving a decision by vote, standard in board meeting minutes and corporate documents. 'Okayed' is informal slang, entirely inappropriate for a board report. 'Agreed to' is grammatically fine but lacks the precision and formality of 'ratified' in a corporate context. 'Said yes to' is conversational and out of register for a formal report.",s-eng-6-1-1,easy,ai-generated,false,C,agreed to,false,3
q-eng6.1-23,ENG6.1,mc,"The following sentence is from a corporate board report. Choose the word that best fits its formal register: 'The board of directors _____ the proposal to expand operations into Southeast Asia after a unanimous vote.'","'Ratified' is correct — it is the formal corporate/legal term for officially approving a decision by vote, standard in board meeting minutes and corporate documents. 'Okayed' is informal slang, entirely inappropriate for a board report. 'Agreed to' is grammatically fine but lacks the precision and formality of 'ratified' in a corporate context. 'Said yes to' is conversational and out of register for a formal report.",s-eng-6-1-1,easy,ai-generated,false,D,said yes to,false,4
q-eng6.1-24,ENG6.1,mc,"The following sentence is from a newspaper article. Choose the word that best fits its journalistic register: 'The district collector _____ an emergency meeting with all department heads to assess the extent of flood damage.'","'Convened' is correct — it is the formal administrative and journalistic term for officially calling together a meeting, standard in newspaper reporting on official gatherings. 'Set up' is informal and conversational. 'Organised' is acceptable but less precise and formal than 'convened' in an official administrative context. 'Arranged' is casual and does not carry the official authority implied by a district collector's meeting.",s-eng-6-1-1,medium,ai-generated,false,A,convened,true,1
q-eng6.1-24,ENG6.1,mc,"The following sentence is from a newspaper article. Choose the word that best fits its journalistic register: 'The district collector _____ an emergency meeting with all department heads to assess the extent of flood damage.'","'Convened' is correct — it is the formal administrative and journalistic term for officially calling together a meeting, standard in newspaper reporting on official gatherings. 'Set up' is informal and conversational. 'Organised' is acceptable but less precise and formal than 'convened' in an official administrative context. 'Arranged' is casual and does not carry the official authority implied by a district collector's meeting.",s-eng-6-1-1,medium,ai-generated,false,B,set up,false,2
q-eng6.1-24,ENG6.1,mc,"The following sentence is from a newspaper article. Choose the word that best fits its journalistic register: 'The district collector _____ an emergency meeting with all department heads to assess the extent of flood damage.'","'Convened' is correct — it is the formal administrative and journalistic term for officially calling together a meeting, standard in newspaper reporting on official gatherings. 'Set up' is informal and conversational. 'Organised' is acceptable but less precise and formal than 'convened' in an official administrative context. 'Arranged' is casual and does not carry the official authority implied by a district collector's meeting.",s-eng-6-1-1,medium,ai-generated,false,C,organised,false,3
q-eng6.1-24,ENG6.1,mc,"The following sentence is from a newspaper article. Choose the word that best fits its journalistic register: 'The district collector _____ an emergency meeting with all department heads to assess the extent of flood damage.'","'Convened' is correct — it is the formal administrative and journalistic term for officially calling together a meeting, standard in newspaper reporting on official gatherings. 'Set up' is informal and conversational. 'Organised' is acceptable but less precise and formal than 'convened' in an official administrative context. 'Arranged' is casual and does not carry the official authority implied by a district collector's meeting.",s-eng-6-1-1,medium,ai-generated,false,D,arranged,false,4
q-eng6.1-25,ENG6.1,mc,"The following sentence is from a literary travel essay. Choose the word that best fits its descriptive tone: 'The ancient fort _____ on the hilltop, its crumbling walls bearing silent witness to centuries of forgotten history.'","'Stood' is correct — it is evocative and literary, conveying presence, solidity, and dignity, fitting the descriptive tone of a travel essay. 'Was located' is bureaucratic and factual, completely at odds with the literary, atmospheric tone. 'Sat' is informal and usually describes people or animals in a seated position, not structures. 'Remained standing' is clumsy and redundant in a literary context.",s-eng-6-1-1,medium,ai-generated,false,A,was located,false,1
q-eng6.1-25,ENG6.1,mc,"The following sentence is from a literary travel essay. Choose the word that best fits its descriptive tone: 'The ancient fort _____ on the hilltop, its crumbling walls bearing silent witness to centuries of forgotten history.'","'Stood' is correct — it is evocative and literary, conveying presence, solidity, and dignity, fitting the descriptive tone of a travel essay. 'Was located' is bureaucratic and factual, completely at odds with the literary, atmospheric tone. 'Sat' is informal and usually describes people or animals in a seated position, not structures. 'Remained standing' is clumsy and redundant in a literary context.",s-eng-6-1-1,medium,ai-generated,false,B,stood,true,2
q-eng6.1-25,ENG6.1,mc,"The following sentence is from a literary travel essay. Choose the word that best fits its descriptive tone: 'The ancient fort _____ on the hilltop, its crumbling walls bearing silent witness to centuries of forgotten history.'","'Stood' is correct — it is evocative and literary, conveying presence, solidity, and dignity, fitting the descriptive tone of a travel essay. 'Was located' is bureaucratic and factual, completely at odds with the literary, atmospheric tone. 'Sat' is informal and usually describes people or animals in a seated position, not structures. 'Remained standing' is clumsy and redundant in a literary context.",s-eng-6-1-1,medium,ai-generated,false,C,sat,false,3
q-eng6.1-25,ENG6.1,mc,"The following sentence is from a literary travel essay. Choose the word that best fits its descriptive tone: 'The ancient fort _____ on the hilltop, its crumbling walls bearing silent witness to centuries of forgotten history.'","'Stood' is correct — it is evocative and literary, conveying presence, solidity, and dignity, fitting the descriptive tone of a travel essay. 'Was located' is bureaucratic and factual, completely at odds with the literary, atmospheric tone. 'Sat' is informal and usually describes people or animals in a seated position, not structures. 'Remained standing' is clumsy and redundant in a literary context.",s-eng-6-1-1,medium,ai-generated,false,D,remained standing,false,4
q-eng6.1-26,ENG6.1,mc,"The following sentence is from a medical research abstract. Choose the word that best fits its academic register: 'The study _____ that regular aerobic exercise significantly reduces the risk of cardiovascular disease in adults over 40.'","'Demonstrates' is correct — it is standard academic language for presenting research findings backed by data, carefully avoiding overclaiming. 'Shows' is informal and too casual for a research abstract. 'Proves' overclaims — academic writing avoids 'prove' because studies present evidence, not absolute proof. 'Makes clear' is informal and journalistic, inappropriate for the neutral, cautious tone of a research abstract.",s-eng-6-1-1,medium,ai-generated,false,A,shows,false,1
q-eng6.1-26,ENG6.1,mc,"The following sentence is from a medical research abstract. Choose the word that best fits its academic register: 'The study _____ that regular aerobic exercise significantly reduces the risk of cardiovascular disease in adults over 40.'","'Demonstrates' is correct — it is standard academic language for presenting research findings backed by data, carefully avoiding overclaiming. 'Shows' is informal and too casual for a research abstract. 'Proves' overclaims — academic writing avoids 'prove' because studies present evidence, not absolute proof. 'Makes clear' is informal and journalistic, inappropriate for the neutral, cautious tone of a research abstract.",s-eng-6-1-1,medium,ai-generated,false,B,demonstrates,true,2
q-eng6.1-26,ENG6.1,mc,"The following sentence is from a medical research abstract. Choose the word that best fits its academic register: 'The study _____ that regular aerobic exercise significantly reduces the risk of cardiovascular disease in adults over 40.'","'Demonstrates' is correct — it is standard academic language for presenting research findings backed by data, carefully avoiding overclaiming. 'Shows' is informal and too casual for a research abstract. 'Proves' overclaims — academic writing avoids 'prove' because studies present evidence, not absolute proof. 'Makes clear' is informal and journalistic, inappropriate for the neutral, cautious tone of a research abstract.",s-eng-6-1-1,medium,ai-generated,false,C,proves,false,3
q-eng6.1-26,ENG6.1,mc,"The following sentence is from a medical research abstract. Choose the word that best fits its academic register: 'The study _____ that regular aerobic exercise significantly reduces the risk of cardiovascular disease in adults over 40.'","'Demonstrates' is correct — it is standard academic language for presenting research findings backed by data, carefully avoiding overclaiming. 'Shows' is informal and too casual for a research abstract. 'Proves' overclaims — academic writing avoids 'prove' because studies present evidence, not absolute proof. 'Makes clear' is informal and journalistic, inappropriate for the neutral, cautious tone of a research abstract.",s-eng-6-1-1,medium,ai-generated,false,D,makes clear,false,4
q-eng6.1-27,ENG6.1,mc,"The following sentence is from a news report. Choose the word that best fits its journalistic register: 'The authorities _____ strict travel advisories for the flood-affected coastal districts ahead of the approaching cyclone.'","'Issued' is correct — 'issue advisories/warnings/notices' is standard journalistic and official language for making public safety announcements. 'Put out' is informal and too colloquial for a news report about government advisories. 'Released' is used for publishing documents or media (press releases, films, reports), not for safety advisories. 'Gave' is vague and informal, not the precise register of news reporting.",s-eng-6-1-1,easy,ai-generated,false,A,put out,false,1
q-eng6.1-27,ENG6.1,mc,"The following sentence is from a news report. Choose the word that best fits its journalistic register: 'The authorities _____ strict travel advisories for the flood-affected coastal districts ahead of the approaching cyclone.'","'Issued' is correct — 'issue advisories/warnings/notices' is standard journalistic and official language for making public safety announcements. 'Put out' is informal and too colloquial for a news report about government advisories. 'Released' is used for publishing documents or media (press releases, films, reports), not for safety advisories. 'Gave' is vague and informal, not the precise register of news reporting.",s-eng-6-1-1,easy,ai-generated,false,B,issued,true,2
q-eng6.1-27,ENG6.1,mc,"The following sentence is from a news report. Choose the word that best fits its journalistic register: 'The authorities _____ strict travel advisories for the flood-affected coastal districts ahead of the approaching cyclone.'","'Issued' is correct — 'issue advisories/warnings/notices' is standard journalistic and official language for making public safety announcements. 'Put out' is informal and too colloquial for a news report about government advisories. 'Released' is used for publishing documents or media (press releases, films, reports), not for safety advisories. 'Gave' is vague and informal, not the precise register of news reporting.",s-eng-6-1-1,easy,ai-generated,false,C,released,false,3
q-eng6.1-27,ENG6.1,mc,"The following sentence is from a news report. Choose the word that best fits its journalistic register: 'The authorities _____ strict travel advisories for the flood-affected coastal districts ahead of the approaching cyclone.'","'Issued' is correct — 'issue advisories/warnings/notices' is standard journalistic and official language for making public safety announcements. 'Put out' is informal and too colloquial for a news report about government advisories. 'Released' is used for publishing documents or media (press releases, films, reports), not for safety advisories. 'Gave' is vague and informal, not the precise register of news reporting.",s-eng-6-1-1,easy,ai-generated,false,D,gave,false,4
q-eng6.1-28,ENG6.1,mc,"The following sentence is from an official diplomatic communiqué. Choose the word that best fits its formal register: 'The prime minister _____ the nation on the implications of the new bilateral defence agreement during his televised address.'","'Briefed' is correct — 'briefed the nation/parliament/press' is the formal diplomatic expression for an authoritative comprehensive address, conveying both information and gravity of tone. 'Told' is too casual and lacks the formal weight of a prime minister's official address. 'Informed' implies factual notification but lacks the comprehensive, structured meaning of 'briefed' in a diplomatic context. 'Updated' suggests an ongoing series of communications rather than a formal, complete address.",s-eng-6-1-1,hard,ai-generated,false,A,told,false,1
q-eng6.1-28,ENG6.1,mc,"The following sentence is from an official diplomatic communiqué. Choose the word that best fits its formal register: 'The prime minister _____ the nation on the implications of the new bilateral defence agreement during his televised address.'","'Briefed' is correct — 'briefed the nation/parliament/press' is the formal diplomatic expression for an authoritative comprehensive address, conveying both information and gravity of tone. 'Told' is too casual and lacks the formal weight of a prime minister's official address. 'Informed' implies factual notification but lacks the comprehensive, structured meaning of 'briefed' in a diplomatic context. 'Updated' suggests an ongoing series of communications rather than a formal, complete address.",s-eng-6-1-1,hard,ai-generated,false,B,informed,false,2
q-eng6.1-28,ENG6.1,mc,"The following sentence is from an official diplomatic communiqué. Choose the word that best fits its formal register: 'The prime minister _____ the nation on the implications of the new bilateral defence agreement during his televised address.'","'Briefed' is correct — 'briefed the nation/parliament/press' is the formal diplomatic expression for an authoritative comprehensive address, conveying both information and gravity of tone. 'Told' is too casual and lacks the formal weight of a prime minister's official address. 'Informed' implies factual notification but lacks the comprehensive, structured meaning of 'briefed' in a diplomatic context. 'Updated' suggests an ongoing series of communications rather than a formal, complete address.",s-eng-6-1-1,hard,ai-generated,false,C,briefed,true,3
q-eng6.1-28,ENG6.1,mc,"The following sentence is from an official diplomatic communiqué. Choose the word that best fits its formal register: 'The prime minister _____ the nation on the implications of the new bilateral defence agreement during his televised address.'","'Briefed' is correct — 'briefed the nation/parliament/press' is the formal diplomatic expression for an authoritative comprehensive address, conveying both information and gravity of tone. 'Told' is too casual and lacks the formal weight of a prime minister's official address. 'Informed' implies factual notification but lacks the comprehensive, structured meaning of 'briefed' in a diplomatic context. 'Updated' suggests an ongoing series of communications rather than a formal, complete address.",s-eng-6-1-1,hard,ai-generated,false,D,updated,false,4
q-eng6.1-29,ENG6.1,mc,"The following sentence is from a literary criticism essay. Choose the word that best fits its academic tone: 'The poet _____ between themes of loss and hope throughout the collection, never quite settling on either.'","'Oscillates' is correct — it is the precise academic/literary critical term for moving regularly between two contrasting states, matching the analytical tone of a criticism essay. 'Moves' is too vague and non-specific. 'Shifts' implies a permanent change of position, not the back-and-forth movement described. 'Goes back and forth' is informal and conversational, entirely out of register for literary criticism.",s-eng-6-1-1,hard,ai-generated,false,A,moves,false,1
q-eng6.1-29,ENG6.1,mc,"The following sentence is from a literary criticism essay. Choose the word that best fits its academic tone: 'The poet _____ between themes of loss and hope throughout the collection, never quite settling on either.'","'Oscillates' is correct — it is the precise academic/literary critical term for moving regularly between two contrasting states, matching the analytical tone of a criticism essay. 'Moves' is too vague and non-specific. 'Shifts' implies a permanent change of position, not the back-and-forth movement described. 'Goes back and forth' is informal and conversational, entirely out of register for literary criticism.",s-eng-6-1-1,hard,ai-generated,false,B,shifts,false,2
q-eng6.1-29,ENG6.1,mc,"The following sentence is from a literary criticism essay. Choose the word that best fits its academic tone: 'The poet _____ between themes of loss and hope throughout the collection, never quite settling on either.'","'Oscillates' is correct — it is the precise academic/literary critical term for moving regularly between two contrasting states, matching the analytical tone of a criticism essay. 'Moves' is too vague and non-specific. 'Shifts' implies a permanent change of position, not the back-and-forth movement described. 'Goes back and forth' is informal and conversational, entirely out of register for literary criticism.",s-eng-6-1-1,hard,ai-generated,false,C,oscillates,true,3
q-eng6.1-29,ENG6.1,mc,"The following sentence is from a literary criticism essay. Choose the word that best fits its academic tone: 'The poet _____ between themes of loss and hope throughout the collection, never quite settling on either.'","'Oscillates' is correct — it is the precise academic/literary critical term for moving regularly between two contrasting states, matching the analytical tone of a criticism essay. 'Moves' is too vague and non-specific. 'Shifts' implies a permanent change of position, not the back-and-forth movement described. 'Goes back and forth' is informal and conversational, entirely out of register for literary criticism.",s-eng-6-1-1,hard,ai-generated,false,D,goes back and forth,false,4
q-eng6.1-30,ENG6.1,mc,"The following sentence is from a formal business email. Choose the word that best fits its register: 'I am writing to _____ the details of our meeting scheduled for Thursday, 22 May, at 3:00 p.m.'","'Confirm' is correct — 'confirm the details' is the standard formal expression in business correspondence for verifying and acknowledging agreed arrangements. 'Check out' is informal slang, inappropriate for a professional email. 'Make sure about' is clumsy and conversational. 'Okay' is informal slang entirely out of register for formal business communication.",s-eng-6-1-1,easy,ai-generated,false,A,confirm,true,1
q-eng6.1-30,ENG6.1,mc,"The following sentence is from a formal business email. Choose the word that best fits its register: 'I am writing to _____ the details of our meeting scheduled for Thursday, 22 May, at 3:00 p.m.'","'Confirm' is correct — 'confirm the details' is the standard formal expression in business correspondence for verifying and acknowledging agreed arrangements. 'Check out' is informal slang, inappropriate for a professional email. 'Make sure about' is clumsy and conversational. 'Okay' is informal slang entirely out of register for formal business communication.",s-eng-6-1-1,easy,ai-generated,false,B,check out,false,2
q-eng6.1-30,ENG6.1,mc,"The following sentence is from a formal business email. Choose the word that best fits its register: 'I am writing to _____ the details of our meeting scheduled for Thursday, 22 May, at 3:00 p.m.'","'Confirm' is correct — 'confirm the details' is the standard formal expression in business correspondence for verifying and acknowledging agreed arrangements. 'Check out' is informal slang, inappropriate for a professional email. 'Make sure about' is clumsy and conversational. 'Okay' is informal slang entirely out of register for formal business communication.",s-eng-6-1-1,easy,ai-generated,false,C,make sure about,false,3
q-eng6.1-30,ENG6.1,mc,"The following sentence is from a formal business email. Choose the word that best fits its register: 'I am writing to _____ the details of our meeting scheduled for Thursday, 22 May, at 3:00 p.m.'","'Confirm' is correct — 'confirm the details' is the standard formal expression in business correspondence for verifying and acknowledging agreed arrangements. 'Check out' is informal slang, inappropriate for a professional email. 'Make sure about' is clumsy and conversational. 'Okay' is informal slang entirely out of register for formal business communication.",s-eng-6-1-1,easy,ai-generated,false,D,okay,false,4
q-eng6.1-31,ENG6.1,mc,"Choose the word that best fills the blank by using the context clues in the sentence: 'Although the economy showed some signs of recovery last quarter, analysts remain _____ about the long-term outlook.'","'Cautious' is correct — 'although... some signs of recovery' sets up a contrast: recovery is partial, so analysts are not confident; cautious (wary, not fully optimistic) fits the contrast signal 'although'. 'Optimistic' contradicts the contrast: if there were only 'some signs', analysts would not be fully positive. 'Certain' implies no doubt, which is inconsistent with a partial, uncertain recovery. 'Enthusiastic' implies strong positive feeling, which the qualifying word 'although' rules out.",s-eng-6-1-2,medium,ai-generated,false,A,optimistic,false,1
q-eng6.1-31,ENG6.1,mc,"Choose the word that best fills the blank by using the context clues in the sentence: 'Although the economy showed some signs of recovery last quarter, analysts remain _____ about the long-term outlook.'","'Cautious' is correct — 'although... some signs of recovery' sets up a contrast: recovery is partial, so analysts are not confident; cautious (wary, not fully optimistic) fits the contrast signal 'although'. 'Optimistic' contradicts the contrast: if there were only 'some signs', analysts would not be fully positive. 'Certain' implies no doubt, which is inconsistent with a partial, uncertain recovery. 'Enthusiastic' implies strong positive feeling, which the qualifying word 'although' rules out.",s-eng-6-1-2,medium,ai-generated,false,B,cautious,true,2
q-eng6.1-31,ENG6.1,mc,"Choose the word that best fills the blank by using the context clues in the sentence: 'Although the economy showed some signs of recovery last quarter, analysts remain _____ about the long-term outlook.'","'Cautious' is correct — 'although... some signs of recovery' sets up a contrast: recovery is partial, so analysts are not confident; cautious (wary, not fully optimistic) fits the contrast signal 'although'. 'Optimistic' contradicts the contrast: if there were only 'some signs', analysts would not be fully positive. 'Certain' implies no doubt, which is inconsistent with a partial, uncertain recovery. 'Enthusiastic' implies strong positive feeling, which the qualifying word 'although' rules out.",s-eng-6-1-2,medium,ai-generated,false,C,certain,false,3
q-eng6.1-31,ENG6.1,mc,"Choose the word that best fills the blank by using the context clues in the sentence: 'Although the economy showed some signs of recovery last quarter, analysts remain _____ about the long-term outlook.'","'Cautious' is correct — 'although... some signs of recovery' sets up a contrast: recovery is partial, so analysts are not confident; cautious (wary, not fully optimistic) fits the contrast signal 'although'. 'Optimistic' contradicts the contrast: if there were only 'some signs', analysts would not be fully positive. 'Certain' implies no doubt, which is inconsistent with a partial, uncertain recovery. 'Enthusiastic' implies strong positive feeling, which the qualifying word 'although' rules out.",s-eng-6-1-2,medium,ai-generated,false,D,enthusiastic,false,4
q-eng6.1-32,ENG6.1,mc,"Choose the word that best fills the blank by using the context clues in the sentence: 'She had trained for a decade and had won every regional championship; by the time she represented the country, she was considered _____ in the sport.'","'Formidable' is correct — 'a decade of training + won every regional championship' establishes a track record of excellence, so she would be seen as a powerful, impressive force. 'Inexperienced' is directly contradicted by 'trained for a decade'. 'Mediocre' means average, which contradicts winning every championship. 'Ordinary' means unremarkable, also contradicted by her exceptional record.",s-eng-6-1-2,easy,ai-generated,false,A,inexperienced,false,1
q-eng6.1-32,ENG6.1,mc,"Choose the word that best fills the blank by using the context clues in the sentence: 'She had trained for a decade and had won every regional championship; by the time she represented the country, she was considered _____ in the sport.'","'Formidable' is correct — 'a decade of training + won every regional championship' establishes a track record of excellence, so she would be seen as a powerful, impressive force. 'Inexperienced' is directly contradicted by 'trained for a decade'. 'Mediocre' means average, which contradicts winning every championship. 'Ordinary' means unremarkable, also contradicted by her exceptional record.",s-eng-6-1-2,easy,ai-generated,false,B,mediocre,false,2
q-eng6.1-32,ENG6.1,mc,"Choose the word that best fills the blank by using the context clues in the sentence: 'She had trained for a decade and had won every regional championship; by the time she represented the country, she was considered _____ in the sport.'","'Formidable' is correct — 'a decade of training + won every regional championship' establishes a track record of excellence, so she would be seen as a powerful, impressive force. 'Inexperienced' is directly contradicted by 'trained for a decade'. 'Mediocre' means average, which contradicts winning every championship. 'Ordinary' means unremarkable, also contradicted by her exceptional record.",s-eng-6-1-2,easy,ai-generated,false,C,ordinary,false,3
q-eng6.1-32,ENG6.1,mc,"Choose the word that best fills the blank by using the context clues in the sentence: 'She had trained for a decade and had won every regional championship; by the time she represented the country, she was considered _____ in the sport.'","'Formidable' is correct — 'a decade of training + won every regional championship' establishes a track record of excellence, so she would be seen as a powerful, impressive force. 'Inexperienced' is directly contradicted by 'trained for a decade'. 'Mediocre' means average, which contradicts winning every championship. 'Ordinary' means unremarkable, also contradicted by her exceptional record.",s-eng-6-1-2,easy,ai-generated,false,D,formidable,true,4
q-eng6.1-33,ENG6.1,mc,"Choose the word that best fills the blank by using the context clues in the sentence: 'Despite his _____ efforts to resolve the conflict, the mediator was unable to bring either party to the negotiating table.'","'Tireless' is correct — 'despite' signals that the efforts were genuine and strong, yet they still failed; 'tireless' (persistent, never-giving-up) fits this contrast perfectly. 'Casual' implies low effort, which contradicts 'despite' — you cannot say 'despite casual efforts' as if casual effort deserves recognition. 'Halfhearted' similarly implies weak effort, inconsistent with the respectful tone 'despite' implies. 'Passive' means inactive, which cannot coexist with actively trying to bring parties to the table.",s-eng-6-1-2,medium,ai-generated,false,A,casual,false,1
q-eng6.1-33,ENG6.1,mc,"Choose the word that best fills the blank by using the context clues in the sentence: 'Despite his _____ efforts to resolve the conflict, the mediator was unable to bring either party to the negotiating table.'","'Tireless' is correct — 'despite' signals that the efforts were genuine and strong, yet they still failed; 'tireless' (persistent, never-giving-up) fits this contrast perfectly. 'Casual' implies low effort, which contradicts 'despite' — you cannot say 'despite casual efforts' as if casual effort deserves recognition. 'Halfhearted' similarly implies weak effort, inconsistent with the respectful tone 'despite' implies. 'Passive' means inactive, which cannot coexist with actively trying to bring parties to the table.",s-eng-6-1-2,medium,ai-generated,false,B,halfhearted,false,2
q-eng6.1-33,ENG6.1,mc,"Choose the word that best fills the blank by using the context clues in the sentence: 'Despite his _____ efforts to resolve the conflict, the mediator was unable to bring either party to the negotiating table.'","'Tireless' is correct — 'despite' signals that the efforts were genuine and strong, yet they still failed; 'tireless' (persistent, never-giving-up) fits this contrast perfectly. 'Casual' implies low effort, which contradicts 'despite' — you cannot say 'despite casual efforts' as if casual effort deserves recognition. 'Halfhearted' similarly implies weak effort, inconsistent with the respectful tone 'despite' implies. 'Passive' means inactive, which cannot coexist with actively trying to bring parties to the table.",s-eng-6-1-2,medium,ai-generated,false,C,tireless,true,3
q-eng6.1-33,ENG6.1,mc,"Choose the word that best fills the blank by using the context clues in the sentence: 'Despite his _____ efforts to resolve the conflict, the mediator was unable to bring either party to the negotiating table.'","'Tireless' is correct — 'despite' signals that the efforts were genuine and strong, yet they still failed; 'tireless' (persistent, never-giving-up) fits this contrast perfectly. 'Casual' implies low effort, which contradicts 'despite' — you cannot say 'despite casual efforts' as if casual effort deserves recognition. 'Halfhearted' similarly implies weak effort, inconsistent with the respectful tone 'despite' implies. 'Passive' means inactive, which cannot coexist with actively trying to bring parties to the table.",s-eng-6-1-2,medium,ai-generated,false,D,passive,false,4
q-eng6.1-34,ENG6.1,mc,"Choose the word that best fills the blank by using the context clues in the sentence: 'The village, which was once _____ with activity during the harvest season, now lies completely abandoned and forgotten.'","'Bustling' is correct — 'once' signals a past positive state contrasted with 'now lies abandoned'; 'bustling with activity' (full of energetic movement) is the precise collocation that fits this contrast and the harvest context. 'Dull' means boring and inactive, contradicting the lively harvest season implied. 'Quiet' means calm and still, also contradicting the activity implied by 'once'. 'Deserted' means empty and abandoned — using it in the 'once' clause would contradict the 'now lies abandoned' phrase.",s-eng-6-1-2,easy,ai-generated,false,A,dull,false,1
q-eng6.1-34,ENG6.1,mc,"Choose the word that best fills the blank by using the context clues in the sentence: 'The village, which was once _____ with activity during the harvest season, now lies completely abandoned and forgotten.'","'Bustling' is correct — 'once' signals a past positive state contrasted with 'now lies abandoned'; 'bustling with activity' (full of energetic movement) is the precise collocation that fits this contrast and the harvest context. 'Dull' means boring and inactive, contradicting the lively harvest season implied. 'Quiet' means calm and still, also contradicting the activity implied by 'once'. 'Deserted' means empty and abandoned — using it in the 'once' clause would contradict the 'now lies abandoned' phrase.",s-eng-6-1-2,easy,ai-generated,false,B,quiet,false,2
q-eng6.1-34,ENG6.1,mc,"Choose the word that best fills the blank by using the context clues in the sentence: 'The village, which was once _____ with activity during the harvest season, now lies completely abandoned and forgotten.'","'Bustling' is correct — 'once' signals a past positive state contrasted with 'now lies abandoned'; 'bustling with activity' (full of energetic movement) is the precise collocation that fits this contrast and the harvest context. 'Dull' means boring and inactive, contradicting the lively harvest season implied. 'Quiet' means calm and still, also contradicting the activity implied by 'once'. 'Deserted' means empty and abandoned — using it in the 'once' clause would contradict the 'now lies abandoned' phrase.",s-eng-6-1-2,easy,ai-generated,false,C,bustling,true,3
q-eng6.1-34,ENG6.1,mc,"Choose the word that best fills the blank by using the context clues in the sentence: 'The village, which was once _____ with activity during the harvest season, now lies completely abandoned and forgotten.'","'Bustling' is correct — 'once' signals a past positive state contrasted with 'now lies abandoned'; 'bustling with activity' (full of energetic movement) is the precise collocation that fits this contrast and the harvest context. 'Dull' means boring and inactive, contradicting the lively harvest season implied. 'Quiet' means calm and still, also contradicting the activity implied by 'once'. 'Deserted' means empty and abandoned — using it in the 'once' clause would contradict the 'now lies abandoned' phrase.",s-eng-6-1-2,easy,ai-generated,false,D,deserted,false,4
q-eng6.1-35,ENG6.1,mc,"Choose the word that best fills the blank by using the context clues in the sentence: 'The first speaker's presentation was so _____ that the audience struggled to stay awake; the second speaker, by contrast, captivated everyone from the start.'","'Tedious' is correct — 'struggled to stay awake' directly signals a boring, dull presentation; 'by contrast' confirms the first speaker was the opposite of the captivating second. 'Engaging' means interesting and holding attention — it contradicts 'struggled to stay awake'. 'Lively' means energetic and interesting, also contradicted by the audience's drowsiness. 'Inspiring' implies moving or motivating the audience, which is impossible if they struggled to stay awake.",s-eng-6-1-2,easy,ai-generated,false,A,engaging,false,1
q-eng6.1-35,ENG6.1,mc,"Choose the word that best fills the blank by using the context clues in the sentence: 'The first speaker's presentation was so _____ that the audience struggled to stay awake; the second speaker, by contrast, captivated everyone from the start.'","'Tedious' is correct — 'struggled to stay awake' directly signals a boring, dull presentation; 'by contrast' confirms the first speaker was the opposite of the captivating second. 'Engaging' means interesting and holding attention — it contradicts 'struggled to stay awake'. 'Lively' means energetic and interesting, also contradicted by the audience's drowsiness. 'Inspiring' implies moving or motivating the audience, which is impossible if they struggled to stay awake.",s-eng-6-1-2,easy,ai-generated,false,B,lively,false,2
q-eng6.1-35,ENG6.1,mc,"Choose the word that best fills the blank by using the context clues in the sentence: 'The first speaker's presentation was so _____ that the audience struggled to stay awake; the second speaker, by contrast, captivated everyone from the start.'","'Tedious' is correct — 'struggled to stay awake' directly signals a boring, dull presentation; 'by contrast' confirms the first speaker was the opposite of the captivating second. 'Engaging' means interesting and holding attention — it contradicts 'struggled to stay awake'. 'Lively' means energetic and interesting, also contradicted by the audience's drowsiness. 'Inspiring' implies moving or motivating the audience, which is impossible if they struggled to stay awake.",s-eng-6-1-2,easy,ai-generated,false,C,inspiring,false,3
q-eng6.1-35,ENG6.1,mc,"Choose the word that best fills the blank by using the context clues in the sentence: 'The first speaker's presentation was so _____ that the audience struggled to stay awake; the second speaker, by contrast, captivated everyone from the start.'","'Tedious' is correct — 'struggled to stay awake' directly signals a boring, dull presentation; 'by contrast' confirms the first speaker was the opposite of the captivating second. 'Engaging' means interesting and holding attention — it contradicts 'struggled to stay awake'. 'Lively' means energetic and interesting, also contradicted by the audience's drowsiness. 'Inspiring' implies moving or motivating the audience, which is impossible if they struggled to stay awake.",s-eng-6-1-2,easy,ai-generated,false,D,tedious,true,4
q-eng6.1-36,ENG6.1,mc,"Choose the word that best fills the blank by using the context clues in the sentence: 'As a seasoned diplomat, she was known for her _____ manner, always choosing words that offended neither side.'","'Tactful' is correct — 'diplomat + always choosing words that offended neither side' defines tactful behaviour: careful, considerate speech that avoids causing offence. 'Blunt' means direct and sometimes harsh, the opposite of what a diplomat who avoids offending either side would be. 'Confrontational' means aggressive and challenging, directly contradicted by 'offended neither side'. 'Aggressive' also contradicts the diplomat's careful, balanced communication style.",s-eng-6-1-2,medium,ai-generated,false,A,blunt,false,1
q-eng6.1-36,ENG6.1,mc,"Choose the word that best fills the blank by using the context clues in the sentence: 'As a seasoned diplomat, she was known for her _____ manner, always choosing words that offended neither side.'","'Tactful' is correct — 'diplomat + always choosing words that offended neither side' defines tactful behaviour: careful, considerate speech that avoids causing offence. 'Blunt' means direct and sometimes harsh, the opposite of what a diplomat who avoids offending either side would be. 'Confrontational' means aggressive and challenging, directly contradicted by 'offended neither side'. 'Aggressive' also contradicts the diplomat's careful, balanced communication style.",s-eng-6-1-2,medium,ai-generated,false,B,confrontational,false,2
q-eng6.1-36,ENG6.1,mc,"Choose the word that best fills the blank by using the context clues in the sentence: 'As a seasoned diplomat, she was known for her _____ manner, always choosing words that offended neither side.'","'Tactful' is correct — 'diplomat + always choosing words that offended neither side' defines tactful behaviour: careful, considerate speech that avoids causing offence. 'Blunt' means direct and sometimes harsh, the opposite of what a diplomat who avoids offending either side would be. 'Confrontational' means aggressive and challenging, directly contradicted by 'offended neither side'. 'Aggressive' also contradicts the diplomat's careful, balanced communication style.",s-eng-6-1-2,medium,ai-generated,false,C,tactful,true,3
q-eng6.1-36,ENG6.1,mc,"Choose the word that best fills the blank by using the context clues in the sentence: 'As a seasoned diplomat, she was known for her _____ manner, always choosing words that offended neither side.'","'Tactful' is correct — 'diplomat + always choosing words that offended neither side' defines tactful behaviour: careful, considerate speech that avoids causing offence. 'Blunt' means direct and sometimes harsh, the opposite of what a diplomat who avoids offending either side would be. 'Confrontational' means aggressive and challenging, directly contradicted by 'offended neither side'. 'Aggressive' also contradicts the diplomat's careful, balanced communication style.",s-eng-6-1-2,medium,ai-generated,false,D,aggressive,false,4
q-eng6.1-37,ENG6.1,mc,"Choose the word that best fills the blank by using the context clues in the sentence: 'The merger talks, which had seemed _____ just a month ago, collapsed suddenly after a disagreement over asset valuation.'","'Promising' is correct — 'had seemed _____ just a month ago' followed by 'collapsed suddenly' requires a word meaning positively expected; 'suddenly' implies the collapse was unexpected, so the talks must have looked good before. 'Hopeless' contradicts 'suddenly' — if talks were hopeless, their collapse would not be sudden or surprising. 'Doomed' also implies foreseeable failure, removing the element of surprise. 'Pointless' would similarly mean there was no expectation of success, making the sudden collapse unremarkable.",s-eng-6-1-2,medium,ai-generated,false,A,hopeless,false,1
q-eng6.1-37,ENG6.1,mc,"Choose the word that best fills the blank by using the context clues in the sentence: 'The merger talks, which had seemed _____ just a month ago, collapsed suddenly after a disagreement over asset valuation.'","'Promising' is correct — 'had seemed _____ just a month ago' followed by 'collapsed suddenly' requires a word meaning positively expected; 'suddenly' implies the collapse was unexpected, so the talks must have looked good before. 'Hopeless' contradicts 'suddenly' — if talks were hopeless, their collapse would not be sudden or surprising. 'Doomed' also implies foreseeable failure, removing the element of surprise. 'Pointless' would similarly mean there was no expectation of success, making the sudden collapse unremarkable.",s-eng-6-1-2,medium,ai-generated,false,B,doomed,false,2
q-eng6.1-37,ENG6.1,mc,"Choose the word that best fills the blank by using the context clues in the sentence: 'The merger talks, which had seemed _____ just a month ago, collapsed suddenly after a disagreement over asset valuation.'","'Promising' is correct — 'had seemed _____ just a month ago' followed by 'collapsed suddenly' requires a word meaning positively expected; 'suddenly' implies the collapse was unexpected, so the talks must have looked good before. 'Hopeless' contradicts 'suddenly' — if talks were hopeless, their collapse would not be sudden or surprising. 'Doomed' also implies foreseeable failure, removing the element of surprise. 'Pointless' would similarly mean there was no expectation of success, making the sudden collapse unremarkable.",s-eng-6-1-2,medium,ai-generated,false,C,promising,true,3
q-eng6.1-37,ENG6.1,mc,"Choose the word that best fills the blank by using the context clues in the sentence: 'The merger talks, which had seemed _____ just a month ago, collapsed suddenly after a disagreement over asset valuation.'","'Promising' is correct — 'had seemed _____ just a month ago' followed by 'collapsed suddenly' requires a word meaning positively expected; 'suddenly' implies the collapse was unexpected, so the talks must have looked good before. 'Hopeless' contradicts 'suddenly' — if talks were hopeless, their collapse would not be sudden or surprising. 'Doomed' also implies foreseeable failure, removing the element of surprise. 'Pointless' would similarly mean there was no expectation of success, making the sudden collapse unremarkable.",s-eng-6-1-2,medium,ai-generated,false,D,pointless,false,4
q-eng6.1-38,ENG6.1,mc,"Choose the word that best fills the blank by using the context clues in the sentence: 'His elder brother is outgoing and sociable; he, on the other hand, is quite _____ and prefers small, quiet gatherings.'","'Reserved' is correct — 'on the other hand' signals a direct contrast with 'outgoing and sociable'; reserved (quiet, not forthcoming with strangers) is the precise antonym in this context. 'Gregarious' means very sociable and fond of company — it repeats the meaning of 'outgoing', not contrasts it. 'Extroverted' also means sociable and outwardly directed, the same meaning as what describes the brother. 'Talkative' means inclined to talk a great deal, also the opposite of what 'on the other hand' requires.",s-eng-6-1-2,easy,ai-generated,false,A,gregarious,false,1
q-eng6.1-38,ENG6.1,mc,"Choose the word that best fills the blank by using the context clues in the sentence: 'His elder brother is outgoing and sociable; he, on the other hand, is quite _____ and prefers small, quiet gatherings.'","'Reserved' is correct — 'on the other hand' signals a direct contrast with 'outgoing and sociable'; reserved (quiet, not forthcoming with strangers) is the precise antonym in this context. 'Gregarious' means very sociable and fond of company — it repeats the meaning of 'outgoing', not contrasts it. 'Extroverted' also means sociable and outwardly directed, the same meaning as what describes the brother. 'Talkative' means inclined to talk a great deal, also the opposite of what 'on the other hand' requires.",s-eng-6-1-2,easy,ai-generated,false,B,extroverted,false,2
q-eng6.1-38,ENG6.1,mc,"Choose the word that best fills the blank by using the context clues in the sentence: 'His elder brother is outgoing and sociable; he, on the other hand, is quite _____ and prefers small, quiet gatherings.'","'Reserved' is correct — 'on the other hand' signals a direct contrast with 'outgoing and sociable'; reserved (quiet, not forthcoming with strangers) is the precise antonym in this context. 'Gregarious' means very sociable and fond of company — it repeats the meaning of 'outgoing', not contrasts it. 'Extroverted' also means sociable and outwardly directed, the same meaning as what describes the brother. 'Talkative' means inclined to talk a great deal, also the opposite of what 'on the other hand' requires.",s-eng-6-1-2,easy,ai-generated,false,C,talkative,false,3
q-eng6.1-38,ENG6.1,mc,"Choose the word that best fills the blank by using the context clues in the sentence: 'His elder brother is outgoing and sociable; he, on the other hand, is quite _____ and prefers small, quiet gatherings.'","'Reserved' is correct — 'on the other hand' signals a direct contrast with 'outgoing and sociable'; reserved (quiet, not forthcoming with strangers) is the precise antonym in this context. 'Gregarious' means very sociable and fond of company — it repeats the meaning of 'outgoing', not contrasts it. 'Extroverted' also means sociable and outwardly directed, the same meaning as what describes the brother. 'Talkative' means inclined to talk a great deal, also the opposite of what 'on the other hand' requires.",s-eng-6-1-2,easy,ai-generated,false,D,reserved,true,4
q-eng6.1-39,ENG6.1,mc,"Choose the word that best fills the blank by using the context clues in the sentence: 'The author's claim that technology always improves quality of life is _____, as there are numerous documented cases where it has had the opposite effect.'","'Debatable' is correct — 'as there are numerous cases where it has had the opposite effect' provides evidence against the claim, making it open to argument; debatable means open to discussion or dispute. 'Indisputable' means cannot be argued with — directly contradicted by the evidence of opposite effects given. 'Undeniable' also means impossible to deny, which contradicts the counter-evidence cited. 'Convincing' means persuasive, which the provided counter-evidence shows the claim is not.",s-eng-6-1-2,hard,ai-generated,false,A,indisputable,false,1
q-eng6.1-39,ENG6.1,mc,"Choose the word that best fills the blank by using the context clues in the sentence: 'The author's claim that technology always improves quality of life is _____, as there are numerous documented cases where it has had the opposite effect.'","'Debatable' is correct — 'as there are numerous cases where it has had the opposite effect' provides evidence against the claim, making it open to argument; debatable means open to discussion or dispute. 'Indisputable' means cannot be argued with — directly contradicted by the evidence of opposite effects given. 'Undeniable' also means impossible to deny, which contradicts the counter-evidence cited. 'Convincing' means persuasive, which the provided counter-evidence shows the claim is not.",s-eng-6-1-2,hard,ai-generated,false,B,undeniable,false,2
q-eng6.1-39,ENG6.1,mc,"Choose the word that best fills the blank by using the context clues in the sentence: 'The author's claim that technology always improves quality of life is _____, as there are numerous documented cases where it has had the opposite effect.'","'Debatable' is correct — 'as there are numerous cases where it has had the opposite effect' provides evidence against the claim, making it open to argument; debatable means open to discussion or dispute. 'Indisputable' means cannot be argued with — directly contradicted by the evidence of opposite effects given. 'Undeniable' also means impossible to deny, which contradicts the counter-evidence cited. 'Convincing' means persuasive, which the provided counter-evidence shows the claim is not.",s-eng-6-1-2,hard,ai-generated,false,C,convincing,false,3
q-eng6.1-39,ENG6.1,mc,"Choose the word that best fills the blank by using the context clues in the sentence: 'The author's claim that technology always improves quality of life is _____, as there are numerous documented cases where it has had the opposite effect.'","'Debatable' is correct — 'as there are numerous cases where it has had the opposite effect' provides evidence against the claim, making it open to argument; debatable means open to discussion or dispute. 'Indisputable' means cannot be argued with — directly contradicted by the evidence of opposite effects given. 'Undeniable' also means impossible to deny, which contradicts the counter-evidence cited. 'Convincing' means persuasive, which the provided counter-evidence shows the claim is not.",s-eng-6-1-2,hard,ai-generated,false,D,debatable,true,4
q-eng6.1-40,ENG6.1,mc,"Choose the word that best fills the blank by using the context clues in the sentence: 'After years of being _____ by her colleagues for her unconventional ideas, the scientist finally received the Nobel Prize that vindicated her work.'","'Dismissed' is correct — 'finally received the Nobel Prize that vindicated her work' implies her ideas were previously rejected or disregarded; 'vindicated' means proved right after being doubted, so the blank must show she was not taken seriously before. 'Celebrated' means publicly praised, which would make the Nobel Prize unremarkable rather than a vindication. 'Praised' also implies she was already recognised, contradicting the need for vindication. 'Encouraged' means positively supported, which would not need a Nobel Prize to validate.",s-eng-6-1-2,hard,ai-generated,false,A,celebrated,false,1
q-eng6.1-40,ENG6.1,mc,"Choose the word that best fills the blank by using the context clues in the sentence: 'After years of being _____ by her colleagues for her unconventional ideas, the scientist finally received the Nobel Prize that vindicated her work.'","'Dismissed' is correct — 'finally received the Nobel Prize that vindicated her work' implies her ideas were previously rejected or disregarded; 'vindicated' means proved right after being doubted, so the blank must show she was not taken seriously before. 'Celebrated' means publicly praised, which would make the Nobel Prize unremarkable rather than a vindication. 'Praised' also implies she was already recognised, contradicting the need for vindication. 'Encouraged' means positively supported, which would not need a Nobel Prize to validate.",s-eng-6-1-2,hard,ai-generated,false,B,praised,false,2
q-eng6.1-40,ENG6.1,mc,"Choose the word that best fills the blank by using the context clues in the sentence: 'After years of being _____ by her colleagues for her unconventional ideas, the scientist finally received the Nobel Prize that vindicated her work.'","'Dismissed' is correct — 'finally received the Nobel Prize that vindicated her work' implies her ideas were previously rejected or disregarded; 'vindicated' means proved right after being doubted, so the blank must show she was not taken seriously before. 'Celebrated' means publicly praised, which would make the Nobel Prize unremarkable rather than a vindication. 'Praised' also implies she was already recognised, contradicting the need for vindication. 'Encouraged' means positively supported, which would not need a Nobel Prize to validate.",s-eng-6-1-2,hard,ai-generated,false,C,dismissed,true,3
q-eng6.1-40,ENG6.1,mc,"Choose the word that best fills the blank by using the context clues in the sentence: 'After years of being _____ by her colleagues for her unconventional ideas, the scientist finally received the Nobel Prize that vindicated her work.'","'Dismissed' is correct — 'finally received the Nobel Prize that vindicated her work' implies her ideas were previously rejected or disregarded; 'vindicated' means proved right after being doubted, so the blank must show she was not taken seriously before. 'Celebrated' means publicly praised, which would make the Nobel Prize unremarkable rather than a vindication. 'Praised' also implies she was already recognised, contradicting the need for vindication. 'Encouraged' means positively supported, which would not need a Nobel Prize to validate.",s-eng-6-1-2,hard,ai-generated,false,D,encouraged,false,4
