question_ref,lo_code,question_type,question_text,explanation,subtopic_codes,difficulty,source,verified,option_key,option_text,answer_value,sort_order
q-eng7.2-01,ENG7.2,mc,"Read the following passage and identify its central theme. 'The blue whale is the largest animal known to have ever existed on Earth. It can reach lengths of up to 30 metres and weigh as much as 180 tonnes. Despite its enormous size, it feeds primarily on tiny shrimp-like creatures called krill. A single blue whale can consume up to 40 million krill in a single day.'","A is correct — the entire passage describes the blue whale's physical characteristics (size, weight) and its biology (krill feeding), making the blue whale's size and biology the central theme. B is wrong — the passage covers only the blue whale, not marine mammals in general. C is wrong — krill is mentioned only as the whale's food source; the passage does not explore krill's broader ecological role. D is wrong — no other animals are mentioned or compared; the passage focuses solely on the blue whale.",k-eng-7-2-1,easy,ai-generated,false,A,The size and biology of the blue whale,true,1
q-eng7.2-01,ENG7.2,mc,"Read the following passage and identify its central theme. 'The blue whale is the largest animal known to have ever existed on Earth. It can reach lengths of up to 30 metres and weigh as much as 180 tonnes. Despite its enormous size, it feeds primarily on tiny shrimp-like creatures called krill. A single blue whale can consume up to 40 million krill in a single day.'","A is correct — the entire passage describes the blue whale's physical characteristics (size, weight) and its biology (krill feeding), making the blue whale's size and biology the central theme. B is wrong — the passage covers only the blue whale, not marine mammals in general. C is wrong — krill is mentioned only as the whale's food source; the passage does not explore krill's broader ecological role. D is wrong — no other animals are mentioned or compared; the passage focuses solely on the blue whale.",k-eng-7-2-1,easy,ai-generated,false,B,The feeding habits of marine mammals in general,false,2
q-eng7.2-01,ENG7.2,mc,"Read the following passage and identify its central theme. 'The blue whale is the largest animal known to have ever existed on Earth. It can reach lengths of up to 30 metres and weigh as much as 180 tonnes. Despite its enormous size, it feeds primarily on tiny shrimp-like creatures called krill. A single blue whale can consume up to 40 million krill in a single day.'","A is correct — the entire passage describes the blue whale's physical characteristics (size, weight) and its biology (krill feeding), making the blue whale's size and biology the central theme. B is wrong — the passage covers only the blue whale, not marine mammals in general. C is wrong — krill is mentioned only as the whale's food source; the passage does not explore krill's broader ecological role. D is wrong — no other animals are mentioned or compared; the passage focuses solely on the blue whale.",k-eng-7-2-1,easy,ai-generated,false,C,The importance of krill in the ocean food chain,false,3
q-eng7.2-01,ENG7.2,mc,"Read the following passage and identify its central theme. 'The blue whale is the largest animal known to have ever existed on Earth. It can reach lengths of up to 30 metres and weigh as much as 180 tonnes. Despite its enormous size, it feeds primarily on tiny shrimp-like creatures called krill. A single blue whale can consume up to 40 million krill in a single day.'","A is correct — the entire passage describes the blue whale's physical characteristics (size, weight) and its biology (krill feeding), making the blue whale's size and biology the central theme. B is wrong — the passage covers only the blue whale, not marine mammals in general. C is wrong — krill is mentioned only as the whale's food source; the passage does not explore krill's broader ecological role. D is wrong — no other animals are mentioned or compared; the passage focuses solely on the blue whale.",k-eng-7-2-1,easy,ai-generated,false,D,A comparison of the world's largest known animals,false,4
q-eng7.2-02,ENG7.2,mc,"A paragraph begins: 'Urban gardening is transforming city spaces by converting rooftops and balconies into productive green zones. Community gardens bring neighbours together and reduce carbon footprints. Growing food locally cuts down on transportation emissions and packaging waste.' Which of the following sentences is MOST consistent with the theme of this paragraph?","C is correct — it extends the paragraph's urban gardening theme by describing a related policy development (city incentives for urban gardens). A is wrong — industrial farming's pesticide problems are unrelated to the small-scale urban gardening theme. B is wrong — ancient agricultural history is a separate topic that does not extend the urban and contemporary sustainability theme. D is wrong — traffic congestion and air pollution are urban challenges but have no connection to the gardening theme.",k-eng-7-2-1,medium,ai-generated,false,A,"Industrial farming uses large quantities of pesticides that are harmful to wildlife and soil health.",false,1
q-eng7.2-02,ENG7.2,mc,"A paragraph begins: 'Urban gardening is transforming city spaces by converting rooftops and balconies into productive green zones. Community gardens bring neighbours together and reduce carbon footprints. Growing food locally cuts down on transportation emissions and packaging waste.' Which of the following sentences is MOST consistent with the theme of this paragraph?","C is correct — it extends the paragraph's urban gardening theme by describing a related policy development (city incentives for urban gardens). A is wrong — industrial farming's pesticide problems are unrelated to the small-scale urban gardening theme. B is wrong — ancient agricultural history is a separate topic that does not extend the urban and contemporary sustainability theme. D is wrong — traffic congestion and air pollution are urban challenges but have no connection to the gardening theme.",k-eng-7-2-1,medium,ai-generated,false,B,"The history of agriculture dates back thousands of years to early human civilisations.",false,2
q-eng7.2-02,ENG7.2,mc,"A paragraph begins: 'Urban gardening is transforming city spaces by converting rooftops and balconies into productive green zones. Community gardens bring neighbours together and reduce carbon footprints. Growing food locally cuts down on transportation emissions and packaging waste.' Which of the following sentences is MOST consistent with the theme of this paragraph?","C is correct — it extends the paragraph's urban gardening theme by describing a related policy development (city incentives for urban gardens). A is wrong — industrial farming's pesticide problems are unrelated to the small-scale urban gardening theme. B is wrong — ancient agricultural history is a separate topic that does not extend the urban and contemporary sustainability theme. D is wrong — traffic congestion and air pollution are urban challenges but have no connection to the gardening theme.",k-eng-7-2-1,medium,ai-generated,false,C,"Many cities now offer financial incentives to residents who establish urban gardens.",true,3
q-eng7.2-02,ENG7.2,mc,"A paragraph begins: 'Urban gardening is transforming city spaces by converting rooftops and balconies into productive green zones. Community gardens bring neighbours together and reduce carbon footprints. Growing food locally cuts down on transportation emissions and packaging waste.' Which of the following sentences is MOST consistent with the theme of this paragraph?","C is correct — it extends the paragraph's urban gardening theme by describing a related policy development (city incentives for urban gardens). A is wrong — industrial farming's pesticide problems are unrelated to the small-scale urban gardening theme. B is wrong — ancient agricultural history is a separate topic that does not extend the urban and contemporary sustainability theme. D is wrong — traffic congestion and air pollution are urban challenges but have no connection to the gardening theme.",k-eng-7-2-1,medium,ai-generated,false,D,"Urban areas face significant challenges related to traffic congestion and air pollution.",false,4
q-eng7.2-03,ENG7.2,mc,"A paragraph discusses the role of social media in mental health. Which of the following sentences is INCONSISTENT with this theme?","D is correct (the inconsistent sentence) — the decline of print media is a separate topic with no direct connection to social media's effect on mental health. A is consistent — it directly addresses the social media-anxiety link. B is consistent — influencer culture and low self-esteem are central to social media's mental health impact. C is consistent — platform screen-time tools are a direct response to social media's mental health effects.",k-eng-7-2-1,medium,ai-generated,false,A,"Studies show that excessive social media use is linked to increased anxiety in teenagers.",false,1
q-eng7.2-03,ENG7.2,mc,"A paragraph discusses the role of social media in mental health. Which of the following sentences is INCONSISTENT with this theme?","D is correct (the inconsistent sentence) — the decline of print media is a separate topic with no direct connection to social media's effect on mental health. A is consistent — it directly addresses the social media-anxiety link. B is consistent — influencer culture and low self-esteem are central to social media's mental health impact. C is consistent — platform screen-time tools are a direct response to social media's mental health effects.",k-eng-7-2-1,medium,ai-generated,false,B,"Many influencers promote unrealistic body images, contributing to low self-esteem.",false,2
q-eng7.2-03,ENG7.2,mc,"A paragraph discusses the role of social media in mental health. Which of the following sentences is INCONSISTENT with this theme?","D is correct (the inconsistent sentence) — the decline of print media is a separate topic with no direct connection to social media's effect on mental health. A is consistent — it directly addresses the social media-anxiety link. B is consistent — influencer culture and low self-esteem are central to social media's mental health impact. C is consistent — platform screen-time tools are a direct response to social media's mental health effects.",k-eng-7-2-1,medium,ai-generated,false,C,"Several platforms now offer screen-time tools to help users manage their usage.",false,3
q-eng7.2-03,ENG7.2,mc,"A paragraph discusses the role of social media in mental health. Which of the following sentences is INCONSISTENT with this theme?","D is correct (the inconsistent sentence) — the decline of print media is a separate topic with no direct connection to social media's effect on mental health. A is consistent — it directly addresses the social media-anxiety link. B is consistent — influencer culture and low self-esteem are central to social media's mental health impact. C is consistent — platform screen-time tools are a direct response to social media's mental health effects.",k-eng-7-2-1,medium,ai-generated,false,D,"Traditional print media has seen a steep decline in readership over the past two decades.",true,4
q-eng7.2-04,ENG7.2,mc,"Read the following passage and identify its central theme. 'Migratory birds travel thousands of kilometres each year to find breeding grounds and food sources. These journeys are guided by Earth's magnetic field, star patterns, and landmarks. Climate change is disrupting these patterns, as rising temperatures shift the seasons earlier. As a result, some species arrive at breeding grounds to find that the food they depend on has already peaked and declined.'","B is correct — while navigation is introduced, the passage's central concern is how climate change disrupts migration timing and food availability. A is too narrow — navigation is mentioned in the second sentence but the passage pivots to climate disruption as its main focus. C is wrong — biodiversity is not mentioned anywhere in the passage. D is too vague — the passage does not survey seasonal behaviour generally; it specifically examines climate change's impact on one group of animals.",k-eng-7-2-1,medium,ai-generated,false,A,The remarkable navigation abilities of migratory birds,false,1
q-eng7.2-04,ENG7.2,mc,"Read the following passage and identify its central theme. 'Migratory birds travel thousands of kilometres each year to find breeding grounds and food sources. These journeys are guided by Earth's magnetic field, star patterns, and landmarks. Climate change is disrupting these patterns, as rising temperatures shift the seasons earlier. As a result, some species arrive at breeding grounds to find that the food they depend on has already peaked and declined.'","B is correct — while navigation is introduced, the passage's central concern is how climate change disrupts migration timing and food availability. A is too narrow — navigation is mentioned in the second sentence but the passage pivots to climate disruption as its main focus. C is wrong — biodiversity is not mentioned anywhere in the passage. D is too vague — the passage does not survey seasonal behaviour generally; it specifically examines climate change's impact on one group of animals.",k-eng-7-2-1,medium,ai-generated,false,B,How climate change is disrupting bird migration patterns,true,2
q-eng7.2-04,ENG7.2,mc,"Read the following passage and identify its central theme. 'Migratory birds travel thousands of kilometres each year to find breeding grounds and food sources. These journeys are guided by Earth's magnetic field, star patterns, and landmarks. Climate change is disrupting these patterns, as rising temperatures shift the seasons earlier. As a result, some species arrive at breeding grounds to find that the food they depend on has already peaked and declined.'","B is correct — while navigation is introduced, the passage's central concern is how climate change disrupts migration timing and food availability. A is too narrow — navigation is mentioned in the second sentence but the passage pivots to climate disruption as its main focus. C is wrong — biodiversity is not mentioned anywhere in the passage. D is too vague — the passage does not survey seasonal behaviour generally; it specifically examines climate change's impact on one group of animals.",k-eng-7-2-1,medium,ai-generated,false,C,The role of biodiversity in maintaining healthy ecosystems,false,3
q-eng7.2-04,ENG7.2,mc,"Read the following passage and identify its central theme. 'Migratory birds travel thousands of kilometres each year to find breeding grounds and food sources. These journeys are guided by Earth's magnetic field, star patterns, and landmarks. Climate change is disrupting these patterns, as rising temperatures shift the seasons earlier. As a result, some species arrive at breeding grounds to find that the food they depend on has already peaked and declined.'","B is correct — while navigation is introduced, the passage's central concern is how climate change disrupts migration timing and food availability. A is too narrow — navigation is mentioned in the second sentence but the passage pivots to climate disruption as its main focus. C is wrong — biodiversity is not mentioned anywhere in the passage. D is too vague — the passage does not survey seasonal behaviour generally; it specifically examines climate change's impact on one group of animals.",k-eng-7-2-1,medium,ai-generated,false,D,Seasonal changes in animal behaviour across different habitats,false,4
q-eng7.2-05,ENG7.2,mc,"Read the following passage. 'Yoga is an ancient practice that combines physical postures, breathing exercises, and meditation. Modern research supports its benefits for mental health, reducing stress and anxiety. Many hospitals now incorporate yoga into their wellness programmes for patients with chronic conditions.' Which of the following sentences, if inserted into this paragraph, would DISRUPT its thematic unity?","C is correct (the disruptive sentence) — football and basketball are completely unrelated to yoga, health, or wellness; inserting this sentence shifts the topic to team sports entirely. A would fit — research on cortisol reduction directly supports the passage's claim about yoga's health benefits. B would fit — the yoga market's global size is relevant to the theme of yoga as a widespread health practice. D would fit — mindfulness meditation's link to yoga and its use in schools extends the wellness theme.",k-eng-7-2-1,easy,ai-generated,false,A,"Studies show that regular yoga practice can reduce cortisol levels by up to 30%.",false,1
q-eng7.2-05,ENG7.2,mc,"Read the following passage. 'Yoga is an ancient practice that combines physical postures, breathing exercises, and meditation. Modern research supports its benefits for mental health, reducing stress and anxiety. Many hospitals now incorporate yoga into their wellness programmes for patients with chronic conditions.' Which of the following sentences, if inserted into this paragraph, would DISRUPT its thematic unity?","C is correct (the disruptive sentence) — football and basketball are completely unrelated to yoga, health, or wellness; inserting this sentence shifts the topic to team sports entirely. A would fit — research on cortisol reduction directly supports the passage's claim about yoga's health benefits. B would fit — the yoga market's global size is relevant to the theme of yoga as a widespread health practice. D would fit — mindfulness meditation's link to yoga and its use in schools extends the wellness theme.",k-eng-7-2-1,easy,ai-generated,false,B,"The global yoga market is now worth over $80 billion, with millions of practitioners worldwide.",false,2
q-eng7.2-05,ENG7.2,mc,"Read the following passage. 'Yoga is an ancient practice that combines physical postures, breathing exercises, and meditation. Modern research supports its benefits for mental health, reducing stress and anxiety. Many hospitals now incorporate yoga into their wellness programmes for patients with chronic conditions.' Which of the following sentences, if inserted into this paragraph, would DISRUPT its thematic unity?","C is correct (the disruptive sentence) — football and basketball are completely unrelated to yoga, health, or wellness; inserting this sentence shifts the topic to team sports entirely. A would fit — research on cortisol reduction directly supports the passage's claim about yoga's health benefits. B would fit — the yoga market's global size is relevant to the theme of yoga as a widespread health practice. D would fit — mindfulness meditation's link to yoga and its use in schools extends the wellness theme.",k-eng-7-2-1,easy,ai-generated,false,C,"Football and basketball are among the most popular team sports practised globally.",true,3
q-eng7.2-05,ENG7.2,mc,"Read the following passage. 'Yoga is an ancient practice that combines physical postures, breathing exercises, and meditation. Modern research supports its benefits for mental health, reducing stress and anxiety. Many hospitals now incorporate yoga into their wellness programmes for patients with chronic conditions.' Which of the following sentences, if inserted into this paragraph, would DISRUPT its thematic unity?","C is correct (the disruptive sentence) — football and basketball are completely unrelated to yoga, health, or wellness; inserting this sentence shifts the topic to team sports entirely. A would fit — research on cortisol reduction directly supports the passage's claim about yoga's health benefits. B would fit — the yoga market's global size is relevant to the theme of yoga as a widespread health practice. D would fit — mindfulness meditation's link to yoga and its use in schools extends the wellness theme.",k-eng-7-2-1,easy,ai-generated,false,D,"Mindfulness meditation, closely linked to yoga, is now taught in many schools worldwide.",false,4
q-eng7.2-06,ENG7.2,mc,"Read the following passage and identify its central theme. 'E-waste — discarded electronics — is one of the fastest-growing types of waste globally. Old smartphones, laptops, and televisions contain toxic materials such as lead, mercury, and cadmium. When improperly disposed of, these toxins leach into soil and water, posing serious health risks. Recycling e-waste correctly can recover valuable metals and prevent environmental contamination.'","A is correct — the passage addresses both the environmental (soil/water contamination) and health (toxic exposure) problems of e-waste, and points to recycling as the solution. B is wrong — consumer demand for electronics is not discussed; the passage focuses on the waste end of the product life cycle. C is wrong — government policy is not mentioned; the passage describes the problem at a general level. D is wrong — industrial or occupational heavy-metal exposure is a different context; the passage is specifically about discarded household electronics.",k-eng-7-2-1,medium,ai-generated,false,A,The environmental and health challenges posed by improperly disposed electronic waste,true,1
q-eng7.2-06,ENG7.2,mc,"Read the following passage and identify its central theme. 'E-waste — discarded electronics — is one of the fastest-growing types of waste globally. Old smartphones, laptops, and televisions contain toxic materials such as lead, mercury, and cadmium. When improperly disposed of, these toxins leach into soil and water, posing serious health risks. Recycling e-waste correctly can recover valuable metals and prevent environmental contamination.'","A is correct — the passage addresses both the environmental (soil/water contamination) and health (toxic exposure) problems of e-waste, and points to recycling as the solution. B is wrong — consumer demand for electronics is not discussed; the passage focuses on the waste end of the product life cycle. C is wrong — government policy is not mentioned; the passage describes the problem at a general level. D is wrong — industrial or occupational heavy-metal exposure is a different context; the passage is specifically about discarded household electronics.",k-eng-7-2-1,medium,ai-generated,false,B,The global demand for consumer electronics and the growth of the technology industry,false,2
q-eng7.2-06,ENG7.2,mc,"Read the following passage and identify its central theme. 'E-waste — discarded electronics — is one of the fastest-growing types of waste globally. Old smartphones, laptops, and televisions contain toxic materials such as lead, mercury, and cadmium. When improperly disposed of, these toxins leach into soil and water, posing serious health risks. Recycling e-waste correctly can recover valuable metals and prevent environmental contamination.'","A is correct — the passage addresses both the environmental (soil/water contamination) and health (toxic exposure) problems of e-waste, and points to recycling as the solution. B is wrong — consumer demand for electronics is not discussed; the passage focuses on the waste end of the product life cycle. C is wrong — government policy is not mentioned; the passage describes the problem at a general level. D is wrong — industrial or occupational heavy-metal exposure is a different context; the passage is specifically about discarded household electronics.",k-eng-7-2-1,medium,ai-generated,false,C,Government policies on recycling and waste management in industrialised countries,false,3
q-eng7.2-06,ENG7.2,mc,"Read the following passage and identify its central theme. 'E-waste — discarded electronics — is one of the fastest-growing types of waste globally. Old smartphones, laptops, and televisions contain toxic materials such as lead, mercury, and cadmium. When improperly disposed of, these toxins leach into soil and water, posing serious health risks. Recycling e-waste correctly can recover valuable metals and prevent environmental contamination.'","A is correct — the passage addresses both the environmental (soil/water contamination) and health (toxic exposure) problems of e-waste, and points to recycling as the solution. B is wrong — consumer demand for electronics is not discussed; the passage focuses on the waste end of the product life cycle. C is wrong — government policy is not mentioned; the passage describes the problem at a general level. D is wrong — industrial or occupational heavy-metal exposure is a different context; the passage is specifically about discarded household electronics.",k-eng-7-2-1,medium,ai-generated,false,D,The health risks of heavy metal exposure in industrial and occupational settings,false,4
q-eng7.2-07,ENG7.2,mc,"The following is the opening sentence of a paragraph: 'Financial literacy is a critical life skill that schools are failing to teach adequately.' Which of the following sentences is MOST consistent with the theme this opening sentence establishes?","D is correct — inability to read a bank statement directly demonstrates the gap in financial literacy that schools are failing to address. A is wrong — the 2008 financial crisis relates to banking regulation failure, not to school-level financial education. B is wrong — teenagers spending on fashion illustrates consumer behaviour, not a deficit in financial literacy skills. C is wrong — the shift to cashless payments describes a broader economic trend, not a failure in school curricula.",k-eng-7-2-1,medium,ai-generated,false,A,"The global financial crisis of 2008 exposed serious weaknesses in banking regulation worldwide.",false,1
q-eng7.2-07,ENG7.2,mc,"The following is the opening sentence of a paragraph: 'Financial literacy is a critical life skill that schools are failing to teach adequately.' Which of the following sentences is MOST consistent with the theme this opening sentence establishes?","D is correct — inability to read a bank statement directly demonstrates the gap in financial literacy that schools are failing to address. A is wrong — the 2008 financial crisis relates to banking regulation failure, not to school-level financial education. B is wrong — teenagers spending on fashion illustrates consumer behaviour, not a deficit in financial literacy skills. C is wrong — the shift to cashless payments describes a broader economic trend, not a failure in school curricula.",k-eng-7-2-1,medium,ai-generated,false,B,"Many teenagers enjoy shopping online and spending money on fashion and entertainment.",false,2
q-eng7.2-07,ENG7.2,mc,"The following is the opening sentence of a paragraph: 'Financial literacy is a critical life skill that schools are failing to teach adequately.' Which of the following sentences is MOST consistent with the theme this opening sentence establishes?","D is correct — inability to read a bank statement directly demonstrates the gap in financial literacy that schools are failing to address. A is wrong — the 2008 financial crisis relates to banking regulation failure, not to school-level financial education. B is wrong — teenagers spending on fashion illustrates consumer behaviour, not a deficit in financial literacy skills. C is wrong — the shift to cashless payments describes a broader economic trend, not a failure in school curricula.",k-eng-7-2-1,medium,ai-generated,false,C,"Some countries are moving towards a cashless economy through widespread digital payment systems.",false,3
q-eng7.2-07,ENG7.2,mc,"The following is the opening sentence of a paragraph: 'Financial literacy is a critical life skill that schools are failing to teach adequately.' Which of the following sentences is MOST consistent with the theme this opening sentence establishes?","D is correct — inability to read a bank statement directly demonstrates the gap in financial literacy that schools are failing to address. A is wrong — the 2008 financial crisis relates to banking regulation failure, not to school-level financial education. B is wrong — teenagers spending on fashion illustrates consumer behaviour, not a deficit in financial literacy skills. C is wrong — the shift to cashless payments describes a broader economic trend, not a failure in school curricula.",k-eng-7-2-1,medium,ai-generated,false,D,"Surveys show that a majority of young adults cannot read or understand a basic bank statement.",true,4
q-eng7.2-08,ENG7.2,mc,"A paragraph discusses the benefits of reading for cognitive and emotional development. Which of the following sentences is NOT consistent with this theme?","C is correct (the inconsistent sentence) — audio streaming services (music, podcasts, radio) belong to a different media consumption topic and have no connection to the benefits of reading. A is consistent — fiction reading improving empathy directly supports the emotional development theme. B is consistent — reading in childhood and academic performance are central to cognitive development. D is consistent — reading's impact on sleep quality and stress relates to the broader health benefits of the reading habit.",k-eng-7-2-1,easy,ai-generated,false,A,"Reading fiction has been shown to improve empathy and emotional intelligence in adults.",false,1
q-eng7.2-08,ENG7.2,mc,"A paragraph discusses the benefits of reading for cognitive and emotional development. Which of the following sentences is NOT consistent with this theme?","C is correct (the inconsistent sentence) — audio streaming services (music, podcasts, radio) belong to a different media consumption topic and have no connection to the benefits of reading. A is consistent — fiction reading improving empathy directly supports the emotional development theme. B is consistent — reading in childhood and academic performance are central to cognitive development. D is consistent — reading's impact on sleep quality and stress relates to the broader health benefits of the reading habit.",k-eng-7-2-1,easy,ai-generated,false,B,"Regular reading in childhood is linked to stronger vocabulary and better academic performance.",false,2
q-eng7.2-08,ENG7.2,mc,"A paragraph discusses the benefits of reading for cognitive and emotional development. Which of the following sentences is NOT consistent with this theme?","C is correct (the inconsistent sentence) — audio streaming services (music, podcasts, radio) belong to a different media consumption topic and have no connection to the benefits of reading. A is consistent — fiction reading improving empathy directly supports the emotional development theme. B is consistent — reading in childhood and academic performance are central to cognitive development. D is consistent — reading's impact on sleep quality and stress relates to the broader health benefits of the reading habit.",k-eng-7-2-1,easy,ai-generated,false,C,"Audio streaming platforms offer a vast range of music, podcasts, and live radio to subscribers.",true,3
q-eng7.2-08,ENG7.2,mc,"A paragraph discusses the benefits of reading for cognitive and emotional development. Which of the following sentences is NOT consistent with this theme?","C is correct (the inconsistent sentence) — audio streaming services (music, podcasts, radio) belong to a different media consumption topic and have no connection to the benefits of reading. A is consistent — fiction reading improving empathy directly supports the emotional development theme. B is consistent — reading in childhood and academic performance are central to cognitive development. D is consistent — reading's impact on sleep quality and stress relates to the broader health benefits of the reading habit.",k-eng-7-2-1,easy,ai-generated,false,D,"Studies show that reading before bed improves sleep quality and reduces overall stress levels.",false,4
q-eng7.2-09,ENG7.2,mc,"Read the following passage and identify its central theme. 'The Great Wall of China was built over centuries by successive dynasties to defend against northern invasions. Stretching over 21,000 kilometres, it incorporated watchtowers, garrison stations, and smoke signal systems. Contrary to popular belief, it is not visible from space with the naked eye. Today, it is one of the most visited tourist attractions in the world.'","B is correct — the passage covers the Wall's construction purpose (defence), physical features, a popular misconception, and its modern tourism status — all factual and historical information about the Great Wall. A is too narrow — military strategy is only the starting context; the passage covers engineering, misconceptions, and tourism as well. C is too narrow — tourism is only the final sentence; the primary content is historical and descriptive. D is wrong — the passage focuses on one specific structure, not Chinese architecture as a broader survey.",k-eng-7-2-1,easy,ai-generated,false,A,The military strategies used by ancient Chinese dynasties against northern invaders,false,1
q-eng7.2-09,ENG7.2,mc,"Read the following passage and identify its central theme. 'The Great Wall of China was built over centuries by successive dynasties to defend against northern invasions. Stretching over 21,000 kilometres, it incorporated watchtowers, garrison stations, and smoke signal systems. Contrary to popular belief, it is not visible from space with the naked eye. Today, it is one of the most visited tourist attractions in the world.'","B is correct — the passage covers the Wall's construction purpose (defence), physical features, a popular misconception, and its modern tourism status — all factual and historical information about the Great Wall. A is too narrow — military strategy is only the starting context; the passage covers engineering, misconceptions, and tourism as well. C is too narrow — tourism is only the final sentence; the primary content is historical and descriptive. D is wrong — the passage focuses on one specific structure, not Chinese architecture as a broader survey.",k-eng-7-2-1,easy,ai-generated,false,B,Key facts and a historical overview of the Great Wall of China,true,2
q-eng7.2-09,ENG7.2,mc,"Read the following passage and identify its central theme. 'The Great Wall of China was built over centuries by successive dynasties to defend against northern invasions. Stretching over 21,000 kilometres, it incorporated watchtowers, garrison stations, and smoke signal systems. Contrary to popular belief, it is not visible from space with the naked eye. Today, it is one of the most visited tourist attractions in the world.'","B is correct — the passage covers the Wall's construction purpose (defence), physical features, a popular misconception, and its modern tourism status — all factual and historical information about the Great Wall. A is too narrow — military strategy is only the starting context; the passage covers engineering, misconceptions, and tourism as well. C is too narrow — tourism is only the final sentence; the primary content is historical and descriptive. D is wrong — the passage focuses on one specific structure, not Chinese architecture as a broader survey.",k-eng-7-2-1,easy,ai-generated,false,C,China's tourism industry and its most internationally recognised attractions,false,3
q-eng7.2-09,ENG7.2,mc,"Read the following passage and identify its central theme. 'The Great Wall of China was built over centuries by successive dynasties to defend against northern invasions. Stretching over 21,000 kilometres, it incorporated watchtowers, garrison stations, and smoke signal systems. Contrary to popular belief, it is not visible from space with the naked eye. Today, it is one of the most visited tourist attractions in the world.'","B is correct — the passage covers the Wall's construction purpose (defence), physical features, a popular misconception, and its modern tourism status — all factual and historical information about the Great Wall. A is too narrow — military strategy is only the starting context; the passage covers engineering, misconceptions, and tourism as well. C is too narrow — tourism is only the final sentence; the primary content is historical and descriptive. D is wrong — the passage focuses on one specific structure, not Chinese architecture as a broader survey.",k-eng-7-2-1,easy,ai-generated,false,D,Chinese architectural innovations across different historical dynasties,false,4
q-eng7.2-10,ENG7.2,mc,"A paragraph discusses the causes and consequences of water scarcity in developing nations. Which of the following sentences is MOST consistent with the theme of this paragraph?","A is correct — inefficient irrigation consuming up to 70% of freshwater directly addresses a leading cause of water scarcity specifically in developing nations where agriculture dominates water use. B is wrong — sea-level rise threatens coastal cities globally and is not specifically about freshwater scarcity in developing nations. C is wrong — Arctic ice melt and polar bears are an environmental topic entirely separate from freshwater scarcity. D is wrong — smart infrastructure in developed nations is the opposite context from the paragraph's focus on developing nations.",k-eng-7-2-1,medium,ai-generated,false,A,"Inefficient irrigation practices in agriculture consume up to 70% of freshwater in many developing regions.",true,1
q-eng7.2-10,ENG7.2,mc,"A paragraph discusses the causes and consequences of water scarcity in developing nations. Which of the following sentences is MOST consistent with the theme of this paragraph?","A is correct — inefficient irrigation consuming up to 70% of freshwater directly addresses a leading cause of water scarcity specifically in developing nations where agriculture dominates water use. B is wrong — sea-level rise threatens coastal cities globally and is not specifically about freshwater scarcity in developing nations. C is wrong — Arctic ice melt and polar bears are an environmental topic entirely separate from freshwater scarcity. D is wrong — smart infrastructure in developed nations is the opposite context from the paragraph's focus on developing nations.",k-eng-7-2-1,medium,ai-generated,false,B,"Rising sea levels due to climate change are threatening several coastal cities around the world.",false,2
q-eng7.2-10,ENG7.2,mc,"A paragraph discusses the causes and consequences of water scarcity in developing nations. Which of the following sentences is MOST consistent with the theme of this paragraph?","A is correct — inefficient irrigation consuming up to 70% of freshwater directly addresses a leading cause of water scarcity specifically in developing nations where agriculture dominates water use. B is wrong — sea-level rise threatens coastal cities globally and is not specifically about freshwater scarcity in developing nations. C is wrong — Arctic ice melt and polar bears are an environmental topic entirely separate from freshwater scarcity. D is wrong — smart infrastructure in developed nations is the opposite context from the paragraph's focus on developing nations.",k-eng-7-2-1,medium,ai-generated,false,C,"The Arctic is experiencing record ice melt, affecting polar bear habitats and ocean salinity.",false,3
q-eng7.2-10,ENG7.2,mc,"A paragraph discusses the causes and consequences of water scarcity in developing nations. Which of the following sentences is MOST consistent with the theme of this paragraph?","A is correct — inefficient irrigation consuming up to 70% of freshwater directly addresses a leading cause of water scarcity specifically in developing nations where agriculture dominates water use. B is wrong — sea-level rise threatens coastal cities globally and is not specifically about freshwater scarcity in developing nations. C is wrong — Arctic ice melt and polar bears are an environmental topic entirely separate from freshwater scarcity. D is wrong — smart infrastructure in developed nations is the opposite context from the paragraph's focus on developing nations.",k-eng-7-2-1,medium,ai-generated,false,D,"Smart infrastructure projects in developed nations aim to reduce water waste in urban areas.",false,4
q-eng7.2-11,ENG7.2,mc,"Read the four sentences below and identify the ONE that does not belong. (1) Solar power is one of the fastest-growing sources of renewable energy globally. (2) Modern solar panels can convert up to 22% of sunlight into usable electricity. (3) The Amazon rainforest is home to an estimated 10% of all species on Earth. (4) Countries such as Germany and India have made major investments in solar infrastructure.","C is correct — Sentence 3 (Amazon rainforest species) is entirely unrelated to solar energy; it belongs to a passage about ecology or biodiversity. A is wrong — Sentence 1 (solar power growth) is the topic sentence of the passage. B is wrong — Sentence 2 (solar panel efficiency) supports Sentence 1 with a specific technical detail. D is wrong — Sentence 4 (Germany and India's investments) reinforces the topic with relevant international examples.",s-eng-7-2-1,easy,ai-generated,false,A,Sentence 1,false,1
q-eng7.2-11,ENG7.2,mc,"Read the four sentences below and identify the ONE that does not belong. (1) Solar power is one of the fastest-growing sources of renewable energy globally. (2) Modern solar panels can convert up to 22% of sunlight into usable electricity. (3) The Amazon rainforest is home to an estimated 10% of all species on Earth. (4) Countries such as Germany and India have made major investments in solar infrastructure.","C is correct — Sentence 3 (Amazon rainforest species) is entirely unrelated to solar energy; it belongs to a passage about ecology or biodiversity. A is wrong — Sentence 1 (solar power growth) is the topic sentence of the passage. B is wrong — Sentence 2 (solar panel efficiency) supports Sentence 1 with a specific technical detail. D is wrong — Sentence 4 (Germany and India's investments) reinforces the topic with relevant international examples.",s-eng-7-2-1,easy,ai-generated,false,B,Sentence 2,false,2
q-eng7.2-11,ENG7.2,mc,"Read the four sentences below and identify the ONE that does not belong. (1) Solar power is one of the fastest-growing sources of renewable energy globally. (2) Modern solar panels can convert up to 22% of sunlight into usable electricity. (3) The Amazon rainforest is home to an estimated 10% of all species on Earth. (4) Countries such as Germany and India have made major investments in solar infrastructure.","C is correct — Sentence 3 (Amazon rainforest species) is entirely unrelated to solar energy; it belongs to a passage about ecology or biodiversity. A is wrong — Sentence 1 (solar power growth) is the topic sentence of the passage. B is wrong — Sentence 2 (solar panel efficiency) supports Sentence 1 with a specific technical detail. D is wrong — Sentence 4 (Germany and India's investments) reinforces the topic with relevant international examples.",s-eng-7-2-1,easy,ai-generated,false,C,Sentence 3,true,3
q-eng7.2-11,ENG7.2,mc,"Read the four sentences below and identify the ONE that does not belong. (1) Solar power is one of the fastest-growing sources of renewable energy globally. (2) Modern solar panels can convert up to 22% of sunlight into usable electricity. (3) The Amazon rainforest is home to an estimated 10% of all species on Earth. (4) Countries such as Germany and India have made major investments in solar infrastructure.","C is correct — Sentence 3 (Amazon rainforest species) is entirely unrelated to solar energy; it belongs to a passage about ecology or biodiversity. A is wrong — Sentence 1 (solar power growth) is the topic sentence of the passage. B is wrong — Sentence 2 (solar panel efficiency) supports Sentence 1 with a specific technical detail. D is wrong — Sentence 4 (Germany and India's investments) reinforces the topic with relevant international examples.",s-eng-7-2-1,easy,ai-generated,false,D,Sentence 4,false,4
q-eng7.2-12,ENG7.2,mc,"Read the four sentences below and identify the ONE that does not belong. (1) Internal political instability, economic decline, and military pressures contributed to the fall of the Western Roman Empire in 476 CE. (2) Roman road networks, stretching over 85,000 kilometres, facilitated trade, military movement, and communication across the empire. (3) The migration of Germanic tribes into Roman territory accelerated the collapse of the Western Empire. (4) Historians continue to debate whether Rome's fall was a sudden event or a gradual process spanning several centuries.","B is correct — Sentence 2 (Roman road networks as an achievement) describes Rome's infrastructure strengths, while the passage focuses on the factors that caused Rome's fall; it introduces an achievement rather than a cause of decline. A is wrong — Sentence 1 identifies political, economic, and military causes of the fall. C is wrong — Sentence 3 (Germanic migrations) is a direct cause of the collapse. D is wrong — Sentence 4 (historian debate on the fall) is analytically consistent with the passage's theme of Rome's decline.",s-eng-7-2-1,medium,ai-generated,false,A,Sentence 1,false,1
q-eng7.2-12,ENG7.2,mc,"Read the four sentences below and identify the ONE that does not belong. (1) Internal political instability, economic decline, and military pressures contributed to the fall of the Western Roman Empire in 476 CE. (2) Roman road networks, stretching over 85,000 kilometres, facilitated trade, military movement, and communication across the empire. (3) The migration of Germanic tribes into Roman territory accelerated the collapse of the Western Empire. (4) Historians continue to debate whether Rome's fall was a sudden event or a gradual process spanning several centuries.","B is correct — Sentence 2 (Roman road networks as an achievement) describes Rome's infrastructure strengths, while the passage focuses on the factors that caused Rome's fall; it introduces an achievement rather than a cause of decline. A is wrong — Sentence 1 identifies political, economic, and military causes of the fall. C is wrong — Sentence 3 (Germanic migrations) is a direct cause of the collapse. D is wrong — Sentence 4 (historian debate on the fall) is analytically consistent with the passage's theme of Rome's decline.",s-eng-7-2-1,medium,ai-generated,false,B,Sentence 2,true,2
q-eng7.2-12,ENG7.2,mc,"Read the four sentences below and identify the ONE that does not belong. (1) Internal political instability, economic decline, and military pressures contributed to the fall of the Western Roman Empire in 476 CE. (2) Roman road networks, stretching over 85,000 kilometres, facilitated trade, military movement, and communication across the empire. (3) The migration of Germanic tribes into Roman territory accelerated the collapse of the Western Empire. (4) Historians continue to debate whether Rome's fall was a sudden event or a gradual process spanning several centuries.","B is correct — Sentence 2 (Roman road networks as an achievement) describes Rome's infrastructure strengths, while the passage focuses on the factors that caused Rome's fall; it introduces an achievement rather than a cause of decline. A is wrong — Sentence 1 identifies political, economic, and military causes of the fall. C is wrong — Sentence 3 (Germanic migrations) is a direct cause of the collapse. D is wrong — Sentence 4 (historian debate on the fall) is analytically consistent with the passage's theme of Rome's decline.",s-eng-7-2-1,medium,ai-generated,false,C,Sentence 3,false,3
q-eng7.2-12,ENG7.2,mc,"Read the four sentences below and identify the ONE that does not belong. (1) Internal political instability, economic decline, and military pressures contributed to the fall of the Western Roman Empire in 476 CE. (2) Roman road networks, stretching over 85,000 kilometres, facilitated trade, military movement, and communication across the empire. (3) The migration of Germanic tribes into Roman territory accelerated the collapse of the Western Empire. (4) Historians continue to debate whether Rome's fall was a sudden event or a gradual process spanning several centuries.","B is correct — Sentence 2 (Roman road networks as an achievement) describes Rome's infrastructure strengths, while the passage focuses on the factors that caused Rome's fall; it introduces an achievement rather than a cause of decline. A is wrong — Sentence 1 identifies political, economic, and military causes of the fall. C is wrong — Sentence 3 (Germanic migrations) is a direct cause of the collapse. D is wrong — Sentence 4 (historian debate on the fall) is analytically consistent with the passage's theme of Rome's decline.",s-eng-7-2-1,medium,ai-generated,false,D,Sentence 4,false,4
q-eng7.2-13,ENG7.2,mc,"Read the four sentences below and identify the ONE that does not belong. (1) Photosynthesis is the process by which plants use sunlight, water, and carbon dioxide to produce glucose and oxygen. (2) Chlorophyll, the green pigment in plant cells, absorbs light energy to drive this chemical reaction. (3) The oxygen released during photosynthesis is the primary source of atmospheric oxygen for all life on Earth. (4) Black holes are regions of space where gravity is so strong that not even light can escape.","D is correct — Sentence 4 (black holes and gravity) belongs to an astrophysics passage and has no connection to photosynthesis, which is a biological process. A is wrong — Sentence 1 defines photosynthesis and establishes the topic. B is wrong — Sentence 2 explains chlorophyll's role in driving the reaction, directly supporting Sentence 1. C is wrong — Sentence 3 describes the ecological significance of the oxygen produced, remaining within the photosynthesis theme.",s-eng-7-2-1,easy,ai-generated,false,A,Sentence 1,false,1
q-eng7.2-13,ENG7.2,mc,"Read the four sentences below and identify the ONE that does not belong. (1) Photosynthesis is the process by which plants use sunlight, water, and carbon dioxide to produce glucose and oxygen. (2) Chlorophyll, the green pigment in plant cells, absorbs light energy to drive this chemical reaction. (3) The oxygen released during photosynthesis is the primary source of atmospheric oxygen for all life on Earth. (4) Black holes are regions of space where gravity is so strong that not even light can escape.","D is correct — Sentence 4 (black holes and gravity) belongs to an astrophysics passage and has no connection to photosynthesis, which is a biological process. A is wrong — Sentence 1 defines photosynthesis and establishes the topic. B is wrong — Sentence 2 explains chlorophyll's role in driving the reaction, directly supporting Sentence 1. C is wrong — Sentence 3 describes the ecological significance of the oxygen produced, remaining within the photosynthesis theme.",s-eng-7-2-1,easy,ai-generated,false,B,Sentence 2,false,2
q-eng7.2-13,ENG7.2,mc,"Read the four sentences below and identify the ONE that does not belong. (1) Photosynthesis is the process by which plants use sunlight, water, and carbon dioxide to produce glucose and oxygen. (2) Chlorophyll, the green pigment in plant cells, absorbs light energy to drive this chemical reaction. (3) The oxygen released during photosynthesis is the primary source of atmospheric oxygen for all life on Earth. (4) Black holes are regions of space where gravity is so strong that not even light can escape.","D is correct — Sentence 4 (black holes and gravity) belongs to an astrophysics passage and has no connection to photosynthesis, which is a biological process. A is wrong — Sentence 1 defines photosynthesis and establishes the topic. B is wrong — Sentence 2 explains chlorophyll's role in driving the reaction, directly supporting Sentence 1. C is wrong — Sentence 3 describes the ecological significance of the oxygen produced, remaining within the photosynthesis theme.",s-eng-7-2-1,easy,ai-generated,false,C,Sentence 3,false,3
q-eng7.2-13,ENG7.2,mc,"Read the four sentences below and identify the ONE that does not belong. (1) Photosynthesis is the process by which plants use sunlight, water, and carbon dioxide to produce glucose and oxygen. (2) Chlorophyll, the green pigment in plant cells, absorbs light energy to drive this chemical reaction. (3) The oxygen released during photosynthesis is the primary source of atmospheric oxygen for all life on Earth. (4) Black holes are regions of space where gravity is so strong that not even light can escape.","D is correct — Sentence 4 (black holes and gravity) belongs to an astrophysics passage and has no connection to photosynthesis, which is a biological process. A is wrong — Sentence 1 defines photosynthesis and establishes the topic. B is wrong — Sentence 2 explains chlorophyll's role in driving the reaction, directly supporting Sentence 1. C is wrong — Sentence 3 describes the ecological significance of the oxygen produced, remaining within the photosynthesis theme.",s-eng-7-2-1,easy,ai-generated,false,D,Sentence 4,true,4
q-eng7.2-14,ENG7.2,mc,"Read the four sentences below and identify the ONE that does not belong. (1) The Sahara Desert is the world's largest hot desert, covering approximately 9.2 million square kilometres. (2) The Taj Mahal was commissioned by Mughal Emperor Shah Jahan in memory of his beloved wife Mumtaz Mahal. (3) Constructed in the 17th century, the Taj Mahal took approximately 22 years and 20,000 artisans to complete. (4) Recognised as a UNESCO World Heritage Site, it attracts millions of tourists from across the world each year.","A is correct — Sentence 1 (Sahara Desert size) belongs to a passage about geography or deserts and has no connection to the Taj Mahal. B is wrong — Sentence 2 introduces the Taj Mahal and the emperor who commissioned it, establishing the topic. C is wrong — Sentence 3 provides key construction facts (17th century, 22 years, 20,000 artisans). D is wrong — Sentence 4 (UNESCO status and visitor numbers) extends the passage theme appropriately.",s-eng-7-2-1,easy,ai-generated,false,A,Sentence 1,true,1
q-eng7.2-14,ENG7.2,mc,"Read the four sentences below and identify the ONE that does not belong. (1) The Sahara Desert is the world's largest hot desert, covering approximately 9.2 million square kilometres. (2) The Taj Mahal was commissioned by Mughal Emperor Shah Jahan in memory of his beloved wife Mumtaz Mahal. (3) Constructed in the 17th century, the Taj Mahal took approximately 22 years and 20,000 artisans to complete. (4) Recognised as a UNESCO World Heritage Site, it attracts millions of tourists from across the world each year.","A is correct — Sentence 1 (Sahara Desert size) belongs to a passage about geography or deserts and has no connection to the Taj Mahal. B is wrong — Sentence 2 introduces the Taj Mahal and the emperor who commissioned it, establishing the topic. C is wrong — Sentence 3 provides key construction facts (17th century, 22 years, 20,000 artisans). D is wrong — Sentence 4 (UNESCO status and visitor numbers) extends the passage theme appropriately.",s-eng-7-2-1,easy,ai-generated,false,B,Sentence 2,false,2
q-eng7.2-14,ENG7.2,mc,"Read the four sentences below and identify the ONE that does not belong. (1) The Sahara Desert is the world's largest hot desert, covering approximately 9.2 million square kilometres. (2) The Taj Mahal was commissioned by Mughal Emperor Shah Jahan in memory of his beloved wife Mumtaz Mahal. (3) Constructed in the 17th century, the Taj Mahal took approximately 22 years and 20,000 artisans to complete. (4) Recognised as a UNESCO World Heritage Site, it attracts millions of tourists from across the world each year.","A is correct — Sentence 1 (Sahara Desert size) belongs to a passage about geography or deserts and has no connection to the Taj Mahal. B is wrong — Sentence 2 introduces the Taj Mahal and the emperor who commissioned it, establishing the topic. C is wrong — Sentence 3 provides key construction facts (17th century, 22 years, 20,000 artisans). D is wrong — Sentence 4 (UNESCO status and visitor numbers) extends the passage theme appropriately.",s-eng-7-2-1,easy,ai-generated,false,C,Sentence 3,false,3
q-eng7.2-14,ENG7.2,mc,"Read the four sentences below and identify the ONE that does not belong. (1) The Sahara Desert is the world's largest hot desert, covering approximately 9.2 million square kilometres. (2) The Taj Mahal was commissioned by Mughal Emperor Shah Jahan in memory of his beloved wife Mumtaz Mahal. (3) Constructed in the 17th century, the Taj Mahal took approximately 22 years and 20,000 artisans to complete. (4) Recognised as a UNESCO World Heritage Site, it attracts millions of tourists from across the world each year.","A is correct — Sentence 1 (Sahara Desert size) belongs to a passage about geography or deserts and has no connection to the Taj Mahal. B is wrong — Sentence 2 introduces the Taj Mahal and the emperor who commissioned it, establishing the topic. C is wrong — Sentence 3 provides key construction facts (17th century, 22 years, 20,000 artisans). D is wrong — Sentence 4 (UNESCO status and visitor numbers) extends the passage theme appropriately.",s-eng-7-2-1,easy,ai-generated,false,D,Sentence 4,false,4
q-eng7.2-15,ENG7.2,mc,"Read the four sentences below and identify the ONE that does not belong. (1) Ocean pollution has reached alarming levels, with millions of tonnes of plastic entering the seas each year. (2) The International Space Station orbits Earth at an altitude of approximately 400 kilometres. (3) Marine animals, including sea turtles and whales, often ingest plastic waste, leading to injury or death. (4) Microplastics have been found in the deepest ocean trenches as well as in the fish we consume.","B is correct — Sentence 2 (International Space Station orbit) is entirely unrelated to ocean pollution; it belongs to a passage about space exploration. A is wrong — Sentence 1 introduces ocean pollution and plastic waste statistics. C is wrong — Sentence 3 (marine animals and plastic ingestion) directly illustrates the harm caused by ocean pollution. D is wrong — Sentence 4 (microplastics in ocean trenches and food) continues the theme with specific alarming evidence.",s-eng-7-2-1,easy,ai-generated,false,A,Sentence 1,false,1
q-eng7.2-15,ENG7.2,mc,"Read the four sentences below and identify the ONE that does not belong. (1) Ocean pollution has reached alarming levels, with millions of tonnes of plastic entering the seas each year. (2) The International Space Station orbits Earth at an altitude of approximately 400 kilometres. (3) Marine animals, including sea turtles and whales, often ingest plastic waste, leading to injury or death. (4) Microplastics have been found in the deepest ocean trenches as well as in the fish we consume.","B is correct — Sentence 2 (International Space Station orbit) is entirely unrelated to ocean pollution; it belongs to a passage about space exploration. A is wrong — Sentence 1 introduces ocean pollution and plastic waste statistics. C is wrong — Sentence 3 (marine animals and plastic ingestion) directly illustrates the harm caused by ocean pollution. D is wrong — Sentence 4 (microplastics in ocean trenches and food) continues the theme with specific alarming evidence.",s-eng-7-2-1,easy,ai-generated,false,B,Sentence 2,true,2
q-eng7.2-15,ENG7.2,mc,"Read the four sentences below and identify the ONE that does not belong. (1) Ocean pollution has reached alarming levels, with millions of tonnes of plastic entering the seas each year. (2) The International Space Station orbits Earth at an altitude of approximately 400 kilometres. (3) Marine animals, including sea turtles and whales, often ingest plastic waste, leading to injury or death. (4) Microplastics have been found in the deepest ocean trenches as well as in the fish we consume.","B is correct — Sentence 2 (International Space Station orbit) is entirely unrelated to ocean pollution; it belongs to a passage about space exploration. A is wrong — Sentence 1 introduces ocean pollution and plastic waste statistics. C is wrong — Sentence 3 (marine animals and plastic ingestion) directly illustrates the harm caused by ocean pollution. D is wrong — Sentence 4 (microplastics in ocean trenches and food) continues the theme with specific alarming evidence.",s-eng-7-2-1,easy,ai-generated,false,C,Sentence 3,false,3
q-eng7.2-15,ENG7.2,mc,"Read the four sentences below and identify the ONE that does not belong. (1) Ocean pollution has reached alarming levels, with millions of tonnes of plastic entering the seas each year. (2) The International Space Station orbits Earth at an altitude of approximately 400 kilometres. (3) Marine animals, including sea turtles and whales, often ingest plastic waste, leading to injury or death. (4) Microplastics have been found in the deepest ocean trenches as well as in the fish we consume.","B is correct — Sentence 2 (International Space Station orbit) is entirely unrelated to ocean pollution; it belongs to a passage about space exploration. A is wrong — Sentence 1 introduces ocean pollution and plastic waste statistics. C is wrong — Sentence 3 (marine animals and plastic ingestion) directly illustrates the harm caused by ocean pollution. D is wrong — Sentence 4 (microplastics in ocean trenches and food) continues the theme with specific alarming evidence.",s-eng-7-2-1,easy,ai-generated,false,D,Sentence 4,false,4
q-eng7.2-16,ENG7.2,mc,"Read the four sentences below and identify the ONE that does not belong. (1) Rising temperatures and erratic rainfall patterns are severely disrupting crop yields in many regions. (2) Droughts in sub-Saharan Africa have forced millions of smallholder farmers to abandon their fields. (3) Scientists are developing drought-resistant crop varieties to help farmers adapt to changing conditions. (4) International trade agreements play an important role in regulating cross-border goods and financial flows.","D is correct — Sentence 4 (international trade agreements and financial flows) is about economics and global trade policy, not about climate change's impact on agriculture; it introduces an unrelated topic. A is wrong — Sentence 1 directly links rising temperatures and rainfall changes to crop disruption. B is wrong — Sentence 2 (African droughts forcing farmers out) is a concrete example of climate change's agricultural impact. C is wrong — Sentence 3 (drought-resistant crop varieties) is a relevant scientific response to the agricultural problem described.",s-eng-7-2-1,medium,ai-generated,false,A,Sentence 1,false,1
q-eng7.2-16,ENG7.2,mc,"Read the four sentences below and identify the ONE that does not belong. (1) Rising temperatures and erratic rainfall patterns are severely disrupting crop yields in many regions. (2) Droughts in sub-Saharan Africa have forced millions of smallholder farmers to abandon their fields. (3) Scientists are developing drought-resistant crop varieties to help farmers adapt to changing conditions. (4) International trade agreements play an important role in regulating cross-border goods and financial flows.","D is correct — Sentence 4 (international trade agreements and financial flows) is about economics and global trade policy, not about climate change's impact on agriculture; it introduces an unrelated topic. A is wrong — Sentence 1 directly links rising temperatures and rainfall changes to crop disruption. B is wrong — Sentence 2 (African droughts forcing farmers out) is a concrete example of climate change's agricultural impact. C is wrong — Sentence 3 (drought-resistant crop varieties) is a relevant scientific response to the agricultural problem described.",s-eng-7-2-1,medium,ai-generated,false,B,Sentence 2,false,2
q-eng7.2-16,ENG7.2,mc,"Read the four sentences below and identify the ONE that does not belong. (1) Rising temperatures and erratic rainfall patterns are severely disrupting crop yields in many regions. (2) Droughts in sub-Saharan Africa have forced millions of smallholder farmers to abandon their fields. (3) Scientists are developing drought-resistant crop varieties to help farmers adapt to changing conditions. (4) International trade agreements play an important role in regulating cross-border goods and financial flows.","D is correct — Sentence 4 (international trade agreements and financial flows) is about economics and global trade policy, not about climate change's impact on agriculture; it introduces an unrelated topic. A is wrong — Sentence 1 directly links rising temperatures and rainfall changes to crop disruption. B is wrong — Sentence 2 (African droughts forcing farmers out) is a concrete example of climate change's agricultural impact. C is wrong — Sentence 3 (drought-resistant crop varieties) is a relevant scientific response to the agricultural problem described.",s-eng-7-2-1,medium,ai-generated,false,C,Sentence 3,false,3
q-eng7.2-16,ENG7.2,mc,"Read the four sentences below and identify the ONE that does not belong. (1) Rising temperatures and erratic rainfall patterns are severely disrupting crop yields in many regions. (2) Droughts in sub-Saharan Africa have forced millions of smallholder farmers to abandon their fields. (3) Scientists are developing drought-resistant crop varieties to help farmers adapt to changing conditions. (4) International trade agreements play an important role in regulating cross-border goods and financial flows.","D is correct — Sentence 4 (international trade agreements and financial flows) is about economics and global trade policy, not about climate change's impact on agriculture; it introduces an unrelated topic. A is wrong — Sentence 1 directly links rising temperatures and rainfall changes to crop disruption. B is wrong — Sentence 2 (African droughts forcing farmers out) is a concrete example of climate change's agricultural impact. C is wrong — Sentence 3 (drought-resistant crop varieties) is a relevant scientific response to the agricultural problem described.",s-eng-7-2-1,medium,ai-generated,false,D,Sentence 4,true,4
q-eng7.2-17,ENG7.2,mc,"Read the four sentences below and identify the ONE that does not belong. (1) Climate change is causing global average temperatures to rise at an unprecedented rate. (2) Melting glaciers and polar ice sheets are contributing to rising sea levels worldwide. (3) The peregrine falcon is the fastest animal on Earth, reaching speeds of over 320 km/h in a dive. (4) Extreme weather events such as floods, droughts, and hurricanes are increasing in frequency and intensity.","C is correct — Sentence 3 (peregrine falcon speed) belongs to a passage about animals or physics and has no connection to climate change. A is wrong — Sentence 1 (rising global temperatures) introduces the central climate change theme. B is wrong — Sentence 2 (melting glaciers and sea-level rise) is a major and well-documented consequence of climate change. D is wrong — Sentence 4 (extreme weather events) is another direct effect of climate change, consistent with the passage theme.",s-eng-7-2-1,easy,ai-generated,false,A,Sentence 1,false,1
q-eng7.2-17,ENG7.2,mc,"Read the four sentences below and identify the ONE that does not belong. (1) Climate change is causing global average temperatures to rise at an unprecedented rate. (2) Melting glaciers and polar ice sheets are contributing to rising sea levels worldwide. (3) The peregrine falcon is the fastest animal on Earth, reaching speeds of over 320 km/h in a dive. (4) Extreme weather events such as floods, droughts, and hurricanes are increasing in frequency and intensity.","C is correct — Sentence 3 (peregrine falcon speed) belongs to a passage about animals or physics and has no connection to climate change. A is wrong — Sentence 1 (rising global temperatures) introduces the central climate change theme. B is wrong — Sentence 2 (melting glaciers and sea-level rise) is a major and well-documented consequence of climate change. D is wrong — Sentence 4 (extreme weather events) is another direct effect of climate change, consistent with the passage theme.",s-eng-7-2-1,easy,ai-generated,false,B,Sentence 2,false,2
q-eng7.2-17,ENG7.2,mc,"Read the four sentences below and identify the ONE that does not belong. (1) Climate change is causing global average temperatures to rise at an unprecedented rate. (2) Melting glaciers and polar ice sheets are contributing to rising sea levels worldwide. (3) The peregrine falcon is the fastest animal on Earth, reaching speeds of over 320 km/h in a dive. (4) Extreme weather events such as floods, droughts, and hurricanes are increasing in frequency and intensity.","C is correct — Sentence 3 (peregrine falcon speed) belongs to a passage about animals or physics and has no connection to climate change. A is wrong — Sentence 1 (rising global temperatures) introduces the central climate change theme. B is wrong — Sentence 2 (melting glaciers and sea-level rise) is a major and well-documented consequence of climate change. D is wrong — Sentence 4 (extreme weather events) is another direct effect of climate change, consistent with the passage theme.",s-eng-7-2-1,easy,ai-generated,false,C,Sentence 3,true,3
q-eng7.2-17,ENG7.2,mc,"Read the four sentences below and identify the ONE that does not belong. (1) Climate change is causing global average temperatures to rise at an unprecedented rate. (2) Melting glaciers and polar ice sheets are contributing to rising sea levels worldwide. (3) The peregrine falcon is the fastest animal on Earth, reaching speeds of over 320 km/h in a dive. (4) Extreme weather events such as floods, droughts, and hurricanes are increasing in frequency and intensity.","C is correct — Sentence 3 (peregrine falcon speed) belongs to a passage about animals or physics and has no connection to climate change. A is wrong — Sentence 1 (rising global temperatures) introduces the central climate change theme. B is wrong — Sentence 2 (melting glaciers and sea-level rise) is a major and well-documented consequence of climate change. D is wrong — Sentence 4 (extreme weather events) is another direct effect of climate change, consistent with the passage theme.",s-eng-7-2-1,easy,ai-generated,false,D,Sentence 4,false,4
q-eng7.2-18,ENG7.2,mc,"Read the four sentences below and identify the ONE that does not belong. (1) A balanced diet rich in fruits, vegetables, whole grains, and lean proteins is fundamental to maintaining good health. (2) Regular physical exercise strengthens the cardiovascular system and significantly reduces the risk of heart disease. (3) Exercise also stimulates the release of endorphins, improving mood and reducing symptoms of depression. (4) Studies show that people who exercise regularly have longer life expectancy and lower rates of chronic illness.","A is correct — Sentence 1 (balanced diet and nutrition) is about food intake rather than physical exercise; it belongs to a general health passage, not one specifically focused on the benefits of exercise. B is wrong — Sentence 2 directly addresses the cardiovascular benefits of exercise, fitting the specific theme. C is wrong — Sentence 3 (endorphins and mood) is a well-documented psychological benefit of exercise. D is wrong — Sentence 4 (life expectancy and chronic illness rates) describes measurable outcomes of regular exercise, consistent with the theme.",s-eng-7-2-1,medium,ai-generated,false,A,Sentence 1,true,1
q-eng7.2-18,ENG7.2,mc,"Read the four sentences below and identify the ONE that does not belong. (1) A balanced diet rich in fruits, vegetables, whole grains, and lean proteins is fundamental to maintaining good health. (2) Regular physical exercise strengthens the cardiovascular system and significantly reduces the risk of heart disease. (3) Exercise also stimulates the release of endorphins, improving mood and reducing symptoms of depression. (4) Studies show that people who exercise regularly have longer life expectancy and lower rates of chronic illness.","A is correct — Sentence 1 (balanced diet and nutrition) is about food intake rather than physical exercise; it belongs to a general health passage, not one specifically focused on the benefits of exercise. B is wrong — Sentence 2 directly addresses the cardiovascular benefits of exercise, fitting the specific theme. C is wrong — Sentence 3 (endorphins and mood) is a well-documented psychological benefit of exercise. D is wrong — Sentence 4 (life expectancy and chronic illness rates) describes measurable outcomes of regular exercise, consistent with the theme.",s-eng-7-2-1,medium,ai-generated,false,B,Sentence 2,false,2
q-eng7.2-18,ENG7.2,mc,"Read the four sentences below and identify the ONE that does not belong. (1) A balanced diet rich in fruits, vegetables, whole grains, and lean proteins is fundamental to maintaining good health. (2) Regular physical exercise strengthens the cardiovascular system and significantly reduces the risk of heart disease. (3) Exercise also stimulates the release of endorphins, improving mood and reducing symptoms of depression. (4) Studies show that people who exercise regularly have longer life expectancy and lower rates of chronic illness.","A is correct — Sentence 1 (balanced diet and nutrition) is about food intake rather than physical exercise; it belongs to a general health passage, not one specifically focused on the benefits of exercise. B is wrong — Sentence 2 directly addresses the cardiovascular benefits of exercise, fitting the specific theme. C is wrong — Sentence 3 (endorphins and mood) is a well-documented psychological benefit of exercise. D is wrong — Sentence 4 (life expectancy and chronic illness rates) describes measurable outcomes of regular exercise, consistent with the theme.",s-eng-7-2-1,medium,ai-generated,false,C,Sentence 3,false,3
q-eng7.2-18,ENG7.2,mc,"Read the four sentences below and identify the ONE that does not belong. (1) A balanced diet rich in fruits, vegetables, whole grains, and lean proteins is fundamental to maintaining good health. (2) Regular physical exercise strengthens the cardiovascular system and significantly reduces the risk of heart disease. (3) Exercise also stimulates the release of endorphins, improving mood and reducing symptoms of depression. (4) Studies show that people who exercise regularly have longer life expectancy and lower rates of chronic illness.","A is correct — Sentence 1 (balanced diet and nutrition) is about food intake rather than physical exercise; it belongs to a general health passage, not one specifically focused on the benefits of exercise. B is wrong — Sentence 2 directly addresses the cardiovascular benefits of exercise, fitting the specific theme. C is wrong — Sentence 3 (endorphins and mood) is a well-documented psychological benefit of exercise. D is wrong — Sentence 4 (life expectancy and chronic illness rates) describes measurable outcomes of regular exercise, consistent with the theme.",s-eng-7-2-1,medium,ai-generated,false,D,Sentence 4,false,4
q-eng7.2-19,ENG7.2,mc,"Read the four sentences below and identify the ONE that does not belong. (1) Digital banking has transformed the way people manage their finances, with millions using mobile apps for everyday transactions. (2) Features such as instant fund transfers, bill payments, and account monitoring are available at the touch of a button. (3) Banks are also using artificial intelligence to detect fraudulent transactions and enhance cybersecurity. (4) The Mughal Empire, at its peak in the 17th century, controlled a large portion of the Indian subcontinent.","D is correct — Sentence 4 (Mughal Empire history) belongs to a passage about Indian history and is entirely unrelated to digital banking. A is wrong — Sentence 1 introduces digital banking and its impact on personal finance management. B is wrong — Sentence 2 (mobile app features) directly elaborates on Sentence 1's claim about everyday transactions. C is wrong — Sentence 3 (AI for fraud detection) describes a relevant technological development that extends the digital banking theme.",s-eng-7-2-1,easy,ai-generated,false,A,Sentence 1,false,1
q-eng7.2-19,ENG7.2,mc,"Read the four sentences below and identify the ONE that does not belong. (1) Digital banking has transformed the way people manage their finances, with millions using mobile apps for everyday transactions. (2) Features such as instant fund transfers, bill payments, and account monitoring are available at the touch of a button. (3) Banks are also using artificial intelligence to detect fraudulent transactions and enhance cybersecurity. (4) The Mughal Empire, at its peak in the 17th century, controlled a large portion of the Indian subcontinent.","D is correct — Sentence 4 (Mughal Empire history) belongs to a passage about Indian history and is entirely unrelated to digital banking. A is wrong — Sentence 1 introduces digital banking and its impact on personal finance management. B is wrong — Sentence 2 (mobile app features) directly elaborates on Sentence 1's claim about everyday transactions. C is wrong — Sentence 3 (AI for fraud detection) describes a relevant technological development that extends the digital banking theme.",s-eng-7-2-1,easy,ai-generated,false,B,Sentence 2,false,2
q-eng7.2-19,ENG7.2,mc,"Read the four sentences below and identify the ONE that does not belong. (1) Digital banking has transformed the way people manage their finances, with millions using mobile apps for everyday transactions. (2) Features such as instant fund transfers, bill payments, and account monitoring are available at the touch of a button. (3) Banks are also using artificial intelligence to detect fraudulent transactions and enhance cybersecurity. (4) The Mughal Empire, at its peak in the 17th century, controlled a large portion of the Indian subcontinent.","D is correct — Sentence 4 (Mughal Empire history) belongs to a passage about Indian history and is entirely unrelated to digital banking. A is wrong — Sentence 1 introduces digital banking and its impact on personal finance management. B is wrong — Sentence 2 (mobile app features) directly elaborates on Sentence 1's claim about everyday transactions. C is wrong — Sentence 3 (AI for fraud detection) describes a relevant technological development that extends the digital banking theme.",s-eng-7-2-1,easy,ai-generated,false,C,Sentence 3,false,3
q-eng7.2-19,ENG7.2,mc,"Read the four sentences below and identify the ONE that does not belong. (1) Digital banking has transformed the way people manage their finances, with millions using mobile apps for everyday transactions. (2) Features such as instant fund transfers, bill payments, and account monitoring are available at the touch of a button. (3) Banks are also using artificial intelligence to detect fraudulent transactions and enhance cybersecurity. (4) The Mughal Empire, at its peak in the 17th century, controlled a large portion of the Indian subcontinent.","D is correct — Sentence 4 (Mughal Empire history) belongs to a passage about Indian history and is entirely unrelated to digital banking. A is wrong — Sentence 1 introduces digital banking and its impact on personal finance management. B is wrong — Sentence 2 (mobile app features) directly elaborates on Sentence 1's claim about everyday transactions. C is wrong — Sentence 3 (AI for fraud detection) describes a relevant technological development that extends the digital banking theme.",s-eng-7-2-1,easy,ai-generated,false,D,Sentence 4,true,4
q-eng7.2-20,ENG7.2,mc,"Read the four sentences below and identify the ONE that does not belong. (1) Rapid urbanisation has brought economic growth and improved living standards for millions, but has also created significant environmental pressures. (2) The rural-to-urban migration that drives urbanisation is primarily motivated by the search for better employment, education, and healthcare opportunities. (3) Urban areas generate approximately 70% of global carbon emissions, largely from industry, transport, and energy consumption. (4) City planners are responding with green building codes, urban forests, and investment in public transport to reduce the environmental impact.","B is correct — Sentence 2 describes the causes of rural-to-urban migration, while the passage focuses on the environmental effects of urbanisation and cities' responses to those effects; introducing causes disrupts the effect-focused theme. A is wrong — Sentence 1 establishes urbanisation's dual nature (economic benefit and environmental pressure), setting the thematic framework. C is wrong — Sentence 3 (70% of global carbon emissions) is a key environmental consequence that develops the theme. D is wrong — Sentence 4 (green building codes and public transport) describes city planners' responses to the environmental impact described in Sentence 3.",s-eng-7-2-1,medium,ai-generated,false,A,Sentence 1,false,1
q-eng7.2-20,ENG7.2,mc,"Read the four sentences below and identify the ONE that does not belong. (1) Rapid urbanisation has brought economic growth and improved living standards for millions, but has also created significant environmental pressures. (2) The rural-to-urban migration that drives urbanisation is primarily motivated by the search for better employment, education, and healthcare opportunities. (3) Urban areas generate approximately 70% of global carbon emissions, largely from industry, transport, and energy consumption. (4) City planners are responding with green building codes, urban forests, and investment in public transport to reduce the environmental impact.","B is correct — Sentence 2 describes the causes of rural-to-urban migration, while the passage focuses on the environmental effects of urbanisation and cities' responses to those effects; introducing causes disrupts the effect-focused theme. A is wrong — Sentence 1 establishes urbanisation's dual nature (economic benefit and environmental pressure), setting the thematic framework. C is wrong — Sentence 3 (70% of global carbon emissions) is a key environmental consequence that develops the theme. D is wrong — Sentence 4 (green building codes and public transport) describes city planners' responses to the environmental impact described in Sentence 3.",s-eng-7-2-1,medium,ai-generated,false,B,Sentence 2,true,2
q-eng7.2-20,ENG7.2,mc,"Read the four sentences below and identify the ONE that does not belong. (1) Rapid urbanisation has brought economic growth and improved living standards for millions, but has also created significant environmental pressures. (2) The rural-to-urban migration that drives urbanisation is primarily motivated by the search for better employment, education, and healthcare opportunities. (3) Urban areas generate approximately 70% of global carbon emissions, largely from industry, transport, and energy consumption. (4) City planners are responding with green building codes, urban forests, and investment in public transport to reduce the environmental impact.","B is correct — Sentence 2 describes the causes of rural-to-urban migration, while the passage focuses on the environmental effects of urbanisation and cities' responses to those effects; introducing causes disrupts the effect-focused theme. A is wrong — Sentence 1 establishes urbanisation's dual nature (economic benefit and environmental pressure), setting the thematic framework. C is wrong — Sentence 3 (70% of global carbon emissions) is a key environmental consequence that develops the theme. D is wrong — Sentence 4 (green building codes and public transport) describes city planners' responses to the environmental impact described in Sentence 3.",s-eng-7-2-1,medium,ai-generated,false,C,Sentence 3,false,3
q-eng7.2-20,ENG7.2,mc,"Read the four sentences below and identify the ONE that does not belong. (1) Rapid urbanisation has brought economic growth and improved living standards for millions, but has also created significant environmental pressures. (2) The rural-to-urban migration that drives urbanisation is primarily motivated by the search for better employment, education, and healthcare opportunities. (3) Urban areas generate approximately 70% of global carbon emissions, largely from industry, transport, and energy consumption. (4) City planners are responding with green building codes, urban forests, and investment in public transport to reduce the environmental impact.","B is correct — Sentence 2 describes the causes of rural-to-urban migration, while the passage focuses on the environmental effects of urbanisation and cities' responses to those effects; introducing causes disrupts the effect-focused theme. A is wrong — Sentence 1 establishes urbanisation's dual nature (economic benefit and environmental pressure), setting the thematic framework. C is wrong — Sentence 3 (70% of global carbon emissions) is a key environmental consequence that develops the theme. D is wrong — Sentence 4 (green building codes and public transport) describes city planners' responses to the environmental impact described in Sentence 3.",s-eng-7-2-1,medium,ai-generated,false,D,Sentence 4,false,4
q-eng7.2-21,ENG7.2,mc,"Read the paragraph below and identify the sentence that DISRUPTS its logical flow. (1) Rampant deforestation in tropical regions is accelerating biodiversity loss at an alarming rate. (2) Each year, millions of hectares of ancient forest are cleared for agriculture and commercial logging. (3) Conservation scientists estimate that habitat destruction causes the permanent loss of hundreds of species annually. (4) Reforestation programmes in temperate zones, however, have shown promising results in restoring tree cover.","D is correct — Sentence 4 introduces a geographically distinct positive counterpoint (temperate reforestation) into a passage focused entirely on the crisis of tropical deforestation; 'however' creates an unresolved contrast that breaks the argumentative chain without completing it. A is wrong — Sentence 1 establishes the main claim about deforestation and biodiversity loss. B is wrong — Sentence 2 provides the scale of the problem, directly supporting Sentence 1. C is wrong — Sentence 3 adds a quantified scientific consequence (species loss) that logically follows Sentence 2.",s-eng-7-2-2,medium,ai-generated,false,A,Sentence 1,false,1
q-eng7.2-21,ENG7.2,mc,"Read the paragraph below and identify the sentence that DISRUPTS its logical flow. (1) Rampant deforestation in tropical regions is accelerating biodiversity loss at an alarming rate. (2) Each year, millions of hectares of ancient forest are cleared for agriculture and commercial logging. (3) Conservation scientists estimate that habitat destruction causes the permanent loss of hundreds of species annually. (4) Reforestation programmes in temperate zones, however, have shown promising results in restoring tree cover.","D is correct — Sentence 4 introduces a geographically distinct positive counterpoint (temperate reforestation) into a passage focused entirely on the crisis of tropical deforestation; 'however' creates an unresolved contrast that breaks the argumentative chain without completing it. A is wrong — Sentence 1 establishes the main claim about deforestation and biodiversity loss. B is wrong — Sentence 2 provides the scale of the problem, directly supporting Sentence 1. C is wrong — Sentence 3 adds a quantified scientific consequence (species loss) that logically follows Sentence 2.",s-eng-7-2-2,medium,ai-generated,false,B,Sentence 2,false,2
q-eng7.2-21,ENG7.2,mc,"Read the paragraph below and identify the sentence that DISRUPTS its logical flow. (1) Rampant deforestation in tropical regions is accelerating biodiversity loss at an alarming rate. (2) Each year, millions of hectares of ancient forest are cleared for agriculture and commercial logging. (3) Conservation scientists estimate that habitat destruction causes the permanent loss of hundreds of species annually. (4) Reforestation programmes in temperate zones, however, have shown promising results in restoring tree cover.","D is correct — Sentence 4 introduces a geographically distinct positive counterpoint (temperate reforestation) into a passage focused entirely on the crisis of tropical deforestation; 'however' creates an unresolved contrast that breaks the argumentative chain without completing it. A is wrong — Sentence 1 establishes the main claim about deforestation and biodiversity loss. B is wrong — Sentence 2 provides the scale of the problem, directly supporting Sentence 1. C is wrong — Sentence 3 adds a quantified scientific consequence (species loss) that logically follows Sentence 2.",s-eng-7-2-2,medium,ai-generated,false,C,Sentence 3,false,3
q-eng7.2-21,ENG7.2,mc,"Read the paragraph below and identify the sentence that DISRUPTS its logical flow. (1) Rampant deforestation in tropical regions is accelerating biodiversity loss at an alarming rate. (2) Each year, millions of hectares of ancient forest are cleared for agriculture and commercial logging. (3) Conservation scientists estimate that habitat destruction causes the permanent loss of hundreds of species annually. (4) Reforestation programmes in temperate zones, however, have shown promising results in restoring tree cover.","D is correct — Sentence 4 introduces a geographically distinct positive counterpoint (temperate reforestation) into a passage focused entirely on the crisis of tropical deforestation; 'however' creates an unresolved contrast that breaks the argumentative chain without completing it. A is wrong — Sentence 1 establishes the main claim about deforestation and biodiversity loss. B is wrong — Sentence 2 provides the scale of the problem, directly supporting Sentence 1. C is wrong — Sentence 3 adds a quantified scientific consequence (species loss) that logically follows Sentence 2.",s-eng-7-2-2,medium,ai-generated,false,D,Sentence 4,true,4
q-eng7.2-22,ENG7.2,mc,"Read the paragraph below and identify the sentence that DISRUPTS its logical flow. (1) Adequate sleep is critical for cognitive function, memory consolidation, and emotional regulation. (2) The invention of the electric light bulb by Thomas Edison in 1879 dramatically extended waking hours for people worldwide. (3) Research shows that sleep deprivation impairs decision-making to a degree comparable to alcohol intoxication. (4) Chronic sleep deficit has also been linked to an increased risk of Alzheimer's disease in later life.","B is correct — Sentence 2 (Edison's light bulb in 1879) introduces historical trivia about technology, which disrupts the passage's consistent focus on sleep's cognitive and health benefits; while it vaguely connects to wakefulness, it adds no evidence relevant to the health argument being built in S1, S3, and S4. A is wrong — Sentence 1 establishes sleep as the topic and lists its cognitive benefits. C is wrong — Sentence 3 (sleep deprivation and decision-making) provides direct research evidence supporting Sentence 1. D is wrong — Sentence 4 (Alzheimer's risk) extends the health consequences theme consistently.",s-eng-7-2-2,medium,ai-generated,false,A,Sentence 1,false,1
q-eng7.2-22,ENG7.2,mc,"Read the paragraph below and identify the sentence that DISRUPTS its logical flow. (1) Adequate sleep is critical for cognitive function, memory consolidation, and emotional regulation. (2) The invention of the electric light bulb by Thomas Edison in 1879 dramatically extended waking hours for people worldwide. (3) Research shows that sleep deprivation impairs decision-making to a degree comparable to alcohol intoxication. (4) Chronic sleep deficit has also been linked to an increased risk of Alzheimer's disease in later life.","B is correct — Sentence 2 (Edison's light bulb in 1879) introduces historical trivia about technology, which disrupts the passage's consistent focus on sleep's cognitive and health benefits; while it vaguely connects to wakefulness, it adds no evidence relevant to the health argument being built in S1, S3, and S4. A is wrong — Sentence 1 establishes sleep as the topic and lists its cognitive benefits. C is wrong — Sentence 3 (sleep deprivation and decision-making) provides direct research evidence supporting Sentence 1. D is wrong — Sentence 4 (Alzheimer's risk) extends the health consequences theme consistently.",s-eng-7-2-2,medium,ai-generated,false,B,Sentence 2,true,2
q-eng7.2-22,ENG7.2,mc,"Read the paragraph below and identify the sentence that DISRUPTS its logical flow. (1) Adequate sleep is critical for cognitive function, memory consolidation, and emotional regulation. (2) The invention of the electric light bulb by Thomas Edison in 1879 dramatically extended waking hours for people worldwide. (3) Research shows that sleep deprivation impairs decision-making to a degree comparable to alcohol intoxication. (4) Chronic sleep deficit has also been linked to an increased risk of Alzheimer's disease in later life.","B is correct — Sentence 2 (Edison's light bulb in 1879) introduces historical trivia about technology, which disrupts the passage's consistent focus on sleep's cognitive and health benefits; while it vaguely connects to wakefulness, it adds no evidence relevant to the health argument being built in S1, S3, and S4. A is wrong — Sentence 1 establishes sleep as the topic and lists its cognitive benefits. C is wrong — Sentence 3 (sleep deprivation and decision-making) provides direct research evidence supporting Sentence 1. D is wrong — Sentence 4 (Alzheimer's risk) extends the health consequences theme consistently.",s-eng-7-2-2,medium,ai-generated,false,C,Sentence 3,false,3
q-eng7.2-22,ENG7.2,mc,"Read the paragraph below and identify the sentence that DISRUPTS its logical flow. (1) Adequate sleep is critical for cognitive function, memory consolidation, and emotional regulation. (2) The invention of the electric light bulb by Thomas Edison in 1879 dramatically extended waking hours for people worldwide. (3) Research shows that sleep deprivation impairs decision-making to a degree comparable to alcohol intoxication. (4) Chronic sleep deficit has also been linked to an increased risk of Alzheimer's disease in later life.","B is correct — Sentence 2 (Edison's light bulb in 1879) introduces historical trivia about technology, which disrupts the passage's consistent focus on sleep's cognitive and health benefits; while it vaguely connects to wakefulness, it adds no evidence relevant to the health argument being built in S1, S3, and S4. A is wrong — Sentence 1 establishes sleep as the topic and lists its cognitive benefits. C is wrong — Sentence 3 (sleep deprivation and decision-making) provides direct research evidence supporting Sentence 1. D is wrong — Sentence 4 (Alzheimer's risk) extends the health consequences theme consistently.",s-eng-7-2-2,medium,ai-generated,false,D,Sentence 4,false,4
q-eng7.2-23,ENG7.2,mc,"Read the paragraph below and identify the sentence that DISRUPTS its logical flow. (1) Urban green spaces such as parks and gardens provide measurable health benefits for city residents. (2) Studies show that people living within walking distance of a park report lower stress levels and better mental health. (3) Landscape architecture as a formal profession emerged in the United States in the late 19th century. (4) City planners are increasingly incorporating green corridors and pocket parks into urban design to improve public health.","C is correct — Sentence 3 (history of landscape architecture as a profession) introduces historical-professional context that is tangential to the argument; the passage argues for the health benefits of green spaces, not who designed them or when the profession began. A is wrong — Sentence 1 states the main claim about health benefits. B is wrong — Sentence 2 (park proximity and stress reduction) provides research evidence directly supporting Sentence 1. D is wrong — Sentence 4 (city planners using green corridors) is a logical policy response that follows from the health evidence.",s-eng-7-2-2,medium,ai-generated,false,A,Sentence 1,false,1
q-eng7.2-23,ENG7.2,mc,"Read the paragraph below and identify the sentence that DISRUPTS its logical flow. (1) Urban green spaces such as parks and gardens provide measurable health benefits for city residents. (2) Studies show that people living within walking distance of a park report lower stress levels and better mental health. (3) Landscape architecture as a formal profession emerged in the United States in the late 19th century. (4) City planners are increasingly incorporating green corridors and pocket parks into urban design to improve public health.","C is correct — Sentence 3 (history of landscape architecture as a profession) introduces historical-professional context that is tangential to the argument; the passage argues for the health benefits of green spaces, not who designed them or when the profession began. A is wrong — Sentence 1 states the main claim about health benefits. B is wrong — Sentence 2 (park proximity and stress reduction) provides research evidence directly supporting Sentence 1. D is wrong — Sentence 4 (city planners using green corridors) is a logical policy response that follows from the health evidence.",s-eng-7-2-2,medium,ai-generated,false,B,Sentence 2,false,2
q-eng7.2-23,ENG7.2,mc,"Read the paragraph below and identify the sentence that DISRUPTS its logical flow. (1) Urban green spaces such as parks and gardens provide measurable health benefits for city residents. (2) Studies show that people living within walking distance of a park report lower stress levels and better mental health. (3) Landscape architecture as a formal profession emerged in the United States in the late 19th century. (4) City planners are increasingly incorporating green corridors and pocket parks into urban design to improve public health.","C is correct — Sentence 3 (history of landscape architecture as a profession) introduces historical-professional context that is tangential to the argument; the passage argues for the health benefits of green spaces, not who designed them or when the profession began. A is wrong — Sentence 1 states the main claim about health benefits. B is wrong — Sentence 2 (park proximity and stress reduction) provides research evidence directly supporting Sentence 1. D is wrong — Sentence 4 (city planners using green corridors) is a logical policy response that follows from the health evidence.",s-eng-7-2-2,medium,ai-generated,false,C,Sentence 3,true,3
q-eng7.2-23,ENG7.2,mc,"Read the paragraph below and identify the sentence that DISRUPTS its logical flow. (1) Urban green spaces such as parks and gardens provide measurable health benefits for city residents. (2) Studies show that people living within walking distance of a park report lower stress levels and better mental health. (3) Landscape architecture as a formal profession emerged in the United States in the late 19th century. (4) City planners are increasingly incorporating green corridors and pocket parks into urban design to improve public health.","C is correct — Sentence 3 (history of landscape architecture as a profession) introduces historical-professional context that is tangential to the argument; the passage argues for the health benefits of green spaces, not who designed them or when the profession began. A is wrong — Sentence 1 states the main claim about health benefits. B is wrong — Sentence 2 (park proximity and stress reduction) provides research evidence directly supporting Sentence 1. D is wrong — Sentence 4 (city planners using green corridors) is a logical policy response that follows from the health evidence.",s-eng-7-2-2,medium,ai-generated,false,D,Sentence 4,false,4
q-eng7.2-24,ENG7.2,mc,"Read the paragraph below and identify the sentence that DISRUPTS its logical flow. (1) The origins of modern banking can be traced back to Renaissance Italy, where merchant bankers facilitated international trade. (2) India's Unified Payments Interface (UPI) has transformed financial transactions, processing billions of payments monthly. (3) The system has enabled everyone from roadside vendors to large retailers to accept digital payments seamlessly. (4) UPI has become a model for other countries seeking to develop interoperable digital payment ecosystems.","A is correct — Sentence 1 (Renaissance Italian banking origins) introduces distant historical context that is entirely unrelated to the passage's specific focus on India's modern UPI system; it disrupts the flow before the actual topic has been introduced and has no logical connection to Sentences 2, 3, or 4. B is wrong — Sentence 2 introduces UPI and establishes the passage's central topic. C is wrong — Sentence 3 (vendors and retailers using UPI) provides a concrete supporting example. D is wrong — Sentence 4 (UPI as a global model) is a consistent and logical conclusion.",s-eng-7-2-2,medium,ai-generated,false,A,Sentence 1,true,1
q-eng7.2-24,ENG7.2,mc,"Read the paragraph below and identify the sentence that DISRUPTS its logical flow. (1) The origins of modern banking can be traced back to Renaissance Italy, where merchant bankers facilitated international trade. (2) India's Unified Payments Interface (UPI) has transformed financial transactions, processing billions of payments monthly. (3) The system has enabled everyone from roadside vendors to large retailers to accept digital payments seamlessly. (4) UPI has become a model for other countries seeking to develop interoperable digital payment ecosystems.","A is correct — Sentence 1 (Renaissance Italian banking origins) introduces distant historical context that is entirely unrelated to the passage's specific focus on India's modern UPI system; it disrupts the flow before the actual topic has been introduced and has no logical connection to Sentences 2, 3, or 4. B is wrong — Sentence 2 introduces UPI and establishes the passage's central topic. C is wrong — Sentence 3 (vendors and retailers using UPI) provides a concrete supporting example. D is wrong — Sentence 4 (UPI as a global model) is a consistent and logical conclusion.",s-eng-7-2-2,medium,ai-generated,false,B,Sentence 2,false,2
q-eng7.2-24,ENG7.2,mc,"Read the paragraph below and identify the sentence that DISRUPTS its logical flow. (1) The origins of modern banking can be traced back to Renaissance Italy, where merchant bankers facilitated international trade. (2) India's Unified Payments Interface (UPI) has transformed financial transactions, processing billions of payments monthly. (3) The system has enabled everyone from roadside vendors to large retailers to accept digital payments seamlessly. (4) UPI has become a model for other countries seeking to develop interoperable digital payment ecosystems.","A is correct — Sentence 1 (Renaissance Italian banking origins) introduces distant historical context that is entirely unrelated to the passage's specific focus on India's modern UPI system; it disrupts the flow before the actual topic has been introduced and has no logical connection to Sentences 2, 3, or 4. B is wrong — Sentence 2 introduces UPI and establishes the passage's central topic. C is wrong — Sentence 3 (vendors and retailers using UPI) provides a concrete supporting example. D is wrong — Sentence 4 (UPI as a global model) is a consistent and logical conclusion.",s-eng-7-2-2,medium,ai-generated,false,C,Sentence 3,false,3
q-eng7.2-24,ENG7.2,mc,"Read the paragraph below and identify the sentence that DISRUPTS its logical flow. (1) The origins of modern banking can be traced back to Renaissance Italy, where merchant bankers facilitated international trade. (2) India's Unified Payments Interface (UPI) has transformed financial transactions, processing billions of payments monthly. (3) The system has enabled everyone from roadside vendors to large retailers to accept digital payments seamlessly. (4) UPI has become a model for other countries seeking to develop interoperable digital payment ecosystems.","A is correct — Sentence 1 (Renaissance Italian banking origins) introduces distant historical context that is entirely unrelated to the passage's specific focus on India's modern UPI system; it disrupts the flow before the actual topic has been introduced and has no logical connection to Sentences 2, 3, or 4. B is wrong — Sentence 2 introduces UPI and establishes the passage's central topic. C is wrong — Sentence 3 (vendors and retailers using UPI) provides a concrete supporting example. D is wrong — Sentence 4 (UPI as a global model) is a consistent and logical conclusion.",s-eng-7-2-2,medium,ai-generated,false,D,Sentence 4,false,4
q-eng7.2-25,ENG7.2,mc,"Read the paragraph below and identify the sentence that DISRUPTS its logical flow. (1) Air pollution is one of the leading causes of premature death worldwide, responsible for millions of deaths annually. (2) Fine particulate matter (PM2.5) penetrates deep into the lungs, causing respiratory and cardiovascular diseases. (3) Long-term exposure to poor air quality is also associated with cognitive decline and increased dementia risk. (4) Many environmental activists have been imprisoned for protesting against pollution in authoritarian countries.","D is correct — Sentence 4 introduces a political angle (activism, imprisonment, authoritarian regimes) that is inconsistent with the scientific-medical tone of the passage, which systematically examines air pollution's health effects; it shifts the passage's focus from epidemiology to geopolitics. A is wrong — Sentence 1 establishes the global health crisis caused by air pollution. B is wrong — Sentence 2 (PM2.5 and disease) provides a specific biological mechanism. C is wrong — Sentence 3 (cognitive decline and dementia) extends the health consequences consistently.",s-eng-7-2-2,hard,ai-generated,false,A,Sentence 1,false,1
q-eng7.2-25,ENG7.2,mc,"Read the paragraph below and identify the sentence that DISRUPTS its logical flow. (1) Air pollution is one of the leading causes of premature death worldwide, responsible for millions of deaths annually. (2) Fine particulate matter (PM2.5) penetrates deep into the lungs, causing respiratory and cardiovascular diseases. (3) Long-term exposure to poor air quality is also associated with cognitive decline and increased dementia risk. (4) Many environmental activists have been imprisoned for protesting against pollution in authoritarian countries.","D is correct — Sentence 4 introduces a political angle (activism, imprisonment, authoritarian regimes) that is inconsistent with the scientific-medical tone of the passage, which systematically examines air pollution's health effects; it shifts the passage's focus from epidemiology to geopolitics. A is wrong — Sentence 1 establishes the global health crisis caused by air pollution. B is wrong — Sentence 2 (PM2.5 and disease) provides a specific biological mechanism. C is wrong — Sentence 3 (cognitive decline and dementia) extends the health consequences consistently.",s-eng-7-2-2,hard,ai-generated,false,B,Sentence 2,false,2
q-eng7.2-25,ENG7.2,mc,"Read the paragraph below and identify the sentence that DISRUPTS its logical flow. (1) Air pollution is one of the leading causes of premature death worldwide, responsible for millions of deaths annually. (2) Fine particulate matter (PM2.5) penetrates deep into the lungs, causing respiratory and cardiovascular diseases. (3) Long-term exposure to poor air quality is also associated with cognitive decline and increased dementia risk. (4) Many environmental activists have been imprisoned for protesting against pollution in authoritarian countries.","D is correct — Sentence 4 introduces a political angle (activism, imprisonment, authoritarian regimes) that is inconsistent with the scientific-medical tone of the passage, which systematically examines air pollution's health effects; it shifts the passage's focus from epidemiology to geopolitics. A is wrong — Sentence 1 establishes the global health crisis caused by air pollution. B is wrong — Sentence 2 (PM2.5 and disease) provides a specific biological mechanism. C is wrong — Sentence 3 (cognitive decline and dementia) extends the health consequences consistently.",s-eng-7-2-2,hard,ai-generated,false,C,Sentence 3,false,3
q-eng7.2-25,ENG7.2,mc,"Read the paragraph below and identify the sentence that DISRUPTS its logical flow. (1) Air pollution is one of the leading causes of premature death worldwide, responsible for millions of deaths annually. (2) Fine particulate matter (PM2.5) penetrates deep into the lungs, causing respiratory and cardiovascular diseases. (3) Long-term exposure to poor air quality is also associated with cognitive decline and increased dementia risk. (4) Many environmental activists have been imprisoned for protesting against pollution in authoritarian countries.","D is correct — Sentence 4 introduces a political angle (activism, imprisonment, authoritarian regimes) that is inconsistent with the scientific-medical tone of the passage, which systematically examines air pollution's health effects; it shifts the passage's focus from epidemiology to geopolitics. A is wrong — Sentence 1 establishes the global health crisis caused by air pollution. B is wrong — Sentence 2 (PM2.5 and disease) provides a specific biological mechanism. C is wrong — Sentence 3 (cognitive decline and dementia) extends the health consequences consistently.",s-eng-7-2-2,hard,ai-generated,false,D,Sentence 4,true,4
q-eng7.2-26,ENG7.2,mc,"Read the paragraph below and identify the sentence that DISRUPTS its logical flow. (1) Cybersecurity has become a critical priority for businesses and governments as digital threats grow more sophisticated. (2) The first personal computer was introduced by IBM in 1981, transforming the business landscape entirely. (3) Data breaches now cost organisations an average of $4.5 million per incident, according to industry reports. (4) Governments worldwide are enacting stricter data protection laws to safeguard citizens' digital privacy.","B is correct — Sentence 2 (IBM's first PC in 1981) introduces historical technology trivia that disrupts the passage's current-threat-and-response argument; while it relates to computing, it adds no information relevant to cybersecurity challenges or their costs and policy responses. A is wrong — Sentence 1 establishes cybersecurity as the central and urgent topic. C is wrong — Sentence 3 ($4.5 million breach cost) provides a financial statistic that directly supports the urgency stated in Sentence 1. D is wrong — Sentence 4 (data protection laws) is a logical policy response that completes the argument.",s-eng-7-2-2,medium,ai-generated,false,A,Sentence 1,false,1
q-eng7.2-26,ENG7.2,mc,"Read the paragraph below and identify the sentence that DISRUPTS its logical flow. (1) Cybersecurity has become a critical priority for businesses and governments as digital threats grow more sophisticated. (2) The first personal computer was introduced by IBM in 1981, transforming the business landscape entirely. (3) Data breaches now cost organisations an average of $4.5 million per incident, according to industry reports. (4) Governments worldwide are enacting stricter data protection laws to safeguard citizens' digital privacy.","B is correct — Sentence 2 (IBM's first PC in 1981) introduces historical technology trivia that disrupts the passage's current-threat-and-response argument; while it relates to computing, it adds no information relevant to cybersecurity challenges or their costs and policy responses. A is wrong — Sentence 1 establishes cybersecurity as the central and urgent topic. C is wrong — Sentence 3 ($4.5 million breach cost) provides a financial statistic that directly supports the urgency stated in Sentence 1. D is wrong — Sentence 4 (data protection laws) is a logical policy response that completes the argument.",s-eng-7-2-2,medium,ai-generated,false,B,Sentence 2,true,2
q-eng7.2-26,ENG7.2,mc,"Read the paragraph below and identify the sentence that DISRUPTS its logical flow. (1) Cybersecurity has become a critical priority for businesses and governments as digital threats grow more sophisticated. (2) The first personal computer was introduced by IBM in 1981, transforming the business landscape entirely. (3) Data breaches now cost organisations an average of $4.5 million per incident, according to industry reports. (4) Governments worldwide are enacting stricter data protection laws to safeguard citizens' digital privacy.","B is correct — Sentence 2 (IBM's first PC in 1981) introduces historical technology trivia that disrupts the passage's current-threat-and-response argument; while it relates to computing, it adds no information relevant to cybersecurity challenges or their costs and policy responses. A is wrong — Sentence 1 establishes cybersecurity as the central and urgent topic. C is wrong — Sentence 3 ($4.5 million breach cost) provides a financial statistic that directly supports the urgency stated in Sentence 1. D is wrong — Sentence 4 (data protection laws) is a logical policy response that completes the argument.",s-eng-7-2-2,medium,ai-generated,false,C,Sentence 3,false,3
q-eng7.2-26,ENG7.2,mc,"Read the paragraph below and identify the sentence that DISRUPTS its logical flow. (1) Cybersecurity has become a critical priority for businesses and governments as digital threats grow more sophisticated. (2) The first personal computer was introduced by IBM in 1981, transforming the business landscape entirely. (3) Data breaches now cost organisations an average of $4.5 million per incident, according to industry reports. (4) Governments worldwide are enacting stricter data protection laws to safeguard citizens' digital privacy.","B is correct — Sentence 2 (IBM's first PC in 1981) introduces historical technology trivia that disrupts the passage's current-threat-and-response argument; while it relates to computing, it adds no information relevant to cybersecurity challenges or their costs and policy responses. A is wrong — Sentence 1 establishes cybersecurity as the central and urgent topic. C is wrong — Sentence 3 ($4.5 million breach cost) provides a financial statistic that directly supports the urgency stated in Sentence 1. D is wrong — Sentence 4 (data protection laws) is a logical policy response that completes the argument.",s-eng-7-2-2,medium,ai-generated,false,D,Sentence 4,false,4
q-eng7.2-27,ENG7.2,mc,"Read the paragraph below and identify the sentence that DISRUPTS its logical flow. (1) Speaking two languages confers significant cognitive advantages, including improved memory and problem-solving skills. (2) Bilingual individuals switch between tasks more efficiently, a skill attributed to managing two language systems simultaneously. (3) The most widely spoken language in the world by number of native speakers is Mandarin Chinese, followed by Spanish. (4) Research also suggests that bilingualism delays the onset of dementia symptoms by an average of several years.","C is correct — Sentence 3 (world's most spoken languages by speaker count) introduces a general linguistics statistic that is thematically adjacent but logically irrelevant; the passage argues for bilingualism's cognitive benefits, not the global distribution of languages or speaker populations. A is wrong — Sentence 1 states the main claim about bilingualism's cognitive advantages. B is wrong — Sentence 2 (task-switching efficiency) provides a specific cognitive mechanism that supports Sentence 1. D is wrong — Sentence 4 (dementia delay) adds another cognitive benefit consistent with the passage's theme.",s-eng-7-2-2,medium,ai-generated,false,A,Sentence 1,false,1
q-eng7.2-27,ENG7.2,mc,"Read the paragraph below and identify the sentence that DISRUPTS its logical flow. (1) Speaking two languages confers significant cognitive advantages, including improved memory and problem-solving skills. (2) Bilingual individuals switch between tasks more efficiently, a skill attributed to managing two language systems simultaneously. (3) The most widely spoken language in the world by number of native speakers is Mandarin Chinese, followed by Spanish. (4) Research also suggests that bilingualism delays the onset of dementia symptoms by an average of several years.","C is correct — Sentence 3 (world's most spoken languages by speaker count) introduces a general linguistics statistic that is thematically adjacent but logically irrelevant; the passage argues for bilingualism's cognitive benefits, not the global distribution of languages or speaker populations. A is wrong — Sentence 1 states the main claim about bilingualism's cognitive advantages. B is wrong — Sentence 2 (task-switching efficiency) provides a specific cognitive mechanism that supports Sentence 1. D is wrong — Sentence 4 (dementia delay) adds another cognitive benefit consistent with the passage's theme.",s-eng-7-2-2,medium,ai-generated,false,B,Sentence 2,false,2
q-eng7.2-27,ENG7.2,mc,"Read the paragraph below and identify the sentence that DISRUPTS its logical flow. (1) Speaking two languages confers significant cognitive advantages, including improved memory and problem-solving skills. (2) Bilingual individuals switch between tasks more efficiently, a skill attributed to managing two language systems simultaneously. (3) The most widely spoken language in the world by number of native speakers is Mandarin Chinese, followed by Spanish. (4) Research also suggests that bilingualism delays the onset of dementia symptoms by an average of several years.","C is correct — Sentence 3 (world's most spoken languages by speaker count) introduces a general linguistics statistic that is thematically adjacent but logically irrelevant; the passage argues for bilingualism's cognitive benefits, not the global distribution of languages or speaker populations. A is wrong — Sentence 1 states the main claim about bilingualism's cognitive advantages. B is wrong — Sentence 2 (task-switching efficiency) provides a specific cognitive mechanism that supports Sentence 1. D is wrong — Sentence 4 (dementia delay) adds another cognitive benefit consistent with the passage's theme.",s-eng-7-2-2,medium,ai-generated,false,C,Sentence 3,true,3
q-eng7.2-27,ENG7.2,mc,"Read the paragraph below and identify the sentence that DISRUPTS its logical flow. (1) Speaking two languages confers significant cognitive advantages, including improved memory and problem-solving skills. (2) Bilingual individuals switch between tasks more efficiently, a skill attributed to managing two language systems simultaneously. (3) The most widely spoken language in the world by number of native speakers is Mandarin Chinese, followed by Spanish. (4) Research also suggests that bilingualism delays the onset of dementia symptoms by an average of several years.","C is correct — Sentence 3 (world's most spoken languages by speaker count) introduces a general linguistics statistic that is thematically adjacent but logically irrelevant; the passage argues for bilingualism's cognitive benefits, not the global distribution of languages or speaker populations. A is wrong — Sentence 1 states the main claim about bilingualism's cognitive advantages. B is wrong — Sentence 2 (task-switching efficiency) provides a specific cognitive mechanism that supports Sentence 1. D is wrong — Sentence 4 (dementia delay) adds another cognitive benefit consistent with the passage's theme.",s-eng-7-2-2,medium,ai-generated,false,D,Sentence 4,false,4
q-eng7.2-28,ENG7.2,mc,"Read the paragraph below and identify the sentence that DISRUPTS its logical flow. (1) Indian cuisine is celebrated worldwide for its diverse flavours, regional specialties, and extensive use of spices. (2) India's agricultural sector faces mounting challenges, including declining soil fertility, erratic monsoons, and groundwater depletion. (3) Smallholder farmers, who constitute the majority of India's farming community, are particularly vulnerable to these climate-related disruptions. (4) Government initiatives such as soil health cards and crop insurance schemes aim to support farmers in navigating these challenges.","A is correct — Sentence 1 (Indian cuisine, flavours, and spices) introduces a food culture topic that is entirely unrelated to the passage's focus on India's agricultural challenges; it connects only through the word 'India' and disrupts the agricultural argument before it begins. B is wrong — Sentence 2 introduces the main topic (agricultural challenges). C is wrong — Sentence 3 (smallholder farmers' vulnerability) supports Sentence 2 by identifying the most affected group. D is wrong — Sentence 4 (government support schemes) logically extends the passage with relevant policy responses.",s-eng-7-2-2,easy,ai-generated,false,A,Sentence 1,true,1
q-eng7.2-28,ENG7.2,mc,"Read the paragraph below and identify the sentence that DISRUPTS its logical flow. (1) Indian cuisine is celebrated worldwide for its diverse flavours, regional specialties, and extensive use of spices. (2) India's agricultural sector faces mounting challenges, including declining soil fertility, erratic monsoons, and groundwater depletion. (3) Smallholder farmers, who constitute the majority of India's farming community, are particularly vulnerable to these climate-related disruptions. (4) Government initiatives such as soil health cards and crop insurance schemes aim to support farmers in navigating these challenges.","A is correct — Sentence 1 (Indian cuisine, flavours, and spices) introduces a food culture topic that is entirely unrelated to the passage's focus on India's agricultural challenges; it connects only through the word 'India' and disrupts the agricultural argument before it begins. B is wrong — Sentence 2 introduces the main topic (agricultural challenges). C is wrong — Sentence 3 (smallholder farmers' vulnerability) supports Sentence 2 by identifying the most affected group. D is wrong — Sentence 4 (government support schemes) logically extends the passage with relevant policy responses.",s-eng-7-2-2,easy,ai-generated,false,B,Sentence 2,false,2
q-eng7.2-28,ENG7.2,mc,"Read the paragraph below and identify the sentence that DISRUPTS its logical flow. (1) Indian cuisine is celebrated worldwide for its diverse flavours, regional specialties, and extensive use of spices. (2) India's agricultural sector faces mounting challenges, including declining soil fertility, erratic monsoons, and groundwater depletion. (3) Smallholder farmers, who constitute the majority of India's farming community, are particularly vulnerable to these climate-related disruptions. (4) Government initiatives such as soil health cards and crop insurance schemes aim to support farmers in navigating these challenges.","A is correct — Sentence 1 (Indian cuisine, flavours, and spices) introduces a food culture topic that is entirely unrelated to the passage's focus on India's agricultural challenges; it connects only through the word 'India' and disrupts the agricultural argument before it begins. B is wrong — Sentence 2 introduces the main topic (agricultural challenges). C is wrong — Sentence 3 (smallholder farmers' vulnerability) supports Sentence 2 by identifying the most affected group. D is wrong — Sentence 4 (government support schemes) logically extends the passage with relevant policy responses.",s-eng-7-2-2,easy,ai-generated,false,C,Sentence 3,false,3
q-eng7.2-28,ENG7.2,mc,"Read the paragraph below and identify the sentence that DISRUPTS its logical flow. (1) Indian cuisine is celebrated worldwide for its diverse flavours, regional specialties, and extensive use of spices. (2) India's agricultural sector faces mounting challenges, including declining soil fertility, erratic monsoons, and groundwater depletion. (3) Smallholder farmers, who constitute the majority of India's farming community, are particularly vulnerable to these climate-related disruptions. (4) Government initiatives such as soil health cards and crop insurance schemes aim to support farmers in navigating these challenges.","A is correct — Sentence 1 (Indian cuisine, flavours, and spices) introduces a food culture topic that is entirely unrelated to the passage's focus on India's agricultural challenges; it connects only through the word 'India' and disrupts the agricultural argument before it begins. B is wrong — Sentence 2 introduces the main topic (agricultural challenges). C is wrong — Sentence 3 (smallholder farmers' vulnerability) supports Sentence 2 by identifying the most affected group. D is wrong — Sentence 4 (government support schemes) logically extends the passage with relevant policy responses.",s-eng-7-2-2,easy,ai-generated,false,D,Sentence 4,false,4
q-eng7.2-29,ENG7.2,mc,"Read the paragraph below and identify the sentence that DISRUPTS its logical flow. (1) Reading from an early age builds language skills, expands vocabulary, and fosters imagination in children. (2) Children who are read to regularly before the age of five demonstrate stronger literacy skills and school readiness. (3) Exposure to diverse books also develops empathy by allowing children to experience the world through different characters. (4) Publishers, however, have faced declining print book sales as e-books and audiobooks gain market share.","D is correct — Sentence 4 (declining print sales for publishers) introduces a publishing industry concern that is irrelevant to the argument about reading benefits for children; 'however' creates a false contrast since publishers' business performance does not logically contradict the value of children reading. A is wrong — Sentence 1 establishes the core benefits of early reading. B is wrong — Sentence 2 (children read to before age five) provides research evidence for Sentence 1. C is wrong — Sentence 3 (diverse books and empathy) extends the cognitive and emotional development theme.",s-eng-7-2-2,medium,ai-generated,false,A,Sentence 1,false,1
q-eng7.2-29,ENG7.2,mc,"Read the paragraph below and identify the sentence that DISRUPTS its logical flow. (1) Reading from an early age builds language skills, expands vocabulary, and fosters imagination in children. (2) Children who are read to regularly before the age of five demonstrate stronger literacy skills and school readiness. (3) Exposure to diverse books also develops empathy by allowing children to experience the world through different characters. (4) Publishers, however, have faced declining print book sales as e-books and audiobooks gain market share.","D is correct — Sentence 4 (declining print sales for publishers) introduces a publishing industry concern that is irrelevant to the argument about reading benefits for children; 'however' creates a false contrast since publishers' business performance does not logically contradict the value of children reading. A is wrong — Sentence 1 establishes the core benefits of early reading. B is wrong — Sentence 2 (children read to before age five) provides research evidence for Sentence 1. C is wrong — Sentence 3 (diverse books and empathy) extends the cognitive and emotional development theme.",s-eng-7-2-2,medium,ai-generated,false,B,Sentence 2,false,2
q-eng7.2-29,ENG7.2,mc,"Read the paragraph below and identify the sentence that DISRUPTS its logical flow. (1) Reading from an early age builds language skills, expands vocabulary, and fosters imagination in children. (2) Children who are read to regularly before the age of five demonstrate stronger literacy skills and school readiness. (3) Exposure to diverse books also develops empathy by allowing children to experience the world through different characters. (4) Publishers, however, have faced declining print book sales as e-books and audiobooks gain market share.","D is correct — Sentence 4 (declining print sales for publishers) introduces a publishing industry concern that is irrelevant to the argument about reading benefits for children; 'however' creates a false contrast since publishers' business performance does not logically contradict the value of children reading. A is wrong — Sentence 1 establishes the core benefits of early reading. B is wrong — Sentence 2 (children read to before age five) provides research evidence for Sentence 1. C is wrong — Sentence 3 (diverse books and empathy) extends the cognitive and emotional development theme.",s-eng-7-2-2,medium,ai-generated,false,C,Sentence 3,false,3
q-eng7.2-29,ENG7.2,mc,"Read the paragraph below and identify the sentence that DISRUPTS its logical flow. (1) Reading from an early age builds language skills, expands vocabulary, and fosters imagination in children. (2) Children who are read to regularly before the age of five demonstrate stronger literacy skills and school readiness. (3) Exposure to diverse books also develops empathy by allowing children to experience the world through different characters. (4) Publishers, however, have faced declining print book sales as e-books and audiobooks gain market share.","D is correct — Sentence 4 (declining print sales for publishers) introduces a publishing industry concern that is irrelevant to the argument about reading benefits for children; 'however' creates a false contrast since publishers' business performance does not logically contradict the value of children reading. A is wrong — Sentence 1 establishes the core benefits of early reading. B is wrong — Sentence 2 (children read to before age five) provides research evidence for Sentence 1. C is wrong — Sentence 3 (diverse books and empathy) extends the cognitive and emotional development theme.",s-eng-7-2-2,medium,ai-generated,false,D,Sentence 4,true,4
q-eng7.2-30,ENG7.2,mc,"Read the paragraph below and identify the sentence that DISRUPTS its logical flow. (1) Microplastics — tiny plastic particles smaller than 5 mm — have been detected in human blood, lungs, and breast milk. (2) The recycling rate for plastic waste in most developed countries remains below 30%, reflecting weak policy and limited consumer action. (3) These particles can carry toxic chemicals and inflammatory compounds that may disrupt hormonal and immune systems. (4) Scientists are urgently calling for comprehensive research into the long-term health effects of microplastic exposure.","B is correct — Sentence 2 (recycling rates and policy failure) shifts the passage from the health impact of microplastics to waste management statistics, disrupting the medical evidence chain (detection in the body → toxic effects → call for health research); recycling policy is a separate issue not addressed elsewhere in the paragraph. A is wrong — Sentence 1 establishes the health crisis by documenting where microplastics are found in the body. C is wrong — Sentence 3 (toxic chemicals and hormonal disruption) deepens the health mechanism, logically following Sentence 1. D is wrong — Sentence 4 (call for health research) is a logical conclusion following from Sentences 1 and 3.",s-eng-7-2-2,hard,ai-generated,false,A,Sentence 1,false,1
q-eng7.2-30,ENG7.2,mc,"Read the paragraph below and identify the sentence that DISRUPTS its logical flow. (1) Microplastics — tiny plastic particles smaller than 5 mm — have been detected in human blood, lungs, and breast milk. (2) The recycling rate for plastic waste in most developed countries remains below 30%, reflecting weak policy and limited consumer action. (3) These particles can carry toxic chemicals and inflammatory compounds that may disrupt hormonal and immune systems. (4) Scientists are urgently calling for comprehensive research into the long-term health effects of microplastic exposure.","B is correct — Sentence 2 (recycling rates and policy failure) shifts the passage from the health impact of microplastics to waste management statistics, disrupting the medical evidence chain (detection in the body → toxic effects → call for health research); recycling policy is a separate issue not addressed elsewhere in the paragraph. A is wrong — Sentence 1 establishes the health crisis by documenting where microplastics are found in the body. C is wrong — Sentence 3 (toxic chemicals and hormonal disruption) deepens the health mechanism, logically following Sentence 1. D is wrong — Sentence 4 (call for health research) is a logical conclusion following from Sentences 1 and 3.",s-eng-7-2-2,hard,ai-generated,false,B,Sentence 2,true,2
q-eng7.2-30,ENG7.2,mc,"Read the paragraph below and identify the sentence that DISRUPTS its logical flow. (1) Microplastics — tiny plastic particles smaller than 5 mm — have been detected in human blood, lungs, and breast milk. (2) The recycling rate for plastic waste in most developed countries remains below 30%, reflecting weak policy and limited consumer action. (3) These particles can carry toxic chemicals and inflammatory compounds that may disrupt hormonal and immune systems. (4) Scientists are urgently calling for comprehensive research into the long-term health effects of microplastic exposure.","B is correct — Sentence 2 (recycling rates and policy failure) shifts the passage from the health impact of microplastics to waste management statistics, disrupting the medical evidence chain (detection in the body → toxic effects → call for health research); recycling policy is a separate issue not addressed elsewhere in the paragraph. A is wrong — Sentence 1 establishes the health crisis by documenting where microplastics are found in the body. C is wrong — Sentence 3 (toxic chemicals and hormonal disruption) deepens the health mechanism, logically following Sentence 1. D is wrong — Sentence 4 (call for health research) is a logical conclusion following from Sentences 1 and 3.",s-eng-7-2-2,hard,ai-generated,false,C,Sentence 3,false,3
q-eng7.2-30,ENG7.2,mc,"Read the paragraph below and identify the sentence that DISRUPTS its logical flow. (1) Microplastics — tiny plastic particles smaller than 5 mm — have been detected in human blood, lungs, and breast milk. (2) The recycling rate for plastic waste in most developed countries remains below 30%, reflecting weak policy and limited consumer action. (3) These particles can carry toxic chemicals and inflammatory compounds that may disrupt hormonal and immune systems. (4) Scientists are urgently calling for comprehensive research into the long-term health effects of microplastic exposure.","B is correct — Sentence 2 (recycling rates and policy failure) shifts the passage from the health impact of microplastics to waste management statistics, disrupting the medical evidence chain (detection in the body → toxic effects → call for health research); recycling policy is a separate issue not addressed elsewhere in the paragraph. A is wrong — Sentence 1 establishes the health crisis by documenting where microplastics are found in the body. C is wrong — Sentence 3 (toxic chemicals and hormonal disruption) deepens the health mechanism, logically following Sentence 1. D is wrong — Sentence 4 (call for health research) is a logical conclusion following from Sentences 1 and 3.",s-eng-7-2-2,hard,ai-generated,false,D,Sentence 4,false,4
