question_ref,lo_code,question_type,question_text,explanation,subtopic_codes,difficulty,source,verified,option_key,option_text,answer_value,sort_order
q-eng7.1-01,ENG7.1,mc,"Which of the following is the most appropriate OPENING sentence for a paragraph about climate change? (A) These measures have been effective in reducing carbon emissions. (B) Climate change refers to long-term shifts in global temperatures and weather patterns. (C) However, more needs to be done to address the root causes of the problem. (D) Scientists have been warning about its devastating effects for decades.","B is the correct opening sentence — it introduces the topic ('climate change') with a clear definition, contains no back-reference, and sets up the paragraph's direction. A cannot open because 'these measures' refers back to something not yet mentioned. C cannot open because 'however' is a contrast marker requiring a prior statement to contrast with. D cannot open because 'its' is a pronoun with no antecedent in the paragraph.",k-eng-7-1-1,easy,ai-generated,false,A,"These measures have been effective in reducing carbon emissions.",false,1
q-eng7.1-01,ENG7.1,mc,"Which of the following is the most appropriate OPENING sentence for a paragraph about climate change? (A) These measures have been effective in reducing carbon emissions. (B) Climate change refers to long-term shifts in global temperatures and weather patterns. (C) However, more needs to be done to address the root causes of the problem. (D) Scientists have been warning about its devastating effects for decades.","B is the correct opening sentence — it introduces the topic ('climate change') with a clear definition, contains no back-reference, and sets up the paragraph's direction. A cannot open because 'these measures' refers back to something not yet mentioned. C cannot open because 'however' is a contrast marker requiring a prior statement to contrast with. D cannot open because 'its' is a pronoun with no antecedent in the paragraph.",k-eng-7-1-1,easy,ai-generated,false,B,"Climate change refers to long-term shifts in global temperatures and weather patterns.",true,2
q-eng7.1-01,ENG7.1,mc,"Which of the following is the most appropriate OPENING sentence for a paragraph about climate change? (A) These measures have been effective in reducing carbon emissions. (B) Climate change refers to long-term shifts in global temperatures and weather patterns. (C) However, more needs to be done to address the root causes of the problem. (D) Scientists have been warning about its devastating effects for decades.","B is the correct opening sentence — it introduces the topic ('climate change') with a clear definition, contains no back-reference, and sets up the paragraph's direction. A cannot open because 'these measures' refers back to something not yet mentioned. C cannot open because 'however' is a contrast marker requiring a prior statement to contrast with. D cannot open because 'its' is a pronoun with no antecedent in the paragraph.",k-eng-7-1-1,easy,ai-generated,false,C,"However, more needs to be done to address the root causes of the problem.",false,3
q-eng7.1-01,ENG7.1,mc,"Which of the following is the most appropriate OPENING sentence for a paragraph about climate change? (A) These measures have been effective in reducing carbon emissions. (B) Climate change refers to long-term shifts in global temperatures and weather patterns. (C) However, more needs to be done to address the root causes of the problem. (D) Scientists have been warning about its devastating effects for decades.","B is the correct opening sentence — it introduces the topic ('climate change') with a clear definition, contains no back-reference, and sets up the paragraph's direction. A cannot open because 'these measures' refers back to something not yet mentioned. C cannot open because 'however' is a contrast marker requiring a prior statement to contrast with. D cannot open because 'its' is a pronoun with no antecedent in the paragraph.",k-eng-7-1-1,easy,ai-generated,false,D,"Scientists have been warning about its devastating effects for decades.",false,4
q-eng7.1-02,ENG7.1,mc,"Which of the following is the most appropriate CLOSING sentence for a paragraph about online education? (A) Online education has transformed how students access knowledge worldwide. (B) Many platforms now offer courses ranging from coding to creative writing. (C) Access to reliable internet remains a challenge for students in remote areas. (D) In conclusion, online education holds immense promise but must be made more universally accessible to realise its full potential.","D is the correct closing sentence — it contains the explicit conclusion marker 'in conclusion' and synthesises the paragraph's ideas (promise + access gap) into a final verdict. A is an opening sentence — it introduces the topic broadly with no back-reference or conclusion signal. B gives a supporting example, which belongs in the body of the paragraph. C introduces a problem that would require further development, making it a body sentence rather than a closer.",k-eng-7-1-1,easy,ai-generated,false,A,"Online education has transformed how students access knowledge worldwide.",false,1
q-eng7.1-02,ENG7.1,mc,"Which of the following is the most appropriate CLOSING sentence for a paragraph about online education? (A) Online education has transformed how students access knowledge worldwide. (B) Many platforms now offer courses ranging from coding to creative writing. (C) Access to reliable internet remains a challenge for students in remote areas. (D) In conclusion, online education holds immense promise but must be made more universally accessible to realise its full potential.","D is the correct closing sentence — it contains the explicit conclusion marker 'in conclusion' and synthesises the paragraph's ideas (promise + access gap) into a final verdict. A is an opening sentence — it introduces the topic broadly with no back-reference or conclusion signal. B gives a supporting example, which belongs in the body of the paragraph. C introduces a problem that would require further development, making it a body sentence rather than a closer.",k-eng-7-1-1,easy,ai-generated,false,B,"Many platforms now offer courses ranging from coding to creative writing.",false,2
q-eng7.1-02,ENG7.1,mc,"Which of the following is the most appropriate CLOSING sentence for a paragraph about online education? (A) Online education has transformed how students access knowledge worldwide. (B) Many platforms now offer courses ranging from coding to creative writing. (C) Access to reliable internet remains a challenge for students in remote areas. (D) In conclusion, online education holds immense promise but must be made more universally accessible to realise its full potential.","D is the correct closing sentence — it contains the explicit conclusion marker 'in conclusion' and synthesises the paragraph's ideas (promise + access gap) into a final verdict. A is an opening sentence — it introduces the topic broadly with no back-reference or conclusion signal. B gives a supporting example, which belongs in the body of the paragraph. C introduces a problem that would require further development, making it a body sentence rather than a closer.",k-eng-7-1-1,easy,ai-generated,false,C,"Access to reliable internet remains a challenge for students in remote areas.",false,3
q-eng7.1-02,ENG7.1,mc,"Which of the following is the most appropriate CLOSING sentence for a paragraph about online education? (A) Online education has transformed how students access knowledge worldwide. (B) Many platforms now offer courses ranging from coding to creative writing. (C) Access to reliable internet remains a challenge for students in remote areas. (D) In conclusion, online education holds immense promise but must be made more universally accessible to realise its full potential.","D is the correct closing sentence — it contains the explicit conclusion marker 'in conclusion' and synthesises the paragraph's ideas (promise + access gap) into a final verdict. A is an opening sentence — it introduces the topic broadly with no back-reference or conclusion signal. B gives a supporting example, which belongs in the body of the paragraph. C introduces a problem that would require further development, making it a body sentence rather than a closer.",k-eng-7-1-1,easy,ai-generated,false,D,"In conclusion, online education holds immense promise but must be made more universally accessible to realise its full potential.",true,4
q-eng7.1-03,ENG7.1,mc,"Sentences P, Q, R, S form a paragraph about Indian cuisine. Which is the OPENING sentence? P: It offers a rich blend of spices, textures, and regional diversity. Q: Indian cuisine is one of the most varied and celebrated culinary traditions in the world. R: Each state has its own distinctive dishes that reflect its unique history and culture. S: These factors together make Indian food a favourite across the globe.","Q is the correct opening sentence — it introduces the subject ('Indian cuisine') in a general, topic-establishing way with no prior reference required. P cannot open because 'it' is a pronoun requiring an antecedent. R cannot open because 'each state' implies the reader already knows the subject being discussed. S cannot open because 'these factors' is a summarising back-reference that assumes the factors have already been listed.",k-eng-7-1-1,medium,ai-generated,false,A,P,false,1
q-eng7.1-03,ENG7.1,mc,"Sentences P, Q, R, S form a paragraph about Indian cuisine. Which is the OPENING sentence? P: It offers a rich blend of spices, textures, and regional diversity. Q: Indian cuisine is one of the most varied and celebrated culinary traditions in the world. R: Each state has its own distinctive dishes that reflect its unique history and culture. S: These factors together make Indian food a favourite across the globe.","Q is the correct opening sentence — it introduces the subject ('Indian cuisine') in a general, topic-establishing way with no prior reference required. P cannot open because 'it' is a pronoun requiring an antecedent. R cannot open because 'each state' implies the reader already knows the subject being discussed. S cannot open because 'these factors' is a summarising back-reference that assumes the factors have already been listed.",k-eng-7-1-1,medium,ai-generated,false,B,Q,true,2
q-eng7.1-03,ENG7.1,mc,"Sentences P, Q, R, S form a paragraph about Indian cuisine. Which is the OPENING sentence? P: It offers a rich blend of spices, textures, and regional diversity. Q: Indian cuisine is one of the most varied and celebrated culinary traditions in the world. R: Each state has its own distinctive dishes that reflect its unique history and culture. S: These factors together make Indian food a favourite across the globe.","Q is the correct opening sentence — it introduces the subject ('Indian cuisine') in a general, topic-establishing way with no prior reference required. P cannot open because 'it' is a pronoun requiring an antecedent. R cannot open because 'each state' implies the reader already knows the subject being discussed. S cannot open because 'these factors' is a summarising back-reference that assumes the factors have already been listed.",k-eng-7-1-1,medium,ai-generated,false,C,R,false,3
q-eng7.1-03,ENG7.1,mc,"Sentences P, Q, R, S form a paragraph about Indian cuisine. Which is the OPENING sentence? P: It offers a rich blend of spices, textures, and regional diversity. Q: Indian cuisine is one of the most varied and celebrated culinary traditions in the world. R: Each state has its own distinctive dishes that reflect its unique history and culture. S: These factors together make Indian food a favourite across the globe.","Q is the correct opening sentence — it introduces the subject ('Indian cuisine') in a general, topic-establishing way with no prior reference required. P cannot open because 'it' is a pronoun requiring an antecedent. R cannot open because 'each state' implies the reader already knows the subject being discussed. S cannot open because 'these factors' is a summarising back-reference that assumes the factors have already been listed.",k-eng-7-1-1,medium,ai-generated,false,D,S,false,4
q-eng7.1-04,ENG7.1,mc,"Sentences P, Q, R, S form a paragraph about exercise and mental health. Which is the CLOSING sentence? P: Regular physical exercise has been linked to significantly improved mental health outcomes. Q: Activities such as yoga, running, and swimming can reduce anxiety and depression. R: Even a 30-minute walk each day can make a measurable difference to one's mood. S: Given these well-documented benefits, incorporating exercise into daily life is clearly a worthwhile investment in long-term wellbeing.","S is the correct closing sentence — it begins with 'given these well-documented benefits', a summarising back-reference that draws on all the preceding points, and ends with a forward-looking conclusion; this is a classic closing structure. P is the opening sentence — it introduces the topic broadly. Q and R provide supporting body sentences with specific examples and details that still require the conclusion to follow.",k-eng-7-1-1,medium,ai-generated,false,A,P,false,1
q-eng7.1-04,ENG7.1,mc,"Sentences P, Q, R, S form a paragraph about exercise and mental health. Which is the CLOSING sentence? P: Regular physical exercise has been linked to significantly improved mental health outcomes. Q: Activities such as yoga, running, and swimming can reduce anxiety and depression. R: Even a 30-minute walk each day can make a measurable difference to one's mood. S: Given these well-documented benefits, incorporating exercise into daily life is clearly a worthwhile investment in long-term wellbeing.","S is the correct closing sentence — it begins with 'given these well-documented benefits', a summarising back-reference that draws on all the preceding points, and ends with a forward-looking conclusion; this is a classic closing structure. P is the opening sentence — it introduces the topic broadly. Q and R provide supporting body sentences with specific examples and details that still require the conclusion to follow.",k-eng-7-1-1,medium,ai-generated,false,B,Q,false,2
q-eng7.1-04,ENG7.1,mc,"Sentences P, Q, R, S form a paragraph about exercise and mental health. Which is the CLOSING sentence? P: Regular physical exercise has been linked to significantly improved mental health outcomes. Q: Activities such as yoga, running, and swimming can reduce anxiety and depression. R: Even a 30-minute walk each day can make a measurable difference to one's mood. S: Given these well-documented benefits, incorporating exercise into daily life is clearly a worthwhile investment in long-term wellbeing.","S is the correct closing sentence — it begins with 'given these well-documented benefits', a summarising back-reference that draws on all the preceding points, and ends with a forward-looking conclusion; this is a classic closing structure. P is the opening sentence — it introduces the topic broadly. Q and R provide supporting body sentences with specific examples and details that still require the conclusion to follow.",k-eng-7-1-1,medium,ai-generated,false,C,R,false,3
q-eng7.1-04,ENG7.1,mc,"Sentences P, Q, R, S form a paragraph about exercise and mental health. Which is the CLOSING sentence? P: Regular physical exercise has been linked to significantly improved mental health outcomes. Q: Activities such as yoga, running, and swimming can reduce anxiety and depression. R: Even a 30-minute walk each day can make a measurable difference to one's mood. S: Given these well-documented benefits, incorporating exercise into daily life is clearly a worthwhile investment in long-term wellbeing.","S is the correct closing sentence — it begins with 'given these well-documented benefits', a summarising back-reference that draws on all the preceding points, and ends with a forward-looking conclusion; this is a classic closing structure. P is the opening sentence — it introduces the topic broadly. Q and R provide supporting body sentences with specific examples and details that still require the conclusion to follow.",k-eng-7-1-1,medium,ai-generated,false,D,S,true,4
q-eng7.1-05,ENG7.1,mc,"Sentences P, Q, R, S form a paragraph about open-cast mining. Which is the OPENING sentence? P: This system has been criticised for its significant environmental impact. Q: Proponents argue that it generates employment and stimulates the local economy. R: Nevertheless, the debate continues vigorously among economists and environmentalists alike. S: The practice of open-cast mining is a subject of ongoing controversy in many countries.","S is the correct opening sentence — it introduces the topic ('open-cast mining') and its central issue ('ongoing controversy') without any prior reference. P cannot open because 'this system' assumes the reader already knows what system is being discussed. Q cannot open because it begins with a body argument ('proponents argue'), which requires the topic to have been established first. R cannot open because 'nevertheless' is a contrast marker that requires a prior statement.",k-eng-7-1-1,medium,ai-generated,false,A,P,false,1
q-eng7.1-05,ENG7.1,mc,"Sentences P, Q, R, S form a paragraph about open-cast mining. Which is the OPENING sentence? P: This system has been criticised for its significant environmental impact. Q: Proponents argue that it generates employment and stimulates the local economy. R: Nevertheless, the debate continues vigorously among economists and environmentalists alike. S: The practice of open-cast mining is a subject of ongoing controversy in many countries.","S is the correct opening sentence — it introduces the topic ('open-cast mining') and its central issue ('ongoing controversy') without any prior reference. P cannot open because 'this system' assumes the reader already knows what system is being discussed. Q cannot open because it begins with a body argument ('proponents argue'), which requires the topic to have been established first. R cannot open because 'nevertheless' is a contrast marker that requires a prior statement.",k-eng-7-1-1,medium,ai-generated,false,B,Q,false,2
q-eng7.1-05,ENG7.1,mc,"Sentences P, Q, R, S form a paragraph about open-cast mining. Which is the OPENING sentence? P: This system has been criticised for its significant environmental impact. Q: Proponents argue that it generates employment and stimulates the local economy. R: Nevertheless, the debate continues vigorously among economists and environmentalists alike. S: The practice of open-cast mining is a subject of ongoing controversy in many countries.","S is the correct opening sentence — it introduces the topic ('open-cast mining') and its central issue ('ongoing controversy') without any prior reference. P cannot open because 'this system' assumes the reader already knows what system is being discussed. Q cannot open because it begins with a body argument ('proponents argue'), which requires the topic to have been established first. R cannot open because 'nevertheless' is a contrast marker that requires a prior statement.",k-eng-7-1-1,medium,ai-generated,false,C,R,false,3
q-eng7.1-05,ENG7.1,mc,"Sentences P, Q, R, S form a paragraph about open-cast mining. Which is the OPENING sentence? P: This system has been criticised for its significant environmental impact. Q: Proponents argue that it generates employment and stimulates the local economy. R: Nevertheless, the debate continues vigorously among economists and environmentalists alike. S: The practice of open-cast mining is a subject of ongoing controversy in many countries.","S is the correct opening sentence — it introduces the topic ('open-cast mining') and its central issue ('ongoing controversy') without any prior reference. P cannot open because 'this system' assumes the reader already knows what system is being discussed. Q cannot open because it begins with a body argument ('proponents argue'), which requires the topic to have been established first. R cannot open because 'nevertheless' is a contrast marker that requires a prior statement.",k-eng-7-1-1,medium,ai-generated,false,D,S,true,4
q-eng7.1-06,ENG7.1,mc,"Sentences P, Q, R, S form a paragraph about Mahatma Gandhi. Which is the CLOSING sentence? P: Mahatma Gandhi was among the most influential leaders of the twentieth century. Q: His philosophy of non-violence, or ahimsa, inspired freedom movements across the world. R: From South Africa to India, Gandhi's methods proved that peaceful resistance could achieve lasting change. S: His enduring legacy reminds us that moral courage is among the most powerful forces for social transformation.","S is the correct closing sentence — 'his enduring legacy reminds us' is a present-tense reflection on the subject's lasting significance, which is a classic closing move that elevates a paragraph to a broader conclusion. P is the opening sentence — it introduces Gandhi with a broad evaluative statement. Q and R develop specific aspects (philosophy, global reach) and still require a conclusion to follow.",k-eng-7-1-1,medium,ai-generated,false,A,P,false,1
q-eng7.1-06,ENG7.1,mc,"Sentences P, Q, R, S form a paragraph about Mahatma Gandhi. Which is the CLOSING sentence? P: Mahatma Gandhi was among the most influential leaders of the twentieth century. Q: His philosophy of non-violence, or ahimsa, inspired freedom movements across the world. R: From South Africa to India, Gandhi's methods proved that peaceful resistance could achieve lasting change. S: His enduring legacy reminds us that moral courage is among the most powerful forces for social transformation.","S is the correct closing sentence — 'his enduring legacy reminds us' is a present-tense reflection on the subject's lasting significance, which is a classic closing move that elevates a paragraph to a broader conclusion. P is the opening sentence — it introduces Gandhi with a broad evaluative statement. Q and R develop specific aspects (philosophy, global reach) and still require a conclusion to follow.",k-eng-7-1-1,medium,ai-generated,false,B,Q,false,2
q-eng7.1-06,ENG7.1,mc,"Sentences P, Q, R, S form a paragraph about Mahatma Gandhi. Which is the CLOSING sentence? P: Mahatma Gandhi was among the most influential leaders of the twentieth century. Q: His philosophy of non-violence, or ahimsa, inspired freedom movements across the world. R: From South Africa to India, Gandhi's methods proved that peaceful resistance could achieve lasting change. S: His enduring legacy reminds us that moral courage is among the most powerful forces for social transformation.","S is the correct closing sentence — 'his enduring legacy reminds us' is a present-tense reflection on the subject's lasting significance, which is a classic closing move that elevates a paragraph to a broader conclusion. P is the opening sentence — it introduces Gandhi with a broad evaluative statement. Q and R develop specific aspects (philosophy, global reach) and still require a conclusion to follow.",k-eng-7-1-1,medium,ai-generated,false,C,R,false,3
q-eng7.1-06,ENG7.1,mc,"Sentences P, Q, R, S form a paragraph about Mahatma Gandhi. Which is the CLOSING sentence? P: Mahatma Gandhi was among the most influential leaders of the twentieth century. Q: His philosophy of non-violence, or ahimsa, inspired freedom movements across the world. R: From South Africa to India, Gandhi's methods proved that peaceful resistance could achieve lasting change. S: His enduring legacy reminds us that moral courage is among the most powerful forces for social transformation.","S is the correct closing sentence — 'his enduring legacy reminds us' is a present-tense reflection on the subject's lasting significance, which is a classic closing move that elevates a paragraph to a broader conclusion. P is the opening sentence — it introduces Gandhi with a broad evaluative statement. Q and R develop specific aspects (philosophy, global reach) and still require a conclusion to follow.",k-eng-7-1-1,medium,ai-generated,false,D,S,true,4
q-eng7.1-07,ENG7.1,mc,"Sentences P, Q, R, S form a paragraph about Artificial Intelligence. Which is the OPENING sentence? P: Artificial intelligence is rapidly transforming the way businesses and governments operate. Q: However, concerns about job displacement and data privacy have also grown significantly. R: Many companies have already integrated AI into their customer service and logistics systems. S: The benefits include faster processing, reduced human error, and more personalised services.","P is the correct opening sentence — it introduces the subject ('artificial intelligence') with a broad, general statement and no back-references; it frames the theme of the entire paragraph. Q cannot open because 'however' is a contrast marker requiring a prior assertion to contrast with. R cannot open because 'many companies have already' implies prior establishment of context. S cannot open because it begins listing benefits, which presupposes the topic and context have already been established.",k-eng-7-1-1,medium,ai-generated,false,A,P,true,1
q-eng7.1-07,ENG7.1,mc,"Sentences P, Q, R, S form a paragraph about Artificial Intelligence. Which is the OPENING sentence? P: Artificial intelligence is rapidly transforming the way businesses and governments operate. Q: However, concerns about job displacement and data privacy have also grown significantly. R: Many companies have already integrated AI into their customer service and logistics systems. S: The benefits include faster processing, reduced human error, and more personalised services.","P is the correct opening sentence — it introduces the subject ('artificial intelligence') with a broad, general statement and no back-references; it frames the theme of the entire paragraph. Q cannot open because 'however' is a contrast marker requiring a prior assertion to contrast with. R cannot open because 'many companies have already' implies prior establishment of context. S cannot open because it begins listing benefits, which presupposes the topic and context have already been established.",k-eng-7-1-1,medium,ai-generated,false,B,Q,false,2
q-eng7.1-07,ENG7.1,mc,"Sentences P, Q, R, S form a paragraph about Artificial Intelligence. Which is the OPENING sentence? P: Artificial intelligence is rapidly transforming the way businesses and governments operate. Q: However, concerns about job displacement and data privacy have also grown significantly. R: Many companies have already integrated AI into their customer service and logistics systems. S: The benefits include faster processing, reduced human error, and more personalised services.","P is the correct opening sentence — it introduces the subject ('artificial intelligence') with a broad, general statement and no back-references; it frames the theme of the entire paragraph. Q cannot open because 'however' is a contrast marker requiring a prior assertion to contrast with. R cannot open because 'many companies have already' implies prior establishment of context. S cannot open because it begins listing benefits, which presupposes the topic and context have already been established.",k-eng-7-1-1,medium,ai-generated,false,C,R,false,3
q-eng7.1-07,ENG7.1,mc,"Sentences P, Q, R, S form a paragraph about Artificial Intelligence. Which is the OPENING sentence? P: Artificial intelligence is rapidly transforming the way businesses and governments operate. Q: However, concerns about job displacement and data privacy have also grown significantly. R: Many companies have already integrated AI into their customer service and logistics systems. S: The benefits include faster processing, reduced human error, and more personalised services.","P is the correct opening sentence — it introduces the subject ('artificial intelligence') with a broad, general statement and no back-references; it frames the theme of the entire paragraph. Q cannot open because 'however' is a contrast marker requiring a prior assertion to contrast with. R cannot open because 'many companies have already' implies prior establishment of context. S cannot open because it begins listing benefits, which presupposes the topic and context have already been established.",k-eng-7-1-1,medium,ai-generated,false,D,S,false,4
q-eng7.1-08,ENG7.1,mc,"Sentences P, Q, R, S form a paragraph about water scarcity. Which is the CLOSING sentence? P: Water scarcity affects millions of people living in arid and semi-arid regions across the globe. Q: Traditional methods of conservation, such as rainwater harvesting, are gaining renewed attention. R: Governments and NGOs are collaborating on projects to ensure long-term water security. S: Unless urgent and coordinated action is taken, the crisis is likely to intensify dramatically in the decades ahead.","S is the correct closing sentence — 'unless urgent action is taken' introduces a conditional warning about the future, which is a forward-looking close that signals the paragraph has made its case and now issues a call to action. P is the opening sentence — it establishes the subject and its scale. Q and R are body sentences introducing specific measures that require the argument to be rounded off.",k-eng-7-1-1,hard,ai-generated,false,A,P,false,1
q-eng7.1-08,ENG7.1,mc,"Sentences P, Q, R, S form a paragraph about water scarcity. Which is the CLOSING sentence? P: Water scarcity affects millions of people living in arid and semi-arid regions across the globe. Q: Traditional methods of conservation, such as rainwater harvesting, are gaining renewed attention. R: Governments and NGOs are collaborating on projects to ensure long-term water security. S: Unless urgent and coordinated action is taken, the crisis is likely to intensify dramatically in the decades ahead.","S is the correct closing sentence — 'unless urgent action is taken' introduces a conditional warning about the future, which is a forward-looking close that signals the paragraph has made its case and now issues a call to action. P is the opening sentence — it establishes the subject and its scale. Q and R are body sentences introducing specific measures that require the argument to be rounded off.",k-eng-7-1-1,hard,ai-generated,false,B,Q,false,2
q-eng7.1-08,ENG7.1,mc,"Sentences P, Q, R, S form a paragraph about water scarcity. Which is the CLOSING sentence? P: Water scarcity affects millions of people living in arid and semi-arid regions across the globe. Q: Traditional methods of conservation, such as rainwater harvesting, are gaining renewed attention. R: Governments and NGOs are collaborating on projects to ensure long-term water security. S: Unless urgent and coordinated action is taken, the crisis is likely to intensify dramatically in the decades ahead.","S is the correct closing sentence — 'unless urgent action is taken' introduces a conditional warning about the future, which is a forward-looking close that signals the paragraph has made its case and now issues a call to action. P is the opening sentence — it establishes the subject and its scale. Q and R are body sentences introducing specific measures that require the argument to be rounded off.",k-eng-7-1-1,hard,ai-generated,false,C,R,false,3
q-eng7.1-08,ENG7.1,mc,"Sentences P, Q, R, S form a paragraph about water scarcity. Which is the CLOSING sentence? P: Water scarcity affects millions of people living in arid and semi-arid regions across the globe. Q: Traditional methods of conservation, such as rainwater harvesting, are gaining renewed attention. R: Governments and NGOs are collaborating on projects to ensure long-term water security. S: Unless urgent and coordinated action is taken, the crisis is likely to intensify dramatically in the decades ahead.","S is the correct closing sentence — 'unless urgent action is taken' introduces a conditional warning about the future, which is a forward-looking close that signals the paragraph has made its case and now issues a call to action. P is the opening sentence — it establishes the subject and its scale. Q and R are body sentences introducing specific measures that require the argument to be rounded off.",k-eng-7-1-1,hard,ai-generated,false,D,S,true,4
q-eng7.1-09,ENG7.1,mc,"Sentences P, Q, R, S form a paragraph about renewable energy in India. Which is the OPENING sentence? P: Such initiatives represent an important step in the right direction. Q: Several state governments in India have launched ambitious schemes to accelerate renewable energy adoption. R: These include subsidies for rooftop solar panels and financial incentives for electric vehicle manufacturers. S: However, the pace of implementation must be significantly accelerated to meet national climate targets.","Q is the correct opening sentence — it introduces the subject (state government schemes in India) with full context and no prior reference required. P cannot open because 'such initiatives' is a back-reference requiring prior mention. R cannot open because 'these include' refers back to a previously mentioned subject. S cannot open because 'however' implies a contrast with a prior positive statement.",k-eng-7-1-1,medium,ai-generated,false,A,P,false,1
q-eng7.1-09,ENG7.1,mc,"Sentences P, Q, R, S form a paragraph about renewable energy in India. Which is the OPENING sentence? P: Such initiatives represent an important step in the right direction. Q: Several state governments in India have launched ambitious schemes to accelerate renewable energy adoption. R: These include subsidies for rooftop solar panels and financial incentives for electric vehicle manufacturers. S: However, the pace of implementation must be significantly accelerated to meet national climate targets.","Q is the correct opening sentence — it introduces the subject (state government schemes in India) with full context and no prior reference required. P cannot open because 'such initiatives' is a back-reference requiring prior mention. R cannot open because 'these include' refers back to a previously mentioned subject. S cannot open because 'however' implies a contrast with a prior positive statement.",k-eng-7-1-1,medium,ai-generated,false,B,Q,true,2
q-eng7.1-09,ENG7.1,mc,"Sentences P, Q, R, S form a paragraph about renewable energy in India. Which is the OPENING sentence? P: Such initiatives represent an important step in the right direction. Q: Several state governments in India have launched ambitious schemes to accelerate renewable energy adoption. R: These include subsidies for rooftop solar panels and financial incentives for electric vehicle manufacturers. S: However, the pace of implementation must be significantly accelerated to meet national climate targets.","Q is the correct opening sentence — it introduces the subject (state government schemes in India) with full context and no prior reference required. P cannot open because 'such initiatives' is a back-reference requiring prior mention. R cannot open because 'these include' refers back to a previously mentioned subject. S cannot open because 'however' implies a contrast with a prior positive statement.",k-eng-7-1-1,medium,ai-generated,false,C,R,false,3
q-eng7.1-09,ENG7.1,mc,"Sentences P, Q, R, S form a paragraph about renewable energy in India. Which is the OPENING sentence? P: Such initiatives represent an important step in the right direction. Q: Several state governments in India have launched ambitious schemes to accelerate renewable energy adoption. R: These include subsidies for rooftop solar panels and financial incentives for electric vehicle manufacturers. S: However, the pace of implementation must be significantly accelerated to meet national climate targets.","Q is the correct opening sentence — it introduces the subject (state government schemes in India) with full context and no prior reference required. P cannot open because 'such initiatives' is a back-reference requiring prior mention. R cannot open because 'these include' refers back to a previously mentioned subject. S cannot open because 'however' implies a contrast with a prior positive statement.",k-eng-7-1-1,medium,ai-generated,false,D,S,false,4
q-eng7.1-10,ENG7.1,mc,"Sentences P, Q, R, S form a paragraph about the human brain. Which is the CLOSING sentence? P: The human brain is an extraordinarily complex organ that controls every aspect of human behaviour. Q: It contains approximately 86 billion neurons communicating through trillions of intricate connections. R: Scientists are still uncovering new insights into how memory, emotion, and decision-making are processed. S: As research advances, our understanding of the brain will continue to deepen, opening new frontiers in medicine and psychology.","S is the correct closing sentence — it uses a future-oriented projection ('will continue to deepen, opening new frontiers') that signals the paragraph has concluded its main points and now looks ahead; this forward-looking close is the hallmark of a well-structured paragraph ending. P is the opening sentence — it introduces the topic with a broad, evaluative statement. Q gives supporting detail (neuron count) and R acknowledges ongoing research; both are body sentences requiring a close.",k-eng-7-1-1,easy,ai-generated,false,A,P,false,1
q-eng7.1-10,ENG7.1,mc,"Sentences P, Q, R, S form a paragraph about the human brain. Which is the CLOSING sentence? P: The human brain is an extraordinarily complex organ that controls every aspect of human behaviour. Q: It contains approximately 86 billion neurons communicating through trillions of intricate connections. R: Scientists are still uncovering new insights into how memory, emotion, and decision-making are processed. S: As research advances, our understanding of the brain will continue to deepen, opening new frontiers in medicine and psychology.","S is the correct closing sentence — it uses a future-oriented projection ('will continue to deepen, opening new frontiers') that signals the paragraph has concluded its main points and now looks ahead; this forward-looking close is the hallmark of a well-structured paragraph ending. P is the opening sentence — it introduces the topic with a broad, evaluative statement. Q gives supporting detail (neuron count) and R acknowledges ongoing research; both are body sentences requiring a close.",k-eng-7-1-1,easy,ai-generated,false,B,Q,false,2
q-eng7.1-10,ENG7.1,mc,"Sentences P, Q, R, S form a paragraph about the human brain. Which is the CLOSING sentence? P: The human brain is an extraordinarily complex organ that controls every aspect of human behaviour. Q: It contains approximately 86 billion neurons communicating through trillions of intricate connections. R: Scientists are still uncovering new insights into how memory, emotion, and decision-making are processed. S: As research advances, our understanding of the brain will continue to deepen, opening new frontiers in medicine and psychology.","S is the correct closing sentence — it uses a future-oriented projection ('will continue to deepen, opening new frontiers') that signals the paragraph has concluded its main points and now looks ahead; this forward-looking close is the hallmark of a well-structured paragraph ending. P is the opening sentence — it introduces the topic with a broad, evaluative statement. Q gives supporting detail (neuron count) and R acknowledges ongoing research; both are body sentences requiring a close.",k-eng-7-1-1,easy,ai-generated,false,C,R,false,3
q-eng7.1-10,ENG7.1,mc,"Sentences P, Q, R, S form a paragraph about the human brain. Which is the CLOSING sentence? P: The human brain is an extraordinarily complex organ that controls every aspect of human behaviour. Q: It contains approximately 86 billion neurons communicating through trillions of intricate connections. R: Scientists are still uncovering new insights into how memory, emotion, and decision-making are processed. S: As research advances, our understanding of the brain will continue to deepen, opening new frontiers in medicine and psychology.","S is the correct closing sentence — it uses a future-oriented projection ('will continue to deepen, opening new frontiers') that signals the paragraph has concluded its main points and now looks ahead; this forward-looking close is the hallmark of a well-structured paragraph ending. P is the opening sentence — it introduces the topic with a broad, evaluative statement. Q gives supporting detail (neuron count) and R acknowledges ongoing research; both are body sentences requiring a close.",k-eng-7-1-1,easy,ai-generated,false,D,S,true,4
q-eng7.1-11,ENG7.1,mc,"Which of the following sentences must come IMMEDIATELY BEFORE this one: 'She was later awarded the Padma Bhushan for her lifelong contribution to Hindi literature'?","A is correct — 'Mahadevi Varma was one of the most prominent poets of the Chhayavadi movement' introduces a specific female person (Mahadevi Varma), providing the antecedent for the pronoun 'she' and 'her' in the next sentence. B cannot precede it because 'several awards are given annually' introduces no specific female person for 'she' to refer to. C cannot precede it because it already uses 'her', creating a circular pronoun with no antecedent. D cannot precede it because 'the award ceremony is held in New Delhi' introduces no person for 'she' to refer to.",k-eng-7-1-2,easy,ai-generated,false,A,"Mahadevi Varma was one of the most prominent poets of the Chhayavadi movement.",true,1
q-eng7.1-11,ENG7.1,mc,"Which of the following sentences must come IMMEDIATELY BEFORE this one: 'She was later awarded the Padma Bhushan for her lifelong contribution to Hindi literature'?","A is correct — 'Mahadevi Varma was one of the most prominent poets of the Chhayavadi movement' introduces a specific female person (Mahadevi Varma), providing the antecedent for the pronoun 'she' and 'her' in the next sentence. B cannot precede it because 'several awards are given annually' introduces no specific female person for 'she' to refer to. C cannot precede it because it already uses 'her', creating a circular pronoun with no antecedent. D cannot precede it because 'the award ceremony is held in New Delhi' introduces no person for 'she' to refer to.",k-eng-7-1-2,easy,ai-generated,false,B,"Several awards are given annually in recognition of literary excellence.",false,2
q-eng7.1-11,ENG7.1,mc,"Which of the following sentences must come IMMEDIATELY BEFORE this one: 'She was later awarded the Padma Bhushan for her lifelong contribution to Hindi literature'?","A is correct — 'Mahadevi Varma was one of the most prominent poets of the Chhayavadi movement' introduces a specific female person (Mahadevi Varma), providing the antecedent for the pronoun 'she' and 'her' in the next sentence. B cannot precede it because 'several awards are given annually' introduces no specific female person for 'she' to refer to. C cannot precede it because it already uses 'her', creating a circular pronoun with no antecedent. D cannot precede it because 'the award ceremony is held in New Delhi' introduces no person for 'she' to refer to.",k-eng-7-1-2,easy,ai-generated,false,C,"Her poems explored themes of love, pain, and spiritual longing.",false,3
q-eng7.1-11,ENG7.1,mc,"Which of the following sentences must come IMMEDIATELY BEFORE this one: 'She was later awarded the Padma Bhushan for her lifelong contribution to Hindi literature'?","A is correct — 'Mahadevi Varma was one of the most prominent poets of the Chhayavadi movement' introduces a specific female person (Mahadevi Varma), providing the antecedent for the pronoun 'she' and 'her' in the next sentence. B cannot precede it because 'several awards are given annually' introduces no specific female person for 'she' to refer to. C cannot precede it because it already uses 'her', creating a circular pronoun with no antecedent. D cannot precede it because 'the award ceremony is held in New Delhi' introduces no person for 'she' to refer to.",k-eng-7-1-2,easy,ai-generated,false,D,"The award ceremony is held every year in New Delhi.",false,4
q-eng7.1-12,ENG7.1,mc,"Read the two sentences: 'The ancient temple was built during the reign of the Chola dynasty. It is now a UNESCO World Heritage Site.' What does the pronoun 'it' in the second sentence refer to?","'The ancient temple' is the correct antecedent — 'it' is a singular pronoun that stands in for the noun introduced at the start of the previous sentence; the closest and most logical referent is 'the ancient temple'. 'The Chola dynasty' is a collective noun/period that cannot be replaced by 'it' in the context of being a UNESCO site. 'The UNESCO listing' has not yet been introduced in the preceding sentence, so it cannot be what 'it' refers back to. 'The period of construction' is an abstract notion inferred from context, not the grammatical subject of the preceding sentence.",k-eng-7-1-2,easy,ai-generated,false,A,The Chola dynasty,false,1
q-eng7.1-12,ENG7.1,mc,"Read the two sentences: 'The ancient temple was built during the reign of the Chola dynasty. It is now a UNESCO World Heritage Site.' What does the pronoun 'it' in the second sentence refer to?","'The ancient temple' is the correct antecedent — 'it' is a singular pronoun that stands in for the noun introduced at the start of the previous sentence; the closest and most logical referent is 'the ancient temple'. 'The Chola dynasty' is a collective noun/period that cannot be replaced by 'it' in the context of being a UNESCO site. 'The UNESCO listing' has not yet been introduced in the preceding sentence, so it cannot be what 'it' refers back to. 'The period of construction' is an abstract notion inferred from context, not the grammatical subject of the preceding sentence.",k-eng-7-1-2,easy,ai-generated,false,B,The ancient temple,true,2
q-eng7.1-12,ENG7.1,mc,"Read the two sentences: 'The ancient temple was built during the reign of the Chola dynasty. It is now a UNESCO World Heritage Site.' What does the pronoun 'it' in the second sentence refer to?","'The ancient temple' is the correct antecedent — 'it' is a singular pronoun that stands in for the noun introduced at the start of the previous sentence; the closest and most logical referent is 'the ancient temple'. 'The Chola dynasty' is a collective noun/period that cannot be replaced by 'it' in the context of being a UNESCO site. 'The UNESCO listing' has not yet been introduced in the preceding sentence, so it cannot be what 'it' refers back to. 'The period of construction' is an abstract notion inferred from context, not the grammatical subject of the preceding sentence.",k-eng-7-1-2,easy,ai-generated,false,C,The UNESCO listing,false,3
q-eng7.1-12,ENG7.1,mc,"Read the two sentences: 'The ancient temple was built during the reign of the Chola dynasty. It is now a UNESCO World Heritage Site.' What does the pronoun 'it' in the second sentence refer to?","'The ancient temple' is the correct antecedent — 'it' is a singular pronoun that stands in for the noun introduced at the start of the previous sentence; the closest and most logical referent is 'the ancient temple'. 'The Chola dynasty' is a collective noun/period that cannot be replaced by 'it' in the context of being a UNESCO site. 'The UNESCO listing' has not yet been introduced in the preceding sentence, so it cannot be what 'it' refers back to. 'The period of construction' is an abstract notion inferred from context, not the grammatical subject of the preceding sentence.",k-eng-7-1-2,easy,ai-generated,false,D,The period of construction,false,4
q-eng7.1-13,ENG7.1,mc,"Which sentence must come IMMEDIATELY AFTER this one: 'The scientists announced a major breakthrough in quantum computing'?","A is correct — 'They believe the technology could revolutionise data encryption within a decade' uses 'they', which directly links back to 'the scientists' just named, and 'the technology' links to 'quantum computing'; both pronoun links are immediate and clear. B has no pronoun linking it to 'the scientists' or their announcement. C introduces new parties ('several major universities') with no pronoun linking back. D uses a passive construction that introduces a new event without a pronoun link to the sentence before it.",k-eng-7-1-2,medium,ai-generated,false,A,"They believe the technology could revolutionise data encryption within a decade.",true,1
q-eng7.1-13,ENG7.1,mc,"Which sentence must come IMMEDIATELY AFTER this one: 'The scientists announced a major breakthrough in quantum computing'?","A is correct — 'They believe the technology could revolutionise data encryption within a decade' uses 'they', which directly links back to 'the scientists' just named, and 'the technology' links to 'quantum computing'; both pronoun links are immediate and clear. B has no pronoun linking it to 'the scientists' or their announcement. C introduces new parties ('several major universities') with no pronoun linking back. D uses a passive construction that introduces a new event without a pronoun link to the sentence before it.",k-eng-7-1-2,medium,ai-generated,false,B,"Research in this field has grown rapidly in recent years.",false,2
q-eng7.1-13,ENG7.1,mc,"Which sentence must come IMMEDIATELY AFTER this one: 'The scientists announced a major breakthrough in quantum computing'?","A is correct — 'They believe the technology could revolutionise data encryption within a decade' uses 'they', which directly links back to 'the scientists' just named, and 'the technology' links to 'quantum computing'; both pronoun links are immediate and clear. B has no pronoun linking it to 'the scientists' or their announcement. C introduces new parties ('several major universities') with no pronoun linking back. D uses a passive construction that introduces a new event without a pronoun link to the sentence before it.",k-eng-7-1-2,medium,ai-generated,false,C,"Several major universities are involved in similar research projects.",false,3
q-eng7.1-13,ENG7.1,mc,"Which sentence must come IMMEDIATELY AFTER this one: 'The scientists announced a major breakthrough in quantum computing'?","A is correct — 'They believe the technology could revolutionise data encryption within a decade' uses 'they', which directly links back to 'the scientists' just named, and 'the technology' links to 'quantum computing'; both pronoun links are immediate and clear. B has no pronoun linking it to 'the scientists' or their announcement. C introduces new parties ('several major universities') with no pronoun linking back. D uses a passive construction that introduces a new event without a pronoun link to the sentence before it.",k-eng-7-1-2,medium,ai-generated,false,D,"The quantum system was tested under extreme laboratory conditions.",false,4
q-eng7.1-14,ENG7.1,mc,"Which sentence must come IMMEDIATELY BEFORE this one: 'This collapse sent shockwaves through global financial markets'?","A is correct — 'the bank had been struggling with bad loans for several quarters before finally declaring bankruptcy' provides the event ('bankruptcy/collapse') to which 'this collapse' directly refers; the demonstrative 'this' requires an immediately preceding noun or event. B cannot precede it because it describes investor demands, introducing no specific collapse. C would logically follow the collapse (a government rescue), not precede it. D is a general statement about market volatility that introduces no specific collapse for 'this' to refer to.",k-eng-7-1-2,medium,ai-generated,false,A,"The bank had been struggling with bad loans for several quarters before finally declaring bankruptcy.",true,1
q-eng7.1-14,ENG7.1,mc,"Which sentence must come IMMEDIATELY BEFORE this one: 'This collapse sent shockwaves through global financial markets'?","A is correct — 'the bank had been struggling with bad loans for several quarters before finally declaring bankruptcy' provides the event ('bankruptcy/collapse') to which 'this collapse' directly refers; the demonstrative 'this' requires an immediately preceding noun or event. B cannot precede it because it describes investor demands, introducing no specific collapse. C would logically follow the collapse (a government rescue), not precede it. D is a general statement about market volatility that introduces no specific collapse for 'this' to refer to.",k-eng-7-1-2,medium,ai-generated,false,B,"Investors had long demanded greater transparency from financial institutions.",false,2
q-eng7.1-14,ENG7.1,mc,"Which sentence must come IMMEDIATELY BEFORE this one: 'This collapse sent shockwaves through global financial markets'?","A is correct — 'the bank had been struggling with bad loans for several quarters before finally declaring bankruptcy' provides the event ('bankruptcy/collapse') to which 'this collapse' directly refers; the demonstrative 'this' requires an immediately preceding noun or event. B cannot precede it because it describes investor demands, introducing no specific collapse. C would logically follow the collapse (a government rescue), not precede it. D is a general statement about market volatility that introduces no specific collapse for 'this' to refer to.",k-eng-7-1-2,medium,ai-generated,false,C,"The government announced a rescue package for depositors shortly thereafter.",false,3
q-eng7.1-14,ENG7.1,mc,"Which sentence must come IMMEDIATELY BEFORE this one: 'This collapse sent shockwaves through global financial markets'?","A is correct — 'the bank had been struggling with bad loans for several quarters before finally declaring bankruptcy' provides the event ('bankruptcy/collapse') to which 'this collapse' directly refers; the demonstrative 'this' requires an immediately preceding noun or event. B cannot precede it because it describes investor demands, introducing no specific collapse. C would logically follow the collapse (a government rescue), not precede it. D is a general statement about market volatility that introduces no specific collapse for 'this' to refer to.",k-eng-7-1-2,medium,ai-generated,false,D,"Financial markets are inherently volatile and subject to sudden disruptions.",false,4
q-eng7.1-15,ENG7.1,mc,"In the paragraph below, what does 'this' in sentence R refer to? P: The government launched the Swachh Bharat Mission in 2014. Q: The campaign aimed to eliminate open defecation and improve sanitation across rural India. R: This has resulted in the construction of over 100 million toilets. S: The mission continues to be one of the most ambitious public health programmes in the country's history.","'The Swachh Bharat Mission' is correct — sentence R's 'this' refers back to the entire initiative established in P and described in Q; the demonstrative pronoun 'this' in R stands for the Mission as a whole (the programme), not its aim or a single action. 'Open defecation' is mentioned as a problem to be eliminated, not as the cause of the construction. 'Sanitation improvement' is a stated goal (Q), not the programme itself. 'The government' is the agent that launched the Mission, but 'this' cannot grammatically substitute for a person or institution in this structure.",k-eng-7-1-2,medium,ai-generated,false,A,Open defecation,false,1
q-eng7.1-15,ENG7.1,mc,"In the paragraph below, what does 'this' in sentence R refer to? P: The government launched the Swachh Bharat Mission in 2014. Q: The campaign aimed to eliminate open defecation and improve sanitation across rural India. R: This has resulted in the construction of over 100 million toilets. S: The mission continues to be one of the most ambitious public health programmes in the country's history.","'The Swachh Bharat Mission' is correct — sentence R's 'this' refers back to the entire initiative established in P and described in Q; the demonstrative pronoun 'this' in R stands for the Mission as a whole (the programme), not its aim or a single action. 'Open defecation' is mentioned as a problem to be eliminated, not as the cause of the construction. 'Sanitation improvement' is a stated goal (Q), not the programme itself. 'The government' is the agent that launched the Mission, but 'this' cannot grammatically substitute for a person or institution in this structure.",k-eng-7-1-2,medium,ai-generated,false,B,The Swachh Bharat Mission,true,2
q-eng7.1-15,ENG7.1,mc,"In the paragraph below, what does 'this' in sentence R refer to? P: The government launched the Swachh Bharat Mission in 2014. Q: The campaign aimed to eliminate open defecation and improve sanitation across rural India. R: This has resulted in the construction of over 100 million toilets. S: The mission continues to be one of the most ambitious public health programmes in the country's history.","'The Swachh Bharat Mission' is correct — sentence R's 'this' refers back to the entire initiative established in P and described in Q; the demonstrative pronoun 'this' in R stands for the Mission as a whole (the programme), not its aim or a single action. 'Open defecation' is mentioned as a problem to be eliminated, not as the cause of the construction. 'Sanitation improvement' is a stated goal (Q), not the programme itself. 'The government' is the agent that launched the Mission, but 'this' cannot grammatically substitute for a person or institution in this structure.",k-eng-7-1-2,medium,ai-generated,false,C,Sanitation improvement,false,3
q-eng7.1-15,ENG7.1,mc,"In the paragraph below, what does 'this' in sentence R refer to? P: The government launched the Swachh Bharat Mission in 2014. Q: The campaign aimed to eliminate open defecation and improve sanitation across rural India. R: This has resulted in the construction of over 100 million toilets. S: The mission continues to be one of the most ambitious public health programmes in the country's history.","'The Swachh Bharat Mission' is correct — sentence R's 'this' refers back to the entire initiative established in P and described in Q; the demonstrative pronoun 'this' in R stands for the Mission as a whole (the programme), not its aim or a single action. 'Open defecation' is mentioned as a problem to be eliminated, not as the cause of the construction. 'Sanitation improvement' is a stated goal (Q), not the programme itself. 'The government' is the agent that launched the Mission, but 'this' cannot grammatically substitute for a person or institution in this structure.",k-eng-7-1-2,medium,ai-generated,false,D,The government,false,4
q-eng7.1-16,ENG7.1,mc,"Which sentence must come IMMEDIATELY AFTER 'Dr Aparna Mehta submitted her doctoral thesis on computational linguistics to the university last Friday'?","A is correct — 'She is expected to defend it before a panel of examiners next month' uses 'she' (referring to Dr Aparna Mehta) and 'it' (referring to the doctoral thesis), creating two simultaneous pronoun-antecedent links with the immediately preceding sentence. B introduces the university's linguistics department with no pronoun link to Dr Mehta or her thesis. C provides background on the academic field with no pronoun connecting back to the preceding sentence. D makes a general observation about doctoral research with no pronoun link.",k-eng-7-1-2,medium,ai-generated,false,A,"She is expected to defend it before a panel of examiners next month.",true,1
q-eng7.1-16,ENG7.1,mc,"Which sentence must come IMMEDIATELY AFTER 'Dr Aparna Mehta submitted her doctoral thesis on computational linguistics to the university last Friday'?","A is correct — 'She is expected to defend it before a panel of examiners next month' uses 'she' (referring to Dr Aparna Mehta) and 'it' (referring to the doctoral thesis), creating two simultaneous pronoun-antecedent links with the immediately preceding sentence. B introduces the university's linguistics department with no pronoun link to Dr Mehta or her thesis. C provides background on the academic field with no pronoun connecting back to the preceding sentence. D makes a general observation about doctoral research with no pronoun link.",k-eng-7-1-2,medium,ai-generated,false,B,"The university has one of the strongest linguistics departments in the country.",false,2
q-eng7.1-16,ENG7.1,mc,"Which sentence must come IMMEDIATELY AFTER 'Dr Aparna Mehta submitted her doctoral thesis on computational linguistics to the university last Friday'?","A is correct — 'She is expected to defend it before a panel of examiners next month' uses 'she' (referring to Dr Aparna Mehta) and 'it' (referring to the doctoral thesis), creating two simultaneous pronoun-antecedent links with the immediately preceding sentence. B introduces the university's linguistics department with no pronoun link to Dr Mehta or her thesis. C provides background on the academic field with no pronoun connecting back to the preceding sentence. D makes a general observation about doctoral research with no pronoun link.",k-eng-7-1-2,medium,ai-generated,false,C,"Computational linguistics combines methods from mathematics and language science.",false,3
q-eng7.1-16,ENG7.1,mc,"Which sentence must come IMMEDIATELY AFTER 'Dr Aparna Mehta submitted her doctoral thesis on computational linguistics to the university last Friday'?","A is correct — 'She is expected to defend it before a panel of examiners next month' uses 'she' (referring to Dr Aparna Mehta) and 'it' (referring to the doctoral thesis), creating two simultaneous pronoun-antecedent links with the immediately preceding sentence. B introduces the university's linguistics department with no pronoun link to Dr Mehta or her thesis. C provides background on the academic field with no pronoun connecting back to the preceding sentence. D makes a general observation about doctoral research with no pronoun link.",k-eng-7-1-2,medium,ai-generated,false,D,"Many students find doctoral research a challenging and lengthy process.",false,4
q-eng7.1-17,ENG7.1,mc,"Which pair of sentences has a CLEAR pronoun-antecedent link?","B is correct — 'The committee submitted its report. It recommended sweeping reforms to the education system.' uses 'it' clearly referring to 'the committee/report' (singular entity), making the pronoun-antecedent link unambiguous. A is incorrect because 'the river was flooded. They warned the residents' — 'they' has no stated antecedent (who warned?). C is incorrect because 'the protests began in the capital. It spread to other cities' — 'protests' is plural so the pronoun should be 'they', not 'it'. D is incorrect because 'the CEO resigned. They immediately appointed a replacement' — 'they' refers to an unstated group, making the antecedent unclear.",k-eng-7-1-2,hard,ai-generated,false,A,"The river was flooded. They warned the residents to evacuate immediately.",false,1
q-eng7.1-17,ENG7.1,mc,"Which pair of sentences has a CLEAR pronoun-antecedent link?","B is correct — 'The committee submitted its report. It recommended sweeping reforms to the education system.' uses 'it' clearly referring to 'the committee/report' (singular entity), making the pronoun-antecedent link unambiguous. A is incorrect because 'the river was flooded. They warned the residents' — 'they' has no stated antecedent (who warned?). C is incorrect because 'the protests began in the capital. It spread to other cities' — 'protests' is plural so the pronoun should be 'they', not 'it'. D is incorrect because 'the CEO resigned. They immediately appointed a replacement' — 'they' refers to an unstated group, making the antecedent unclear.",k-eng-7-1-2,hard,ai-generated,false,B,"The committee submitted its report. It recommended sweeping reforms to the education system.",true,2
q-eng7.1-17,ENG7.1,mc,"Which pair of sentences has a CLEAR pronoun-antecedent link?","B is correct — 'The committee submitted its report. It recommended sweeping reforms to the education system.' uses 'it' clearly referring to 'the committee/report' (singular entity), making the pronoun-antecedent link unambiguous. A is incorrect because 'the river was flooded. They warned the residents' — 'they' has no stated antecedent (who warned?). C is incorrect because 'the protests began in the capital. It spread to other cities' — 'protests' is plural so the pronoun should be 'they', not 'it'. D is incorrect because 'the CEO resigned. They immediately appointed a replacement' — 'they' refers to an unstated group, making the antecedent unclear.",k-eng-7-1-2,hard,ai-generated,false,C,"The protests began in the capital. It spread rapidly to other cities.",false,3
q-eng7.1-17,ENG7.1,mc,"Which pair of sentences has a CLEAR pronoun-antecedent link?","B is correct — 'The committee submitted its report. It recommended sweeping reforms to the education system.' uses 'it' clearly referring to 'the committee/report' (singular entity), making the pronoun-antecedent link unambiguous. A is incorrect because 'the river was flooded. They warned the residents' — 'they' has no stated antecedent (who warned?). C is incorrect because 'the protests began in the capital. It spread to other cities' — 'protests' is plural so the pronoun should be 'they', not 'it'. D is incorrect because 'the CEO resigned. They immediately appointed a replacement' — 'they' refers to an unstated group, making the antecedent unclear.",k-eng-7-1-2,hard,ai-generated,false,D,"The CEO resigned unexpectedly. They immediately appointed a replacement.",false,4
q-eng7.1-18,ENG7.1,mc,"Sentence S reads: 'Their efforts were eventually recognised when the project won an international award.' To determine which sentence comes IMMEDIATELY BEFORE S, what kind of noun must the preceding sentence introduce?","'A team of individuals working on the project' is the correct answer — 'their' is a plural pronoun that must refer back to a group of people engaged in the project; the preceding sentence must introduce such a group to give 'their' a clear antecedent. 'An award ceremony in an unrelated field' would not provide an antecedent for 'their' or 'the project'. 'A single person's achievement' would require the singular pronoun 'his/her', not the plural 'their'. 'A government policy announcement' introduces no group working on a project, so 'their' would have no referent.",k-eng-7-1-2,medium,ai-generated,false,A,An award ceremony in an unrelated field,false,1
q-eng7.1-18,ENG7.1,mc,"Sentence S reads: 'Their efforts were eventually recognised when the project won an international award.' To determine which sentence comes IMMEDIATELY BEFORE S, what kind of noun must the preceding sentence introduce?","'A team of individuals working on the project' is the correct answer — 'their' is a plural pronoun that must refer back to a group of people engaged in the project; the preceding sentence must introduce such a group to give 'their' a clear antecedent. 'An award ceremony in an unrelated field' would not provide an antecedent for 'their' or 'the project'. 'A single person's achievement' would require the singular pronoun 'his/her', not the plural 'their'. 'A government policy announcement' introduces no group working on a project, so 'their' would have no referent.",k-eng-7-1-2,medium,ai-generated,false,B,A team of individuals working on the project,true,2
q-eng7.1-18,ENG7.1,mc,"Sentence S reads: 'Their efforts were eventually recognised when the project won an international award.' To determine which sentence comes IMMEDIATELY BEFORE S, what kind of noun must the preceding sentence introduce?","'A team of individuals working on the project' is the correct answer — 'their' is a plural pronoun that must refer back to a group of people engaged in the project; the preceding sentence must introduce such a group to give 'their' a clear antecedent. 'An award ceremony in an unrelated field' would not provide an antecedent for 'their' or 'the project'. 'A single person's achievement' would require the singular pronoun 'his/her', not the plural 'their'. 'A government policy announcement' introduces no group working on a project, so 'their' would have no referent.",k-eng-7-1-2,medium,ai-generated,false,C,A single person's individual achievement,false,3
q-eng7.1-18,ENG7.1,mc,"Sentence S reads: 'Their efforts were eventually recognised when the project won an international award.' To determine which sentence comes IMMEDIATELY BEFORE S, what kind of noun must the preceding sentence introduce?","'A team of individuals working on the project' is the correct answer — 'their' is a plural pronoun that must refer back to a group of people engaged in the project; the preceding sentence must introduce such a group to give 'their' a clear antecedent. 'An award ceremony in an unrelated field' would not provide an antecedent for 'their' or 'the project'. 'A single person's achievement' would require the singular pronoun 'his/her', not the plural 'their'. 'A government policy announcement' introduces no group working on a project, so 'their' would have no referent.",k-eng-7-1-2,medium,ai-generated,false,D,A government policy announcement,false,4
q-eng7.1-19,ENG7.1,mc,"Four sentences form a paragraph: P: A young woman named Priya started a social enterprise to support underprivileged children. Q: Within two years, she had set up fifteen learning centres across three districts. R: The centres provided free education, meals, and counselling to over 5,000 students. S: Her initiative attracted international media attention and several prestigious awards. Which sentence must come IMMEDIATELY AFTER P?","Q is the correct answer — 'she' in Q directly links to 'Priya' just introduced in P, and 'within two years' naturally follows the founding event described in P; both the pronoun link and the timeline make Q the mandatory next sentence. R cannot follow P immediately because 'the centres' presupposes the centres have already been established and described, which has not yet happened. S cannot follow P immediately because 'her initiative' assumes the scope and success of the enterprise are already known to the reader. The pronoun and timeline clues make Q the only valid choice.",k-eng-7-1-2,hard,ai-generated,false,A,Q,true,1
q-eng7.1-19,ENG7.1,mc,"Four sentences form a paragraph: P: A young woman named Priya started a social enterprise to support underprivileged children. Q: Within two years, she had set up fifteen learning centres across three districts. R: The centres provided free education, meals, and counselling to over 5,000 students. S: Her initiative attracted international media attention and several prestigious awards. Which sentence must come IMMEDIATELY AFTER P?","Q is the correct answer — 'she' in Q directly links to 'Priya' just introduced in P, and 'within two years' naturally follows the founding event described in P; both the pronoun link and the timeline make Q the mandatory next sentence. R cannot follow P immediately because 'the centres' presupposes the centres have already been established and described, which has not yet happened. S cannot follow P immediately because 'her initiative' assumes the scope and success of the enterprise are already known to the reader. The pronoun and timeline clues make Q the only valid choice.",k-eng-7-1-2,hard,ai-generated,false,B,R,false,2
q-eng7.1-19,ENG7.1,mc,"Four sentences form a paragraph: P: A young woman named Priya started a social enterprise to support underprivileged children. Q: Within two years, she had set up fifteen learning centres across three districts. R: The centres provided free education, meals, and counselling to over 5,000 students. S: Her initiative attracted international media attention and several prestigious awards. Which sentence must come IMMEDIATELY AFTER P?","Q is the correct answer — 'she' in Q directly links to 'Priya' just introduced in P, and 'within two years' naturally follows the founding event described in P; both the pronoun link and the timeline make Q the mandatory next sentence. R cannot follow P immediately because 'the centres' presupposes the centres have already been established and described, which has not yet happened. S cannot follow P immediately because 'her initiative' assumes the scope and success of the enterprise are already known to the reader. The pronoun and timeline clues make Q the only valid choice.",k-eng-7-1-2,hard,ai-generated,false,C,S,false,3
q-eng7.1-19,ENG7.1,mc,"Four sentences form a paragraph: P: A young woman named Priya started a social enterprise to support underprivileged children. Q: Within two years, she had set up fifteen learning centres across three districts. R: The centres provided free education, meals, and counselling to over 5,000 students. S: Her initiative attracted international media attention and several prestigious awards. Which sentence must come IMMEDIATELY AFTER P?","Q is the correct answer — 'she' in Q directly links to 'Priya' just introduced in P, and 'within two years' naturally follows the founding event described in P; both the pronoun link and the timeline make Q the mandatory next sentence. R cannot follow P immediately because 'the centres' presupposes the centres have already been established and described, which has not yet happened. S cannot follow P immediately because 'her initiative' assumes the scope and success of the enterprise are already known to the reader. The pronoun and timeline clues make Q the only valid choice.",k-eng-7-1-2,hard,ai-generated,false,D,Any of Q R or S can follow P,false,4
q-eng7.1-20,ENG7.1,mc,"Which of the following sentences contains a PRONOUN REFERENCE ERROR (the pronoun has no clear antecedent)?","C is correct — 'The manager told the employee that he needed to improve his performance' is ambiguous: 'he' and 'his' could refer to either the manager or the employee; the antecedent is not clear from the sentence alone. A is correct English because 'it' clearly refers to 'the report' (singular, just introduced). B is correct because 'they' clearly refers to 'the students' (plural, introduced in the same sentence). D is correct because 'she' clearly refers to 'Maria' (the only female subject introduced).",k-eng-7-1-2,hard,ai-generated,false,A,"The report was published yesterday. It contained several surprising findings.",false,1
q-eng7.1-20,ENG7.1,mc,"Which of the following sentences contains a PRONOUN REFERENCE ERROR (the pronoun has no clear antecedent)?","C is correct — 'The manager told the employee that he needed to improve his performance' is ambiguous: 'he' and 'his' could refer to either the manager or the employee; the antecedent is not clear from the sentence alone. A is correct English because 'it' clearly refers to 'the report' (singular, just introduced). B is correct because 'they' clearly refers to 'the students' (plural, introduced in the same sentence). D is correct because 'she' clearly refers to 'Maria' (the only female subject introduced).",k-eng-7-1-2,hard,ai-generated,false,B,"The students submitted their assignments on time, and they were praised by the teacher.",false,2
q-eng7.1-20,ENG7.1,mc,"Which of the following sentences contains a PRONOUN REFERENCE ERROR (the pronoun has no clear antecedent)?","C is correct — 'The manager told the employee that he needed to improve his performance' is ambiguous: 'he' and 'his' could refer to either the manager or the employee; the antecedent is not clear from the sentence alone. A is correct English because 'it' clearly refers to 'the report' (singular, just introduced). B is correct because 'they' clearly refers to 'the students' (plural, introduced in the same sentence). D is correct because 'she' clearly refers to 'Maria' (the only female subject introduced).",k-eng-7-1-2,hard,ai-generated,false,C,"The manager told the employee that he needed to improve his performance.",true,3
q-eng7.1-20,ENG7.1,mc,"Which of the following sentences contains a PRONOUN REFERENCE ERROR (the pronoun has no clear antecedent)?","C is correct — 'The manager told the employee that he needed to improve his performance' is ambiguous: 'he' and 'his' could refer to either the manager or the employee; the antecedent is not clear from the sentence alone. A is correct English because 'it' clearly refers to 'the report' (singular, just introduced). B is correct because 'they' clearly refers to 'the students' (plural, introduced in the same sentence). D is correct because 'she' clearly refers to 'Maria' (the only female subject introduced).",k-eng-7-1-2,hard,ai-generated,false,D,"Maria completed the project on time, and she received a bonus for her effort.",false,4
q-eng7.1-21,ENG7.1,mc,"Which sentence must come IMMEDIATELY BEFORE this one in a paragraph: 'However, the experiment yielded completely inconclusive results'?","A is correct — 'The scientists had hoped for a definitive outcome from the trial' sets up a positive expectation that is then directly contradicted by 'however'; contrast markers always require a prior statement that is reversed by the following one. B introduces equipment with no expectation to contrast with. C mentions prior experiments but sets up no specific expectation for this one. D describes publication methodology, which provides no positive expectation to be reversed.",k-eng-7-1-3,easy,ai-generated,false,A,"The scientists had hoped for a definitive outcome from the trial.",true,1
q-eng7.1-21,ENG7.1,mc,"Which sentence must come IMMEDIATELY BEFORE this one in a paragraph: 'However, the experiment yielded completely inconclusive results'?","A is correct — 'The scientists had hoped for a definitive outcome from the trial' sets up a positive expectation that is then directly contradicted by 'however'; contrast markers always require a prior statement that is reversed by the following one. B introduces equipment with no expectation to contrast with. C mentions prior experiments but sets up no specific expectation for this one. D describes publication methodology, which provides no positive expectation to be reversed.",k-eng-7-1-3,easy,ai-generated,false,B,"The laboratory was equipped with the most modern scientific instruments.",false,2
q-eng7.1-21,ENG7.1,mc,"Which sentence must come IMMEDIATELY BEFORE this one in a paragraph: 'However, the experiment yielded completely inconclusive results'?","A is correct — 'The scientists had hoped for a definitive outcome from the trial' sets up a positive expectation that is then directly contradicted by 'however'; contrast markers always require a prior statement that is reversed by the following one. B introduces equipment with no expectation to contrast with. C mentions prior experiments but sets up no specific expectation for this one. D describes publication methodology, which provides no positive expectation to be reversed.",k-eng-7-1-3,easy,ai-generated,false,C,"Several similar experiments had been conducted over the past five years.",false,3
q-eng7.1-21,ENG7.1,mc,"Which sentence must come IMMEDIATELY BEFORE this one in a paragraph: 'However, the experiment yielded completely inconclusive results'?","A is correct — 'The scientists had hoped for a definitive outcome from the trial' sets up a positive expectation that is then directly contradicted by 'however'; contrast markers always require a prior statement that is reversed by the following one. B introduces equipment with no expectation to contrast with. C mentions prior experiments but sets up no specific expectation for this one. D describes publication methodology, which provides no positive expectation to be reversed.",k-eng-7-1-3,easy,ai-generated,false,D,"The team published their methodology in a peer-reviewed journal.",false,4
q-eng7.1-22,ENG7.1,mc,"Which sentence must come IMMEDIATELY BEFORE this one: 'Therefore, the committee decided to postpone the vote indefinitely'?","B is correct — 'Three key members were absent and could not be reached' provides the direct reason that makes postponement logically necessary; 'therefore' signals a consequence, and the absence of key members is the cause. A describes extensive debate but gives no logical reason requiring postponement. C states the chairman's personal views, which may influence but do not necessitate a postponement. D mentions a past scheduling detail that is not a reason for the current postponement.",k-eng-7-1-3,easy,ai-generated,false,A,"The issue had been debated extensively in parliament for several weeks.",false,1
q-eng7.1-22,ENG7.1,mc,"Which sentence must come IMMEDIATELY BEFORE this one: 'Therefore, the committee decided to postpone the vote indefinitely'?","B is correct — 'Three key members were absent and could not be reached' provides the direct reason that makes postponement logically necessary; 'therefore' signals a consequence, and the absence of key members is the cause. A describes extensive debate but gives no logical reason requiring postponement. C states the chairman's personal views, which may influence but do not necessitate a postponement. D mentions a past scheduling detail that is not a reason for the current postponement.",k-eng-7-1-3,easy,ai-generated,false,B,"Three key members were absent and could not be reached for the session.",true,2
q-eng7.1-22,ENG7.1,mc,"Which sentence must come IMMEDIATELY BEFORE this one: 'Therefore, the committee decided to postpone the vote indefinitely'?","B is correct — 'Three key members were absent and could not be reached' provides the direct reason that makes postponement logically necessary; 'therefore' signals a consequence, and the absence of key members is the cause. A describes extensive debate but gives no logical reason requiring postponement. C states the chairman's personal views, which may influence but do not necessitate a postponement. D mentions a past scheduling detail that is not a reason for the current postponement.",k-eng-7-1-3,easy,ai-generated,false,C,"The chairman expressed his personal views on the pending bill.",false,3
q-eng7.1-22,ENG7.1,mc,"Which sentence must come IMMEDIATELY BEFORE this one: 'Therefore, the committee decided to postpone the vote indefinitely'?","B is correct — 'Three key members were absent and could not be reached' provides the direct reason that makes postponement logically necessary; 'therefore' signals a consequence, and the absence of key members is the cause. A describes extensive debate but gives no logical reason requiring postponement. C states the chairman's personal views, which may influence but do not necessitate a postponement. D mentions a past scheduling detail that is not a reason for the current postponement.",k-eng-7-1-3,easy,ai-generated,false,D,"The vote had originally been scheduled for the previous month.",false,4
q-eng7.1-23,ENG7.1,mc,"Which sentence must come IMMEDIATELY BEFORE this one: 'For instance, Japan has invested heavily in earthquake-resistant building design and early-warning systems'?","B is correct — 'Several countries have developed innovative strategies to minimise the impact of natural disasters' makes a general claim that calls for specific examples; 'for instance' introduces Japan as one such example. A makes a general observation about seismicity but does not call for country-specific examples. C introduces Japan itself, which would make Japan the topic rather than an example of a broader point. D narrows the focus to building regulations, which would not lead naturally to a broad 'for instance' about national strategy.",k-eng-7-1-3,medium,ai-generated,false,A,"Seismic activity is a natural phenomenon that cannot be fully prevented.",false,1
q-eng7.1-23,ENG7.1,mc,"Which sentence must come IMMEDIATELY BEFORE this one: 'For instance, Japan has invested heavily in earthquake-resistant building design and early-warning systems'?","B is correct — 'Several countries have developed innovative strategies to minimise the impact of natural disasters' makes a general claim that calls for specific examples; 'for instance' introduces Japan as one such example. A makes a general observation about seismicity but does not call for country-specific examples. C introduces Japan itself, which would make Japan the topic rather than an example of a broader point. D narrows the focus to building regulations, which would not lead naturally to a broad 'for instance' about national strategy.",k-eng-7-1-3,medium,ai-generated,false,B,"Several countries have developed innovative strategies to minimise the impact of natural disasters.",true,2
q-eng7.1-23,ENG7.1,mc,"Which sentence must come IMMEDIATELY BEFORE this one: 'For instance, Japan has invested heavily in earthquake-resistant building design and early-warning systems'?","B is correct — 'Several countries have developed innovative strategies to minimise the impact of natural disasters' makes a general claim that calls for specific examples; 'for instance' introduces Japan as one such example. A makes a general observation about seismicity but does not call for country-specific examples. C introduces Japan itself, which would make Japan the topic rather than an example of a broader point. D narrows the focus to building regulations, which would not lead naturally to a broad 'for instance' about national strategy.",k-eng-7-1-3,medium,ai-generated,false,C,"Japan is located in one of the most seismically active regions of the world.",false,3
q-eng7.1-23,ENG7.1,mc,"Which sentence must come IMMEDIATELY BEFORE this one: 'For instance, Japan has invested heavily in earthquake-resistant building design and early-warning systems'?","B is correct — 'Several countries have developed innovative strategies to minimise the impact of natural disasters' makes a general claim that calls for specific examples; 'for instance' introduces Japan as one such example. A makes a general observation about seismicity but does not call for country-specific examples. C introduces Japan itself, which would make Japan the topic rather than an example of a broader point. D narrows the focus to building regulations, which would not lead naturally to a broad 'for instance' about national strategy.",k-eng-7-1-3,medium,ai-generated,false,D,"Building regulations vary significantly from one country to another.",false,4
q-eng7.1-24,ENG7.1,mc,"Which sentence must come IMMEDIATELY BEFORE this one: 'Nevertheless, the team continued working on the project with great enthusiasm'?","A is correct — 'The funding for the project had been unexpectedly cut by 60%' introduces a serious obstacle; 'nevertheless' then shows that despite this obstacle, the team persisted; this is the classic concession structure. B introduces praise, which is a positive event — 'nevertheless' after praise would be logically odd. C introduces a positive attribute of the team, not an obstacle to overcome. D (a timeline extension) is a change, not necessarily an obstacle that requires 'nevertheless' to show resilience.",k-eng-7-1-3,medium,ai-generated,false,A,"The funding for the project had been unexpectedly cut by 60%.",true,1
q-eng7.1-24,ENG7.1,mc,"Which sentence must come IMMEDIATELY BEFORE this one: 'Nevertheless, the team continued working on the project with great enthusiasm'?","A is correct — 'The funding for the project had been unexpectedly cut by 60%' introduces a serious obstacle; 'nevertheless' then shows that despite this obstacle, the team persisted; this is the classic concession structure. B introduces praise, which is a positive event — 'nevertheless' after praise would be logically odd. C introduces a positive attribute of the team, not an obstacle to overcome. D (a timeline extension) is a change, not necessarily an obstacle that requires 'nevertheless' to show resilience.",k-eng-7-1-3,medium,ai-generated,false,B,"The project received high praise from international observers.",false,2
q-eng7.1-24,ENG7.1,mc,"Which sentence must come IMMEDIATELY BEFORE this one: 'Nevertheless, the team continued working on the project with great enthusiasm'?","A is correct — 'The funding for the project had been unexpectedly cut by 60%' introduces a serious obstacle; 'nevertheless' then shows that despite this obstacle, the team persisted; this is the classic concession structure. B introduces praise, which is a positive event — 'nevertheless' after praise would be logically odd. C introduces a positive attribute of the team, not an obstacle to overcome. D (a timeline extension) is a change, not necessarily an obstacle that requires 'nevertheless' to show resilience.",k-eng-7-1-3,medium,ai-generated,false,C,"All members of the team were highly experienced professionals.",false,3
q-eng7.1-24,ENG7.1,mc,"Which sentence must come IMMEDIATELY BEFORE this one: 'Nevertheless, the team continued working on the project with great enthusiasm'?","A is correct — 'The funding for the project had been unexpectedly cut by 60%' introduces a serious obstacle; 'nevertheless' then shows that despite this obstacle, the team persisted; this is the classic concession structure. B introduces praise, which is a positive event — 'nevertheless' after praise would be logically odd. C introduces a positive attribute of the team, not an obstacle to overcome. D (a timeline extension) is a change, not necessarily an obstacle that requires 'nevertheless' to show resilience.",k-eng-7-1-3,medium,ai-generated,false,D,"The project timeline was extended by an additional three months.",false,4
q-eng7.1-25,ENG7.1,mc,"Choose the connector that best links these two sentences: 'Reading improves vocabulary and cognitive function. _____ it reduces stress and provides a healthy form of entertainment.'","'Furthermore' is correct — both sentences list positive effects of reading; 'furthermore' (= also, in addition) is the correct connector for adding a second supporting point in the same direction. 'However' is a contrast connector — it would imply stress reduction contradicts vocabulary improvement, which is logically wrong. 'Nevertheless' is a concession connector — it implies the second point is surprising given the first, which is not the case here. 'Consequently' is a result connector — stress reduction is not a logical result caused by improved vocabulary.",k-eng-7-1-3,easy,ai-generated,false,A,However,false,1
q-eng7.1-25,ENG7.1,mc,"Choose the connector that best links these two sentences: 'Reading improves vocabulary and cognitive function. _____ it reduces stress and provides a healthy form of entertainment.'","'Furthermore' is correct — both sentences list positive effects of reading; 'furthermore' (= also, in addition) is the correct connector for adding a second supporting point in the same direction. 'However' is a contrast connector — it would imply stress reduction contradicts vocabulary improvement, which is logically wrong. 'Nevertheless' is a concession connector — it implies the second point is surprising given the first, which is not the case here. 'Consequently' is a result connector — stress reduction is not a logical result caused by improved vocabulary.",k-eng-7-1-3,easy,ai-generated,false,B,Furthermore,true,2
q-eng7.1-25,ENG7.1,mc,"Choose the connector that best links these two sentences: 'Reading improves vocabulary and cognitive function. _____ it reduces stress and provides a healthy form of entertainment.'","'Furthermore' is correct — both sentences list positive effects of reading; 'furthermore' (= also, in addition) is the correct connector for adding a second supporting point in the same direction. 'However' is a contrast connector — it would imply stress reduction contradicts vocabulary improvement, which is logically wrong. 'Nevertheless' is a concession connector — it implies the second point is surprising given the first, which is not the case here. 'Consequently' is a result connector — stress reduction is not a logical result caused by improved vocabulary.",k-eng-7-1-3,easy,ai-generated,false,C,Nevertheless,false,3
q-eng7.1-25,ENG7.1,mc,"Choose the connector that best links these two sentences: 'Reading improves vocabulary and cognitive function. _____ it reduces stress and provides a healthy form of entertainment.'","'Furthermore' is correct — both sentences list positive effects of reading; 'furthermore' (= also, in addition) is the correct connector for adding a second supporting point in the same direction. 'However' is a contrast connector — it would imply stress reduction contradicts vocabulary improvement, which is logically wrong. 'Nevertheless' is a concession connector — it implies the second point is surprising given the first, which is not the case here. 'Consequently' is a result connector — stress reduction is not a logical result caused by improved vocabulary.",k-eng-7-1-3,easy,ai-generated,false,D,Consequently,false,4
q-eng7.1-26,ENG7.1,mc,"Choose the connector that best links these two sentences: 'The bridge was found to be structurally unsound after the inspection. _____ the engineers recommended its immediate demolition.'","'As a result' is correct — the structural unsoundness is the cause, and the recommendation for demolition is the direct consequence; 'as a result' correctly signals this cause-effect relationship. 'Although' introduces a concession (despite the unsoundness, demolition was recommended) — this is logically odd since unsoundness is the exact reason for demolition. 'Nevertheless' is also a concession marker, implying demolition was recommended despite the unsoundness, which would be contradictory. 'For instance' introduces an example, but the demolition recommendation is a consequence, not an example of structural unsoundness.",k-eng-7-1-3,medium,ai-generated,false,A,Although,false,1
q-eng7.1-26,ENG7.1,mc,"Choose the connector that best links these two sentences: 'The bridge was found to be structurally unsound after the inspection. _____ the engineers recommended its immediate demolition.'","'As a result' is correct — the structural unsoundness is the cause, and the recommendation for demolition is the direct consequence; 'as a result' correctly signals this cause-effect relationship. 'Although' introduces a concession (despite the unsoundness, demolition was recommended) — this is logically odd since unsoundness is the exact reason for demolition. 'Nevertheless' is also a concession marker, implying demolition was recommended despite the unsoundness, which would be contradictory. 'For instance' introduces an example, but the demolition recommendation is a consequence, not an example of structural unsoundness.",k-eng-7-1-3,medium,ai-generated,false,B,Nevertheless,false,2
q-eng7.1-26,ENG7.1,mc,"Choose the connector that best links these two sentences: 'The bridge was found to be structurally unsound after the inspection. _____ the engineers recommended its immediate demolition.'","'As a result' is correct — the structural unsoundness is the cause, and the recommendation for demolition is the direct consequence; 'as a result' correctly signals this cause-effect relationship. 'Although' introduces a concession (despite the unsoundness, demolition was recommended) — this is logically odd since unsoundness is the exact reason for demolition. 'Nevertheless' is also a concession marker, implying demolition was recommended despite the unsoundness, which would be contradictory. 'For instance' introduces an example, but the demolition recommendation is a consequence, not an example of structural unsoundness.",k-eng-7-1-3,medium,ai-generated,false,C,As a result,true,3
q-eng7.1-26,ENG7.1,mc,"Choose the connector that best links these two sentences: 'The bridge was found to be structurally unsound after the inspection. _____ the engineers recommended its immediate demolition.'","'As a result' is correct — the structural unsoundness is the cause, and the recommendation for demolition is the direct consequence; 'as a result' correctly signals this cause-effect relationship. 'Although' introduces a concession (despite the unsoundness, demolition was recommended) — this is logically odd since unsoundness is the exact reason for demolition. 'Nevertheless' is also a concession marker, implying demolition was recommended despite the unsoundness, which would be contradictory. 'For instance' introduces an example, but the demolition recommendation is a consequence, not an example of structural unsoundness.",k-eng-7-1-3,medium,ai-generated,false,D,For instance,false,4
q-eng7.1-27,ENG7.1,mc,"Sentence R reads: 'In contrast, cities in Scandinavia consistently rank among the most liveable in the world.' What must sentence Q (immediately before R) be about?","B is correct — 'in contrast' signals an opposition between two things; sentence Q must describe something negative or unfavourable about cities so that Scandinavia stands as the positive counterpoint. A describes Scandinavia's own strengths, which would make 'in contrast' redundant (you can't contrast Scandinavia with itself). C gives European urban planning history, which is too broad and neutral to set up a contrast with Scandinavia specifically. D discusses similarities, which is the opposite of what a contrast marker requires.",k-eng-7-1-3,medium,ai-generated,false,A,The superior infrastructure of Scandinavian cities,false,1
q-eng7.1-27,ENG7.1,mc,"Sentence R reads: 'In contrast, cities in Scandinavia consistently rank among the most liveable in the world.' What must sentence Q (immediately before R) be about?","B is correct — 'in contrast' signals an opposition between two things; sentence Q must describe something negative or unfavourable about cities so that Scandinavia stands as the positive counterpoint. A describes Scandinavia's own strengths, which would make 'in contrast' redundant (you can't contrast Scandinavia with itself). C gives European urban planning history, which is too broad and neutral to set up a contrast with Scandinavia specifically. D discusses similarities, which is the opposite of what a contrast marker requires.",k-eng-7-1-3,medium,ai-generated,false,B,Low liveability or poor urban conditions in another set of cities,true,2
q-eng7.1-27,ENG7.1,mc,"Sentence R reads: 'In contrast, cities in Scandinavia consistently rank among the most liveable in the world.' What must sentence Q (immediately before R) be about?","B is correct — 'in contrast' signals an opposition between two things; sentence Q must describe something negative or unfavourable about cities so that Scandinavia stands as the positive counterpoint. A describes Scandinavia's own strengths, which would make 'in contrast' redundant (you can't contrast Scandinavia with itself). C gives European urban planning history, which is too broad and neutral to set up a contrast with Scandinavia specifically. D discusses similarities, which is the opposite of what a contrast marker requires.",k-eng-7-1-3,medium,ai-generated,false,C,The history of urban planning in Europe,false,3
q-eng7.1-27,ENG7.1,mc,"Sentence R reads: 'In contrast, cities in Scandinavia consistently rank among the most liveable in the world.' What must sentence Q (immediately before R) be about?","B is correct — 'in contrast' signals an opposition between two things; sentence Q must describe something negative or unfavourable about cities so that Scandinavia stands as the positive counterpoint. A describes Scandinavia's own strengths, which would make 'in contrast' redundant (you can't contrast Scandinavia with itself). C gives European urban planning history, which is too broad and neutral to set up a contrast with Scandinavia specifically. D discusses similarities, which is the opposite of what a contrast marker requires.",k-eng-7-1-3,medium,ai-generated,false,D,Similarities between different types of cities globally,false,4
q-eng7.1-28,ENG7.1,mc,"Arrange sentences P, Q, R, S into the correct order using connector clues. P: The city's air quality has deteriorated sharply over the past decade. Q: Moreover, noise pollution has reached alarming levels in residential areas. R: As a result, the municipal corporation has launched a comprehensive environmental action plan. S: Consequently, many residents report increased rates of respiratory illness and sleep disorders.","P-Q-S-R is correct — P establishes the first problem (air quality). Q uses 'moreover' to add a second related problem (noise). S uses 'consequently' to show the human health effects of BOTH problems described in P and Q. R uses 'as a result' to show the institutional response triggered by all of the above. P-Q-R-S is wrong because R (the response) cannot precede S (the human impact being responded to). P-S-Q-R reverses S and Q, placing health effects before the noise problem is mentioned. Q-P-S-R places Q before the air quality problem it is adding to.",k-eng-7-1-3,hard,ai-generated,false,A,P-Q-R-S,false,1
q-eng7.1-28,ENG7.1,mc,"Arrange sentences P, Q, R, S into the correct order using connector clues. P: The city's air quality has deteriorated sharply over the past decade. Q: Moreover, noise pollution has reached alarming levels in residential areas. R: As a result, the municipal corporation has launched a comprehensive environmental action plan. S: Consequently, many residents report increased rates of respiratory illness and sleep disorders.","P-Q-S-R is correct — P establishes the first problem (air quality). Q uses 'moreover' to add a second related problem (noise). S uses 'consequently' to show the human health effects of BOTH problems described in P and Q. R uses 'as a result' to show the institutional response triggered by all of the above. P-Q-R-S is wrong because R (the response) cannot precede S (the human impact being responded to). P-S-Q-R reverses S and Q, placing health effects before the noise problem is mentioned. Q-P-S-R places Q before the air quality problem it is adding to.",k-eng-7-1-3,hard,ai-generated,false,B,P-Q-S-R,true,2
q-eng7.1-28,ENG7.1,mc,"Arrange sentences P, Q, R, S into the correct order using connector clues. P: The city's air quality has deteriorated sharply over the past decade. Q: Moreover, noise pollution has reached alarming levels in residential areas. R: As a result, the municipal corporation has launched a comprehensive environmental action plan. S: Consequently, many residents report increased rates of respiratory illness and sleep disorders.","P-Q-S-R is correct — P establishes the first problem (air quality). Q uses 'moreover' to add a second related problem (noise). S uses 'consequently' to show the human health effects of BOTH problems described in P and Q. R uses 'as a result' to show the institutional response triggered by all of the above. P-Q-R-S is wrong because R (the response) cannot precede S (the human impact being responded to). P-S-Q-R reverses S and Q, placing health effects before the noise problem is mentioned. Q-P-S-R places Q before the air quality problem it is adding to.",k-eng-7-1-3,hard,ai-generated,false,C,P-S-Q-R,false,3
q-eng7.1-28,ENG7.1,mc,"Arrange sentences P, Q, R, S into the correct order using connector clues. P: The city's air quality has deteriorated sharply over the past decade. Q: Moreover, noise pollution has reached alarming levels in residential areas. R: As a result, the municipal corporation has launched a comprehensive environmental action plan. S: Consequently, many residents report increased rates of respiratory illness and sleep disorders.","P-Q-S-R is correct — P establishes the first problem (air quality). Q uses 'moreover' to add a second related problem (noise). S uses 'consequently' to show the human health effects of BOTH problems described in P and Q. R uses 'as a result' to show the institutional response triggered by all of the above. P-Q-R-S is wrong because R (the response) cannot precede S (the human impact being responded to). P-S-Q-R reverses S and Q, placing health effects before the noise problem is mentioned. Q-P-S-R places Q before the air quality problem it is adding to.",k-eng-7-1-3,hard,ai-generated,false,D,Q-P-S-R,false,4
q-eng7.1-29,ENG7.1,mc,"Arrange sentences P, Q, R, S into the correct order using connector clues. P: The prime minister announced a new national education policy. Q: For example, free textbooks will be provided to all primary school students. R: Specifically, the policy focuses on improving infrastructure and teacher training in government schools. S: These measures are expected to benefit over 100 million children across the country.","P-R-Q-S is correct — P introduces the policy. R uses 'specifically' to narrow down what the policy focuses on. Q uses 'for example' to give a specific instance of R's focus areas. S uses 'these measures' to summarise all and project future impact. P-Q-R-S is wrong because Q (an example) cannot precede R (the general focus area being exemplified). P-S-R-Q is wrong because S (conclusion) cannot precede R and Q (details). R-P-Q-S is wrong because R requires P to establish the policy first.",k-eng-7-1-3,hard,ai-generated,false,A,P-Q-R-S,false,1
q-eng7.1-29,ENG7.1,mc,"Arrange sentences P, Q, R, S into the correct order using connector clues. P: The prime minister announced a new national education policy. Q: For example, free textbooks will be provided to all primary school students. R: Specifically, the policy focuses on improving infrastructure and teacher training in government schools. S: These measures are expected to benefit over 100 million children across the country.","P-R-Q-S is correct — P introduces the policy. R uses 'specifically' to narrow down what the policy focuses on. Q uses 'for example' to give a specific instance of R's focus areas. S uses 'these measures' to summarise all and project future impact. P-Q-R-S is wrong because Q (an example) cannot precede R (the general focus area being exemplified). P-S-R-Q is wrong because S (conclusion) cannot precede R and Q (details). R-P-Q-S is wrong because R requires P to establish the policy first.",k-eng-7-1-3,hard,ai-generated,false,B,P-R-Q-S,true,2
q-eng7.1-29,ENG7.1,mc,"Arrange sentences P, Q, R, S into the correct order using connector clues. P: The prime minister announced a new national education policy. Q: For example, free textbooks will be provided to all primary school students. R: Specifically, the policy focuses on improving infrastructure and teacher training in government schools. S: These measures are expected to benefit over 100 million children across the country.","P-R-Q-S is correct — P introduces the policy. R uses 'specifically' to narrow down what the policy focuses on. Q uses 'for example' to give a specific instance of R's focus areas. S uses 'these measures' to summarise all and project future impact. P-Q-R-S is wrong because Q (an example) cannot precede R (the general focus area being exemplified). P-S-R-Q is wrong because S (conclusion) cannot precede R and Q (details). R-P-Q-S is wrong because R requires P to establish the policy first.",k-eng-7-1-3,hard,ai-generated,false,C,P-S-R-Q,false,3
q-eng7.1-29,ENG7.1,mc,"Arrange sentences P, Q, R, S into the correct order using connector clues. P: The prime minister announced a new national education policy. Q: For example, free textbooks will be provided to all primary school students. R: Specifically, the policy focuses on improving infrastructure and teacher training in government schools. S: These measures are expected to benefit over 100 million children across the country.","P-R-Q-S is correct — P introduces the policy. R uses 'specifically' to narrow down what the policy focuses on. Q uses 'for example' to give a specific instance of R's focus areas. S uses 'these measures' to summarise all and project future impact. P-Q-R-S is wrong because Q (an example) cannot precede R (the general focus area being exemplified). P-S-R-Q is wrong because S (conclusion) cannot precede R and Q (details). R-P-Q-S is wrong because R requires P to establish the policy first.",k-eng-7-1-3,hard,ai-generated,false,D,R-P-Q-S,false,4
q-eng7.1-30,ENG7.1,mc,"Choose the connector that best fits the blank: 'The experiment was carefully designed and the sample size was adequate. _____, the results were dismissed as inconclusive by the review panel.'","'Nevertheless' is correct — despite the positive conditions (careful design, adequate sample), the results were still dismissed; 'nevertheless' (= in spite of that) captures this concession where a negative outcome occurs despite favourable conditions. 'As a result' would imply the dismissal happened because of the careful design, which is logically impossible. 'Therefore' also implies the dismissal is a consequence of the good design, which contradicts the expected relationship. 'Furthermore' is an addition marker — it would imply the dismissal is an additional fact about the design, which makes no logical sense.",k-eng-7-1-3,hard,ai-generated,false,A,As a result,false,1
q-eng7.1-30,ENG7.1,mc,"Choose the connector that best fits the blank: 'The experiment was carefully designed and the sample size was adequate. _____, the results were dismissed as inconclusive by the review panel.'","'Nevertheless' is correct — despite the positive conditions (careful design, adequate sample), the results were still dismissed; 'nevertheless' (= in spite of that) captures this concession where a negative outcome occurs despite favourable conditions. 'As a result' would imply the dismissal happened because of the careful design, which is logically impossible. 'Therefore' also implies the dismissal is a consequence of the good design, which contradicts the expected relationship. 'Furthermore' is an addition marker — it would imply the dismissal is an additional fact about the design, which makes no logical sense.",k-eng-7-1-3,hard,ai-generated,false,B,Therefore,false,2
q-eng7.1-30,ENG7.1,mc,"Choose the connector that best fits the blank: 'The experiment was carefully designed and the sample size was adequate. _____, the results were dismissed as inconclusive by the review panel.'","'Nevertheless' is correct — despite the positive conditions (careful design, adequate sample), the results were still dismissed; 'nevertheless' (= in spite of that) captures this concession where a negative outcome occurs despite favourable conditions. 'As a result' would imply the dismissal happened because of the careful design, which is logically impossible. 'Therefore' also implies the dismissal is a consequence of the good design, which contradicts the expected relationship. 'Furthermore' is an addition marker — it would imply the dismissal is an additional fact about the design, which makes no logical sense.",k-eng-7-1-3,hard,ai-generated,false,C,Nevertheless,true,3
q-eng7.1-30,ENG7.1,mc,"Choose the connector that best fits the blank: 'The experiment was carefully designed and the sample size was adequate. _____, the results were dismissed as inconclusive by the review panel.'","'Nevertheless' is correct — despite the positive conditions (careful design, adequate sample), the results were still dismissed; 'nevertheless' (= in spite of that) captures this concession where a negative outcome occurs despite favourable conditions. 'As a result' would imply the dismissal happened because of the careful design, which is logically impossible. 'Therefore' also implies the dismissal is a consequence of the good design, which contradicts the expected relationship. 'Furthermore' is an addition marker — it would imply the dismissal is an additional fact about the design, which makes no logical sense.",k-eng-7-1-3,hard,ai-generated,false,D,Furthermore,false,4
q-eng7.1-31,ENG7.1,mc,"Arrange the following sentences in the correct chronological order: P. ISRO was established in 1969 with a vision to harness space technology for national development. Q. In 1975, India launched its first satellite, Aryabhata, into orbit with Soviet assistance. R. Chandrayaan-1, launched in 2008, made the landmark discovery of water molecules on the lunar surface. S. In 2023, Chandrayaan-3 made India the first country to achieve a soft landing near the moon's south pole.","PQRS is the correct chronological order: ISRO's founding in 1969 (P) precedes the Aryabhata satellite launch in 1975 (Q), followed by Chandrayaan-1 in 2008 (R), and the historic Chandrayaan-3 south-pole landing in 2023 (S). B (QPRS) begins with Q (1975) before the organisation was even founded in 1969 (P). C (PRQS) places R (2008) before Q (1975), reversing two missions. D (QPSR) places S (2023) third and R (2008) last, violating chronological order.",s-eng-7-1-1,easy,ai-generated,false,A,PQRS,true,1
q-eng7.1-31,ENG7.1,mc,"Arrange the following sentences in the correct chronological order: P. ISRO was established in 1969 with a vision to harness space technology for national development. Q. In 1975, India launched its first satellite, Aryabhata, into orbit with Soviet assistance. R. Chandrayaan-1, launched in 2008, made the landmark discovery of water molecules on the lunar surface. S. In 2023, Chandrayaan-3 made India the first country to achieve a soft landing near the moon's south pole.","PQRS is the correct chronological order: ISRO's founding in 1969 (P) precedes the Aryabhata satellite launch in 1975 (Q), followed by Chandrayaan-1 in 2008 (R), and the historic Chandrayaan-3 south-pole landing in 2023 (S). B (QPRS) begins with Q (1975) before the organisation was even founded in 1969 (P). C (PRQS) places R (2008) before Q (1975), reversing two missions. D (QPSR) places S (2023) third and R (2008) last, violating chronological order.",s-eng-7-1-1,easy,ai-generated,false,B,QPRS,false,2
q-eng7.1-31,ENG7.1,mc,"Arrange the following sentences in the correct chronological order: P. ISRO was established in 1969 with a vision to harness space technology for national development. Q. In 1975, India launched its first satellite, Aryabhata, into orbit with Soviet assistance. R. Chandrayaan-1, launched in 2008, made the landmark discovery of water molecules on the lunar surface. S. In 2023, Chandrayaan-3 made India the first country to achieve a soft landing near the moon's south pole.","PQRS is the correct chronological order: ISRO's founding in 1969 (P) precedes the Aryabhata satellite launch in 1975 (Q), followed by Chandrayaan-1 in 2008 (R), and the historic Chandrayaan-3 south-pole landing in 2023 (S). B (QPRS) begins with Q (1975) before the organisation was even founded in 1969 (P). C (PRQS) places R (2008) before Q (1975), reversing two missions. D (QPSR) places S (2023) third and R (2008) last, violating chronological order.",s-eng-7-1-1,easy,ai-generated,false,C,PRQS,false,3
q-eng7.1-31,ENG7.1,mc,"Arrange the following sentences in the correct chronological order: P. ISRO was established in 1969 with a vision to harness space technology for national development. Q. In 1975, India launched its first satellite, Aryabhata, into orbit with Soviet assistance. R. Chandrayaan-1, launched in 2008, made the landmark discovery of water molecules on the lunar surface. S. In 2023, Chandrayaan-3 made India the first country to achieve a soft landing near the moon's south pole.","PQRS is the correct chronological order: ISRO's founding in 1969 (P) precedes the Aryabhata satellite launch in 1975 (Q), followed by Chandrayaan-1 in 2008 (R), and the historic Chandrayaan-3 south-pole landing in 2023 (S). B (QPRS) begins with Q (1975) before the organisation was even founded in 1969 (P). C (PRQS) places R (2008) before Q (1975), reversing two missions. D (QPSR) places S (2023) third and R (2008) last, violating chronological order.",s-eng-7-1-1,easy,ai-generated,false,D,QPSR,false,4
q-eng7.1-32,ENG7.1,mc,"Arrange the following sentences in the correct logical order to show how a bill becomes law in India: P. The President gives assent, and the bill is enacted as an Act of Parliament. Q. A bill is introduced in either house of Parliament by a minister or a private member. R. After being passed by both houses, the bill is sent to the President for assent. S. Members debate the bill, propose amendments, and vote on it clause by clause.","QSRP is the correct sequence: a bill is introduced (Q), then debated and voted upon (S), then sent to the President after passing both houses (R), and finally enacted (P). A (PQRS) begins with P (the final step — enactment) before the bill has even been introduced, reversing the entire process. C (QRSP) places R (sent to President) before S (voting), meaning the bill reaches the President before members have voted on it. D (SQRP) begins with S (debate) before the bill has even been introduced (Q).",s-eng-7-1-1,medium,ai-generated,false,A,PQRS,false,1
q-eng7.1-32,ENG7.1,mc,"Arrange the following sentences in the correct logical order to show how a bill becomes law in India: P. The President gives assent, and the bill is enacted as an Act of Parliament. Q. A bill is introduced in either house of Parliament by a minister or a private member. R. After being passed by both houses, the bill is sent to the President for assent. S. Members debate the bill, propose amendments, and vote on it clause by clause.","QSRP is the correct sequence: a bill is introduced (Q), then debated and voted upon (S), then sent to the President after passing both houses (R), and finally enacted (P). A (PQRS) begins with P (the final step — enactment) before the bill has even been introduced, reversing the entire process. C (QRSP) places R (sent to President) before S (voting), meaning the bill reaches the President before members have voted on it. D (SQRP) begins with S (debate) before the bill has even been introduced (Q).",s-eng-7-1-1,medium,ai-generated,false,B,QSRP,true,2
q-eng7.1-32,ENG7.1,mc,"Arrange the following sentences in the correct logical order to show how a bill becomes law in India: P. The President gives assent, and the bill is enacted as an Act of Parliament. Q. A bill is introduced in either house of Parliament by a minister or a private member. R. After being passed by both houses, the bill is sent to the President for assent. S. Members debate the bill, propose amendments, and vote on it clause by clause.","QSRP is the correct sequence: a bill is introduced (Q), then debated and voted upon (S), then sent to the President after passing both houses (R), and finally enacted (P). A (PQRS) begins with P (the final step — enactment) before the bill has even been introduced, reversing the entire process. C (QRSP) places R (sent to President) before S (voting), meaning the bill reaches the President before members have voted on it. D (SQRP) begins with S (debate) before the bill has even been introduced (Q).",s-eng-7-1-1,medium,ai-generated,false,C,QRSP,false,3
q-eng7.1-32,ENG7.1,mc,"Arrange the following sentences in the correct logical order to show how a bill becomes law in India: P. The President gives assent, and the bill is enacted as an Act of Parliament. Q. A bill is introduced in either house of Parliament by a minister or a private member. R. After being passed by both houses, the bill is sent to the President for assent. S. Members debate the bill, propose amendments, and vote on it clause by clause.","QSRP is the correct sequence: a bill is introduced (Q), then debated and voted upon (S), then sent to the President after passing both houses (R), and finally enacted (P). A (PQRS) begins with P (the final step — enactment) before the bill has even been introduced, reversing the entire process. C (QRSP) places R (sent to President) before S (voting), meaning the bill reaches the President before members have voted on it. D (SQRP) begins with S (debate) before the bill has even been introduced (Q).",s-eng-7-1-1,medium,ai-generated,false,D,SQRP,false,4
q-eng7.1-33,ENG7.1,mc,"Arrange the following sentences in the correct chronological order: P. The invention of the printing press in the 15th century made books widely accessible for the first time. Q. The earliest writing systems emerged in ancient Mesopotamia and Egypt around 3000 BCE. R. Digital technology in the 20th century transformed writing into an electronic medium accessible to all. S. For centuries before printing, books and manuscripts were painstakingly copied by hand.","QSPR is the correct chronological order: writing emerged around 3000 BCE (Q), followed by centuries of hand-copying manuscripts (S), then Gutenberg's printing press in the 15th century (P), and finally digital technology in the 20th century (R). A (QPSR) places P (printing press) before S (hand-copying), erasing the long era of manuscript reproduction that preceded print. B (PQSR) begins with P (15th century) before writing systems had even emerged (Q, 3000 BCE). D (SQRP) begins with S (hand-copying) before writing systems existed (Q), placing the consequence before the cause.",s-eng-7-1-1,medium,ai-generated,false,A,QPSR,false,1
q-eng7.1-33,ENG7.1,mc,"Arrange the following sentences in the correct chronological order: P. The invention of the printing press in the 15th century made books widely accessible for the first time. Q. The earliest writing systems emerged in ancient Mesopotamia and Egypt around 3000 BCE. R. Digital technology in the 20th century transformed writing into an electronic medium accessible to all. S. For centuries before printing, books and manuscripts were painstakingly copied by hand.","QSPR is the correct chronological order: writing emerged around 3000 BCE (Q), followed by centuries of hand-copying manuscripts (S), then Gutenberg's printing press in the 15th century (P), and finally digital technology in the 20th century (R). A (QPSR) places P (printing press) before S (hand-copying), erasing the long era of manuscript reproduction that preceded print. B (PQSR) begins with P (15th century) before writing systems had even emerged (Q, 3000 BCE). D (SQRP) begins with S (hand-copying) before writing systems existed (Q), placing the consequence before the cause.",s-eng-7-1-1,medium,ai-generated,false,B,PQSR,false,2
q-eng7.1-33,ENG7.1,mc,"Arrange the following sentences in the correct chronological order: P. The invention of the printing press in the 15th century made books widely accessible for the first time. Q. The earliest writing systems emerged in ancient Mesopotamia and Egypt around 3000 BCE. R. Digital technology in the 20th century transformed writing into an electronic medium accessible to all. S. For centuries before printing, books and manuscripts were painstakingly copied by hand.","QSPR is the correct chronological order: writing emerged around 3000 BCE (Q), followed by centuries of hand-copying manuscripts (S), then Gutenberg's printing press in the 15th century (P), and finally digital technology in the 20th century (R). A (QPSR) places P (printing press) before S (hand-copying), erasing the long era of manuscript reproduction that preceded print. B (PQSR) begins with P (15th century) before writing systems had even emerged (Q, 3000 BCE). D (SQRP) begins with S (hand-copying) before writing systems existed (Q), placing the consequence before the cause.",s-eng-7-1-1,medium,ai-generated,false,C,QSPR,true,3
q-eng7.1-33,ENG7.1,mc,"Arrange the following sentences in the correct chronological order: P. The invention of the printing press in the 15th century made books widely accessible for the first time. Q. The earliest writing systems emerged in ancient Mesopotamia and Egypt around 3000 BCE. R. Digital technology in the 20th century transformed writing into an electronic medium accessible to all. S. For centuries before printing, books and manuscripts were painstakingly copied by hand.","QSPR is the correct chronological order: writing emerged around 3000 BCE (Q), followed by centuries of hand-copying manuscripts (S), then Gutenberg's printing press in the 15th century (P), and finally digital technology in the 20th century (R). A (QPSR) places P (printing press) before S (hand-copying), erasing the long era of manuscript reproduction that preceded print. B (PQSR) begins with P (15th century) before writing systems had even emerged (Q, 3000 BCE). D (SQRP) begins with S (hand-copying) before writing systems existed (Q), placing the consequence before the cause.",s-eng-7-1-1,medium,ai-generated,false,D,SQRP,false,4
q-eng7.1-34,ENG7.1,mc,"Arrange the following sentences in the correct logical order to describe how a volcanic eruption occurs: P. When magma finally reaches the surface, it erupts as lava, releasing intense heat, gases, and ash. Q. Deep within the Earth, intense heat melts rock into a semi-fluid substance called magma. R. This cooling lava hardens over time, adding new layers and gradually reshaping the landscape. S. Pressure builds as the magma rises slowly through cracks and fissures in the Earth's crust.","QSPR is the correct logical sequence: magma forms deep in the Earth (Q), then rises through cracks as pressure builds (S), erupts at the surface as lava (P), and finally cools and hardens into new rock layers (R). A (QRSP) places R (cooling lava) second, before any eruption has occurred. B (SQPR) begins with S (rising magma) before magma has even formed in the Earth (Q). C (QPSR) places P (eruption) before S (rising), reversing the order in which magma travels to the surface.",s-eng-7-1-1,easy,ai-generated,false,A,QRSP,false,1
q-eng7.1-34,ENG7.1,mc,"Arrange the following sentences in the correct logical order to describe how a volcanic eruption occurs: P. When magma finally reaches the surface, it erupts as lava, releasing intense heat, gases, and ash. Q. Deep within the Earth, intense heat melts rock into a semi-fluid substance called magma. R. This cooling lava hardens over time, adding new layers and gradually reshaping the landscape. S. Pressure builds as the magma rises slowly through cracks and fissures in the Earth's crust.","QSPR is the correct logical sequence: magma forms deep in the Earth (Q), then rises through cracks as pressure builds (S), erupts at the surface as lava (P), and finally cools and hardens into new rock layers (R). A (QRSP) places R (cooling lava) second, before any eruption has occurred. B (SQPR) begins with S (rising magma) before magma has even formed in the Earth (Q). C (QPSR) places P (eruption) before S (rising), reversing the order in which magma travels to the surface.",s-eng-7-1-1,easy,ai-generated,false,B,SQPR,false,2
q-eng7.1-34,ENG7.1,mc,"Arrange the following sentences in the correct logical order to describe how a volcanic eruption occurs: P. When magma finally reaches the surface, it erupts as lava, releasing intense heat, gases, and ash. Q. Deep within the Earth, intense heat melts rock into a semi-fluid substance called magma. R. This cooling lava hardens over time, adding new layers and gradually reshaping the landscape. S. Pressure builds as the magma rises slowly through cracks and fissures in the Earth's crust.","QSPR is the correct logical sequence: magma forms deep in the Earth (Q), then rises through cracks as pressure builds (S), erupts at the surface as lava (P), and finally cools and hardens into new rock layers (R). A (QRSP) places R (cooling lava) second, before any eruption has occurred. B (SQPR) begins with S (rising magma) before magma has even formed in the Earth (Q). C (QPSR) places P (eruption) before S (rising), reversing the order in which magma travels to the surface.",s-eng-7-1-1,easy,ai-generated,false,C,QPSR,false,3
q-eng7.1-34,ENG7.1,mc,"Arrange the following sentences in the correct logical order to describe how a volcanic eruption occurs: P. When magma finally reaches the surface, it erupts as lava, releasing intense heat, gases, and ash. Q. Deep within the Earth, intense heat melts rock into a semi-fluid substance called magma. R. This cooling lava hardens over time, adding new layers and gradually reshaping the landscape. S. Pressure builds as the magma rises slowly through cracks and fissures in the Earth's crust.","QSPR is the correct logical sequence: magma forms deep in the Earth (Q), then rises through cracks as pressure builds (S), erupts at the surface as lava (P), and finally cools and hardens into new rock layers (R). A (QRSP) places R (cooling lava) second, before any eruption has occurred. B (SQPR) begins with S (rising magma) before magma has even formed in the Earth (Q). C (QPSR) places P (eruption) before S (rising), reversing the order in which magma travels to the surface.",s-eng-7-1-1,easy,ai-generated,false,D,QSPR,true,4
q-eng7.1-35,ENG7.1,mc,"Arrange the following sentences in the correct logical order to explain how inflation affects an economy: P. As prices rise, the purchasing power of consumers declines, reducing their real income. Q. Inflation refers to the sustained increase in the general price level of goods and services. R. Central banks typically respond by raising interest rates to curb borrowing and spending. S. This monetary tightening can slow economic growth but is necessary to restore price stability.","QPRS is the correct logical sequence: inflation is first defined (Q), then its effect on consumer purchasing power explained (P), followed by the central bank's policy response (R), and finally the outcome of that tightening (S). B (PQSR) begins with P (consumer impact) before the concept has even been defined (Q), putting the effect before the cause. C (QRPS) places R (central bank response) before P (the consumer impact that motivates the response), reversing cause and effect. D (PQRS) begins with P (effect on consumers) before Q (the definition that establishes the phenomenon).",s-eng-7-1-1,medium,ai-generated,false,A,QPRS,true,1
q-eng7.1-35,ENG7.1,mc,"Arrange the following sentences in the correct logical order to explain how inflation affects an economy: P. As prices rise, the purchasing power of consumers declines, reducing their real income. Q. Inflation refers to the sustained increase in the general price level of goods and services. R. Central banks typically respond by raising interest rates to curb borrowing and spending. S. This monetary tightening can slow economic growth but is necessary to restore price stability.","QPRS is the correct logical sequence: inflation is first defined (Q), then its effect on consumer purchasing power explained (P), followed by the central bank's policy response (R), and finally the outcome of that tightening (S). B (PQSR) begins with P (consumer impact) before the concept has even been defined (Q), putting the effect before the cause. C (QRPS) places R (central bank response) before P (the consumer impact that motivates the response), reversing cause and effect. D (PQRS) begins with P (effect on consumers) before Q (the definition that establishes the phenomenon).",s-eng-7-1-1,medium,ai-generated,false,B,PQSR,false,2
q-eng7.1-35,ENG7.1,mc,"Arrange the following sentences in the correct logical order to explain how inflation affects an economy: P. As prices rise, the purchasing power of consumers declines, reducing their real income. Q. Inflation refers to the sustained increase in the general price level of goods and services. R. Central banks typically respond by raising interest rates to curb borrowing and spending. S. This monetary tightening can slow economic growth but is necessary to restore price stability.","QPRS is the correct logical sequence: inflation is first defined (Q), then its effect on consumer purchasing power explained (P), followed by the central bank's policy response (R), and finally the outcome of that tightening (S). B (PQSR) begins with P (consumer impact) before the concept has even been defined (Q), putting the effect before the cause. C (QRPS) places R (central bank response) before P (the consumer impact that motivates the response), reversing cause and effect. D (PQRS) begins with P (effect on consumers) before Q (the definition that establishes the phenomenon).",s-eng-7-1-1,medium,ai-generated,false,C,QRPS,false,3
q-eng7.1-35,ENG7.1,mc,"Arrange the following sentences in the correct logical order to explain how inflation affects an economy: P. As prices rise, the purchasing power of consumers declines, reducing their real income. Q. Inflation refers to the sustained increase in the general price level of goods and services. R. Central banks typically respond by raising interest rates to curb borrowing and spending. S. This monetary tightening can slow economic growth but is necessary to restore price stability.","QPRS is the correct logical sequence: inflation is first defined (Q), then its effect on consumer purchasing power explained (P), followed by the central bank's policy response (R), and finally the outcome of that tightening (S). B (PQSR) begins with P (consumer impact) before the concept has even been defined (Q), putting the effect before the cause. C (QRPS) places R (central bank response) before P (the consumer impact that motivates the response), reversing cause and effect. D (PQRS) begins with P (effect on consumers) before Q (the definition that establishes the phenomenon).",s-eng-7-1-1,medium,ai-generated,false,D,PQRS,false,4
q-eng7.1-36,ENG7.1,mc,"Arrange the following sentences in the correct chronological order: P. Gandhi launched the Non-Cooperation Movement in 1920, urging Indians to boycott British institutions. Q. The Indian National Congress was founded in 1885 to provide a platform for political dialogue with the British. R. The Quit India Movement of 1942 issued the most decisive demand for complete and immediate independence. S. India finally achieved independence on 15 August 1947, ending nearly two centuries of British rule.","QPRS is the correct chronological order: the INC was founded in 1885 (Q), Gandhi's Non-Cooperation Movement began in 1920 (P), the Quit India Movement took place in 1942 (R), and independence was achieved in 1947 (S). A (PQRS) begins with P (1920) before the INC's founding in 1885 (Q), reversing the first two events. C (QRPS) places R (1942) immediately after Q (1885), skipping the Non-Cooperation Movement of 1920 entirely. D (PQSR) begins with P (1920) before Q (1885) and places S (1947) before R (1942), reversing the final two events.",s-eng-7-1-1,easy,ai-generated,false,A,PQRS,false,1
q-eng7.1-36,ENG7.1,mc,"Arrange the following sentences in the correct chronological order: P. Gandhi launched the Non-Cooperation Movement in 1920, urging Indians to boycott British institutions. Q. The Indian National Congress was founded in 1885 to provide a platform for political dialogue with the British. R. The Quit India Movement of 1942 issued the most decisive demand for complete and immediate independence. S. India finally achieved independence on 15 August 1947, ending nearly two centuries of British rule.","QPRS is the correct chronological order: the INC was founded in 1885 (Q), Gandhi's Non-Cooperation Movement began in 1920 (P), the Quit India Movement took place in 1942 (R), and independence was achieved in 1947 (S). A (PQRS) begins with P (1920) before the INC's founding in 1885 (Q), reversing the first two events. C (QRPS) places R (1942) immediately after Q (1885), skipping the Non-Cooperation Movement of 1920 entirely. D (PQSR) begins with P (1920) before Q (1885) and places S (1947) before R (1942), reversing the final two events.",s-eng-7-1-1,easy,ai-generated,false,B,QPRS,true,2
q-eng7.1-36,ENG7.1,mc,"Arrange the following sentences in the correct chronological order: P. Gandhi launched the Non-Cooperation Movement in 1920, urging Indians to boycott British institutions. Q. The Indian National Congress was founded in 1885 to provide a platform for political dialogue with the British. R. The Quit India Movement of 1942 issued the most decisive demand for complete and immediate independence. S. India finally achieved independence on 15 August 1947, ending nearly two centuries of British rule.","QPRS is the correct chronological order: the INC was founded in 1885 (Q), Gandhi's Non-Cooperation Movement began in 1920 (P), the Quit India Movement took place in 1942 (R), and independence was achieved in 1947 (S). A (PQRS) begins with P (1920) before the INC's founding in 1885 (Q), reversing the first two events. C (QRPS) places R (1942) immediately after Q (1885), skipping the Non-Cooperation Movement of 1920 entirely. D (PQSR) begins with P (1920) before Q (1885) and places S (1947) before R (1942), reversing the final two events.",s-eng-7-1-1,easy,ai-generated,false,C,QRPS,false,3
q-eng7.1-36,ENG7.1,mc,"Arrange the following sentences in the correct chronological order: P. Gandhi launched the Non-Cooperation Movement in 1920, urging Indians to boycott British institutions. Q. The Indian National Congress was founded in 1885 to provide a platform for political dialogue with the British. R. The Quit India Movement of 1942 issued the most decisive demand for complete and immediate independence. S. India finally achieved independence on 15 August 1947, ending nearly two centuries of British rule.","QPRS is the correct chronological order: the INC was founded in 1885 (Q), Gandhi's Non-Cooperation Movement began in 1920 (P), the Quit India Movement took place in 1942 (R), and independence was achieved in 1947 (S). A (PQRS) begins with P (1920) before the INC's founding in 1885 (Q), reversing the first two events. C (QRPS) places R (1942) immediately after Q (1885), skipping the Non-Cooperation Movement of 1920 entirely. D (PQSR) begins with P (1920) before Q (1885) and places S (1947) before R (1942), reversing the final two events.",s-eng-7-1-1,easy,ai-generated,false,D,PQSR,false,4
q-eng7.1-37,ENG7.1,mc,"Arrange the following sentences in the correct order to describe the water cycle: P. Solar energy causes water from oceans, rivers, and lakes to evaporate and rise as water vapour. Q. The vapour rises into the atmosphere, cools, and condenses to form clouds and droplets. R. When enough moisture accumulates in the clouds, it falls back to the Earth as rain, snow, or hail. S. This water then flows back into rivers and oceans or seeps into the ground, completing the cycle.","PQRS is the correct sequence for the water cycle: evaporation occurs first (P), then condensation into clouds (Q), followed by precipitation (R), and finally the return of water to its source (S). A (QRSP) begins with Q (condensation) before evaporation (P) has produced the water vapour that condenses. B (RQPS) begins with R (precipitation) before either evaporation or condensation has occurred. D (QPSR) begins with Q (condensation) and places S between P and R, disrupting the natural evaporation-condensation-precipitation-return flow.",s-eng-7-1-1,easy,ai-generated,false,A,QRSP,false,1
q-eng7.1-37,ENG7.1,mc,"Arrange the following sentences in the correct order to describe the water cycle: P. Solar energy causes water from oceans, rivers, and lakes to evaporate and rise as water vapour. Q. The vapour rises into the atmosphere, cools, and condenses to form clouds and droplets. R. When enough moisture accumulates in the clouds, it falls back to the Earth as rain, snow, or hail. S. This water then flows back into rivers and oceans or seeps into the ground, completing the cycle.","PQRS is the correct sequence for the water cycle: evaporation occurs first (P), then condensation into clouds (Q), followed by precipitation (R), and finally the return of water to its source (S). A (QRSP) begins with Q (condensation) before evaporation (P) has produced the water vapour that condenses. B (RQPS) begins with R (precipitation) before either evaporation or condensation has occurred. D (QPSR) begins with Q (condensation) and places S between P and R, disrupting the natural evaporation-condensation-precipitation-return flow.",s-eng-7-1-1,easy,ai-generated,false,B,RQPS,false,2
q-eng7.1-37,ENG7.1,mc,"Arrange the following sentences in the correct order to describe the water cycle: P. Solar energy causes water from oceans, rivers, and lakes to evaporate and rise as water vapour. Q. The vapour rises into the atmosphere, cools, and condenses to form clouds and droplets. R. When enough moisture accumulates in the clouds, it falls back to the Earth as rain, snow, or hail. S. This water then flows back into rivers and oceans or seeps into the ground, completing the cycle.","PQRS is the correct sequence for the water cycle: evaporation occurs first (P), then condensation into clouds (Q), followed by precipitation (R), and finally the return of water to its source (S). A (QRSP) begins with Q (condensation) before evaporation (P) has produced the water vapour that condenses. B (RQPS) begins with R (precipitation) before either evaporation or condensation has occurred. D (QPSR) begins with Q (condensation) and places S between P and R, disrupting the natural evaporation-condensation-precipitation-return flow.",s-eng-7-1-1,easy,ai-generated,false,C,PQRS,true,3
q-eng7.1-37,ENG7.1,mc,"Arrange the following sentences in the correct order to describe the water cycle: P. Solar energy causes water from oceans, rivers, and lakes to evaporate and rise as water vapour. Q. The vapour rises into the atmosphere, cools, and condenses to form clouds and droplets. R. When enough moisture accumulates in the clouds, it falls back to the Earth as rain, snow, or hail. S. This water then flows back into rivers and oceans or seeps into the ground, completing the cycle.","PQRS is the correct sequence for the water cycle: evaporation occurs first (P), then condensation into clouds (Q), followed by precipitation (R), and finally the return of water to its source (S). A (QRSP) begins with Q (condensation) before evaporation (P) has produced the water vapour that condenses. B (RQPS) begins with R (precipitation) before either evaporation or condensation has occurred. D (QPSR) begins with Q (condensation) and places S between P and R, disrupting the natural evaporation-condensation-precipitation-return flow.",s-eng-7-1-1,easy,ai-generated,false,D,QPSR,false,4
q-eng7.1-38,ENG7.1,mc,"Arrange the following sentences in the correct logical order to describe the steps of the scientific method: P. A researcher formulates a hypothesis — a testable explanation — based on the observations made. Q. A scientist begins by carefully observing a phenomenon and identifying a specific problem to investigate. R. The findings are analyzed and conclusions are drawn, either supporting or disproving the hypothesis. S. Controlled experiments are then designed and conducted to test the hypothesis systematically.","QPSR is the correct logical sequence: observation (Q) is the starting point of the scientific method, followed by hypothesis formulation (P), then designing and conducting experiments (S), and finally analyzing results (R). A (PQSR) begins with P (hypothesis) before observation (Q), skipping the crucial first step from which the hypothesis is derived. B (QPRS) places R (analysis) before S (experimentation), meaning results are analyzed before the experiment is even conducted. C (PQRS) begins with P (hypothesis) and then Q (observation), reversing the two fundamental opening steps.",s-eng-7-1-1,medium,ai-generated,false,A,PQSR,false,1
q-eng7.1-38,ENG7.1,mc,"Arrange the following sentences in the correct logical order to describe the steps of the scientific method: P. A researcher formulates a hypothesis — a testable explanation — based on the observations made. Q. A scientist begins by carefully observing a phenomenon and identifying a specific problem to investigate. R. The findings are analyzed and conclusions are drawn, either supporting or disproving the hypothesis. S. Controlled experiments are then designed and conducted to test the hypothesis systematically.","QPSR is the correct logical sequence: observation (Q) is the starting point of the scientific method, followed by hypothesis formulation (P), then designing and conducting experiments (S), and finally analyzing results (R). A (PQSR) begins with P (hypothesis) before observation (Q), skipping the crucial first step from which the hypothesis is derived. B (QPRS) places R (analysis) before S (experimentation), meaning results are analyzed before the experiment is even conducted. C (PQRS) begins with P (hypothesis) and then Q (observation), reversing the two fundamental opening steps.",s-eng-7-1-1,medium,ai-generated,false,B,QPRS,false,2
q-eng7.1-38,ENG7.1,mc,"Arrange the following sentences in the correct logical order to describe the steps of the scientific method: P. A researcher formulates a hypothesis — a testable explanation — based on the observations made. Q. A scientist begins by carefully observing a phenomenon and identifying a specific problem to investigate. R. The findings are analyzed and conclusions are drawn, either supporting or disproving the hypothesis. S. Controlled experiments are then designed and conducted to test the hypothesis systematically.","QPSR is the correct logical sequence: observation (Q) is the starting point of the scientific method, followed by hypothesis formulation (P), then designing and conducting experiments (S), and finally analyzing results (R). A (PQSR) begins with P (hypothesis) before observation (Q), skipping the crucial first step from which the hypothesis is derived. B (QPRS) places R (analysis) before S (experimentation), meaning results are analyzed before the experiment is even conducted. C (PQRS) begins with P (hypothesis) and then Q (observation), reversing the two fundamental opening steps.",s-eng-7-1-1,medium,ai-generated,false,C,PQRS,false,3
q-eng7.1-38,ENG7.1,mc,"Arrange the following sentences in the correct logical order to describe the steps of the scientific method: P. A researcher formulates a hypothesis — a testable explanation — based on the observations made. Q. A scientist begins by carefully observing a phenomenon and identifying a specific problem to investigate. R. The findings are analyzed and conclusions are drawn, either supporting or disproving the hypothesis. S. Controlled experiments are then designed and conducted to test the hypothesis systematically.","QPSR is the correct logical sequence: observation (Q) is the starting point of the scientific method, followed by hypothesis formulation (P), then designing and conducting experiments (S), and finally analyzing results (R). A (PQSR) begins with P (hypothesis) before observation (Q), skipping the crucial first step from which the hypothesis is derived. B (QPRS) places R (analysis) before S (experimentation), meaning results are analyzed before the experiment is even conducted. C (PQRS) begins with P (hypothesis) and then Q (observation), reversing the two fundamental opening steps.",s-eng-7-1-1,medium,ai-generated,false,D,QPSR,true,4
q-eng7.1-39,ENG7.1,mc,"Arrange the following sentences in the correct chronological order: P. In the 1990s, the World Wide Web made the internet accessible to the general public worldwide. Q. ARPANET, developed in the late 1960s by the U.S. Department of Defense, was the precursor to the modern internet. R. High-speed broadband and mobile internet in the 2000s transformed global connectivity and e-commerce. S. Today, the internet connects billions of devices through cloud computing, social media, and the Internet of Things.","QPRS is the correct chronological order: ARPANET in the 1960s (Q) preceded the World Wide Web in the 1990s (P), which was followed by broadband in the 2000s (R), leading to the hyper-connected world of today (S). B (PQSR) begins with P (1990s WWW) before ARPANET (Q) in the 1960s, reversing the earliest two milestones. C (QSRP) places S (today) second in the sequence, completely disrupting the chronological order. D (PQRS) begins with P (1990s) before Q (1960s), placing the World Wide Web before the network that made it possible.",s-eng-7-1-1,medium,ai-generated,false,A,QPRS,true,1
q-eng7.1-39,ENG7.1,mc,"Arrange the following sentences in the correct chronological order: P. In the 1990s, the World Wide Web made the internet accessible to the general public worldwide. Q. ARPANET, developed in the late 1960s by the U.S. Department of Defense, was the precursor to the modern internet. R. High-speed broadband and mobile internet in the 2000s transformed global connectivity and e-commerce. S. Today, the internet connects billions of devices through cloud computing, social media, and the Internet of Things.","QPRS is the correct chronological order: ARPANET in the 1960s (Q) preceded the World Wide Web in the 1990s (P), which was followed by broadband in the 2000s (R), leading to the hyper-connected world of today (S). B (PQSR) begins with P (1990s WWW) before ARPANET (Q) in the 1960s, reversing the earliest two milestones. C (QSRP) places S (today) second in the sequence, completely disrupting the chronological order. D (PQRS) begins with P (1990s) before Q (1960s), placing the World Wide Web before the network that made it possible.",s-eng-7-1-1,medium,ai-generated,false,B,PQSR,false,2
q-eng7.1-39,ENG7.1,mc,"Arrange the following sentences in the correct chronological order: P. In the 1990s, the World Wide Web made the internet accessible to the general public worldwide. Q. ARPANET, developed in the late 1960s by the U.S. Department of Defense, was the precursor to the modern internet. R. High-speed broadband and mobile internet in the 2000s transformed global connectivity and e-commerce. S. Today, the internet connects billions of devices through cloud computing, social media, and the Internet of Things.","QPRS is the correct chronological order: ARPANET in the 1960s (Q) preceded the World Wide Web in the 1990s (P), which was followed by broadband in the 2000s (R), leading to the hyper-connected world of today (S). B (PQSR) begins with P (1990s WWW) before ARPANET (Q) in the 1960s, reversing the earliest two milestones. C (QSRP) places S (today) second in the sequence, completely disrupting the chronological order. D (PQRS) begins with P (1990s) before Q (1960s), placing the World Wide Web before the network that made it possible.",s-eng-7-1-1,medium,ai-generated,false,C,QSRP,false,3
q-eng7.1-39,ENG7.1,mc,"Arrange the following sentences in the correct chronological order: P. In the 1990s, the World Wide Web made the internet accessible to the general public worldwide. Q. ARPANET, developed in the late 1960s by the U.S. Department of Defense, was the precursor to the modern internet. R. High-speed broadband and mobile internet in the 2000s transformed global connectivity and e-commerce. S. Today, the internet connects billions of devices through cloud computing, social media, and the Internet of Things.","QPRS is the correct chronological order: ARPANET in the 1960s (Q) preceded the World Wide Web in the 1990s (P), which was followed by broadband in the 2000s (R), leading to the hyper-connected world of today (S). B (PQSR) begins with P (1990s WWW) before ARPANET (Q) in the 1960s, reversing the earliest two milestones. C (QSRP) places S (today) second in the sequence, completely disrupting the chronological order. D (PQRS) begins with P (1990s) before Q (1960s), placing the World Wide Web before the network that made it possible.",s-eng-7-1-1,medium,ai-generated,false,D,PQRS,false,4
q-eng7.1-40,ENG7.1,mc,"Arrange the following sentences in the correct logical order to describe how a tree grows from a seed: P. The seedling develops a root system that anchors it in the soil and absorbs water and nutrients. Q. A seed falls to the ground and, given adequate moisture and warmth, begins to germinate and sprout. R. Over years, the sapling grows taller, develops a thick trunk, and spreads a leafy canopy for photosynthesis. S. Eventually, the mature tree flowers, produces seeds of its own, and the life cycle begins anew.","QPRS is the correct logical sequence: germination (Q) is the starting point, followed by root development (P), then the sapling growing into a mature tree (R), and finally seed production that closes the life cycle (S). A (PQRS) begins with P (root development) before germination (Q), placing root growth before a plant has even sprouted. C (PRQS) places R (sapling growth) before P (root development), skipping the root system that makes such growth possible. D (QSRP) jumps from germination (Q) directly to seed production (S), omitting the decades of growth as sapling and tree.",s-eng-7-1-1,easy,ai-generated,false,A,PQRS,false,1
q-eng7.1-40,ENG7.1,mc,"Arrange the following sentences in the correct logical order to describe how a tree grows from a seed: P. The seedling develops a root system that anchors it in the soil and absorbs water and nutrients. Q. A seed falls to the ground and, given adequate moisture and warmth, begins to germinate and sprout. R. Over years, the sapling grows taller, develops a thick trunk, and spreads a leafy canopy for photosynthesis. S. Eventually, the mature tree flowers, produces seeds of its own, and the life cycle begins anew.","QPRS is the correct logical sequence: germination (Q) is the starting point, followed by root development (P), then the sapling growing into a mature tree (R), and finally seed production that closes the life cycle (S). A (PQRS) begins with P (root development) before germination (Q), placing root growth before a plant has even sprouted. C (PRQS) places R (sapling growth) before P (root development), skipping the root system that makes such growth possible. D (QSRP) jumps from germination (Q) directly to seed production (S), omitting the decades of growth as sapling and tree.",s-eng-7-1-1,easy,ai-generated,false,B,QPRS,true,2
q-eng7.1-40,ENG7.1,mc,"Arrange the following sentences in the correct logical order to describe how a tree grows from a seed: P. The seedling develops a root system that anchors it in the soil and absorbs water and nutrients. Q. A seed falls to the ground and, given adequate moisture and warmth, begins to germinate and sprout. R. Over years, the sapling grows taller, develops a thick trunk, and spreads a leafy canopy for photosynthesis. S. Eventually, the mature tree flowers, produces seeds of its own, and the life cycle begins anew.","QPRS is the correct logical sequence: germination (Q) is the starting point, followed by root development (P), then the sapling growing into a mature tree (R), and finally seed production that closes the life cycle (S). A (PQRS) begins with P (root development) before germination (Q), placing root growth before a plant has even sprouted. C (PRQS) places R (sapling growth) before P (root development), skipping the root system that makes such growth possible. D (QSRP) jumps from germination (Q) directly to seed production (S), omitting the decades of growth as sapling and tree.",s-eng-7-1-1,easy,ai-generated,false,C,PRQS,false,3
q-eng7.1-40,ENG7.1,mc,"Arrange the following sentences in the correct logical order to describe how a tree grows from a seed: P. The seedling develops a root system that anchors it in the soil and absorbs water and nutrients. Q. A seed falls to the ground and, given adequate moisture and warmth, begins to germinate and sprout. R. Over years, the sapling grows taller, develops a thick trunk, and spreads a leafy canopy for photosynthesis. S. Eventually, the mature tree flowers, produces seeds of its own, and the life cycle begins anew.","QPRS is the correct logical sequence: germination (Q) is the starting point, followed by root development (P), then the sapling growing into a mature tree (R), and finally seed production that closes the life cycle (S). A (PQRS) begins with P (root development) before germination (Q), placing root growth before a plant has even sprouted. C (PRQS) places R (sapling growth) before P (root development), skipping the root system that makes such growth possible. D (QSRP) jumps from germination (Q) directly to seed production (S), omitting the decades of growth as sapling and tree.",s-eng-7-1-1,easy,ai-generated,false,D,QSRP,false,4
q-eng7.1-41,ENG7.1,mc,"The sentences below form a coherent paragraph when correctly arranged. Choose the correct order. P. The construction of metro rail networks has fundamentally changed commuting in major Indian cities. Q. However, the high cost of metro tickets remains a barrier for daily wage workers. R. The government has since introduced subsidised passes to make the service more affordable. S. This has encouraged millions of office workers to shift from private vehicles to public transport.","PSQR is the correct order. P introduces the metro network. S ('This has encouraged...') — 'this' refers to P's claim about changing commuting. Q ('However, the high cost...') contrasts S's positive picture with a barrier. R ('The government has since introduced...') responds to the problem raised in Q. A (PQSR) places Q before S, introducing the cost barrier before the benefit has been established. C (PRQS) places R second, before Q has raised the barrier that motivated the policy response. D (SPQR) begins with S, whose pronoun 'this' has no antecedent yet.",s-eng-7-1-2,medium,ai-generated,false,A,PQSR,false,1
q-eng7.1-41,ENG7.1,mc,"The sentences below form a coherent paragraph when correctly arranged. Choose the correct order. P. The construction of metro rail networks has fundamentally changed commuting in major Indian cities. Q. However, the high cost of metro tickets remains a barrier for daily wage workers. R. The government has since introduced subsidised passes to make the service more affordable. S. This has encouraged millions of office workers to shift from private vehicles to public transport.","PSQR is the correct order. P introduces the metro network. S ('This has encouraged...') — 'this' refers to P's claim about changing commuting. Q ('However, the high cost...') contrasts S's positive picture with a barrier. R ('The government has since introduced...') responds to the problem raised in Q. A (PQSR) places Q before S, introducing the cost barrier before the benefit has been established. C (PRQS) places R second, before Q has raised the barrier that motivated the policy response. D (SPQR) begins with S, whose pronoun 'this' has no antecedent yet.",s-eng-7-1-2,medium,ai-generated,false,B,PSQR,true,2
q-eng7.1-41,ENG7.1,mc,"The sentences below form a coherent paragraph when correctly arranged. Choose the correct order. P. The construction of metro rail networks has fundamentally changed commuting in major Indian cities. Q. However, the high cost of metro tickets remains a barrier for daily wage workers. R. The government has since introduced subsidised passes to make the service more affordable. S. This has encouraged millions of office workers to shift from private vehicles to public transport.","PSQR is the correct order. P introduces the metro network. S ('This has encouraged...') — 'this' refers to P's claim about changing commuting. Q ('However, the high cost...') contrasts S's positive picture with a barrier. R ('The government has since introduced...') responds to the problem raised in Q. A (PQSR) places Q before S, introducing the cost barrier before the benefit has been established. C (PRQS) places R second, before Q has raised the barrier that motivated the policy response. D (SPQR) begins with S, whose pronoun 'this' has no antecedent yet.",s-eng-7-1-2,medium,ai-generated,false,C,PRQS,false,3
q-eng7.1-41,ENG7.1,mc,"The sentences below form a coherent paragraph when correctly arranged. Choose the correct order. P. The construction of metro rail networks has fundamentally changed commuting in major Indian cities. Q. However, the high cost of metro tickets remains a barrier for daily wage workers. R. The government has since introduced subsidised passes to make the service more affordable. S. This has encouraged millions of office workers to shift from private vehicles to public transport.","PSQR is the correct order. P introduces the metro network. S ('This has encouraged...') — 'this' refers to P's claim about changing commuting. Q ('However, the high cost...') contrasts S's positive picture with a barrier. R ('The government has since introduced...') responds to the problem raised in Q. A (PQSR) places Q before S, introducing the cost barrier before the benefit has been established. C (PRQS) places R second, before Q has raised the barrier that motivated the policy response. D (SPQR) begins with S, whose pronoun 'this' has no antecedent yet.",s-eng-7-1-2,medium,ai-generated,false,D,SPQR,false,4
q-eng7.1-42,ENG7.1,mc,"The sentences below form a coherent paragraph when correctly arranged. Choose the correct order. P. Online learning platforms have proliferated rapidly since the COVID-19 pandemic. Q. Such platforms offer courses in subjects ranging from coding to classical music. R. Critics argue, however, that this mode of learning lacks the social dimension of classroom interaction. S. Despite this criticism, enrolment figures have continued to rise year after year.","PQRS is the correct order. P establishes online platforms as the subject. Q ('Such platforms') directly references the platforms introduced in P. R ('this mode of learning') refers to Q's description and introduces a contrast with 'however'. S ('this criticism') refers to R's critique; 'despite' signals it has not slowed growth. B (QRSP) begins with Q, whose phrase 'such platforms' has no antecedent. C (PRQS) places R before Q, using 'this mode of learning' before any mode has been described in Q. D (QPRS) begins with Q before P has introduced the platforms that Q's 'such platforms' refers to.",s-eng-7-1-2,medium,ai-generated,false,A,PQRS,true,1
q-eng7.1-42,ENG7.1,mc,"The sentences below form a coherent paragraph when correctly arranged. Choose the correct order. P. Online learning platforms have proliferated rapidly since the COVID-19 pandemic. Q. Such platforms offer courses in subjects ranging from coding to classical music. R. Critics argue, however, that this mode of learning lacks the social dimension of classroom interaction. S. Despite this criticism, enrolment figures have continued to rise year after year.","PQRS is the correct order. P establishes online platforms as the subject. Q ('Such platforms') directly references the platforms introduced in P. R ('this mode of learning') refers to Q's description and introduces a contrast with 'however'. S ('this criticism') refers to R's critique; 'despite' signals it has not slowed growth. B (QRSP) begins with Q, whose phrase 'such platforms' has no antecedent. C (PRQS) places R before Q, using 'this mode of learning' before any mode has been described in Q. D (QPRS) begins with Q before P has introduced the platforms that Q's 'such platforms' refers to.",s-eng-7-1-2,medium,ai-generated,false,B,QRSP,false,2
q-eng7.1-42,ENG7.1,mc,"The sentences below form a coherent paragraph when correctly arranged. Choose the correct order. P. Online learning platforms have proliferated rapidly since the COVID-19 pandemic. Q. Such platforms offer courses in subjects ranging from coding to classical music. R. Critics argue, however, that this mode of learning lacks the social dimension of classroom interaction. S. Despite this criticism, enrolment figures have continued to rise year after year.","PQRS is the correct order. P establishes online platforms as the subject. Q ('Such platforms') directly references the platforms introduced in P. R ('this mode of learning') refers to Q's description and introduces a contrast with 'however'. S ('this criticism') refers to R's critique; 'despite' signals it has not slowed growth. B (QRSP) begins with Q, whose phrase 'such platforms' has no antecedent. C (PRQS) places R before Q, using 'this mode of learning' before any mode has been described in Q. D (QPRS) begins with Q before P has introduced the platforms that Q's 'such platforms' refers to.",s-eng-7-1-2,medium,ai-generated,false,C,PRQS,false,3
q-eng7.1-42,ENG7.1,mc,"The sentences below form a coherent paragraph when correctly arranged. Choose the correct order. P. Online learning platforms have proliferated rapidly since the COVID-19 pandemic. Q. Such platforms offer courses in subjects ranging from coding to classical music. R. Critics argue, however, that this mode of learning lacks the social dimension of classroom interaction. S. Despite this criticism, enrolment figures have continued to rise year after year.","PQRS is the correct order. P establishes online platforms as the subject. Q ('Such platforms') directly references the platforms introduced in P. R ('this mode of learning') refers to Q's description and introduces a contrast with 'however'. S ('this criticism') refers to R's critique; 'despite' signals it has not slowed growth. B (QRSP) begins with Q, whose phrase 'such platforms' has no antecedent. C (PRQS) places R before Q, using 'this mode of learning' before any mode has been described in Q. D (QPRS) begins with Q before P has introduced the platforms that Q's 'such platforms' refers to.",s-eng-7-1-2,medium,ai-generated,false,D,QPRS,false,4
q-eng7.1-43,ENG7.1,mc,"The sentences below form a coherent paragraph when correctly arranged. Choose the correct order. P. Several merchants have since reported a dramatic decline in cash transactions. Q. The shift began after the government launched a nationwide campaign promoting digital payments. R. This campaign was backed by significant investments in mobile banking infrastructure. S. As a result, even small roadside vendors now accept payments via QR codes.","QRSP is the correct order. Q establishes the government campaign as the starting point. R ('This campaign') directly references Q's campaign. S ('As a result') follows from R's infrastructure investment — the outcome is QR-code adoption. P ('Several merchants have since reported a decline in cash') is the broad economic outcome that concludes the chain. A (PQRS) begins with P (the end result) before any cause is established. B (QSRP) places S before R, putting the result of infrastructure investment before the infrastructure has been mentioned. D (RQSP) begins with R, whose phrase 'this campaign' has no prior antecedent.",s-eng-7-1-2,medium,ai-generated,false,A,PQRS,false,1
q-eng7.1-43,ENG7.1,mc,"The sentences below form a coherent paragraph when correctly arranged. Choose the correct order. P. Several merchants have since reported a dramatic decline in cash transactions. Q. The shift began after the government launched a nationwide campaign promoting digital payments. R. This campaign was backed by significant investments in mobile banking infrastructure. S. As a result, even small roadside vendors now accept payments via QR codes.","QRSP is the correct order. Q establishes the government campaign as the starting point. R ('This campaign') directly references Q's campaign. S ('As a result') follows from R's infrastructure investment — the outcome is QR-code adoption. P ('Several merchants have since reported a decline in cash') is the broad economic outcome that concludes the chain. A (PQRS) begins with P (the end result) before any cause is established. B (QSRP) places S before R, putting the result of infrastructure investment before the infrastructure has been mentioned. D (RQSP) begins with R, whose phrase 'this campaign' has no prior antecedent.",s-eng-7-1-2,medium,ai-generated,false,B,QSRP,false,2
q-eng7.1-43,ENG7.1,mc,"The sentences below form a coherent paragraph when correctly arranged. Choose the correct order. P. Several merchants have since reported a dramatic decline in cash transactions. Q. The shift began after the government launched a nationwide campaign promoting digital payments. R. This campaign was backed by significant investments in mobile banking infrastructure. S. As a result, even small roadside vendors now accept payments via QR codes.","QRSP is the correct order. Q establishes the government campaign as the starting point. R ('This campaign') directly references Q's campaign. S ('As a result') follows from R's infrastructure investment — the outcome is QR-code adoption. P ('Several merchants have since reported a decline in cash') is the broad economic outcome that concludes the chain. A (PQRS) begins with P (the end result) before any cause is established. B (QSRP) places S before R, putting the result of infrastructure investment before the infrastructure has been mentioned. D (RQSP) begins with R, whose phrase 'this campaign' has no prior antecedent.",s-eng-7-1-2,medium,ai-generated,false,C,QRSP,true,3
q-eng7.1-43,ENG7.1,mc,"The sentences below form a coherent paragraph when correctly arranged. Choose the correct order. P. Several merchants have since reported a dramatic decline in cash transactions. Q. The shift began after the government launched a nationwide campaign promoting digital payments. R. This campaign was backed by significant investments in mobile banking infrastructure. S. As a result, even small roadside vendors now accept payments via QR codes.","QRSP is the correct order. Q establishes the government campaign as the starting point. R ('This campaign') directly references Q's campaign. S ('As a result') follows from R's infrastructure investment — the outcome is QR-code adoption. P ('Several merchants have since reported a decline in cash') is the broad economic outcome that concludes the chain. A (PQRS) begins with P (the end result) before any cause is established. B (QSRP) places S before R, putting the result of infrastructure investment before the infrastructure has been mentioned. D (RQSP) begins with R, whose phrase 'this campaign' has no prior antecedent.",s-eng-7-1-2,medium,ai-generated,false,D,RQSP,false,4
q-eng7.1-44,ENG7.1,mc,"The sentences below form a coherent paragraph when correctly arranged. Choose the correct order. P. These institutions also serve as community hubs where people gather for cultural events and workshops. Q. Public libraries are far more than mere repositories of books. R. They provide free internet access to those who cannot afford it at home. S. Moreover, they offer career guidance services and job-placement support.","QRSP is the correct order. Q makes the broad opening claim that libraries are 'far more than repositories'. R ('They provide') gives the first supporting detail, with 'they' requiring Q to establish libraries as the subject. S ('Moreover, they offer') adds a second detail; 'moreover' signals an addition. P ('These institutions also serve') adds a third, broader point; 'also' confirms it is a further addition after S. A (RQSP) begins with R, but R's pronoun 'they' requires Q to establish 'libraries' first. B (QRPS) places P before S, but P's 'these institutions also' reads as a closing addition and fits better after S's 'moreover'. D (PQRS) begins with P, whose phrase 'these institutions' has no prior reference.",s-eng-7-1-2,easy,ai-generated,false,A,RQSP,false,1
q-eng7.1-44,ENG7.1,mc,"The sentences below form a coherent paragraph when correctly arranged. Choose the correct order. P. These institutions also serve as community hubs where people gather for cultural events and workshops. Q. Public libraries are far more than mere repositories of books. R. They provide free internet access to those who cannot afford it at home. S. Moreover, they offer career guidance services and job-placement support.","QRSP is the correct order. Q makes the broad opening claim that libraries are 'far more than repositories'. R ('They provide') gives the first supporting detail, with 'they' requiring Q to establish libraries as the subject. S ('Moreover, they offer') adds a second detail; 'moreover' signals an addition. P ('These institutions also serve') adds a third, broader point; 'also' confirms it is a further addition after S. A (RQSP) begins with R, but R's pronoun 'they' requires Q to establish 'libraries' first. B (QRPS) places P before S, but P's 'these institutions also' reads as a closing addition and fits better after S's 'moreover'. D (PQRS) begins with P, whose phrase 'these institutions' has no prior reference.",s-eng-7-1-2,easy,ai-generated,false,B,QRPS,false,2
q-eng7.1-44,ENG7.1,mc,"The sentences below form a coherent paragraph when correctly arranged. Choose the correct order. P. These institutions also serve as community hubs where people gather for cultural events and workshops. Q. Public libraries are far more than mere repositories of books. R. They provide free internet access to those who cannot afford it at home. S. Moreover, they offer career guidance services and job-placement support.","QRSP is the correct order. Q makes the broad opening claim that libraries are 'far more than repositories'. R ('They provide') gives the first supporting detail, with 'they' requiring Q to establish libraries as the subject. S ('Moreover, they offer') adds a second detail; 'moreover' signals an addition. P ('These institutions also serve') adds a third, broader point; 'also' confirms it is a further addition after S. A (RQSP) begins with R, but R's pronoun 'they' requires Q to establish 'libraries' first. B (QRPS) places P before S, but P's 'these institutions also' reads as a closing addition and fits better after S's 'moreover'. D (PQRS) begins with P, whose phrase 'these institutions' has no prior reference.",s-eng-7-1-2,easy,ai-generated,false,C,QRSP,true,3
q-eng7.1-44,ENG7.1,mc,"The sentences below form a coherent paragraph when correctly arranged. Choose the correct order. P. These institutions also serve as community hubs where people gather for cultural events and workshops. Q. Public libraries are far more than mere repositories of books. R. They provide free internet access to those who cannot afford it at home. S. Moreover, they offer career guidance services and job-placement support.","QRSP is the correct order. Q makes the broad opening claim that libraries are 'far more than repositories'. R ('They provide') gives the first supporting detail, with 'they' requiring Q to establish libraries as the subject. S ('Moreover, they offer') adds a second detail; 'moreover' signals an addition. P ('These institutions also serve') adds a third, broader point; 'also' confirms it is a further addition after S. A (RQSP) begins with R, but R's pronoun 'they' requires Q to establish 'libraries' first. B (QRPS) places P before S, but P's 'these institutions also' reads as a closing addition and fits better after S's 'moreover'. D (PQRS) begins with P, whose phrase 'these institutions' has no prior reference.",s-eng-7-1-2,easy,ai-generated,false,D,PQRS,false,4
q-eng7.1-45,ENG7.1,mc,"The sentences below form a coherent paragraph when correctly arranged. Choose the correct order. P. Researchers believe this cognitive decline is directly linked to prolonged sleep deficit. Q. A study published in a leading medical journal tracked 5,000 adults over 25 years. R. It found that those who consistently slept fewer than six hours had a 40% higher risk of developing dementia. S. Chronic sleep deprivation is increasingly recognised as a major threat to long-term brain health.","SQRP is the correct order. S makes the broad general claim about sleep deprivation and brain health. Q ('A study... tracked') introduces specific evidence supporting S. R ('It found') — 'it' refers to the study in Q — reports the specific finding. P ('this cognitive decline') refers to the dementia finding in R, drawing a researcher's conclusion. A (QRSP) begins with Q (a specific study) before S has framed the general topic that the study supports. B (SRQP) places R before Q, but 'it found' requires Q's study as its antecedent — R cannot precede Q. C (QRPS) begins with Q before the framing sentence S and places P before R, making 'this cognitive decline' appear before the dementia risk in R has been stated.",s-eng-7-1-2,hard,ai-generated,false,A,QRSP,false,1
q-eng7.1-45,ENG7.1,mc,"The sentences below form a coherent paragraph when correctly arranged. Choose the correct order. P. Researchers believe this cognitive decline is directly linked to prolonged sleep deficit. Q. A study published in a leading medical journal tracked 5,000 adults over 25 years. R. It found that those who consistently slept fewer than six hours had a 40% higher risk of developing dementia. S. Chronic sleep deprivation is increasingly recognised as a major threat to long-term brain health.","SQRP is the correct order. S makes the broad general claim about sleep deprivation and brain health. Q ('A study... tracked') introduces specific evidence supporting S. R ('It found') — 'it' refers to the study in Q — reports the specific finding. P ('this cognitive decline') refers to the dementia finding in R, drawing a researcher's conclusion. A (QRSP) begins with Q (a specific study) before S has framed the general topic that the study supports. B (SRQP) places R before Q, but 'it found' requires Q's study as its antecedent — R cannot precede Q. C (QRPS) begins with Q before the framing sentence S and places P before R, making 'this cognitive decline' appear before the dementia risk in R has been stated.",s-eng-7-1-2,hard,ai-generated,false,B,SRQP,false,2
q-eng7.1-45,ENG7.1,mc,"The sentences below form a coherent paragraph when correctly arranged. Choose the correct order. P. Researchers believe this cognitive decline is directly linked to prolonged sleep deficit. Q. A study published in a leading medical journal tracked 5,000 adults over 25 years. R. It found that those who consistently slept fewer than six hours had a 40% higher risk of developing dementia. S. Chronic sleep deprivation is increasingly recognised as a major threat to long-term brain health.","SQRP is the correct order. S makes the broad general claim about sleep deprivation and brain health. Q ('A study... tracked') introduces specific evidence supporting S. R ('It found') — 'it' refers to the study in Q — reports the specific finding. P ('this cognitive decline') refers to the dementia finding in R, drawing a researcher's conclusion. A (QRSP) begins with Q (a specific study) before S has framed the general topic that the study supports. B (SRQP) places R before Q, but 'it found' requires Q's study as its antecedent — R cannot precede Q. C (QRPS) begins with Q before the framing sentence S and places P before R, making 'this cognitive decline' appear before the dementia risk in R has been stated.",s-eng-7-1-2,hard,ai-generated,false,C,QRPS,false,3
q-eng7.1-45,ENG7.1,mc,"The sentences below form a coherent paragraph when correctly arranged. Choose the correct order. P. Researchers believe this cognitive decline is directly linked to prolonged sleep deficit. Q. A study published in a leading medical journal tracked 5,000 adults over 25 years. R. It found that those who consistently slept fewer than six hours had a 40% higher risk of developing dementia. S. Chronic sleep deprivation is increasingly recognised as a major threat to long-term brain health.","SQRP is the correct order. S makes the broad general claim about sleep deprivation and brain health. Q ('A study... tracked') introduces specific evidence supporting S. R ('It found') — 'it' refers to the study in Q — reports the specific finding. P ('this cognitive decline') refers to the dementia finding in R, drawing a researcher's conclusion. A (QRSP) begins with Q (a specific study) before S has framed the general topic that the study supports. B (SRQP) places R before Q, but 'it found' requires Q's study as its antecedent — R cannot precede Q. C (QRPS) begins with Q before the framing sentence S and places P before R, making 'this cognitive decline' appear before the dementia risk in R has been stated.",s-eng-7-1-2,hard,ai-generated,false,D,SQRP,true,4
q-eng7.1-46,ENG7.1,mc,"The sentences below form a coherent paragraph when correctly arranged. Choose the correct order. P. Wind and solar installations are now being commissioned in remote areas previously dependent on diesel generators. Q. India's renewable energy capacity has expanded at a remarkable pace over the past decade. R. This growth has been fuelled by government subsidies, falling equipment costs, and private investment. S. As a result, millions of rural households are gaining access to reliable electricity for the first time.","QRPS is the correct order. Q establishes India's expanding renewable energy capacity. R ('This growth') directly refers to Q's expansion and explains its drivers. P gives a concrete example of that expansion (remote-area installations). S ('As a result') draws the consequence of P's installations — rural households gaining electricity. B (QPRS) places P before R, but 'this growth' in R works better immediately after Q's general claim, before the specific example P. C (RQPS) begins with R, whose phrase 'this growth' has no antecedent. D (QRSP) places S before P, putting the consequence (rural access) before the installations that cause it.",s-eng-7-1-2,medium,ai-generated,false,A,QRPS,true,1
q-eng7.1-46,ENG7.1,mc,"The sentences below form a coherent paragraph when correctly arranged. Choose the correct order. P. Wind and solar installations are now being commissioned in remote areas previously dependent on diesel generators. Q. India's renewable energy capacity has expanded at a remarkable pace over the past decade. R. This growth has been fuelled by government subsidies, falling equipment costs, and private investment. S. As a result, millions of rural households are gaining access to reliable electricity for the first time.","QRPS is the correct order. Q establishes India's expanding renewable energy capacity. R ('This growth') directly refers to Q's expansion and explains its drivers. P gives a concrete example of that expansion (remote-area installations). S ('As a result') draws the consequence of P's installations — rural households gaining electricity. B (QPRS) places P before R, but 'this growth' in R works better immediately after Q's general claim, before the specific example P. C (RQPS) begins with R, whose phrase 'this growth' has no antecedent. D (QRSP) places S before P, putting the consequence (rural access) before the installations that cause it.",s-eng-7-1-2,medium,ai-generated,false,B,QPRS,false,2
q-eng7.1-46,ENG7.1,mc,"The sentences below form a coherent paragraph when correctly arranged. Choose the correct order. P. Wind and solar installations are now being commissioned in remote areas previously dependent on diesel generators. Q. India's renewable energy capacity has expanded at a remarkable pace over the past decade. R. This growth has been fuelled by government subsidies, falling equipment costs, and private investment. S. As a result, millions of rural households are gaining access to reliable electricity for the first time.","QRPS is the correct order. Q establishes India's expanding renewable energy capacity. R ('This growth') directly refers to Q's expansion and explains its drivers. P gives a concrete example of that expansion (remote-area installations). S ('As a result') draws the consequence of P's installations — rural households gaining electricity. B (QPRS) places P before R, but 'this growth' in R works better immediately after Q's general claim, before the specific example P. C (RQPS) begins with R, whose phrase 'this growth' has no antecedent. D (QRSP) places S before P, putting the consequence (rural access) before the installations that cause it.",s-eng-7-1-2,medium,ai-generated,false,C,RQPS,false,3
q-eng7.1-46,ENG7.1,mc,"The sentences below form a coherent paragraph when correctly arranged. Choose the correct order. P. Wind and solar installations are now being commissioned in remote areas previously dependent on diesel generators. Q. India's renewable energy capacity has expanded at a remarkable pace over the past decade. R. This growth has been fuelled by government subsidies, falling equipment costs, and private investment. S. As a result, millions of rural households are gaining access to reliable electricity for the first time.","QRPS is the correct order. Q establishes India's expanding renewable energy capacity. R ('This growth') directly refers to Q's expansion and explains its drivers. P gives a concrete example of that expansion (remote-area installations). S ('As a result') draws the consequence of P's installations — rural households gaining electricity. B (QPRS) places P before R, but 'this growth' in R works better immediately after Q's general claim, before the specific example P. C (RQPS) begins with R, whose phrase 'this growth' has no antecedent. D (QRSP) places S before P, putting the consequence (rural access) before the installations that cause it.",s-eng-7-1-2,medium,ai-generated,false,D,QRSP,false,4
q-eng7.1-47,ENG7.1,mc,"The sentences below form a coherent paragraph when correctly arranged. Choose the correct order. P. Antibiotic resistance has emerged as one of the most pressing challenges in modern medicine. Q. It occurs when bacteria mutate and become immune to the drugs designed to kill them. R. Overprescription of antibiotics and incomplete courses of treatment are the leading causes. S. Without urgent intervention, common infections could become untreatable within the next few decades.","PQRS is the correct order. P introduces antibiotic resistance as the subject. Q ('It occurs') — 'it' refers directly to antibiotic resistance from P — defines the biological mechanism. R explains the causes that produce Q's mechanism (overprescription, incomplete courses). S ('Without urgent intervention') draws a future consequence, making it the logical closing sentence. A (PRQS) places R before Q, giving causes before the mechanism has been defined — we cannot explain causes of something not yet described. C (QRSP) begins with Q, whose pronoun 'it' has no antecedent. D (QPRS) begins with Q before P has introduced the subject that 'it' refers to.",s-eng-7-1-2,medium,ai-generated,false,A,PRQS,false,1
q-eng7.1-47,ENG7.1,mc,"The sentences below form a coherent paragraph when correctly arranged. Choose the correct order. P. Antibiotic resistance has emerged as one of the most pressing challenges in modern medicine. Q. It occurs when bacteria mutate and become immune to the drugs designed to kill them. R. Overprescription of antibiotics and incomplete courses of treatment are the leading causes. S. Without urgent intervention, common infections could become untreatable within the next few decades.","PQRS is the correct order. P introduces antibiotic resistance as the subject. Q ('It occurs') — 'it' refers directly to antibiotic resistance from P — defines the biological mechanism. R explains the causes that produce Q's mechanism (overprescription, incomplete courses). S ('Without urgent intervention') draws a future consequence, making it the logical closing sentence. A (PRQS) places R before Q, giving causes before the mechanism has been defined — we cannot explain causes of something not yet described. C (QRSP) begins with Q, whose pronoun 'it' has no antecedent. D (QPRS) begins with Q before P has introduced the subject that 'it' refers to.",s-eng-7-1-2,medium,ai-generated,false,B,PQRS,true,2
q-eng7.1-47,ENG7.1,mc,"The sentences below form a coherent paragraph when correctly arranged. Choose the correct order. P. Antibiotic resistance has emerged as one of the most pressing challenges in modern medicine. Q. It occurs when bacteria mutate and become immune to the drugs designed to kill them. R. Overprescription of antibiotics and incomplete courses of treatment are the leading causes. S. Without urgent intervention, common infections could become untreatable within the next few decades.","PQRS is the correct order. P introduces antibiotic resistance as the subject. Q ('It occurs') — 'it' refers directly to antibiotic resistance from P — defines the biological mechanism. R explains the causes that produce Q's mechanism (overprescription, incomplete courses). S ('Without urgent intervention') draws a future consequence, making it the logical closing sentence. A (PRQS) places R before Q, giving causes before the mechanism has been defined — we cannot explain causes of something not yet described. C (QRSP) begins with Q, whose pronoun 'it' has no antecedent. D (QPRS) begins with Q before P has introduced the subject that 'it' refers to.",s-eng-7-1-2,medium,ai-generated,false,C,QRSP,false,3
q-eng7.1-47,ENG7.1,mc,"The sentences below form a coherent paragraph when correctly arranged. Choose the correct order. P. Antibiotic resistance has emerged as one of the most pressing challenges in modern medicine. Q. It occurs when bacteria mutate and become immune to the drugs designed to kill them. R. Overprescription of antibiotics and incomplete courses of treatment are the leading causes. S. Without urgent intervention, common infections could become untreatable within the next few decades.","PQRS is the correct order. P introduces antibiotic resistance as the subject. Q ('It occurs') — 'it' refers directly to antibiotic resistance from P — defines the biological mechanism. R explains the causes that produce Q's mechanism (overprescription, incomplete courses). S ('Without urgent intervention') draws a future consequence, making it the logical closing sentence. A (PRQS) places R before Q, giving causes before the mechanism has been defined — we cannot explain causes of something not yet described. C (QRSP) begins with Q, whose pronoun 'it' has no antecedent. D (QPRS) begins with Q before P has introduced the subject that 'it' refers to.",s-eng-7-1-2,medium,ai-generated,false,D,QPRS,false,4
q-eng7.1-48,ENG7.1,mc,"The sentences below form a coherent paragraph when correctly arranged. Choose the correct order. P. The government's PM SVANidhi scheme has since provided micro-loans to help these vendors rebuild. Q. Many street food vendors lost their livelihoods during the pandemic-induced lockdowns. R. However, street food culture in India has shown remarkable resilience in the recovery period. S. Such loans have enabled them to restock ingredients, purchase equipment, and resume operations.","QRPS is the correct order. Q establishes that vendors lost livelihoods — the problem. R ('However, street food culture has shown resilience') directly contrasts Q. P ('The government's PM SVANidhi scheme has since provided micro-loans to help these vendors') — 'these vendors' refers to Q's vendors — explains how resilience was achieved. S ('Such loans have enabled them') — 'such loans' refers to P's micro-loans — describes the practical impact. A (PQRS) begins with P (the government scheme), but the scheme is a response to Q's problem and cannot logically precede it. B (QSRP) places S before P, but 'such loans' in S has no antecedent without P. D (RQSP) begins with R's concession before Q has described the original problem that 'however' contrasts.",s-eng-7-1-2,hard,ai-generated,false,A,PQRS,false,1
q-eng7.1-48,ENG7.1,mc,"The sentences below form a coherent paragraph when correctly arranged. Choose the correct order. P. The government's PM SVANidhi scheme has since provided micro-loans to help these vendors rebuild. Q. Many street food vendors lost their livelihoods during the pandemic-induced lockdowns. R. However, street food culture in India has shown remarkable resilience in the recovery period. S. Such loans have enabled them to restock ingredients, purchase equipment, and resume operations.","QRPS is the correct order. Q establishes that vendors lost livelihoods — the problem. R ('However, street food culture has shown resilience') directly contrasts Q. P ('The government's PM SVANidhi scheme has since provided micro-loans to help these vendors') — 'these vendors' refers to Q's vendors — explains how resilience was achieved. S ('Such loans have enabled them') — 'such loans' refers to P's micro-loans — describes the practical impact. A (PQRS) begins with P (the government scheme), but the scheme is a response to Q's problem and cannot logically precede it. B (QSRP) places S before P, but 'such loans' in S has no antecedent without P. D (RQSP) begins with R's concession before Q has described the original problem that 'however' contrasts.",s-eng-7-1-2,hard,ai-generated,false,B,QSRP,false,2
q-eng7.1-48,ENG7.1,mc,"The sentences below form a coherent paragraph when correctly arranged. Choose the correct order. P. The government's PM SVANidhi scheme has since provided micro-loans to help these vendors rebuild. Q. Many street food vendors lost their livelihoods during the pandemic-induced lockdowns. R. However, street food culture in India has shown remarkable resilience in the recovery period. S. Such loans have enabled them to restock ingredients, purchase equipment, and resume operations.","QRPS is the correct order. Q establishes that vendors lost livelihoods — the problem. R ('However, street food culture has shown resilience') directly contrasts Q. P ('The government's PM SVANidhi scheme has since provided micro-loans to help these vendors') — 'these vendors' refers to Q's vendors — explains how resilience was achieved. S ('Such loans have enabled them') — 'such loans' refers to P's micro-loans — describes the practical impact. A (PQRS) begins with P (the government scheme), but the scheme is a response to Q's problem and cannot logically precede it. B (QSRP) places S before P, but 'such loans' in S has no antecedent without P. D (RQSP) begins with R's concession before Q has described the original problem that 'however' contrasts.",s-eng-7-1-2,hard,ai-generated,false,C,QRPS,true,3
q-eng7.1-48,ENG7.1,mc,"The sentences below form a coherent paragraph when correctly arranged. Choose the correct order. P. The government's PM SVANidhi scheme has since provided micro-loans to help these vendors rebuild. Q. Many street food vendors lost their livelihoods during the pandemic-induced lockdowns. R. However, street food culture in India has shown remarkable resilience in the recovery period. S. Such loans have enabled them to restock ingredients, purchase equipment, and resume operations.","QRPS is the correct order. Q establishes that vendors lost livelihoods — the problem. R ('However, street food culture has shown resilience') directly contrasts Q. P ('The government's PM SVANidhi scheme has since provided micro-loans to help these vendors') — 'these vendors' refers to Q's vendors — explains how resilience was achieved. S ('Such loans have enabled them') — 'such loans' refers to P's micro-loans — describes the practical impact. A (PQRS) begins with P (the government scheme), but the scheme is a response to Q's problem and cannot logically precede it. B (QSRP) places S before P, but 'such loans' in S has no antecedent without P. D (RQSP) begins with R's concession before Q has described the original problem that 'however' contrasts.",s-eng-7-1-2,hard,ai-generated,false,D,RQSP,false,4
q-eng7.1-49,ENG7.1,mc,"The sentences below form a coherent paragraph when correctly arranged. Choose the correct order. P. Deforestation, therefore, directly threatens the water security of downstream communities. Q. Forests act as natural sponges, absorbing rainfall and releasing it gradually into rivers and streams. R. When trees are removed, this natural regulation collapses, causing both flash floods and prolonged droughts. S. Studies from the Himalayas and the Western Ghats confirm that forested watersheds yield more consistent river flow.","QSRP is the correct order. Q establishes the forest-as-sponge mechanism. S ('Studies from the Himalayas...') provides empirical evidence confirming Q's claim about consistent river flow. R ('When trees are removed, this natural regulation collapses') — 'this natural regulation' refers to the sponge function described in Q and supported by S. P ('Deforestation, therefore') uses 'therefore' to draw a conclusion from R's consequences — it must be last. A (PQSR) begins with P (the conclusion) before any evidence or mechanism has been described. B (QRSP) places R before S, using 'this natural regulation' before the studies in S have confirmed that regulation exists. C (RQSP) begins with R, whose phrase 'this natural regulation' has no established antecedent.",s-eng-7-1-2,hard,ai-generated,false,A,PQSR,false,1
q-eng7.1-49,ENG7.1,mc,"The sentences below form a coherent paragraph when correctly arranged. Choose the correct order. P. Deforestation, therefore, directly threatens the water security of downstream communities. Q. Forests act as natural sponges, absorbing rainfall and releasing it gradually into rivers and streams. R. When trees are removed, this natural regulation collapses, causing both flash floods and prolonged droughts. S. Studies from the Himalayas and the Western Ghats confirm that forested watersheds yield more consistent river flow.","QSRP is the correct order. Q establishes the forest-as-sponge mechanism. S ('Studies from the Himalayas...') provides empirical evidence confirming Q's claim about consistent river flow. R ('When trees are removed, this natural regulation collapses') — 'this natural regulation' refers to the sponge function described in Q and supported by S. P ('Deforestation, therefore') uses 'therefore' to draw a conclusion from R's consequences — it must be last. A (PQSR) begins with P (the conclusion) before any evidence or mechanism has been described. B (QRSP) places R before S, using 'this natural regulation' before the studies in S have confirmed that regulation exists. C (RQSP) begins with R, whose phrase 'this natural regulation' has no established antecedent.",s-eng-7-1-2,hard,ai-generated,false,B,QRSP,false,2
q-eng7.1-49,ENG7.1,mc,"The sentences below form a coherent paragraph when correctly arranged. Choose the correct order. P. Deforestation, therefore, directly threatens the water security of downstream communities. Q. Forests act as natural sponges, absorbing rainfall and releasing it gradually into rivers and streams. R. When trees are removed, this natural regulation collapses, causing both flash floods and prolonged droughts. S. Studies from the Himalayas and the Western Ghats confirm that forested watersheds yield more consistent river flow.","QSRP is the correct order. Q establishes the forest-as-sponge mechanism. S ('Studies from the Himalayas...') provides empirical evidence confirming Q's claim about consistent river flow. R ('When trees are removed, this natural regulation collapses') — 'this natural regulation' refers to the sponge function described in Q and supported by S. P ('Deforestation, therefore') uses 'therefore' to draw a conclusion from R's consequences — it must be last. A (PQSR) begins with P (the conclusion) before any evidence or mechanism has been described. B (QRSP) places R before S, using 'this natural regulation' before the studies in S have confirmed that regulation exists. C (RQSP) begins with R, whose phrase 'this natural regulation' has no established antecedent.",s-eng-7-1-2,hard,ai-generated,false,C,RQSP,false,3
q-eng7.1-49,ENG7.1,mc,"The sentences below form a coherent paragraph when correctly arranged. Choose the correct order. P. Deforestation, therefore, directly threatens the water security of downstream communities. Q. Forests act as natural sponges, absorbing rainfall and releasing it gradually into rivers and streams. R. When trees are removed, this natural regulation collapses, causing both flash floods and prolonged droughts. S. Studies from the Himalayas and the Western Ghats confirm that forested watersheds yield more consistent river flow.","QSRP is the correct order. Q establishes the forest-as-sponge mechanism. S ('Studies from the Himalayas...') provides empirical evidence confirming Q's claim about consistent river flow. R ('When trees are removed, this natural regulation collapses') — 'this natural regulation' refers to the sponge function described in Q and supported by S. P ('Deforestation, therefore') uses 'therefore' to draw a conclusion from R's consequences — it must be last. A (PQSR) begins with P (the conclusion) before any evidence or mechanism has been described. B (QRSP) places R before S, using 'this natural regulation' before the studies in S have confirmed that regulation exists. C (RQSP) begins with R, whose phrase 'this natural regulation' has no established antecedent.",s-eng-7-1-2,hard,ai-generated,false,D,QSRP,true,4
q-eng7.1-50,ENG7.1,mc,"The sentences below form a coherent paragraph when correctly arranged. Choose the correct order. P. Schools are now beginning to integrate media literacy into their curricula to address this gap. Q. The ability to critically evaluate information sources has become an essential life skill in the digital age. R. Yet many adults and young people lack the training to distinguish credible news from misinformation. S. Such programmes teach students to verify facts, identify bias, and assess the credibility of sources.","QRPS is the correct order. Q makes the general claim that media literacy is an essential skill. R ('Yet many... lack the training') uses 'yet' to introduce a contrast — this marker requires Q's positive claim first. P ('Schools are now beginning... to address this gap') — 'this gap' refers directly to R's training gap. S ('Such programmes') refers to the curricula/programmes introduced in P. B (RQPS) begins with R, but 'yet' implies contrast with a prior positive statement, which requires Q to come first. C (QPRS) places P before R, but P ('to address this gap') requires R's gap to have been identified before P can address it. D (RQSP) begins with R and places S before P, making 'such programmes' appear before the curricula they refer to.",s-eng-7-1-2,medium,ai-generated,false,A,QRPS,true,1
q-eng7.1-50,ENG7.1,mc,"The sentences below form a coherent paragraph when correctly arranged. Choose the correct order. P. Schools are now beginning to integrate media literacy into their curricula to address this gap. Q. The ability to critically evaluate information sources has become an essential life skill in the digital age. R. Yet many adults and young people lack the training to distinguish credible news from misinformation. S. Such programmes teach students to verify facts, identify bias, and assess the credibility of sources.","QRPS is the correct order. Q makes the general claim that media literacy is an essential skill. R ('Yet many... lack the training') uses 'yet' to introduce a contrast — this marker requires Q's positive claim first. P ('Schools are now beginning... to address this gap') — 'this gap' refers directly to R's training gap. S ('Such programmes') refers to the curricula/programmes introduced in P. B (RQPS) begins with R, but 'yet' implies contrast with a prior positive statement, which requires Q to come first. C (QPRS) places P before R, but P ('to address this gap') requires R's gap to have been identified before P can address it. D (RQSP) begins with R and places S before P, making 'such programmes' appear before the curricula they refer to.",s-eng-7-1-2,medium,ai-generated,false,B,RQPS,false,2
q-eng7.1-50,ENG7.1,mc,"The sentences below form a coherent paragraph when correctly arranged. Choose the correct order. P. Schools are now beginning to integrate media literacy into their curricula to address this gap. Q. The ability to critically evaluate information sources has become an essential life skill in the digital age. R. Yet many adults and young people lack the training to distinguish credible news from misinformation. S. Such programmes teach students to verify facts, identify bias, and assess the credibility of sources.","QRPS is the correct order. Q makes the general claim that media literacy is an essential skill. R ('Yet many... lack the training') uses 'yet' to introduce a contrast — this marker requires Q's positive claim first. P ('Schools are now beginning... to address this gap') — 'this gap' refers directly to R's training gap. S ('Such programmes') refers to the curricula/programmes introduced in P. B (RQPS) begins with R, but 'yet' implies contrast with a prior positive statement, which requires Q to come first. C (QPRS) places P before R, but P ('to address this gap') requires R's gap to have been identified before P can address it. D (RQSP) begins with R and places S before P, making 'such programmes' appear before the curricula they refer to.",s-eng-7-1-2,medium,ai-generated,false,C,QPRS,false,3
q-eng7.1-50,ENG7.1,mc,"The sentences below form a coherent paragraph when correctly arranged. Choose the correct order. P. Schools are now beginning to integrate media literacy into their curricula to address this gap. Q. The ability to critically evaluate information sources has become an essential life skill in the digital age. R. Yet many adults and young people lack the training to distinguish credible news from misinformation. S. Such programmes teach students to verify facts, identify bias, and assess the credibility of sources.","QRPS is the correct order. Q makes the general claim that media literacy is an essential skill. R ('Yet many... lack the training') uses 'yet' to introduce a contrast — this marker requires Q's positive claim first. P ('Schools are now beginning... to address this gap') — 'this gap' refers directly to R's training gap. S ('Such programmes') refers to the curricula/programmes introduced in P. B (RQPS) begins with R, but 'yet' implies contrast with a prior positive statement, which requires Q to come first. C (QPRS) places P before R, but P ('to address this gap') requires R's gap to have been identified before P can address it. D (RQSP) begins with R and places S before P, making 'such programmes' appear before the curricula they refer to.",s-eng-7-1-2,medium,ai-generated,false,D,RQSP,false,4
