question_ref,lo_code,question_type,question_text,explanation,subtopic_codes,difficulty,source,verified,option_key,option_text,answer_value,sort_order
q-eng8.2-01,ENG8.2,mc,"What does the idiom 'bite the bullet' mean?","'To endure a painful or difficult situation with courage' is correct — the idiom originates from soldiers biting a bullet during surgery and now means to stoically face something unpleasant. 'To be extremely hungry and impatient' misreads 'bullet' as food-related. 'To make a hasty and regrettable decision' confuses this idiom with 'jumping the gun'. 'To interrupt someone abruptly' is unrelated to the original meaning.",k-eng-8-2-1,easy,ai-generated,false,A,To endure a painful or difficult situation with courage,true,1
q-eng8.2-01,ENG8.2,mc,"What does the idiom 'bite the bullet' mean?","'To endure a painful or difficult situation with courage' is correct — the idiom originates from soldiers biting a bullet during surgery and now means to stoically face something unpleasant. 'To be extremely hungry and impatient' misreads 'bullet' as food-related. 'To make a hasty and regrettable decision' confuses this idiom with 'jumping the gun'. 'To interrupt someone abruptly' is unrelated to the original meaning.",k-eng-8-2-1,easy,ai-generated,false,B,To be extremely hungry and impatient,false,2
q-eng8.2-01,ENG8.2,mc,"What does the idiom 'bite the bullet' mean?","'To endure a painful or difficult situation with courage' is correct — the idiom originates from soldiers biting a bullet during surgery and now means to stoically face something unpleasant. 'To be extremely hungry and impatient' misreads 'bullet' as food-related. 'To make a hasty and regrettable decision' confuses this idiom with 'jumping the gun'. 'To interrupt someone abruptly' is unrelated to the original meaning.",k-eng-8-2-1,easy,ai-generated,false,C,To make a hasty and regrettable decision,false,3
q-eng8.2-01,ENG8.2,mc,"What does the idiom 'bite the bullet' mean?","'To endure a painful or difficult situation with courage' is correct — the idiom originates from soldiers biting a bullet during surgery and now means to stoically face something unpleasant. 'To be extremely hungry and impatient' misreads 'bullet' as food-related. 'To make a hasty and regrettable decision' confuses this idiom with 'jumping the gun'. 'To interrupt someone abruptly' is unrelated to the original meaning.",k-eng-8-2-1,easy,ai-generated,false,D,To interrupt someone abruptly during a conversation,false,4
q-eng8.2-02,ENG8.2,mc,"What does the phrase 'burn the midnight oil' mean?","'To work or study late into the night' is correct — before electricity, people literally burned oil lamps late at night to continue working. 'To waste time on unimportant activities' is the opposite; burning midnight oil implies hard, purposeful effort. 'To cause problems by working recklessly' introduces a negative meaning absent from the idiom. 'To be extravagant with money' confuses 'oil' with costly resources.",k-eng-8-2-1,easy,ai-generated,false,A,To waste time on unimportant activities,false,1
q-eng8.2-02,ENG8.2,mc,"What does the phrase 'burn the midnight oil' mean?","'To work or study late into the night' is correct — before electricity, people literally burned oil lamps late at night to continue working. 'To waste time on unimportant activities' is the opposite; burning midnight oil implies hard, purposeful effort. 'To cause problems by working recklessly' introduces a negative meaning absent from the idiom. 'To be extravagant with money' confuses 'oil' with costly resources.",k-eng-8-2-1,easy,ai-generated,false,B,To cause problems by working recklessly,false,2
q-eng8.2-02,ENG8.2,mc,"What does the phrase 'burn the midnight oil' mean?","'To work or study late into the night' is correct — before electricity, people literally burned oil lamps late at night to continue working. 'To waste time on unimportant activities' is the opposite; burning midnight oil implies hard, purposeful effort. 'To cause problems by working recklessly' introduces a negative meaning absent from the idiom. 'To be extravagant with money' confuses 'oil' with costly resources.",k-eng-8-2-1,easy,ai-generated,false,C,To work or study late into the night,true,3
q-eng8.2-02,ENG8.2,mc,"What does the phrase 'burn the midnight oil' mean?","'To work or study late into the night' is correct — before electricity, people literally burned oil lamps late at night to continue working. 'To waste time on unimportant activities' is the opposite; burning midnight oil implies hard, purposeful effort. 'To cause problems by working recklessly' introduces a negative meaning absent from the idiom. 'To be extravagant with money' confuses 'oil' with costly resources.",k-eng-8-2-1,easy,ai-generated,false,D,To be extravagant with money and resources,false,4
q-eng8.2-03,ENG8.2,mc,"What does the idiom 'spill the beans' mean?","'To reveal secret or confidential information' is correct — the phrase means to accidentally or deliberately disclose something that was supposed to be kept private. 'To create confusion or disorder' is not related to disclosure of secrets. 'To make a careless and messy mistake' takes the phrase too literally. 'To disagree strongly in public' describes a confrontation, not the revelation of information.",k-eng-8-2-1,easy,ai-generated,false,A,To create confusion or disorder,false,1
q-eng8.2-03,ENG8.2,mc,"What does the idiom 'spill the beans' mean?","'To reveal secret or confidential information' is correct — the phrase means to accidentally or deliberately disclose something that was supposed to be kept private. 'To create confusion or disorder' is not related to disclosure of secrets. 'To make a careless and messy mistake' takes the phrase too literally. 'To disagree strongly in public' describes a confrontation, not the revelation of information.",k-eng-8-2-1,easy,ai-generated,false,B,To make a careless and messy mistake,false,2
q-eng8.2-03,ENG8.2,mc,"What does the idiom 'spill the beans' mean?","'To reveal secret or confidential information' is correct — the phrase means to accidentally or deliberately disclose something that was supposed to be kept private. 'To create confusion or disorder' is not related to disclosure of secrets. 'To make a careless and messy mistake' takes the phrase too literally. 'To disagree strongly in public' describes a confrontation, not the revelation of information.",k-eng-8-2-1,easy,ai-generated,false,C,To disagree strongly with someone in public,false,3
q-eng8.2-03,ENG8.2,mc,"What does the idiom 'spill the beans' mean?","'To reveal secret or confidential information' is correct — the phrase means to accidentally or deliberately disclose something that was supposed to be kept private. 'To create confusion or disorder' is not related to disclosure of secrets. 'To make a careless and messy mistake' takes the phrase too literally. 'To disagree strongly in public' describes a confrontation, not the revelation of information.",k-eng-8-2-1,easy,ai-generated,false,D,To reveal secret or confidential information,true,4
q-eng8.2-04,ENG8.2,mc,"What does the phrase 'beat around the bush' mean?","'To avoid speaking directly about the main issue' is correct — the idiom describes someone who talks around a subject without addressing it directly, often to delay or soften a difficult message. 'To search in a confused manner' takes the phrase too literally. 'To try hard to resolve a difficult problem' gives an opposite positive connotation. 'To move quickly from one topic to another' describes tangential thinking, not deliberate avoidance.",k-eng-8-2-1,easy,ai-generated,false,A,To search for something in a confused manner,false,1
q-eng8.2-04,ENG8.2,mc,"What does the phrase 'beat around the bush' mean?","'To avoid speaking directly about the main issue' is correct — the idiom describes someone who talks around a subject without addressing it directly, often to delay or soften a difficult message. 'To search in a confused manner' takes the phrase too literally. 'To try hard to resolve a difficult problem' gives an opposite positive connotation. 'To move quickly from one topic to another' describes tangential thinking, not deliberate avoidance.",k-eng-8-2-1,easy,ai-generated,false,B,To avoid speaking directly about the main issue,true,2
q-eng8.2-04,ENG8.2,mc,"What does the phrase 'beat around the bush' mean?","'To avoid speaking directly about the main issue' is correct — the idiom describes someone who talks around a subject without addressing it directly, often to delay or soften a difficult message. 'To search in a confused manner' takes the phrase too literally. 'To try hard to resolve a difficult problem' gives an opposite positive connotation. 'To move quickly from one topic to another' describes tangential thinking, not deliberate avoidance.",k-eng-8-2-1,easy,ai-generated,false,C,To try hard to resolve a difficult problem,false,3
q-eng8.2-04,ENG8.2,mc,"What does the phrase 'beat around the bush' mean?","'To avoid speaking directly about the main issue' is correct — the idiom describes someone who talks around a subject without addressing it directly, often to delay or soften a difficult message. 'To search in a confused manner' takes the phrase too literally. 'To try hard to resolve a difficult problem' gives an opposite positive connotation. 'To move quickly from one topic to another' describes tangential thinking, not deliberate avoidance.",k-eng-8-2-1,easy,ai-generated,false,D,To move quickly from one topic to another,false,4
q-eng8.2-05,ENG8.2,mc,"What does the expression 'the ball is in your court' mean?","'It is now your responsibility to take action or make a decision' is correct — borrowed from tennis, the idiom means the next move belongs to the other person; you have done your part. 'You have lost your chance and must start over' implies failure, which is absent from the idiom. 'You are in a strong position to negotiate' is closer to 'having the upper hand'. 'You should seek advice before proceeding' is not implied by the expression.",k-eng-8-2-1,easy,ai-generated,false,A,It is now your responsibility to take action or make a decision,true,1
q-eng8.2-05,ENG8.2,mc,"What does the expression 'the ball is in your court' mean?","'It is now your responsibility to take action or make a decision' is correct — borrowed from tennis, the idiom means the next move belongs to the other person; you have done your part. 'You have lost your chance and must start over' implies failure, which is absent from the idiom. 'You are in a strong position to negotiate' is closer to 'having the upper hand'. 'You should seek advice before proceeding' is not implied by the expression.",k-eng-8-2-1,easy,ai-generated,false,B,You have lost your chance and must start over,false,2
q-eng8.2-05,ENG8.2,mc,"What does the expression 'the ball is in your court' mean?","'It is now your responsibility to take action or make a decision' is correct — borrowed from tennis, the idiom means the next move belongs to the other person; you have done your part. 'You have lost your chance and must start over' implies failure, which is absent from the idiom. 'You are in a strong position to negotiate' is closer to 'having the upper hand'. 'You should seek advice before proceeding' is not implied by the expression.",k-eng-8-2-1,easy,ai-generated,false,C,You are in a strong position to negotiate terms,false,3
q-eng8.2-05,ENG8.2,mc,"What does the expression 'the ball is in your court' mean?","'It is now your responsibility to take action or make a decision' is correct — borrowed from tennis, the idiom means the next move belongs to the other person; you have done your part. 'You have lost your chance and must start over' implies failure, which is absent from the idiom. 'You are in a strong position to negotiate' is closer to 'having the upper hand'. 'You should seek advice before proceeding' is not implied by the expression.",k-eng-8-2-1,easy,ai-generated,false,D,You should seek advice from an expert before proceeding,false,4
q-eng8.2-06,ENG8.2,mc,"What does the idiom 'hit the nail on the head' mean?","'To describe or identify something exactly correctly' is correct — the idiom comes from the precision required to drive a nail perfectly and means to state something accurately or identify the core issue. 'To work very hard at a task requiring precision' gives a literal, effort-focused meaning absent from the idiom. 'To cause a problem through careless action' is the opposite of precise correctness. 'To repeat a point with excessive emphasis' describes over-insistence, not accuracy.",k-eng-8-2-1,easy,ai-generated,false,A,To work very hard at a task that requires precision,false,1
q-eng8.2-06,ENG8.2,mc,"What does the idiom 'hit the nail on the head' mean?","'To describe or identify something exactly correctly' is correct — the idiom comes from the precision required to drive a nail perfectly and means to state something accurately or identify the core issue. 'To work very hard at a task requiring precision' gives a literal, effort-focused meaning absent from the idiom. 'To cause a problem through careless action' is the opposite of precise correctness. 'To repeat a point with excessive emphasis' describes over-insistence, not accuracy.",k-eng-8-2-1,easy,ai-generated,false,B,To cause a problem through careless action,false,2
q-eng8.2-06,ENG8.2,mc,"What does the idiom 'hit the nail on the head' mean?","'To describe or identify something exactly correctly' is correct — the idiom comes from the precision required to drive a nail perfectly and means to state something accurately or identify the core issue. 'To work very hard at a task requiring precision' gives a literal, effort-focused meaning absent from the idiom. 'To cause a problem through careless action' is the opposite of precise correctness. 'To repeat a point with excessive emphasis' describes over-insistence, not accuracy.",k-eng-8-2-1,easy,ai-generated,false,C,To repeat a point with excessive emphasis,false,3
q-eng8.2-06,ENG8.2,mc,"What does the idiom 'hit the nail on the head' mean?","'To describe or identify something exactly correctly' is correct — the idiom comes from the precision required to drive a nail perfectly and means to state something accurately or identify the core issue. 'To work very hard at a task requiring precision' gives a literal, effort-focused meaning absent from the idiom. 'To cause a problem through careless action' is the opposite of precise correctness. 'To repeat a point with excessive emphasis' describes over-insistence, not accuracy.",k-eng-8-2-1,easy,ai-generated,false,D,To describe or identify something exactly correctly,true,4
q-eng8.2-07,ENG8.2,mc,"What does the phrase 'once in a blue moon' mean?","'Very rarely or almost never' is correct — a 'blue moon' (the second full moon in a calendar month) is an uncommon event, so the phrase means something that happens only seldom. 'At regular intervals throughout the year' is the opposite of the idiom's meaning. 'Whenever the timing is perfectly right' introduces a precision-of-timing meaning not present in the phrase. 'During particularly auspicious occasions only' adds a cultural meaning not carried by the idiom.",k-eng-8-2-1,easy,ai-generated,false,A,At regular intervals throughout the year,false,1
q-eng8.2-07,ENG8.2,mc,"What does the phrase 'once in a blue moon' mean?","'Very rarely or almost never' is correct — a 'blue moon' (the second full moon in a calendar month) is an uncommon event, so the phrase means something that happens only seldom. 'At regular intervals throughout the year' is the opposite of the idiom's meaning. 'Whenever the timing is perfectly right' introduces a precision-of-timing meaning not present in the phrase. 'During particularly auspicious occasions only' adds a cultural meaning not carried by the idiom.",k-eng-8-2-1,easy,ai-generated,false,B,Whenever the timing is perfectly right,false,2
q-eng8.2-07,ENG8.2,mc,"What does the phrase 'once in a blue moon' mean?","'Very rarely or almost never' is correct — a 'blue moon' (the second full moon in a calendar month) is an uncommon event, so the phrase means something that happens only seldom. 'At regular intervals throughout the year' is the opposite of the idiom's meaning. 'Whenever the timing is perfectly right' introduces a precision-of-timing meaning not present in the phrase. 'During particularly auspicious occasions only' adds a cultural meaning not carried by the idiom.",k-eng-8-2-1,easy,ai-generated,false,C,Very rarely or almost never,true,3
q-eng8.2-07,ENG8.2,mc,"What does the phrase 'once in a blue moon' mean?","'Very rarely or almost never' is correct — a 'blue moon' (the second full moon in a calendar month) is an uncommon event, so the phrase means something that happens only seldom. 'At regular intervals throughout the year' is the opposite of the idiom's meaning. 'Whenever the timing is perfectly right' introduces a precision-of-timing meaning not present in the phrase. 'During particularly auspicious occasions only' adds a cultural meaning not carried by the idiom.",k-eng-8-2-1,easy,ai-generated,false,D,During particularly auspicious occasions only,false,4
q-eng8.2-08,ENG8.2,mc,"What does the idiom 'let the cat out of the bag' mean?","'To accidentally disclose a secret or surprise' is correct — the idiom means to reveal something that was meant to be kept hidden, usually unintentionally. 'To behave in an unpredictable or erratic manner' has no connection to the disclosure of secrets. 'To start a quarrel by making provocative statements' describes aggressive speech, not accidental revelation. 'To escape from a dangerous situation' takes the idiom literally and applies a physical meaning.",k-eng-8-2-1,easy,ai-generated,false,A,To behave in an unpredictable or erratic manner,false,1
q-eng8.2-08,ENG8.2,mc,"What does the idiom 'let the cat out of the bag' mean?","'To accidentally disclose a secret or surprise' is correct — the idiom means to reveal something that was meant to be kept hidden, usually unintentionally. 'To behave in an unpredictable or erratic manner' has no connection to the disclosure of secrets. 'To start a quarrel by making provocative statements' describes aggressive speech, not accidental revelation. 'To escape from a dangerous situation' takes the idiom literally and applies a physical meaning.",k-eng-8-2-1,easy,ai-generated,false,B,To accidentally disclose a secret or surprise,true,2
q-eng8.2-08,ENG8.2,mc,"What does the idiom 'let the cat out of the bag' mean?","'To accidentally disclose a secret or surprise' is correct — the idiom means to reveal something that was meant to be kept hidden, usually unintentionally. 'To behave in an unpredictable or erratic manner' has no connection to the disclosure of secrets. 'To start a quarrel by making provocative statements' describes aggressive speech, not accidental revelation. 'To escape from a dangerous situation' takes the idiom literally and applies a physical meaning.",k-eng-8-2-1,easy,ai-generated,false,C,To start a quarrel by making provocative statements,false,3
q-eng8.2-08,ENG8.2,mc,"What does the idiom 'let the cat out of the bag' mean?","'To accidentally disclose a secret or surprise' is correct — the idiom means to reveal something that was meant to be kept hidden, usually unintentionally. 'To behave in an unpredictable or erratic manner' has no connection to the disclosure of secrets. 'To start a quarrel by making provocative statements' describes aggressive speech, not accidental revelation. 'To escape from a dangerous situation' takes the idiom literally and applies a physical meaning.",k-eng-8-2-1,easy,ai-generated,false,D,To escape from a dangerous or difficult situation,false,4
q-eng8.2-09,ENG8.2,mc,"What does the expression 'cost an arm and a leg' mean?","'To be extremely expensive' is correct — the idiom exaggerates the price of something by suggesting it costs body parts, conveying that the item is very costly. 'To require a great deal of physical effort' misreads the body parts as effort rather than price. 'To cause significant physical pain' takes the expression literally. 'To be worth far less than its stated price' is the opposite of the intended meaning.",k-eng-8-2-1,easy,ai-generated,false,A,To be extremely expensive,true,1
q-eng8.2-09,ENG8.2,mc,"What does the expression 'cost an arm and a leg' mean?","'To be extremely expensive' is correct — the idiom exaggerates the price of something by suggesting it costs body parts, conveying that the item is very costly. 'To require a great deal of physical effort' misreads the body parts as effort rather than price. 'To cause significant physical pain' takes the expression literally. 'To be worth far less than its stated price' is the opposite of the intended meaning.",k-eng-8-2-1,easy,ai-generated,false,B,To require a great deal of physical effort,false,2
q-eng8.2-09,ENG8.2,mc,"What does the expression 'cost an arm and a leg' mean?","'To be extremely expensive' is correct — the idiom exaggerates the price of something by suggesting it costs body parts, conveying that the item is very costly. 'To require a great deal of physical effort' misreads the body parts as effort rather than price. 'To cause significant physical pain' takes the expression literally. 'To be worth far less than its stated price' is the opposite of the intended meaning.",k-eng-8-2-1,easy,ai-generated,false,C,To cause significant physical pain or discomfort,false,3
q-eng8.2-09,ENG8.2,mc,"What does the expression 'cost an arm and a leg' mean?","'To be extremely expensive' is correct — the idiom exaggerates the price of something by suggesting it costs body parts, conveying that the item is very costly. 'To require a great deal of physical effort' misreads the body parts as effort rather than price. 'To cause significant physical pain' takes the expression literally. 'To be worth far less than its stated price' is the opposite of the intended meaning.",k-eng-8-2-1,easy,ai-generated,false,D,To be worth far less than its stated price,false,4
q-eng8.2-10,ENG8.2,mc,"What does the phrase 'under the weather' mean?","'To feel unwell or slightly ill' is correct — the idiom originally referred to sailors who went below deck when seasick, and it now means to feel sick or not in good health. 'To be anxious about an uncertain situation' describes worry or apprehension, which is different from physical illness. 'To be confused by complex information' describes cognitive difficulty, not illness. 'To be depressed by bad news' describes an emotional state, not a physical ailment.",k-eng-8-2-1,easy,ai-generated,false,A,To be anxious about an uncertain situation,false,1
q-eng8.2-10,ENG8.2,mc,"What does the phrase 'under the weather' mean?","'To feel unwell or slightly ill' is correct — the idiom originally referred to sailors who went below deck when seasick, and it now means to feel sick or not in good health. 'To be anxious about an uncertain situation' describes worry or apprehension, which is different from physical illness. 'To be confused by complex information' describes cognitive difficulty, not illness. 'To be depressed by bad news' describes an emotional state, not a physical ailment.",k-eng-8-2-1,easy,ai-generated,false,B,To be confused by complex information,false,2
q-eng8.2-10,ENG8.2,mc,"What does the phrase 'under the weather' mean?","'To feel unwell or slightly ill' is correct — the idiom originally referred to sailors who went below deck when seasick, and it now means to feel sick or not in good health. 'To be anxious about an uncertain situation' describes worry or apprehension, which is different from physical illness. 'To be confused by complex information' describes cognitive difficulty, not illness. 'To be depressed by bad news' describes an emotional state, not a physical ailment.",k-eng-8-2-1,easy,ai-generated,false,C,To feel unwell or slightly ill,true,3
q-eng8.2-10,ENG8.2,mc,"What does the phrase 'under the weather' mean?","'To feel unwell or slightly ill' is correct — the idiom originally referred to sailors who went below deck when seasick, and it now means to feel sick or not in good health. 'To be anxious about an uncertain situation' describes worry or apprehension, which is different from physical illness. 'To be confused by complex information' describes cognitive difficulty, not illness. 'To be depressed by bad news' describes an emotional state, not a physical ailment.",k-eng-8-2-1,easy,ai-generated,false,D,To be depressed by bad news or circumstances,false,4
q-eng8.2-11,ENG8.2,mc,"Choose the one word that best substitutes the given phrase: 'A person who is equally skilled with both hands.'","'Ambidextrous' is correct — it specifically means the ability to use both hands with equal ease and skill. 'Ambiguous' means having more than one possible meaning, not related to hand use. 'Amphibian' refers to creatures that live both on land and in water. 'Ambivalent' means having mixed or conflicting feelings about something.",k-eng-8-2-2,easy,ai-generated,false,A,ambiguous,false,1
q-eng8.2-11,ENG8.2,mc,"Choose the one word that best substitutes the given phrase: 'A person who is equally skilled with both hands.'","'Ambidextrous' is correct — it specifically means the ability to use both hands with equal ease and skill. 'Ambiguous' means having more than one possible meaning, not related to hand use. 'Amphibian' refers to creatures that live both on land and in water. 'Ambivalent' means having mixed or conflicting feelings about something.",k-eng-8-2-2,easy,ai-generated,false,B,amphibian,false,2
q-eng8.2-11,ENG8.2,mc,"Choose the one word that best substitutes the given phrase: 'A person who is equally skilled with both hands.'","'Ambidextrous' is correct — it specifically means the ability to use both hands with equal ease and skill. 'Ambiguous' means having more than one possible meaning, not related to hand use. 'Amphibian' refers to creatures that live both on land and in water. 'Ambivalent' means having mixed or conflicting feelings about something.",k-eng-8-2-2,easy,ai-generated,false,C,ambidextrous,true,3
q-eng8.2-11,ENG8.2,mc,"Choose the one word that best substitutes the given phrase: 'A person who is equally skilled with both hands.'","'Ambidextrous' is correct — it specifically means the ability to use both hands with equal ease and skill. 'Ambiguous' means having more than one possible meaning, not related to hand use. 'Amphibian' refers to creatures that live both on land and in water. 'Ambivalent' means having mixed or conflicting feelings about something.",k-eng-8-2-2,easy,ai-generated,false,D,ambivalent,false,4
q-eng8.2-12,ENG8.2,mc,"Choose the one word that best substitutes the given phrase: 'A formal speech delivered to a large audience.'","'Oration' is correct — it means a formal, often lengthy speech made on a public occasion. 'Narration' refers to the telling of a story, not a formal address to an audience. 'Declaration' is an official announcement or proclamation, not necessarily a speech. 'Recitation' means repeating something memorized aloud, like a poem, rather than a formal address.",k-eng-8-2-2,easy,ai-generated,false,A,oration,true,1
q-eng8.2-12,ENG8.2,mc,"Choose the one word that best substitutes the given phrase: 'A formal speech delivered to a large audience.'","'Oration' is correct — it means a formal, often lengthy speech made on a public occasion. 'Narration' refers to the telling of a story, not a formal address to an audience. 'Declaration' is an official announcement or proclamation, not necessarily a speech. 'Recitation' means repeating something memorized aloud, like a poem, rather than a formal address.",k-eng-8-2-2,easy,ai-generated,false,B,narration,false,2
q-eng8.2-12,ENG8.2,mc,"Choose the one word that best substitutes the given phrase: 'A formal speech delivered to a large audience.'","'Oration' is correct — it means a formal, often lengthy speech made on a public occasion. 'Narration' refers to the telling of a story, not a formal address to an audience. 'Declaration' is an official announcement or proclamation, not necessarily a speech. 'Recitation' means repeating something memorized aloud, like a poem, rather than a formal address.",k-eng-8-2-2,easy,ai-generated,false,C,declaration,false,3
q-eng8.2-12,ENG8.2,mc,"Choose the one word that best substitutes the given phrase: 'A formal speech delivered to a large audience.'","'Oration' is correct — it means a formal, often lengthy speech made on a public occasion. 'Narration' refers to the telling of a story, not a formal address to an audience. 'Declaration' is an official announcement or proclamation, not necessarily a speech. 'Recitation' means repeating something memorized aloud, like a poem, rather than a formal address.",k-eng-8-2-2,easy,ai-generated,false,D,recitation,false,4
q-eng8.2-13,ENG8.2,mc,"Choose the one word that best substitutes the given phrase: 'A person who dislikes and distrusts other people in general.'","'Misanthrope' is correct — it means a person who has a general dislike or distrust of humanity. 'Misogynist' means someone who specifically dislikes women, not people in general. 'Philanthropist' is the opposite — someone who loves humanity and actively supports it. 'Sycophant' means a flatterer who uses excessive praise for personal gain, unrelated to disliking others.",k-eng-8-2-2,medium,ai-generated,false,A,misogynist,false,1
q-eng8.2-13,ENG8.2,mc,"Choose the one word that best substitutes the given phrase: 'A person who dislikes and distrusts other people in general.'","'Misanthrope' is correct — it means a person who has a general dislike or distrust of humanity. 'Misogynist' means someone who specifically dislikes women, not people in general. 'Philanthropist' is the opposite — someone who loves humanity and actively supports it. 'Sycophant' means a flatterer who uses excessive praise for personal gain, unrelated to disliking others.",k-eng-8-2-2,medium,ai-generated,false,B,philanthropist,false,2
q-eng8.2-13,ENG8.2,mc,"Choose the one word that best substitutes the given phrase: 'A person who dislikes and distrusts other people in general.'","'Misanthrope' is correct — it means a person who has a general dislike or distrust of humanity. 'Misogynist' means someone who specifically dislikes women, not people in general. 'Philanthropist' is the opposite — someone who loves humanity and actively supports it. 'Sycophant' means a flatterer who uses excessive praise for personal gain, unrelated to disliking others.",k-eng-8-2-2,medium,ai-generated,false,C,sycophant,false,3
q-eng8.2-13,ENG8.2,mc,"Choose the one word that best substitutes the given phrase: 'A person who dislikes and distrusts other people in general.'","'Misanthrope' is correct — it means a person who has a general dislike or distrust of humanity. 'Misogynist' means someone who specifically dislikes women, not people in general. 'Philanthropist' is the opposite — someone who loves humanity and actively supports it. 'Sycophant' means a flatterer who uses excessive praise for personal gain, unrelated to disliking others.",k-eng-8-2-2,medium,ai-generated,false,D,misanthrope,true,4
q-eng8.2-14,ENG8.2,mc,"Choose the one word that best substitutes the given phrase: 'An abnormal and extreme fear of water.'","'Hydrophobia' is correct — it combines 'hydro' (water) and 'phobia' (fear) to mean an irrational fear of water. 'Claustrophobia' is the fear of enclosed or confined spaces, not water. 'Agoraphobia' is the fear of open or crowded public spaces. 'Acrophobia' is the fear of heights.",k-eng-8-2-2,easy,ai-generated,false,A,claustrophobia,false,1
q-eng8.2-14,ENG8.2,mc,"Choose the one word that best substitutes the given phrase: 'An abnormal and extreme fear of water.'","'Hydrophobia' is correct — it combines 'hydro' (water) and 'phobia' (fear) to mean an irrational fear of water. 'Claustrophobia' is the fear of enclosed or confined spaces, not water. 'Agoraphobia' is the fear of open or crowded public spaces. 'Acrophobia' is the fear of heights.",k-eng-8-2-2,easy,ai-generated,false,B,hydrophobia,true,2
q-eng8.2-14,ENG8.2,mc,"Choose the one word that best substitutes the given phrase: 'An abnormal and extreme fear of water.'","'Hydrophobia' is correct — it combines 'hydro' (water) and 'phobia' (fear) to mean an irrational fear of water. 'Claustrophobia' is the fear of enclosed or confined spaces, not water. 'Agoraphobia' is the fear of open or crowded public spaces. 'Acrophobia' is the fear of heights.",k-eng-8-2-2,easy,ai-generated,false,C,agoraphobia,false,3
q-eng8.2-14,ENG8.2,mc,"Choose the one word that best substitutes the given phrase: 'An abnormal and extreme fear of water.'","'Hydrophobia' is correct — it combines 'hydro' (water) and 'phobia' (fear) to mean an irrational fear of water. 'Claustrophobia' is the fear of enclosed or confined spaces, not water. 'Agoraphobia' is the fear of open or crowded public spaces. 'Acrophobia' is the fear of heights.",k-eng-8-2-2,easy,ai-generated,false,D,acrophobia,false,4
q-eng8.2-15,ENG8.2,mc,"Choose the one word that best substitutes the given phrase: 'Present or existing everywhere at the same time.'","'Omnipresent' is correct — it combines 'omni' (all) and 'present' to mean existing everywhere simultaneously. 'Omnivore' means an organism that eats both plants and animals. 'Omniscient' means knowing everything, not being everywhere. 'Omnipotent' means having unlimited power, not unlimited presence.",k-eng-8-2-2,easy,ai-generated,false,A,omnivore,false,1
q-eng8.2-15,ENG8.2,mc,"Choose the one word that best substitutes the given phrase: 'Present or existing everywhere at the same time.'","'Omnipresent' is correct — it combines 'omni' (all) and 'present' to mean existing everywhere simultaneously. 'Omnivore' means an organism that eats both plants and animals. 'Omniscient' means knowing everything, not being everywhere. 'Omnipotent' means having unlimited power, not unlimited presence.",k-eng-8-2-2,easy,ai-generated,false,B,omniscient,false,2
q-eng8.2-15,ENG8.2,mc,"Choose the one word that best substitutes the given phrase: 'Present or existing everywhere at the same time.'","'Omnipresent' is correct — it combines 'omni' (all) and 'present' to mean existing everywhere simultaneously. 'Omnivore' means an organism that eats both plants and animals. 'Omniscient' means knowing everything, not being everywhere. 'Omnipotent' means having unlimited power, not unlimited presence.",k-eng-8-2-2,easy,ai-generated,false,C,omnipresent,true,3
q-eng8.2-15,ENG8.2,mc,"Choose the one word that best substitutes the given phrase: 'Present or existing everywhere at the same time.'","'Omnipresent' is correct — it combines 'omni' (all) and 'present' to mean existing everywhere simultaneously. 'Omnivore' means an organism that eats both plants and animals. 'Omniscient' means knowing everything, not being everywhere. 'Omnipotent' means having unlimited power, not unlimited presence.",k-eng-8-2-2,easy,ai-generated,false,D,omnipotent,false,4
q-eng8.2-16,ENG8.2,mc,"Choose the one word that best substitutes the given phrase: 'The scientific study of plants.'","'Botany' is correct — it is the branch of biology devoted to the study of plants. 'Zoology' is the scientific study of animals. 'Ecology' studies the relationships between organisms and their environments, not exclusively plants. 'Geology' is the study of the earth's physical structure, rocks, and minerals.",k-eng-8-2-2,easy,ai-generated,false,A,botany,true,1
q-eng8.2-16,ENG8.2,mc,"Choose the one word that best substitutes the given phrase: 'The scientific study of plants.'","'Botany' is correct — it is the branch of biology devoted to the study of plants. 'Zoology' is the scientific study of animals. 'Ecology' studies the relationships between organisms and their environments, not exclusively plants. 'Geology' is the study of the earth's physical structure, rocks, and minerals.",k-eng-8-2-2,easy,ai-generated,false,B,zoology,false,2
q-eng8.2-16,ENG8.2,mc,"Choose the one word that best substitutes the given phrase: 'The scientific study of plants.'","'Botany' is correct — it is the branch of biology devoted to the study of plants. 'Zoology' is the scientific study of animals. 'Ecology' studies the relationships between organisms and their environments, not exclusively plants. 'Geology' is the study of the earth's physical structure, rocks, and minerals.",k-eng-8-2-2,easy,ai-generated,false,C,ecology,false,3
q-eng8.2-16,ENG8.2,mc,"Choose the one word that best substitutes the given phrase: 'The scientific study of plants.'","'Botany' is correct — it is the branch of biology devoted to the study of plants. 'Zoology' is the scientific study of animals. 'Ecology' studies the relationships between organisms and their environments, not exclusively plants. 'Geology' is the study of the earth's physical structure, rocks, and minerals.",k-eng-8-2-2,easy,ai-generated,false,D,geology,false,4
q-eng8.2-17,ENG8.2,mc,"Choose the one word that best substitutes the given phrase: 'A person who walks about in their sleep.'","'Somnambulist' is correct — it comes from Latin 'somnus' (sleep) and 'ambulare' (to walk), meaning one who walks during sleep. 'Insomniac' is a person who suffers from an inability to sleep. 'Narcissist' is a person with excessive self-admiration. 'Hypochondriac' is a person who excessively worries about having a serious illness.",k-eng-8-2-2,medium,ai-generated,false,A,insomniac,false,1
q-eng8.2-17,ENG8.2,mc,"Choose the one word that best substitutes the given phrase: 'A person who walks about in their sleep.'","'Somnambulist' is correct — it comes from Latin 'somnus' (sleep) and 'ambulare' (to walk), meaning one who walks during sleep. 'Insomniac' is a person who suffers from an inability to sleep. 'Narcissist' is a person with excessive self-admiration. 'Hypochondriac' is a person who excessively worries about having a serious illness.",k-eng-8-2-2,medium,ai-generated,false,B,narcissist,false,2
q-eng8.2-17,ENG8.2,mc,"Choose the one word that best substitutes the given phrase: 'A person who walks about in their sleep.'","'Somnambulist' is correct — it comes from Latin 'somnus' (sleep) and 'ambulare' (to walk), meaning one who walks during sleep. 'Insomniac' is a person who suffers from an inability to sleep. 'Narcissist' is a person with excessive self-admiration. 'Hypochondriac' is a person who excessively worries about having a serious illness.",k-eng-8-2-2,medium,ai-generated,false,C,hypochondriac,false,3
q-eng8.2-17,ENG8.2,mc,"Choose the one word that best substitutes the given phrase: 'A person who walks about in their sleep.'","'Somnambulist' is correct — it comes from Latin 'somnus' (sleep) and 'ambulare' (to walk), meaning one who walks during sleep. 'Insomniac' is a person who suffers from an inability to sleep. 'Narcissist' is a person with excessive self-admiration. 'Hypochondriac' is a person who excessively worries about having a serious illness.",k-eng-8-2-2,medium,ai-generated,false,D,somnambulist,true,4
q-eng8.2-18,ENG8.2,mc,"Choose the one word that best substitutes the given phrase: 'A collection of wild animals kept in captivity for public exhibition.'","'Menagerie' is correct — it specifically refers to a collection of wild or exotic animals kept in cages or enclosures for display. 'Sanctuary' is a place of refuge and protection for animals, not primarily for exhibition. 'Aviary' is an enclosure specifically for keeping birds, not all wild animals. 'Vivarium' is a small enclosure for keeping reptiles, amphibians, or insects under semi-natural conditions.",k-eng-8-2-2,medium,ai-generated,false,A,sanctuary,false,1
q-eng8.2-18,ENG8.2,mc,"Choose the one word that best substitutes the given phrase: 'A collection of wild animals kept in captivity for public exhibition.'","'Menagerie' is correct — it specifically refers to a collection of wild or exotic animals kept in cages or enclosures for display. 'Sanctuary' is a place of refuge and protection for animals, not primarily for exhibition. 'Aviary' is an enclosure specifically for keeping birds, not all wild animals. 'Vivarium' is a small enclosure for keeping reptiles, amphibians, or insects under semi-natural conditions.",k-eng-8-2-2,medium,ai-generated,false,B,menagerie,true,2
q-eng8.2-18,ENG8.2,mc,"Choose the one word that best substitutes the given phrase: 'A collection of wild animals kept in captivity for public exhibition.'","'Menagerie' is correct — it specifically refers to a collection of wild or exotic animals kept in cages or enclosures for display. 'Sanctuary' is a place of refuge and protection for animals, not primarily for exhibition. 'Aviary' is an enclosure specifically for keeping birds, not all wild animals. 'Vivarium' is a small enclosure for keeping reptiles, amphibians, or insects under semi-natural conditions.",k-eng-8-2-2,medium,ai-generated,false,C,aviary,false,3
q-eng8.2-18,ENG8.2,mc,"Choose the one word that best substitutes the given phrase: 'A collection of wild animals kept in captivity for public exhibition.'","'Menagerie' is correct — it specifically refers to a collection of wild or exotic animals kept in cages or enclosures for display. 'Sanctuary' is a place of refuge and protection for animals, not primarily for exhibition. 'Aviary' is an enclosure specifically for keeping birds, not all wild animals. 'Vivarium' is a small enclosure for keeping reptiles, amphibians, or insects under semi-natural conditions.",k-eng-8-2-2,medium,ai-generated,false,D,vivarium,false,4
q-eng8.2-19,ENG8.2,mc,"Choose the one word that best substitutes the given phrase: 'One who does not believe in the existence of God.'","'Atheist' is correct — an atheist is a person who disbelieves or lacks belief in the existence of any God or gods. 'Agnostic' is someone who believes the existence of God is unknown and unknowable, not someone who denies it. 'Pantheist' believes that God is identical with the universe and all its forces. 'Theist' is the opposite — a person who believes in the existence of God.",k-eng-8-2-2,easy,ai-generated,false,A,agnostic,false,1
q-eng8.2-19,ENG8.2,mc,"Choose the one word that best substitutes the given phrase: 'One who does not believe in the existence of God.'","'Atheist' is correct — an atheist is a person who disbelieves or lacks belief in the existence of any God or gods. 'Agnostic' is someone who believes the existence of God is unknown and unknowable, not someone who denies it. 'Pantheist' believes that God is identical with the universe and all its forces. 'Theist' is the opposite — a person who believes in the existence of God.",k-eng-8-2-2,easy,ai-generated,false,B,pantheist,false,2
q-eng8.2-19,ENG8.2,mc,"Choose the one word that best substitutes the given phrase: 'One who does not believe in the existence of God.'","'Atheist' is correct — an atheist is a person who disbelieves or lacks belief in the existence of any God or gods. 'Agnostic' is someone who believes the existence of God is unknown and unknowable, not someone who denies it. 'Pantheist' believes that God is identical with the universe and all its forces. 'Theist' is the opposite — a person who believes in the existence of God.",k-eng-8-2-2,easy,ai-generated,false,C,atheist,true,3
q-eng8.2-19,ENG8.2,mc,"Choose the one word that best substitutes the given phrase: 'One who does not believe in the existence of God.'","'Atheist' is correct — an atheist is a person who disbelieves or lacks belief in the existence of any God or gods. 'Agnostic' is someone who believes the existence of God is unknown and unknowable, not someone who denies it. 'Pantheist' believes that God is identical with the universe and all its forces. 'Theist' is the opposite — a person who believes in the existence of God.",k-eng-8-2-2,easy,ai-generated,false,D,theist,false,4
q-eng8.2-20,ENG8.2,mc,"Choose the one word that best substitutes the given phrase: 'An inscription on a tombstone in memory of the person buried there.'","'Epitaph' is correct — it specifically refers to words written in memory of a person on their tomb or gravestone. 'Epigraph' is an inscription on a building, statue, or coin, or a short quotation at the beginning of a book. 'Epitome' means the perfect representative example of something, not an inscription. 'Elegy' is a mournful poem or song written in memory of someone who has died — a poem, not an inscription.",k-eng-8-2-2,medium,ai-generated,false,A,epitaph,true,1
q-eng8.2-20,ENG8.2,mc,"Choose the one word that best substitutes the given phrase: 'An inscription on a tombstone in memory of the person buried there.'","'Epitaph' is correct — it specifically refers to words written in memory of a person on their tomb or gravestone. 'Epigraph' is an inscription on a building, statue, or coin, or a short quotation at the beginning of a book. 'Epitome' means the perfect representative example of something, not an inscription. 'Elegy' is a mournful poem or song written in memory of someone who has died — a poem, not an inscription.",k-eng-8-2-2,medium,ai-generated,false,B,epigraph,false,2
q-eng8.2-20,ENG8.2,mc,"Choose the one word that best substitutes the given phrase: 'An inscription on a tombstone in memory of the person buried there.'","'Epitaph' is correct — it specifically refers to words written in memory of a person on their tomb or gravestone. 'Epigraph' is an inscription on a building, statue, or coin, or a short quotation at the beginning of a book. 'Epitome' means the perfect representative example of something, not an inscription. 'Elegy' is a mournful poem or song written in memory of someone who has died — a poem, not an inscription.",k-eng-8-2-2,medium,ai-generated,false,C,epitome,false,3
q-eng8.2-20,ENG8.2,mc,"Choose the one word that best substitutes the given phrase: 'An inscription on a tombstone in memory of the person buried there.'","'Epitaph' is correct — it specifically refers to words written in memory of a person on their tomb or gravestone. 'Epigraph' is an inscription on a building, statue, or coin, or a short quotation at the beginning of a book. 'Epitome' means the perfect representative example of something, not an inscription. 'Elegy' is a mournful poem or song written in memory of someone who has died — a poem, not an inscription.",k-eng-8-2-2,medium,ai-generated,false,D,elegy,false,4
q-eng8.2-21,ENG8.2,mc,"Choose the correctly spelled word from the options below.","'Accommodate' is the correct spelling — it requires double 'c' and double 'm' (ac-com-mo-date). 'Accomodate' is a common error with only one 'm'. 'Acommodate' drops one 'c'. 'Acomodate' loses both a 'c' and an 'm', making it doubly misspelled.",k-eng-8-2-3,easy,ai-generated,false,A,accommodate,true,1
q-eng8.2-21,ENG8.2,mc,"Choose the correctly spelled word from the options below.","'Accommodate' is the correct spelling — it requires double 'c' and double 'm' (ac-com-mo-date). 'Accomodate' is a common error with only one 'm'. 'Acommodate' drops one 'c'. 'Acomodate' loses both a 'c' and an 'm', making it doubly misspelled.",k-eng-8-2-3,easy,ai-generated,false,B,accomodate,false,2
q-eng8.2-21,ENG8.2,mc,"Choose the correctly spelled word from the options below.","'Accommodate' is the correct spelling — it requires double 'c' and double 'm' (ac-com-mo-date). 'Accomodate' is a common error with only one 'm'. 'Acommodate' drops one 'c'. 'Acomodate' loses both a 'c' and an 'm', making it doubly misspelled.",k-eng-8-2-3,easy,ai-generated,false,C,acommodate,false,3
q-eng8.2-21,ENG8.2,mc,"Choose the correctly spelled word from the options below.","'Accommodate' is the correct spelling — it requires double 'c' and double 'm' (ac-com-mo-date). 'Accomodate' is a common error with only one 'm'. 'Acommodate' drops one 'c'. 'Acomodate' loses both a 'c' and an 'm', making it doubly misspelled.",k-eng-8-2-3,easy,ai-generated,false,D,acomodate,false,4
q-eng8.2-22,ENG8.2,mc,"Choose the correctly spelled word from the options below.","'Necessary' is the correct spelling — remember: one 'c' and double 's' (ne-ces-sa-ry). A useful mnemonic: a shirt has one Collar and two Sleeves. 'Neccessary' incorrectly doubles the 'c'. 'Neccesary' also doubles the 'c' and drops one 's'. 'Neceessary' incorrectly adds an extra 'e'.",k-eng-8-2-3,easy,ai-generated,false,A,neccessary,false,1
q-eng8.2-22,ENG8.2,mc,"Choose the correctly spelled word from the options below.","'Necessary' is the correct spelling — remember: one 'c' and double 's' (ne-ces-sa-ry). A useful mnemonic: a shirt has one Collar and two Sleeves. 'Neccessary' incorrectly doubles the 'c'. 'Neccesary' also doubles the 'c' and drops one 's'. 'Neceessary' incorrectly adds an extra 'e'.",k-eng-8-2-3,easy,ai-generated,false,B,neccesary,false,2
q-eng8.2-22,ENG8.2,mc,"Choose the correctly spelled word from the options below.","'Necessary' is the correct spelling — remember: one 'c' and double 's' (ne-ces-sa-ry). A useful mnemonic: a shirt has one Collar and two Sleeves. 'Neccessary' incorrectly doubles the 'c'. 'Neccesary' also doubles the 'c' and drops one 's'. 'Neceessary' incorrectly adds an extra 'e'.",k-eng-8-2-3,easy,ai-generated,false,C,necessary,true,3
q-eng8.2-22,ENG8.2,mc,"Choose the correctly spelled word from the options below.","'Necessary' is the correct spelling — remember: one 'c' and double 's' (ne-ces-sa-ry). A useful mnemonic: a shirt has one Collar and two Sleeves. 'Neccessary' incorrectly doubles the 'c'. 'Neccesary' also doubles the 'c' and drops one 's'. 'Neceessary' incorrectly adds an extra 'e'.",k-eng-8-2-3,easy,ai-generated,false,D,neceessary,false,4
q-eng8.2-23,ENG8.2,mc,"Choose the correctly spelled word from the options below.","'Occurrence' is the correct spelling — double 'c' and double 'r' (oc-cur-rence). 'Ocurrence' drops one 'c'. 'Occurence' drops one 'r', a very common error. 'Occurrance' replaces the second 'e' with an 'a', producing a non-standard form.",k-eng-8-2-3,medium,ai-generated,false,A,ocurrence,false,1
q-eng8.2-23,ENG8.2,mc,"Choose the correctly spelled word from the options below.","'Occurrence' is the correct spelling — double 'c' and double 'r' (oc-cur-rence). 'Ocurrence' drops one 'c'. 'Occurence' drops one 'r', a very common error. 'Occurrance' replaces the second 'e' with an 'a', producing a non-standard form.",k-eng-8-2-3,medium,ai-generated,false,B,occurence,false,2
q-eng8.2-23,ENG8.2,mc,"Choose the correctly spelled word from the options below.","'Occurrence' is the correct spelling — double 'c' and double 'r' (oc-cur-rence). 'Ocurrence' drops one 'c'. 'Occurence' drops one 'r', a very common error. 'Occurrance' replaces the second 'e' with an 'a', producing a non-standard form.",k-eng-8-2-3,medium,ai-generated,false,C,occurrance,false,3
q-eng8.2-23,ENG8.2,mc,"Choose the correctly spelled word from the options below.","'Occurrence' is the correct spelling — double 'c' and double 'r' (oc-cur-rence). 'Ocurrence' drops one 'c'. 'Occurence' drops one 'r', a very common error. 'Occurrance' replaces the second 'e' with an 'a', producing a non-standard form.",k-eng-8-2-3,medium,ai-generated,false,D,occurrence,true,4
q-eng8.2-24,ENG8.2,mc,"Choose the correctly spelled word from the options below.","'Maintenance' is the correct spelling — note the root word is 'maintain' but the noun drops the second 'i': main-te-nance. 'Maintainance' incorrectly retains the 'i' from 'maintain'. 'Maintenence' replaces the final 'a' with an 'e'. 'Maintanence' drops the 'i' from 'main' and changes the vowels further.",k-eng-8-2-3,medium,ai-generated,false,A,maintainance,false,1
q-eng8.2-24,ENG8.2,mc,"Choose the correctly spelled word from the options below.","'Maintenance' is the correct spelling — note the root word is 'maintain' but the noun drops the second 'i': main-te-nance. 'Maintainance' incorrectly retains the 'i' from 'maintain'. 'Maintenence' replaces the final 'a' with an 'e'. 'Maintanence' drops the 'i' from 'main' and changes the vowels further.",k-eng-8-2-3,medium,ai-generated,false,B,maintenance,true,2
q-eng8.2-24,ENG8.2,mc,"Choose the correctly spelled word from the options below.","'Maintenance' is the correct spelling — note the root word is 'maintain' but the noun drops the second 'i': main-te-nance. 'Maintainance' incorrectly retains the 'i' from 'maintain'. 'Maintenence' replaces the final 'a' with an 'e'. 'Maintanence' drops the 'i' from 'main' and changes the vowels further.",k-eng-8-2-3,medium,ai-generated,false,C,maintenence,false,3
q-eng8.2-24,ENG8.2,mc,"Choose the correctly spelled word from the options below.","'Maintenance' is the correct spelling — note the root word is 'maintain' but the noun drops the second 'i': main-te-nance. 'Maintainance' incorrectly retains the 'i' from 'maintain'. 'Maintenence' replaces the final 'a' with an 'e'. 'Maintanence' drops the 'i' from 'main' and changes the vowels further.",k-eng-8-2-3,medium,ai-generated,false,D,maintanence,false,4
q-eng8.2-25,ENG8.2,mc,"Choose the correctly spelled word from the options below.","'Rhythm' is the correct spelling — it contains no vowels except the 'y' (rh-y-thm) and is one of the most commonly misspelled English words. 'Rythm' drops the initial 'h'. 'Rhythym' inserts a second 'y' before the 'm'. 'Rythem' drops the 'h' after 'r' and adds a wrong 'e' at the end.",k-eng-8-2-3,easy,ai-generated,false,A,rhythm,true,1
q-eng8.2-25,ENG8.2,mc,"Choose the correctly spelled word from the options below.","'Rhythm' is the correct spelling — it contains no vowels except the 'y' (rh-y-thm) and is one of the most commonly misspelled English words. 'Rythm' drops the initial 'h'. 'Rhythym' inserts a second 'y' before the 'm'. 'Rythem' drops the 'h' after 'r' and adds a wrong 'e' at the end.",k-eng-8-2-3,easy,ai-generated,false,B,rythm,false,2
q-eng8.2-25,ENG8.2,mc,"Choose the correctly spelled word from the options below.","'Rhythm' is the correct spelling — it contains no vowels except the 'y' (rh-y-thm) and is one of the most commonly misspelled English words. 'Rythm' drops the initial 'h'. 'Rhythym' inserts a second 'y' before the 'm'. 'Rythem' drops the 'h' after 'r' and adds a wrong 'e' at the end.",k-eng-8-2-3,easy,ai-generated,false,C,rhythym,false,3
q-eng8.2-25,ENG8.2,mc,"Choose the correctly spelled word from the options below.","'Rhythm' is the correct spelling — it contains no vowels except the 'y' (rh-y-thm) and is one of the most commonly misspelled English words. 'Rythm' drops the initial 'h'. 'Rhythym' inserts a second 'y' before the 'm'. 'Rythem' drops the 'h' after 'r' and adds a wrong 'e' at the end.",k-eng-8-2-3,easy,ai-generated,false,D,rythem,false,4
q-eng8.2-26,ENG8.2,mc,"Choose the correctly spelled word from the options below.","'Definitely' is the correct spelling — built from 'definite' + '-ly'; there is no 'a' anywhere in the word. 'Definitly' omits the 'e' before '-ly'. 'Definately' is the most common error — inserting an 'a' that does not belong. 'Definetly' replaces the second 'i' with an 'e', another frequent misspelling.",k-eng-8-2-3,easy,ai-generated,false,A,definitly,false,1
q-eng8.2-26,ENG8.2,mc,"Choose the correctly spelled word from the options below.","'Definitely' is the correct spelling — built from 'definite' + '-ly'; there is no 'a' anywhere in the word. 'Definitly' omits the 'e' before '-ly'. 'Definately' is the most common error — inserting an 'a' that does not belong. 'Definetly' replaces the second 'i' with an 'e', another frequent misspelling.",k-eng-8-2-3,easy,ai-generated,false,B,definately,false,2
q-eng8.2-26,ENG8.2,mc,"Choose the correctly spelled word from the options below.","'Definitely' is the correct spelling — built from 'definite' + '-ly'; there is no 'a' anywhere in the word. 'Definitly' omits the 'e' before '-ly'. 'Definately' is the most common error — inserting an 'a' that does not belong. 'Definetly' replaces the second 'i' with an 'e', another frequent misspelling.",k-eng-8-2-3,easy,ai-generated,false,C,definitely,true,3
q-eng8.2-26,ENG8.2,mc,"Choose the correctly spelled word from the options below.","'Definitely' is the correct spelling — built from 'definite' + '-ly'; there is no 'a' anywhere in the word. 'Definitly' omits the 'e' before '-ly'. 'Definately' is the most common error — inserting an 'a' that does not belong. 'Definetly' replaces the second 'i' with an 'e', another frequent misspelling.",k-eng-8-2-3,easy,ai-generated,false,D,definetly,false,4
q-eng8.2-27,ENG8.2,mc,"Choose the correctly spelled word from the options below.","'Separate' is the correct spelling — remember the 'a' in the middle: sep-a-rate. A useful mnemonic: there is 'a rat' in sep-a-r-ate. 'Seperate' is the most common error, replacing the middle 'a' with an 'e'. 'Seprate' omits the first 'e' entirely. 'Sepperate' wrongly doubles the 'p'.",k-eng-8-2-3,easy,ai-generated,false,A,seperate,false,1
q-eng8.2-27,ENG8.2,mc,"Choose the correctly spelled word from the options below.","'Separate' is the correct spelling — remember the 'a' in the middle: sep-a-rate. A useful mnemonic: there is 'a rat' in sep-a-r-ate. 'Seperate' is the most common error, replacing the middle 'a' with an 'e'. 'Seprate' omits the first 'e' entirely. 'Sepperate' wrongly doubles the 'p'.",k-eng-8-2-3,easy,ai-generated,false,B,seprate,false,2
q-eng8.2-27,ENG8.2,mc,"Choose the correctly spelled word from the options below.","'Separate' is the correct spelling — remember the 'a' in the middle: sep-a-rate. A useful mnemonic: there is 'a rat' in sep-a-r-ate. 'Seperate' is the most common error, replacing the middle 'a' with an 'e'. 'Seprate' omits the first 'e' entirely. 'Sepperate' wrongly doubles the 'p'.",k-eng-8-2-3,easy,ai-generated,false,C,sepperate,false,3
q-eng8.2-27,ENG8.2,mc,"Choose the correctly spelled word from the options below.","'Separate' is the correct spelling — remember the 'a' in the middle: sep-a-rate. A useful mnemonic: there is 'a rat' in sep-a-r-ate. 'Seperate' is the most common error, replacing the middle 'a' with an 'e'. 'Seprate' omits the first 'e' entirely. 'Sepperate' wrongly doubles the 'p'.",k-eng-8-2-3,easy,ai-generated,false,D,separate,true,4
q-eng8.2-28,ENG8.2,mc,"Choose the correctly spelled word from the options below.","'Privilege' is the correct spelling — pri-vi-lege; note there is no 'd' and no double letter. 'Privelege' swaps 'i' and 'e' in the second syllable, a common error. 'Priviledge' incorrectly adds a 'd' before '-ge'. 'Priveledge' combines both errors — wrong vowel order and an added 'd'.",k-eng-8-2-3,medium,ai-generated,false,A,privelege,false,1
q-eng8.2-28,ENG8.2,mc,"Choose the correctly spelled word from the options below.","'Privilege' is the correct spelling — pri-vi-lege; note there is no 'd' and no double letter. 'Privelege' swaps 'i' and 'e' in the second syllable, a common error. 'Priviledge' incorrectly adds a 'd' before '-ge'. 'Priveledge' combines both errors — wrong vowel order and an added 'd'.",k-eng-8-2-3,medium,ai-generated,false,B,privilege,true,2
q-eng8.2-28,ENG8.2,mc,"Choose the correctly spelled word from the options below.","'Privilege' is the correct spelling — pri-vi-lege; note there is no 'd' and no double letter. 'Privelege' swaps 'i' and 'e' in the second syllable, a common error. 'Priviledge' incorrectly adds a 'd' before '-ge'. 'Priveledge' combines both errors — wrong vowel order and an added 'd'.",k-eng-8-2-3,medium,ai-generated,false,C,priviledge,false,3
q-eng8.2-28,ENG8.2,mc,"Choose the correctly spelled word from the options below.","'Privilege' is the correct spelling — pri-vi-lege; note there is no 'd' and no double letter. 'Privelege' swaps 'i' and 'e' in the second syllable, a common error. 'Priviledge' incorrectly adds a 'd' before '-ge'. 'Priveledge' combines both errors — wrong vowel order and an added 'd'.",k-eng-8-2-3,medium,ai-generated,false,D,priveledge,false,4
q-eng8.2-29,ENG8.2,mc,"Choose the correctly spelled word from the options below.","'Embarrass' is the correct spelling — double 'r' and double 's' (em-bar-rass). 'Embarass' is the most common error, with only one 'r'. 'Embarras' has double 'r' but only one 's'. 'Embaras' loses both a 'r' and an 's', producing the most reduced misspelling.",k-eng-8-2-3,easy,ai-generated,false,A,embarrass,true,1
q-eng8.2-29,ENG8.2,mc,"Choose the correctly spelled word from the options below.","'Embarrass' is the correct spelling — double 'r' and double 's' (em-bar-rass). 'Embarass' is the most common error, with only one 'r'. 'Embarras' has double 'r' but only one 's'. 'Embaras' loses both a 'r' and an 's', producing the most reduced misspelling.",k-eng-8-2-3,easy,ai-generated,false,B,embarass,false,2
q-eng8.2-29,ENG8.2,mc,"Choose the correctly spelled word from the options below.","'Embarrass' is the correct spelling — double 'r' and double 's' (em-bar-rass). 'Embarass' is the most common error, with only one 'r'. 'Embarras' has double 'r' but only one 's'. 'Embaras' loses both a 'r' and an 's', producing the most reduced misspelling.",k-eng-8-2-3,easy,ai-generated,false,C,embarras,false,3
q-eng8.2-29,ENG8.2,mc,"Choose the correctly spelled word from the options below.","'Embarrass' is the correct spelling — double 'r' and double 's' (em-bar-rass). 'Embarass' is the most common error, with only one 'r'. 'Embarras' has double 'r' but only one 's'. 'Embaras' loses both a 'r' and an 's', producing the most reduced misspelling.",k-eng-8-2-3,easy,ai-generated,false,D,embaras,false,4
q-eng8.2-30,ENG8.2,mc,"Choose the correctly spelled word from the options below.","'Colleague' is the correct spelling — col-league; the silent 'ue' ending is key. 'Collegue' drops the 'a', producing the most common misspelling. 'Colleage' replaces 'gu' with just 'g', losing the silent 'u'. 'Collegaue' swaps the final 'ue' to 'aue', a transposition error.",k-eng-8-2-3,medium,ai-generated,false,A,collegue,false,1
q-eng8.2-30,ENG8.2,mc,"Choose the correctly spelled word from the options below.","'Colleague' is the correct spelling — col-league; the silent 'ue' ending is key. 'Collegue' drops the 'a', producing the most common misspelling. 'Colleage' replaces 'gu' with just 'g', losing the silent 'u'. 'Collegaue' swaps the final 'ue' to 'aue', a transposition error.",k-eng-8-2-3,medium,ai-generated,false,B,colleage,false,2
q-eng8.2-30,ENG8.2,mc,"Choose the correctly spelled word from the options below.","'Colleague' is the correct spelling — col-league; the silent 'ue' ending is key. 'Collegue' drops the 'a', producing the most common misspelling. 'Colleage' replaces 'gu' with just 'g', losing the silent 'u'. 'Collegaue' swaps the final 'ue' to 'aue', a transposition error.",k-eng-8-2-3,medium,ai-generated,false,C,colleague,true,3
q-eng8.2-30,ENG8.2,mc,"Choose the correctly spelled word from the options below.","'Colleague' is the correct spelling — col-league; the silent 'ue' ending is key. 'Collegue' drops the 'a', producing the most common misspelling. 'Colleage' replaces 'gu' with just 'g', losing the silent 'u'. 'Collegaue' swaps the final 'ue' to 'aue', a transposition error.",k-eng-8-2-3,medium,ai-generated,false,D,collegaue,false,4
q-eng8.2-31,ENG8.2,mc,"Choose the correct homophone to complete the sentence: 'The students left _____ books on the classroom desks.'","'Their' is correct — it is the possessive pronoun meaning belonging to them. 'There' is an adverb or pronoun referring to a place ('over there'). 'They're' is a contraction of 'they are', which would make the sentence grammatically incomplete. 'There's' is a contraction of 'there is', which does not fit the possessive context.",s-eng-8-2-1,easy,ai-generated,false,A,there,false,1
q-eng8.2-31,ENG8.2,mc,"Choose the correct homophone to complete the sentence: 'The students left _____ books on the classroom desks.'","'Their' is correct — it is the possessive pronoun meaning belonging to them. 'There' is an adverb or pronoun referring to a place ('over there'). 'They're' is a contraction of 'they are', which would make the sentence grammatically incomplete. 'There's' is a contraction of 'there is', which does not fit the possessive context.",s-eng-8-2-1,easy,ai-generated,false,B,their,true,2
q-eng8.2-31,ENG8.2,mc,"Choose the correct homophone to complete the sentence: 'The students left _____ books on the classroom desks.'","'Their' is correct — it is the possessive pronoun meaning belonging to them. 'There' is an adverb or pronoun referring to a place ('over there'). 'They're' is a contraction of 'they are', which would make the sentence grammatically incomplete. 'There's' is a contraction of 'there is', which does not fit the possessive context.",s-eng-8-2-1,easy,ai-generated,false,C,they're,false,3
q-eng8.2-31,ENG8.2,mc,"Choose the correct homophone to complete the sentence: 'The students left _____ books on the classroom desks.'","'Their' is correct — it is the possessive pronoun meaning belonging to them. 'There' is an adverb or pronoun referring to a place ('over there'). 'They're' is a contraction of 'they are', which would make the sentence grammatically incomplete. 'There's' is a contraction of 'there is', which does not fit the possessive context.",s-eng-8-2-1,easy,ai-generated,false,D,there's,false,4
q-eng8.2-32,ENG8.2,mc,"Choose the correct homophone to complete the sentence: 'The _____ of the school addressed all students at the morning assembly.'","'Principal' is correct — it means the head of a school or institution, as well as the main or most important person. 'Principle' is a noun meaning a fundamental rule, belief, or standard of behaviour, not a person. 'Principled' is an adjective meaning having strong moral principles, not a title or role. 'Principle's' is the possessive form of principle (a rule), which cannot refer to a person.",s-eng-8-2-1,easy,ai-generated,false,A,principle,false,1
q-eng8.2-32,ENG8.2,mc,"Choose the correct homophone to complete the sentence: 'The _____ of the school addressed all students at the morning assembly.'","'Principal' is correct — it means the head of a school or institution, as well as the main or most important person. 'Principle' is a noun meaning a fundamental rule, belief, or standard of behaviour, not a person. 'Principled' is an adjective meaning having strong moral principles, not a title or role. 'Principle's' is the possessive form of principle (a rule), which cannot refer to a person.",s-eng-8-2-1,easy,ai-generated,false,B,principled,false,2
q-eng8.2-32,ENG8.2,mc,"Choose the correct homophone to complete the sentence: 'The _____ of the school addressed all students at the morning assembly.'","'Principal' is correct — it means the head of a school or institution, as well as the main or most important person. 'Principle' is a noun meaning a fundamental rule, belief, or standard of behaviour, not a person. 'Principled' is an adjective meaning having strong moral principles, not a title or role. 'Principle's' is the possessive form of principle (a rule), which cannot refer to a person.",s-eng-8-2-1,easy,ai-generated,false,C,principal,true,3
q-eng8.2-32,ENG8.2,mc,"Choose the correct homophone to complete the sentence: 'The _____ of the school addressed all students at the morning assembly.'","'Principal' is correct — it means the head of a school or institution, as well as the main or most important person. 'Principle' is a noun meaning a fundamental rule, belief, or standard of behaviour, not a person. 'Principled' is an adjective meaning having strong moral principles, not a title or role. 'Principle's' is the possessive form of principle (a rule), which cannot refer to a person.",s-eng-8-2-1,easy,ai-generated,false,D,principle's,false,4
q-eng8.2-33,ENG8.2,mc,"Choose the correct homophone to complete the sentence: 'He walked across the hot sand in _____ feet, wincing with every step.'","'Bare' is correct — it means uncovered or without clothing, which fits feet with no shoes or socks. 'Bear' is either the animal or a verb meaning to carry or endure. 'Borne' is the past participle of 'bear' in the sense of carrying or giving birth, not applicable here. 'Bared' is the past tense of 'bare' used as a verb (to uncover or reveal), not an adjective modifying feet.",s-eng-8-2-1,easy,ai-generated,false,A,bear,false,1
q-eng8.2-33,ENG8.2,mc,"Choose the correct homophone to complete the sentence: 'He walked across the hot sand in _____ feet, wincing with every step.'","'Bare' is correct — it means uncovered or without clothing, which fits feet with no shoes or socks. 'Bear' is either the animal or a verb meaning to carry or endure. 'Borne' is the past participle of 'bear' in the sense of carrying or giving birth, not applicable here. 'Bared' is the past tense of 'bare' used as a verb (to uncover or reveal), not an adjective modifying feet.",s-eng-8-2-1,easy,ai-generated,false,B,borne,false,2
q-eng8.2-33,ENG8.2,mc,"Choose the correct homophone to complete the sentence: 'He walked across the hot sand in _____ feet, wincing with every step.'","'Bare' is correct — it means uncovered or without clothing, which fits feet with no shoes or socks. 'Bear' is either the animal or a verb meaning to carry or endure. 'Borne' is the past participle of 'bear' in the sense of carrying or giving birth, not applicable here. 'Bared' is the past tense of 'bare' used as a verb (to uncover or reveal), not an adjective modifying feet.",s-eng-8-2-1,easy,ai-generated,false,C,bared,false,3
q-eng8.2-33,ENG8.2,mc,"Choose the correct homophone to complete the sentence: 'He walked across the hot sand in _____ feet, wincing with every step.'","'Bare' is correct — it means uncovered or without clothing, which fits feet with no shoes or socks. 'Bear' is either the animal or a verb meaning to carry or endure. 'Borne' is the past participle of 'bear' in the sense of carrying or giving birth, not applicable here. 'Bared' is the past tense of 'bare' used as a verb (to uncover or reveal), not an adjective modifying feet.",s-eng-8-2-1,easy,ai-generated,false,D,bare,true,4
q-eng8.2-34,ENG8.2,mc,"Choose the correct homophone to complete the sentence: 'She bought a new _____ of running shoes before the marathon.'","'Pair' is correct — it means a set of two matching things, which fits shoes perfectly. 'Pear' is a fruit and has no connection to shoes. 'Pare' is a verb meaning to peel or trim something (e.g., pare an apple). 'Par' means an average or expected standard, especially in golf, and cannot refer to shoes.",s-eng-8-2-1,easy,ai-generated,false,A,pair,true,1
q-eng8.2-34,ENG8.2,mc,"Choose the correct homophone to complete the sentence: 'She bought a new _____ of running shoes before the marathon.'","'Pair' is correct — it means a set of two matching things, which fits shoes perfectly. 'Pear' is a fruit and has no connection to shoes. 'Pare' is a verb meaning to peel or trim something (e.g., pare an apple). 'Par' means an average or expected standard, especially in golf, and cannot refer to shoes.",s-eng-8-2-1,easy,ai-generated,false,B,pear,false,2
q-eng8.2-34,ENG8.2,mc,"Choose the correct homophone to complete the sentence: 'She bought a new _____ of running shoes before the marathon.'","'Pair' is correct — it means a set of two matching things, which fits shoes perfectly. 'Pear' is a fruit and has no connection to shoes. 'Pare' is a verb meaning to peel or trim something (e.g., pare an apple). 'Par' means an average or expected standard, especially in golf, and cannot refer to shoes.",s-eng-8-2-1,easy,ai-generated,false,C,pare,false,3
q-eng8.2-34,ENG8.2,mc,"Choose the correct homophone to complete the sentence: 'She bought a new _____ of running shoes before the marathon.'","'Pair' is correct — it means a set of two matching things, which fits shoes perfectly. 'Pear' is a fruit and has no connection to shoes. 'Pare' is a verb meaning to peel or trim something (e.g., pare an apple). 'Par' means an average or expected standard, especially in golf, and cannot refer to shoes.",s-eng-8-2-1,easy,ai-generated,false,D,par,false,4
q-eng8.2-35,ENG8.2,mc,"Choose the correct homophone to complete the sentence: 'I couldn't decide _____ to take an umbrella or leave it at home.'","'Whether' is correct — it is used to introduce a choice between alternatives, fitting the decision between taking or leaving the umbrella. 'Weather' refers to atmospheric conditions such as rain, sunshine, or temperature. 'Wether' is a castrated male sheep and is entirely unrelated. 'Feather' is part of a bird's plumage and does not fit this context at all.",s-eng-8-2-1,easy,ai-generated,false,A,weather,false,1
q-eng8.2-35,ENG8.2,mc,"Choose the correct homophone to complete the sentence: 'I couldn't decide _____ to take an umbrella or leave it at home.'","'Whether' is correct — it is used to introduce a choice between alternatives, fitting the decision between taking or leaving the umbrella. 'Weather' refers to atmospheric conditions such as rain, sunshine, or temperature. 'Wether' is a castrated male sheep and is entirely unrelated. 'Feather' is part of a bird's plumage and does not fit this context at all.",s-eng-8-2-1,easy,ai-generated,false,B,whether,true,2
q-eng8.2-35,ENG8.2,mc,"Choose the correct homophone to complete the sentence: 'I couldn't decide _____ to take an umbrella or leave it at home.'","'Whether' is correct — it is used to introduce a choice between alternatives, fitting the decision between taking or leaving the umbrella. 'Weather' refers to atmospheric conditions such as rain, sunshine, or temperature. 'Wether' is a castrated male sheep and is entirely unrelated. 'Feather' is part of a bird's plumage and does not fit this context at all.",s-eng-8-2-1,easy,ai-generated,false,C,wether,false,3
q-eng8.2-35,ENG8.2,mc,"Choose the correct homophone to complete the sentence: 'I couldn't decide _____ to take an umbrella or leave it at home.'","'Whether' is correct — it is used to introduce a choice between alternatives, fitting the decision between taking or leaving the umbrella. 'Weather' refers to atmospheric conditions such as rain, sunshine, or temperature. 'Wether' is a castrated male sheep and is entirely unrelated. 'Feather' is part of a bird's plumage and does not fit this context at all.",s-eng-8-2-1,easy,ai-generated,false,D,feather,false,4
q-eng8.2-36,ENG8.2,mc,"Choose the correct homophone to complete the sentence: 'The construction _____ was closed to visitors for safety reasons.'","'Site' is correct — it means a specific location or place, especially where something is built or takes place. 'Cite' means to quote a source or mention as evidence in an argument. 'Sight' refers to the ability to see or something observed visually. 'Sigh' is the sound made when exhaling deeply in relief or sadness, unrelated to a location.",s-eng-8-2-1,easy,ai-generated,false,A,cite,false,1
q-eng8.2-36,ENG8.2,mc,"Choose the correct homophone to complete the sentence: 'The construction _____ was closed to visitors for safety reasons.'","'Site' is correct — it means a specific location or place, especially where something is built or takes place. 'Cite' means to quote a source or mention as evidence in an argument. 'Sight' refers to the ability to see or something observed visually. 'Sigh' is the sound made when exhaling deeply in relief or sadness, unrelated to a location.",s-eng-8-2-1,easy,ai-generated,false,B,sight,false,2
q-eng8.2-36,ENG8.2,mc,"Choose the correct homophone to complete the sentence: 'The construction _____ was closed to visitors for safety reasons.'","'Site' is correct — it means a specific location or place, especially where something is built or takes place. 'Cite' means to quote a source or mention as evidence in an argument. 'Sight' refers to the ability to see or something observed visually. 'Sigh' is the sound made when exhaling deeply in relief or sadness, unrelated to a location.",s-eng-8-2-1,easy,ai-generated,false,C,site,true,3
q-eng8.2-36,ENG8.2,mc,"Choose the correct homophone to complete the sentence: 'The construction _____ was closed to visitors for safety reasons.'","'Site' is correct — it means a specific location or place, especially where something is built or takes place. 'Cite' means to quote a source or mention as evidence in an argument. 'Sight' refers to the ability to see or something observed visually. 'Sigh' is the sound made when exhaling deeply in relief or sadness, unrelated to a location.",s-eng-8-2-1,easy,ai-generated,false,D,sigh,false,4
q-eng8.2-37,ENG8.2,mc,"Choose the correct homophone to complete the sentence: 'Add two cups of _____ and a pinch of salt to the mixing bowl.'","'Flour' is correct — it is the powdered grain used in baking and cooking, which fits the context of a mixing bowl recipe. 'Flower' is the bloom of a plant and is not an ingredient in this sense. 'Flout' means to openly disregard a rule or convention and is entirely unrelated to cooking. 'Flow' means the movement of a liquid or current, not a measurable cooking ingredient.",s-eng-8-2-1,easy,ai-generated,false,A,flower,false,1
q-eng8.2-37,ENG8.2,mc,"Choose the correct homophone to complete the sentence: 'Add two cups of _____ and a pinch of salt to the mixing bowl.'","'Flour' is correct — it is the powdered grain used in baking and cooking, which fits the context of a mixing bowl recipe. 'Flower' is the bloom of a plant and is not an ingredient in this sense. 'Flout' means to openly disregard a rule or convention and is entirely unrelated to cooking. 'Flow' means the movement of a liquid or current, not a measurable cooking ingredient.",s-eng-8-2-1,easy,ai-generated,false,B,flout,false,2
q-eng8.2-37,ENG8.2,mc,"Choose the correct homophone to complete the sentence: 'Add two cups of _____ and a pinch of salt to the mixing bowl.'","'Flour' is correct — it is the powdered grain used in baking and cooking, which fits the context of a mixing bowl recipe. 'Flower' is the bloom of a plant and is not an ingredient in this sense. 'Flout' means to openly disregard a rule or convention and is entirely unrelated to cooking. 'Flow' means the movement of a liquid or current, not a measurable cooking ingredient.",s-eng-8-2-1,easy,ai-generated,false,C,flow,false,3
q-eng8.2-37,ENG8.2,mc,"Choose the correct homophone to complete the sentence: 'Add two cups of _____ and a pinch of salt to the mixing bowl.'","'Flour' is correct — it is the powdered grain used in baking and cooking, which fits the context of a mixing bowl recipe. 'Flower' is the bloom of a plant and is not an ingredient in this sense. 'Flout' means to openly disregard a rule or convention and is entirely unrelated to cooking. 'Flow' means the movement of a liquid or current, not a measurable cooking ingredient.",s-eng-8-2-1,easy,ai-generated,false,D,flour,true,4
q-eng8.2-38,ENG8.2,mc,"Choose the correct homophone to complete the sentence: 'The driver pressed the _____ pedal hard when a child ran into the road.'","'Brake' is correct — it refers to the mechanical device used to slow or stop a vehicle. 'Break' means to shatter or damage something, or to take a pause; it is not a vehicle component. 'Braked' is the past tense verb form and cannot modify the noun 'pedal'. 'Brace' is a support device and does not refer to any vehicle component.",s-eng-8-2-1,easy,ai-generated,false,A,brake,true,1
q-eng8.2-38,ENG8.2,mc,"Choose the correct homophone to complete the sentence: 'The driver pressed the _____ pedal hard when a child ran into the road.'","'Brake' is correct — it refers to the mechanical device used to slow or stop a vehicle. 'Break' means to shatter or damage something, or to take a pause; it is not a vehicle component. 'Braked' is the past tense verb form and cannot modify the noun 'pedal'. 'Brace' is a support device and does not refer to any vehicle component.",s-eng-8-2-1,easy,ai-generated,false,B,break,false,2
q-eng8.2-38,ENG8.2,mc,"Choose the correct homophone to complete the sentence: 'The driver pressed the _____ pedal hard when a child ran into the road.'","'Brake' is correct — it refers to the mechanical device used to slow or stop a vehicle. 'Break' means to shatter or damage something, or to take a pause; it is not a vehicle component. 'Braked' is the past tense verb form and cannot modify the noun 'pedal'. 'Brace' is a support device and does not refer to any vehicle component.",s-eng-8-2-1,easy,ai-generated,false,C,braked,false,3
q-eng8.2-38,ENG8.2,mc,"Choose the correct homophone to complete the sentence: 'The driver pressed the _____ pedal hard when a child ran into the road.'","'Brake' is correct — it refers to the mechanical device used to slow or stop a vehicle. 'Break' means to shatter or damage something, or to take a pause; it is not a vehicle component. 'Braked' is the past tense verb form and cannot modify the noun 'pedal'. 'Brace' is a support device and does not refer to any vehicle component.",s-eng-8-2-1,easy,ai-generated,false,D,brace,false,4
q-eng8.2-39,ENG8.2,mc,"Choose the correct homophone to complete the sentence: 'All the students passed the test _____ two, who were asked to resit it.'","'Except' is correct — it means excluding or not including, which fits the idea that all but two students passed. 'Accept' means to receive or agree to something willingly; 'accept two' would mean to include them, the opposite. 'Expect' means to anticipate or look forward to something and does not convey exclusion. 'Excerpt' is a short passage taken from a longer text and is entirely unrelated to this context.",s-eng-8-2-1,easy,ai-generated,false,A,accept,false,1
q-eng8.2-39,ENG8.2,mc,"Choose the correct homophone to complete the sentence: 'All the students passed the test _____ two, who were asked to resit it.'","'Except' is correct — it means excluding or not including, which fits the idea that all but two students passed. 'Accept' means to receive or agree to something willingly; 'accept two' would mean to include them, the opposite. 'Expect' means to anticipate or look forward to something and does not convey exclusion. 'Excerpt' is a short passage taken from a longer text and is entirely unrelated to this context.",s-eng-8-2-1,easy,ai-generated,false,B,except,true,2
q-eng8.2-39,ENG8.2,mc,"Choose the correct homophone to complete the sentence: 'All the students passed the test _____ two, who were asked to resit it.'","'Except' is correct — it means excluding or not including, which fits the idea that all but two students passed. 'Accept' means to receive or agree to something willingly; 'accept two' would mean to include them, the opposite. 'Expect' means to anticipate or look forward to something and does not convey exclusion. 'Excerpt' is a short passage taken from a longer text and is entirely unrelated to this context.",s-eng-8-2-1,easy,ai-generated,false,C,expect,false,3
q-eng8.2-39,ENG8.2,mc,"Choose the correct homophone to complete the sentence: 'All the students passed the test _____ two, who were asked to resit it.'","'Except' is correct — it means excluding or not including, which fits the idea that all but two students passed. 'Accept' means to receive or agree to something willingly; 'accept two' would mean to include them, the opposite. 'Expect' means to anticipate or look forward to something and does not convey exclusion. 'Excerpt' is a short passage taken from a longer text and is entirely unrelated to this context.",s-eng-8-2-1,easy,ai-generated,false,D,excerpt,false,4
q-eng8.2-40,ENG8.2,mc,"Choose the correct homophone to complete the sentence: 'The express train sped _____ the small station without stopping.'","'Past' is correct — used as a preposition here, 'sped past' means moved beyond a point. 'Passed' is the past tense of the verb 'pass' and cannot follow another verb ('sped passed' is grammatically wrong). 'Pass' is the present-tense verb form and does not fit the past-tense context set by 'sped'. 'Paste' is a thick adhesive substance and is entirely unrelated.",s-eng-8-2-1,medium,ai-generated,false,A,passed,false,1
q-eng8.2-40,ENG8.2,mc,"Choose the correct homophone to complete the sentence: 'The express train sped _____ the small station without stopping.'","'Past' is correct — used as a preposition here, 'sped past' means moved beyond a point. 'Passed' is the past tense of the verb 'pass' and cannot follow another verb ('sped passed' is grammatically wrong). 'Pass' is the present-tense verb form and does not fit the past-tense context set by 'sped'. 'Paste' is a thick adhesive substance and is entirely unrelated.",s-eng-8-2-1,medium,ai-generated,false,B,pass,false,2
q-eng8.2-40,ENG8.2,mc,"Choose the correct homophone to complete the sentence: 'The express train sped _____ the small station without stopping.'","'Past' is correct — used as a preposition here, 'sped past' means moved beyond a point. 'Passed' is the past tense of the verb 'pass' and cannot follow another verb ('sped passed' is grammatically wrong). 'Pass' is the present-tense verb form and does not fit the past-tense context set by 'sped'. 'Paste' is a thick adhesive substance and is entirely unrelated.",s-eng-8-2-1,medium,ai-generated,false,C,past,true,3
q-eng8.2-40,ENG8.2,mc,"Choose the correct homophone to complete the sentence: 'The express train sped _____ the small station without stopping.'","'Past' is correct — used as a preposition here, 'sped past' means moved beyond a point. 'Passed' is the past tense of the verb 'pass' and cannot follow another verb ('sped passed' is grammatically wrong). 'Pass' is the present-tense verb form and does not fit the past-tense context set by 'sped'. 'Paste' is a thick adhesive substance and is entirely unrelated.",s-eng-8-2-1,medium,ai-generated,false,D,paste,false,4
q-eng8.2-41,ENG8.2,mc,"Choose the idiom that best completes the sentence: 'The reporter's sensational claims should be _____; they have not been independently verified.'","'Taken with a grain of salt' is correct — the idiom means to view something with scepticism or not take it at full face value, which fits unverified claims. 'Taken to task' means to be reprimanded, not to approach information cautiously. 'Taken by storm' means to achieve rapid and overwhelming success. 'Taken aback' means to be surprised or shocked, not to be sceptical.",s-eng-8-2-2,medium,ai-generated,false,A,taken to task,false,1
q-eng8.2-41,ENG8.2,mc,"Choose the idiom that best completes the sentence: 'The reporter's sensational claims should be _____; they have not been independently verified.'","'Taken with a grain of salt' is correct — the idiom means to view something with scepticism or not take it at full face value, which fits unverified claims. 'Taken to task' means to be reprimanded, not to approach information cautiously. 'Taken by storm' means to achieve rapid and overwhelming success. 'Taken aback' means to be surprised or shocked, not to be sceptical.",s-eng-8-2-2,medium,ai-generated,false,B,taken with a grain of salt,true,2
q-eng8.2-41,ENG8.2,mc,"Choose the idiom that best completes the sentence: 'The reporter's sensational claims should be _____; they have not been independently verified.'","'Taken with a grain of salt' is correct — the idiom means to view something with scepticism or not take it at full face value, which fits unverified claims. 'Taken to task' means to be reprimanded, not to approach information cautiously. 'Taken by storm' means to achieve rapid and overwhelming success. 'Taken aback' means to be surprised or shocked, not to be sceptical.",s-eng-8-2-2,medium,ai-generated,false,C,taken by storm,false,3
q-eng8.2-41,ENG8.2,mc,"Choose the idiom that best completes the sentence: 'The reporter's sensational claims should be _____; they have not been independently verified.'","'Taken with a grain of salt' is correct — the idiom means to view something with scepticism or not take it at full face value, which fits unverified claims. 'Taken to task' means to be reprimanded, not to approach information cautiously. 'Taken by storm' means to achieve rapid and overwhelming success. 'Taken aback' means to be surprised or shocked, not to be sceptical.",s-eng-8-2-2,medium,ai-generated,false,D,taken aback,false,4
q-eng8.2-42,ENG8.2,mc,"Choose the idiom that best completes the sentence: 'Even if you resign from this company, try not to _____ — you may need a reference letter from them someday.'","'Burn your bridges' is correct — the idiom means to permanently damage a relationship, so 'don't burn your bridges' advises preserving connections for future use. 'Jump the gun' means to act too hastily before the right moment, not to damage relationships. 'Add fuel to the fire' means to worsen an already bad situation through further provocation. 'Bite off more than you can chew' means to take on more responsibility than you can handle.",s-eng-8-2-2,medium,ai-generated,false,A,jump the gun,false,1
q-eng8.2-42,ENG8.2,mc,"Choose the idiom that best completes the sentence: 'Even if you resign from this company, try not to _____ — you may need a reference letter from them someday.'","'Burn your bridges' is correct — the idiom means to permanently damage a relationship, so 'don't burn your bridges' advises preserving connections for future use. 'Jump the gun' means to act too hastily before the right moment, not to damage relationships. 'Add fuel to the fire' means to worsen an already bad situation through further provocation. 'Bite off more than you can chew' means to take on more responsibility than you can handle.",s-eng-8-2-2,medium,ai-generated,false,B,add fuel to the fire,false,2
q-eng8.2-42,ENG8.2,mc,"Choose the idiom that best completes the sentence: 'Even if you resign from this company, try not to _____ — you may need a reference letter from them someday.'","'Burn your bridges' is correct — the idiom means to permanently damage a relationship, so 'don't burn your bridges' advises preserving connections for future use. 'Jump the gun' means to act too hastily before the right moment, not to damage relationships. 'Add fuel to the fire' means to worsen an already bad situation through further provocation. 'Bite off more than you can chew' means to take on more responsibility than you can handle.",s-eng-8-2-2,medium,ai-generated,false,C,burn your bridges,true,3
q-eng8.2-42,ENG8.2,mc,"Choose the idiom that best completes the sentence: 'Even if you resign from this company, try not to _____ — you may need a reference letter from them someday.'","'Burn your bridges' is correct — the idiom means to permanently damage a relationship, so 'don't burn your bridges' advises preserving connections for future use. 'Jump the gun' means to act too hastily before the right moment, not to damage relationships. 'Add fuel to the fire' means to worsen an already bad situation through further provocation. 'Bite off more than you can chew' means to take on more responsibility than you can handle.",s-eng-8-2-2,medium,ai-generated,false,D,bite off more than you can chew,false,4
q-eng8.2-43,ENG8.2,mc,"Choose the idiom that best completes the sentence: 'The senator has been _____ on the new tax bill, refusing to openly support or oppose it.'","'On the fence' is correct — it describes someone who has not yet committed to one side of an argument or decision, which exactly fits a senator avoiding a stance. 'In hot water' means in a difficult or trouble-prone situation, not undecided. 'In the dark' means unaware or uninformed about something, not unwilling to decide. 'Up in arms' means very angry or protesting strongly, the opposite of being neutral.",s-eng-8-2-2,medium,ai-generated,false,A,in hot water,false,1
q-eng8.2-43,ENG8.2,mc,"Choose the idiom that best completes the sentence: 'The senator has been _____ on the new tax bill, refusing to openly support or oppose it.'","'On the fence' is correct — it describes someone who has not yet committed to one side of an argument or decision, which exactly fits a senator avoiding a stance. 'In hot water' means in a difficult or trouble-prone situation, not undecided. 'In the dark' means unaware or uninformed about something, not unwilling to decide. 'Up in arms' means very angry or protesting strongly, the opposite of being neutral.",s-eng-8-2-2,medium,ai-generated,false,B,in the dark,false,2
q-eng8.2-43,ENG8.2,mc,"Choose the idiom that best completes the sentence: 'The senator has been _____ on the new tax bill, refusing to openly support or oppose it.'","'On the fence' is correct — it describes someone who has not yet committed to one side of an argument or decision, which exactly fits a senator avoiding a stance. 'In hot water' means in a difficult or trouble-prone situation, not undecided. 'In the dark' means unaware or uninformed about something, not unwilling to decide. 'Up in arms' means very angry or protesting strongly, the opposite of being neutral.",s-eng-8-2-2,medium,ai-generated,false,C,up in arms,false,3
q-eng8.2-43,ENG8.2,mc,"Choose the idiom that best completes the sentence: 'The senator has been _____ on the new tax bill, refusing to openly support or oppose it.'","'On the fence' is correct — it describes someone who has not yet committed to one side of an argument or decision, which exactly fits a senator avoiding a stance. 'In hot water' means in a difficult or trouble-prone situation, not undecided. 'In the dark' means unaware or uninformed about something, not unwilling to decide. 'Up in arms' means very angry or protesting strongly, the opposite of being neutral.",s-eng-8-2-2,medium,ai-generated,false,D,on the fence,true,4
q-eng8.2-44,ENG8.2,mc,"Choose the idiom that best completes the sentence: 'Not only did she lose the championship, but she was also stripped of her sponsorship — it was truly _____!'","'Adding insult to injury' is correct — the idiom describes a situation where a second misfortune is heaped upon an already bad one, which fits losing the championship AND the sponsorship. 'Hitting below the belt' means acting in an unfair or unsporting manner, not a compounding of misfortunes. 'Crying over spilt milk' means wasting time lamenting past mistakes. 'Biting the hand that feeds you' means harming someone who provides you with support.",s-eng-8-2-2,medium,ai-generated,false,A,adding insult to injury,true,1
q-eng8.2-44,ENG8.2,mc,"Choose the idiom that best completes the sentence: 'Not only did she lose the championship, but she was also stripped of her sponsorship — it was truly _____!'","'Adding insult to injury' is correct — the idiom describes a situation where a second misfortune is heaped upon an already bad one, which fits losing the championship AND the sponsorship. 'Hitting below the belt' means acting in an unfair or unsporting manner, not a compounding of misfortunes. 'Crying over spilt milk' means wasting time lamenting past mistakes. 'Biting the hand that feeds you' means harming someone who provides you with support.",s-eng-8-2-2,medium,ai-generated,false,B,hitting below the belt,false,2
q-eng8.2-44,ENG8.2,mc,"Choose the idiom that best completes the sentence: 'Not only did she lose the championship, but she was also stripped of her sponsorship — it was truly _____!'","'Adding insult to injury' is correct — the idiom describes a situation where a second misfortune is heaped upon an already bad one, which fits losing the championship AND the sponsorship. 'Hitting below the belt' means acting in an unfair or unsporting manner, not a compounding of misfortunes. 'Crying over spilt milk' means wasting time lamenting past mistakes. 'Biting the hand that feeds you' means harming someone who provides you with support.",s-eng-8-2-2,medium,ai-generated,false,C,crying over spilt milk,false,3
q-eng8.2-44,ENG8.2,mc,"Choose the idiom that best completes the sentence: 'Not only did she lose the championship, but she was also stripped of her sponsorship — it was truly _____!'","'Adding insult to injury' is correct — the idiom describes a situation where a second misfortune is heaped upon an already bad one, which fits losing the championship AND the sponsorship. 'Hitting below the belt' means acting in an unfair or unsporting manner, not a compounding of misfortunes. 'Crying over spilt milk' means wasting time lamenting past mistakes. 'Biting the hand that feeds you' means harming someone who provides you with support.",s-eng-8-2-2,medium,ai-generated,false,D,biting the hand that feeds you,false,4
q-eng8.2-45,ENG8.2,mc,"Choose the best idiomatic replacement for the underlined words: 'The manager deliberately ignored the safety violations in the factory.' (underlined: 'deliberately ignored')","'Turned a blind eye to' is correct — the idiom means to deliberately choose not to notice something wrong, which precisely matches the meaning of 'deliberately ignored'. 'Turned a deaf ear to' is used when someone refuses to listen to advice or requests, not specifically to ignoring visual evidence. 'Turned over a new leaf about' means to change one's behaviour for the better, which is unrelated to ignoring. 'No improvement needed' is wrong because the idiomatic version ('turned a blind eye to') is more precise and expressive.",s-eng-8-2-2,medium,ai-generated,false,A,turned a deaf ear to,false,1
q-eng8.2-45,ENG8.2,mc,"Choose the best idiomatic replacement for the underlined words: 'The manager deliberately ignored the safety violations in the factory.' (underlined: 'deliberately ignored')","'Turned a blind eye to' is correct — the idiom means to deliberately choose not to notice something wrong, which precisely matches the meaning of 'deliberately ignored'. 'Turned a deaf ear to' is used when someone refuses to listen to advice or requests, not specifically to ignoring visual evidence. 'Turned over a new leaf about' means to change one's behaviour for the better, which is unrelated to ignoring. 'No improvement needed' is wrong because the idiomatic version ('turned a blind eye to') is more precise and expressive.",s-eng-8-2-2,medium,ai-generated,false,B,turned a blind eye to,true,2
q-eng8.2-45,ENG8.2,mc,"Choose the best idiomatic replacement for the underlined words: 'The manager deliberately ignored the safety violations in the factory.' (underlined: 'deliberately ignored')","'Turned a blind eye to' is correct — the idiom means to deliberately choose not to notice something wrong, which precisely matches the meaning of 'deliberately ignored'. 'Turned a deaf ear to' is used when someone refuses to listen to advice or requests, not specifically to ignoring visual evidence. 'Turned over a new leaf about' means to change one's behaviour for the better, which is unrelated to ignoring. 'No improvement needed' is wrong because the idiomatic version ('turned a blind eye to') is more precise and expressive.",s-eng-8-2-2,medium,ai-generated,false,C,turned over a new leaf about,false,3
q-eng8.2-45,ENG8.2,mc,"Choose the best idiomatic replacement for the underlined words: 'The manager deliberately ignored the safety violations in the factory.' (underlined: 'deliberately ignored')","'Turned a blind eye to' is correct — the idiom means to deliberately choose not to notice something wrong, which precisely matches the meaning of 'deliberately ignored'. 'Turned a deaf ear to' is used when someone refuses to listen to advice or requests, not specifically to ignoring visual evidence. 'Turned over a new leaf about' means to change one's behaviour for the better, which is unrelated to ignoring. 'No improvement needed' is wrong because the idiomatic version ('turned a blind eye to') is more precise and expressive.",s-eng-8-2-2,medium,ai-generated,false,D,No improvement needed,false,4
q-eng8.2-46,ENG8.2,mc,"Choose the idiom that best completes the sentence: 'The CEO found himself _____ after the company's financial irregularities were made public.'","'In hot water' is correct — it means in serious trouble or difficulty, which fits perfectly after financial irregularities are exposed. 'On thin ice' means in a risky position where one wrong step could cause disaster; it implies a precarious future, not an already-triggered consequence. 'In the limelight' means receiving a lot of public attention, which has a neutral or positive connotation. 'Under the weather' means feeling unwell physically, unrelated to professional or legal trouble.",s-eng-8-2-2,medium,ai-generated,false,A,on thin ice,false,1
q-eng8.2-46,ENG8.2,mc,"Choose the idiom that best completes the sentence: 'The CEO found himself _____ after the company's financial irregularities were made public.'","'In hot water' is correct — it means in serious trouble or difficulty, which fits perfectly after financial irregularities are exposed. 'On thin ice' means in a risky position where one wrong step could cause disaster; it implies a precarious future, not an already-triggered consequence. 'In the limelight' means receiving a lot of public attention, which has a neutral or positive connotation. 'Under the weather' means feeling unwell physically, unrelated to professional or legal trouble.",s-eng-8-2-2,medium,ai-generated,false,B,in the limelight,false,2
q-eng8.2-46,ENG8.2,mc,"Choose the idiom that best completes the sentence: 'The CEO found himself _____ after the company's financial irregularities were made public.'","'In hot water' is correct — it means in serious trouble or difficulty, which fits perfectly after financial irregularities are exposed. 'On thin ice' means in a risky position where one wrong step could cause disaster; it implies a precarious future, not an already-triggered consequence. 'In the limelight' means receiving a lot of public attention, which has a neutral or positive connotation. 'Under the weather' means feeling unwell physically, unrelated to professional or legal trouble.",s-eng-8-2-2,medium,ai-generated,false,C,in hot water,true,3
q-eng8.2-46,ENG8.2,mc,"Choose the idiom that best completes the sentence: 'The CEO found himself _____ after the company's financial irregularities were made public.'","'In hot water' is correct — it means in serious trouble or difficulty, which fits perfectly after financial irregularities are exposed. 'On thin ice' means in a risky position where one wrong step could cause disaster; it implies a precarious future, not an already-triggered consequence. 'In the limelight' means receiving a lot of public attention, which has a neutral or positive connotation. 'Under the weather' means feeling unwell physically, unrelated to professional or legal trouble.",s-eng-8-2-2,medium,ai-generated,false,D,under the weather,false,4
q-eng8.2-47,ENG8.2,mc,"Choose the idiom that best completes the sentence: 'By the time he decided to invest, the market had already recovered — he completely _____!'","'Missed the boat' is correct — the idiom means to fail to take advantage of an opportunity that has already passed, perfectly fitting someone who delayed and lost a market opportunity. 'Jumped on the bandwagon' means to adopt a popular trend, which implies action rather than inaction. 'Sailed through' means to succeed or pass with ease, the opposite of failing to act in time. 'Went overboard' means to do something to an excessive or extreme degree.",s-eng-8-2-2,medium,ai-generated,false,A,jumped on the bandwagon,false,1
q-eng8.2-47,ENG8.2,mc,"Choose the idiom that best completes the sentence: 'By the time he decided to invest, the market had already recovered — he completely _____!'","'Missed the boat' is correct — the idiom means to fail to take advantage of an opportunity that has already passed, perfectly fitting someone who delayed and lost a market opportunity. 'Jumped on the bandwagon' means to adopt a popular trend, which implies action rather than inaction. 'Sailed through' means to succeed or pass with ease, the opposite of failing to act in time. 'Went overboard' means to do something to an excessive or extreme degree.",s-eng-8-2-2,medium,ai-generated,false,B,sailed through,false,2
q-eng8.2-47,ENG8.2,mc,"Choose the idiom that best completes the sentence: 'By the time he decided to invest, the market had already recovered — he completely _____!'","'Missed the boat' is correct — the idiom means to fail to take advantage of an opportunity that has already passed, perfectly fitting someone who delayed and lost a market opportunity. 'Jumped on the bandwagon' means to adopt a popular trend, which implies action rather than inaction. 'Sailed through' means to succeed or pass with ease, the opposite of failing to act in time. 'Went overboard' means to do something to an excessive or extreme degree.",s-eng-8-2-2,medium,ai-generated,false,C,went overboard,false,3
q-eng8.2-47,ENG8.2,mc,"Choose the idiom that best completes the sentence: 'By the time he decided to invest, the market had already recovered — he completely _____!'","'Missed the boat' is correct — the idiom means to fail to take advantage of an opportunity that has already passed, perfectly fitting someone who delayed and lost a market opportunity. 'Jumped on the bandwagon' means to adopt a popular trend, which implies action rather than inaction. 'Sailed through' means to succeed or pass with ease, the opposite of failing to act in time. 'Went overboard' means to do something to an excessive or extreme degree.",s-eng-8-2-2,medium,ai-generated,false,D,missed the boat,true,4
q-eng8.2-48,ENG8.2,mc,"Choose the idiom that best completes the sentence: 'The rival company's surprise announcement _____ just hours before our own product launch.'","'Stole our thunder' is correct — the idiom means to take away someone's attention or credit by doing something similar first, which exactly fits a rival announcement overshadowing your own launch. 'Let the cat out of the bag' means to accidentally reveal a secret, which implies an unintentional disclosure unrelated to taking attention. 'Pulled the rug from under us' means to suddenly remove support or disrupt plans, more about betrayal than spotlight-stealing. 'Beat around the bush' means to avoid the main topic, unrelated to competitive announcements.",s-eng-8-2-2,hard,ai-generated,false,A,stole our thunder,true,1
q-eng8.2-48,ENG8.2,mc,"Choose the idiom that best completes the sentence: 'The rival company's surprise announcement _____ just hours before our own product launch.'","'Stole our thunder' is correct — the idiom means to take away someone's attention or credit by doing something similar first, which exactly fits a rival announcement overshadowing your own launch. 'Let the cat out of the bag' means to accidentally reveal a secret, which implies an unintentional disclosure unrelated to taking attention. 'Pulled the rug from under us' means to suddenly remove support or disrupt plans, more about betrayal than spotlight-stealing. 'Beat around the bush' means to avoid the main topic, unrelated to competitive announcements.",s-eng-8-2-2,hard,ai-generated,false,B,let the cat out of the bag,false,2
q-eng8.2-48,ENG8.2,mc,"Choose the idiom that best completes the sentence: 'The rival company's surprise announcement _____ just hours before our own product launch.'","'Stole our thunder' is correct — the idiom means to take away someone's attention or credit by doing something similar first, which exactly fits a rival announcement overshadowing your own launch. 'Let the cat out of the bag' means to accidentally reveal a secret, which implies an unintentional disclosure unrelated to taking attention. 'Pulled the rug from under us' means to suddenly remove support or disrupt plans, more about betrayal than spotlight-stealing. 'Beat around the bush' means to avoid the main topic, unrelated to competitive announcements.",s-eng-8-2-2,hard,ai-generated,false,C,pulled the rug from under us,false,3
q-eng8.2-48,ENG8.2,mc,"Choose the idiom that best completes the sentence: 'The rival company's surprise announcement _____ just hours before our own product launch.'","'Stole our thunder' is correct — the idiom means to take away someone's attention or credit by doing something similar first, which exactly fits a rival announcement overshadowing your own launch. 'Let the cat out of the bag' means to accidentally reveal a secret, which implies an unintentional disclosure unrelated to taking attention. 'Pulled the rug from under us' means to suddenly remove support or disrupt plans, more about betrayal than spotlight-stealing. 'Beat around the bush' means to avoid the main topic, unrelated to competitive announcements.",s-eng-8-2-2,hard,ai-generated,false,D,beat around the bush,false,4
q-eng8.2-49,ENG8.2,mc,"Choose the idiom that best completes the sentence: 'After months of missed deadlines and poor communication, his failure to attend the final review meeting was _____.'","'The last straw' is correct — the idiom means the final problem in a series of problems that finally makes a situation intolerable, which exactly fits a culminating failure after months of issues. 'A blessing in disguise' means something that seemed bad but turned out to be good, the opposite tone. 'The tip of the iceberg' means only a small visible part of a much larger problem, not the final trigger. 'A storm in a teacup' means a big fuss made over a minor matter, implying the problem is trivial.",s-eng-8-2-2,medium,ai-generated,false,A,a blessing in disguise,false,1
q-eng8.2-49,ENG8.2,mc,"Choose the idiom that best completes the sentence: 'After months of missed deadlines and poor communication, his failure to attend the final review meeting was _____.'","'The last straw' is correct — the idiom means the final problem in a series of problems that finally makes a situation intolerable, which exactly fits a culminating failure after months of issues. 'A blessing in disguise' means something that seemed bad but turned out to be good, the opposite tone. 'The tip of the iceberg' means only a small visible part of a much larger problem, not the final trigger. 'A storm in a teacup' means a big fuss made over a minor matter, implying the problem is trivial.",s-eng-8-2-2,medium,ai-generated,false,B,the tip of the iceberg,false,2
q-eng8.2-49,ENG8.2,mc,"Choose the idiom that best completes the sentence: 'After months of missed deadlines and poor communication, his failure to attend the final review meeting was _____.'","'The last straw' is correct — the idiom means the final problem in a series of problems that finally makes a situation intolerable, which exactly fits a culminating failure after months of issues. 'A blessing in disguise' means something that seemed bad but turned out to be good, the opposite tone. 'The tip of the iceberg' means only a small visible part of a much larger problem, not the final trigger. 'A storm in a teacup' means a big fuss made over a minor matter, implying the problem is trivial.",s-eng-8-2-2,medium,ai-generated,false,C,the last straw,true,3
q-eng8.2-49,ENG8.2,mc,"Choose the idiom that best completes the sentence: 'After months of missed deadlines and poor communication, his failure to attend the final review meeting was _____.'","'The last straw' is correct — the idiom means the final problem in a series of problems that finally makes a situation intolerable, which exactly fits a culminating failure after months of issues. 'A blessing in disguise' means something that seemed bad but turned out to be good, the opposite tone. 'The tip of the iceberg' means only a small visible part of a much larger problem, not the final trigger. 'A storm in a teacup' means a big fuss made over a minor matter, implying the problem is trivial.",s-eng-8-2-2,medium,ai-generated,false,D,a storm in a teacup,false,4
q-eng8.2-50,ENG8.2,mc,"Which of the following sentences uses the idiom 'a blessing in disguise' CORRECTLY?","Option B correctly uses the idiom — being rejected from a first-choice college seems bad but leads to a better outcome (thriving at the second choice), which is exactly what 'a blessing in disguise' means. Option A is wrong because being upset for weeks confirms it was a genuinely bad experience with no hidden benefit. Option C misuses it — something that succeeds brilliantly from the start is simply a blessing, not one in disguise. Option D misuses it — slippery roads are an additional harm, not a hidden benefit.",s-eng-8-2-2,hard,ai-generated,false,A,"Losing his wallet was a blessing in disguise — he was very upset about it for weeks.",false,1
q-eng8.2-50,ENG8.2,mc,"Which of the following sentences uses the idiom 'a blessing in disguise' CORRECTLY?","Option B correctly uses the idiom — being rejected from a first-choice college seems bad but leads to a better outcome (thriving at the second choice), which is exactly what 'a blessing in disguise' means. Option A is wrong because being upset for weeks confirms it was a genuinely bad experience with no hidden benefit. Option C misuses it — something that succeeds brilliantly from the start is simply a blessing, not one in disguise. Option D misuses it — slippery roads are an additional harm, not a hidden benefit.",s-eng-8-2-2,hard,ai-generated,false,B,"Being rejected from his first-choice college was a blessing in disguise — he thrived at his second choice and made lifelong friends.",true,2
q-eng8.2-50,ENG8.2,mc,"Which of the following sentences uses the idiom 'a blessing in disguise' CORRECTLY?","Option B correctly uses the idiom — being rejected from a first-choice college seems bad but leads to a better outcome (thriving at the second choice), which is exactly what 'a blessing in disguise' means. Option A is wrong because being upset for weeks confirms it was a genuinely bad experience with no hidden benefit. Option C misuses it — something that succeeds brilliantly from the start is simply a blessing, not one in disguise. Option D misuses it — slippery roads are an additional harm, not a hidden benefit.",s-eng-8-2-2,hard,ai-generated,false,C,"The project was a blessing in disguise — it succeeded brilliantly and impressed everyone from the very first day.",false,3
q-eng8.2-50,ENG8.2,mc,"Which of the following sentences uses the idiom 'a blessing in disguise' CORRECTLY?","Option B correctly uses the idiom — being rejected from a first-choice college seems bad but leads to a better outcome (thriving at the second choice), which is exactly what 'a blessing in disguise' means. Option A is wrong because being upset for weeks confirms it was a genuinely bad experience with no hidden benefit. Option C misuses it — something that succeeds brilliantly from the start is simply a blessing, not one in disguise. Option D misuses it — slippery roads are an additional harm, not a hidden benefit.",s-eng-8-2-2,hard,ai-generated,false,D,"The heavy rain was a blessing in disguise because it made the roads slippery and dangerous.",false,4
