question_ref,lo_code,question_type,question_text,explanation,subtopic_codes,difficulty,source,verified,option_key,option_text,answer_value,sort_order
q-eng8.1-01,ENG8.1,mc,"Choose the word that is CLOSEST IN MEANING to: ABATE","'Diminish' is correct — 'abate' means to lessen or reduce in intensity, and 'diminish' captures this meaning exactly. 'Aggravate' is the antonym, meaning to make worse. 'Sustain' means to maintain or support, the opposite of reducing. 'Accelerate' means to speed up, which contradicts the meaning of abate.",k-eng-8-1-1,medium,ai-generated,false,A,aggravate,false,1
q-eng8.1-01,ENG8.1,mc,"Choose the word that is CLOSEST IN MEANING to: ABATE","'Diminish' is correct — 'abate' means to lessen or reduce in intensity, and 'diminish' captures this meaning exactly. 'Aggravate' is the antonym, meaning to make worse. 'Sustain' means to maintain or support, the opposite of reducing. 'Accelerate' means to speed up, which contradicts the meaning of abate.",k-eng-8-1-1,medium,ai-generated,false,B,sustain,false,2
q-eng8.1-01,ENG8.1,mc,"Choose the word that is CLOSEST IN MEANING to: ABATE","'Diminish' is correct — 'abate' means to lessen or reduce in intensity, and 'diminish' captures this meaning exactly. 'Aggravate' is the antonym, meaning to make worse. 'Sustain' means to maintain or support, the opposite of reducing. 'Accelerate' means to speed up, which contradicts the meaning of abate.",k-eng-8-1-1,medium,ai-generated,false,C,diminish,true,3
q-eng8.1-01,ENG8.1,mc,"Choose the word that is CLOSEST IN MEANING to: ABATE","'Diminish' is correct — 'abate' means to lessen or reduce in intensity, and 'diminish' captures this meaning exactly. 'Aggravate' is the antonym, meaning to make worse. 'Sustain' means to maintain or support, the opposite of reducing. 'Accelerate' means to speed up, which contradicts the meaning of abate.",k-eng-8-1-1,medium,ai-generated,false,D,accelerate,false,4
q-eng8.1-02,ENG8.1,mc,"Choose the word that is CLOSEST IN MEANING to: APPEASE","'Pacify' is correct — 'appease' means to satisfy or calm someone, and 'pacify' is the closest in meaning. 'Provoke' is the antonym (to anger or stir up). 'Intimidate' means to frighten, which is the opposite in effect to appeasing. 'Confront' means to face directly in a challenging way, unrelated to calming.",k-eng-8-1-1,easy,ai-generated,false,A,provoke,false,1
q-eng8.1-02,ENG8.1,mc,"Choose the word that is CLOSEST IN MEANING to: APPEASE","'Pacify' is correct — 'appease' means to satisfy or calm someone, and 'pacify' is the closest in meaning. 'Provoke' is the antonym (to anger or stir up). 'Intimidate' means to frighten, which is the opposite in effect to appeasing. 'Confront' means to face directly in a challenging way, unrelated to calming.",k-eng-8-1-1,easy,ai-generated,false,B,pacify,true,2
q-eng8.1-02,ENG8.1,mc,"Choose the word that is CLOSEST IN MEANING to: APPEASE","'Pacify' is correct — 'appease' means to satisfy or calm someone, and 'pacify' is the closest in meaning. 'Provoke' is the antonym (to anger or stir up). 'Intimidate' means to frighten, which is the opposite in effect to appeasing. 'Confront' means to face directly in a challenging way, unrelated to calming.",k-eng-8-1-1,easy,ai-generated,false,C,intimidate,false,3
q-eng8.1-02,ENG8.1,mc,"Choose the word that is CLOSEST IN MEANING to: APPEASE","'Pacify' is correct — 'appease' means to satisfy or calm someone, and 'pacify' is the closest in meaning. 'Provoke' is the antonym (to anger or stir up). 'Intimidate' means to frighten, which is the opposite in effect to appeasing. 'Confront' means to face directly in a challenging way, unrelated to calming.",k-eng-8-1-1,easy,ai-generated,false,D,confront,false,4
q-eng8.1-03,ENG8.1,mc,"Choose the word that is CLOSEST IN MEANING to: CANDID","'Forthright' is correct — 'candid' means honest, direct, and open, and 'forthright' is the closest synonym. 'Evasive' is the antonym (deliberately vague or indirect). 'Ambiguous' means unclear or having multiple interpretations, not related to honesty. 'Reserved' means restrained in manner, which contrasts with the openness of candid.",k-eng-8-1-1,easy,ai-generated,false,A,forthright,true,1
q-eng8.1-03,ENG8.1,mc,"Choose the word that is CLOSEST IN MEANING to: CANDID","'Forthright' is correct — 'candid' means honest, direct, and open, and 'forthright' is the closest synonym. 'Evasive' is the antonym (deliberately vague or indirect). 'Ambiguous' means unclear or having multiple interpretations, not related to honesty. 'Reserved' means restrained in manner, which contrasts with the openness of candid.",k-eng-8-1-1,easy,ai-generated,false,B,evasive,false,2
q-eng8.1-03,ENG8.1,mc,"Choose the word that is CLOSEST IN MEANING to: CANDID","'Forthright' is correct — 'candid' means honest, direct, and open, and 'forthright' is the closest synonym. 'Evasive' is the antonym (deliberately vague or indirect). 'Ambiguous' means unclear or having multiple interpretations, not related to honesty. 'Reserved' means restrained in manner, which contrasts with the openness of candid.",k-eng-8-1-1,easy,ai-generated,false,C,ambiguous,false,3
q-eng8.1-03,ENG8.1,mc,"Choose the word that is CLOSEST IN MEANING to: CANDID","'Forthright' is correct — 'candid' means honest, direct, and open, and 'forthright' is the closest synonym. 'Evasive' is the antonym (deliberately vague or indirect). 'Ambiguous' means unclear or having multiple interpretations, not related to honesty. 'Reserved' means restrained in manner, which contrasts with the openness of candid.",k-eng-8-1-1,easy,ai-generated,false,D,reserved,false,4
q-eng8.1-04,ENG8.1,mc,"Choose the word that is CLOSEST IN MEANING to: DILIGENT","'Assiduous' is correct — both 'diligent' and 'assiduous' mean showing careful and persistent effort in one's work. 'Slothful' is the antonym (lazy and slow). 'Negligent' means careless and inattentive, which is the opposite of diligent. 'Impulsive' means acting rashly without forethought, a different concept entirely.",k-eng-8-1-1,hard,ai-generated,false,A,slothful,false,1
q-eng8.1-04,ENG8.1,mc,"Choose the word that is CLOSEST IN MEANING to: DILIGENT","'Assiduous' is correct — both 'diligent' and 'assiduous' mean showing careful and persistent effort in one's work. 'Slothful' is the antonym (lazy and slow). 'Negligent' means careless and inattentive, which is the opposite of diligent. 'Impulsive' means acting rashly without forethought, a different concept entirely.",k-eng-8-1-1,hard,ai-generated,false,B,negligent,false,2
q-eng8.1-04,ENG8.1,mc,"Choose the word that is CLOSEST IN MEANING to: DILIGENT","'Assiduous' is correct — both 'diligent' and 'assiduous' mean showing careful and persistent effort in one's work. 'Slothful' is the antonym (lazy and slow). 'Negligent' means careless and inattentive, which is the opposite of diligent. 'Impulsive' means acting rashly without forethought, a different concept entirely.",k-eng-8-1-1,hard,ai-generated,false,C,impulsive,false,3
q-eng8.1-04,ENG8.1,mc,"Choose the word that is CLOSEST IN MEANING to: DILIGENT","'Assiduous' is correct — both 'diligent' and 'assiduous' mean showing careful and persistent effort in one's work. 'Slothful' is the antonym (lazy and slow). 'Negligent' means careless and inattentive, which is the opposite of diligent. 'Impulsive' means acting rashly without forethought, a different concept entirely.",k-eng-8-1-1,hard,ai-generated,false,D,assiduous,true,4
q-eng8.1-05,ENG8.1,mc,"Choose the word that is CLOSEST IN MEANING to: FRUGAL","'Thrifty' is correct — 'frugal' and 'thrifty' both mean being careful with money and avoiding waste. 'Extravagant' is the antonym (spending excessively). 'Generous' means giving freely, which contrasts with frugal's careful restraint. 'Ostentatious' means showy and displaying wealth openly, the opposite of frugal simplicity.",k-eng-8-1-1,easy,ai-generated,false,A,extravagant,false,1
q-eng8.1-05,ENG8.1,mc,"Choose the word that is CLOSEST IN MEANING to: FRUGAL","'Thrifty' is correct — 'frugal' and 'thrifty' both mean being careful with money and avoiding waste. 'Extravagant' is the antonym (spending excessively). 'Generous' means giving freely, which contrasts with frugal's careful restraint. 'Ostentatious' means showy and displaying wealth openly, the opposite of frugal simplicity.",k-eng-8-1-1,easy,ai-generated,false,B,thrifty,true,2
q-eng8.1-05,ENG8.1,mc,"Choose the word that is CLOSEST IN MEANING to: FRUGAL","'Thrifty' is correct — 'frugal' and 'thrifty' both mean being careful with money and avoiding waste. 'Extravagant' is the antonym (spending excessively). 'Generous' means giving freely, which contrasts with frugal's careful restraint. 'Ostentatious' means showy and displaying wealth openly, the opposite of frugal simplicity.",k-eng-8-1-1,easy,ai-generated,false,C,generous,false,3
q-eng8.1-05,ENG8.1,mc,"Choose the word that is CLOSEST IN MEANING to: FRUGAL","'Thrifty' is correct — 'frugal' and 'thrifty' both mean being careful with money and avoiding waste. 'Extravagant' is the antonym (spending excessively). 'Generous' means giving freely, which contrasts with frugal's careful restraint. 'Ostentatious' means showy and displaying wealth openly, the opposite of frugal simplicity.",k-eng-8-1-1,easy,ai-generated,false,D,ostentatious,false,4
q-eng8.1-06,ENG8.1,mc,"In the following sentence, choose the word that is CLOSEST IN MEANING to the word in capital letters. 'The barrister delivered an ELOQUENT argument that convinced even the most sceptical jurors.'","'Articulate' is correct — 'eloquent' means fluent and persuasive in expression, and 'articulate' best captures the idea of clear and well-expressed speech. 'Passionate' describes emotional intensity, not the quality of linguistic expression. 'Lengthy' refers to duration, not quality. 'Articulate' matches 'eloquent' as a descriptor of the speech's quality; 'persuasive' describes its effect but not the manner of expression itself.",k-eng-8-1-1,medium,ai-generated,false,A,passionate,false,1
q-eng8.1-06,ENG8.1,mc,"In the following sentence, choose the word that is CLOSEST IN MEANING to the word in capital letters. 'The barrister delivered an ELOQUENT argument that convinced even the most sceptical jurors.'","'Articulate' is correct — 'eloquent' means fluent and persuasive in expression, and 'articulate' best captures the idea of clear and well-expressed speech. 'Passionate' describes emotional intensity, not the quality of linguistic expression. 'Lengthy' refers to duration, not quality. 'Articulate' matches 'eloquent' as a descriptor of the speech's quality; 'persuasive' describes its effect but not the manner of expression itself.",k-eng-8-1-1,medium,ai-generated,false,B,lengthy,false,2
q-eng8.1-06,ENG8.1,mc,"In the following sentence, choose the word that is CLOSEST IN MEANING to the word in capital letters. 'The barrister delivered an ELOQUENT argument that convinced even the most sceptical jurors.'","'Articulate' is correct — 'eloquent' means fluent and persuasive in expression, and 'articulate' best captures the idea of clear and well-expressed speech. 'Passionate' describes emotional intensity, not the quality of linguistic expression. 'Lengthy' refers to duration, not quality. 'Articulate' matches 'eloquent' as a descriptor of the speech's quality; 'persuasive' describes its effect but not the manner of expression itself.",k-eng-8-1-1,medium,ai-generated,false,C,articulate,true,3
q-eng8.1-06,ENG8.1,mc,"In the following sentence, choose the word that is CLOSEST IN MEANING to the word in capital letters. 'The barrister delivered an ELOQUENT argument that convinced even the most sceptical jurors.'","'Articulate' is correct — 'eloquent' means fluent and persuasive in expression, and 'articulate' best captures the idea of clear and well-expressed speech. 'Passionate' describes emotional intensity, not the quality of linguistic expression. 'Lengthy' refers to duration, not quality. 'Articulate' matches 'eloquent' as a descriptor of the speech's quality; 'persuasive' describes its effect but not the manner of expression itself.",k-eng-8-1-1,medium,ai-generated,false,D,persuasive,false,4
q-eng8.1-07,ENG8.1,mc,"In the following sentence, choose the word that is CLOSEST IN MEANING to the word in capital letters. 'Despite repeated setbacks, the scientist remained TENACIOUS in her pursuit of a cure.'","'Persistent' is correct — 'tenacious' means holding firmly to a purpose despite obstacles, and 'persistent' is the closest synonym in this context. 'Optimistic' describes a hopeful attitude, not the quality of maintaining effort despite difficulty. 'Reckless' means careless of consequences, which contradicts the focused determination of tenacious. 'Brilliant' refers to intellectual ability, an entirely different quality.",k-eng-8-1-1,medium,ai-generated,false,A,persistent,true,1
q-eng8.1-07,ENG8.1,mc,"In the following sentence, choose the word that is CLOSEST IN MEANING to the word in capital letters. 'Despite repeated setbacks, the scientist remained TENACIOUS in her pursuit of a cure.'","'Persistent' is correct — 'tenacious' means holding firmly to a purpose despite obstacles, and 'persistent' is the closest synonym in this context. 'Optimistic' describes a hopeful attitude, not the quality of maintaining effort despite difficulty. 'Reckless' means careless of consequences, which contradicts the focused determination of tenacious. 'Brilliant' refers to intellectual ability, an entirely different quality.",k-eng-8-1-1,medium,ai-generated,false,B,optimistic,false,2
q-eng8.1-07,ENG8.1,mc,"In the following sentence, choose the word that is CLOSEST IN MEANING to the word in capital letters. 'Despite repeated setbacks, the scientist remained TENACIOUS in her pursuit of a cure.'","'Persistent' is correct — 'tenacious' means holding firmly to a purpose despite obstacles, and 'persistent' is the closest synonym in this context. 'Optimistic' describes a hopeful attitude, not the quality of maintaining effort despite difficulty. 'Reckless' means careless of consequences, which contradicts the focused determination of tenacious. 'Brilliant' refers to intellectual ability, an entirely different quality.",k-eng-8-1-1,medium,ai-generated,false,C,reckless,false,3
q-eng8.1-07,ENG8.1,mc,"In the following sentence, choose the word that is CLOSEST IN MEANING to the word in capital letters. 'Despite repeated setbacks, the scientist remained TENACIOUS in her pursuit of a cure.'","'Persistent' is correct — 'tenacious' means holding firmly to a purpose despite obstacles, and 'persistent' is the closest synonym in this context. 'Optimistic' describes a hopeful attitude, not the quality of maintaining effort despite difficulty. 'Reckless' means careless of consequences, which contradicts the focused determination of tenacious. 'Brilliant' refers to intellectual ability, an entirely different quality.",k-eng-8-1-1,medium,ai-generated,false,D,brilliant,false,4
q-eng8.1-08,ENG8.1,mc,"In the following sentence, choose the word that is CLOSEST IN MEANING to the word in capital letters. 'The witness offered a PLAUSIBLE account of events, though no physical evidence supported it.'","'Credible' is correct — 'plausible' means appearing reasonable or probable, and 'credible' best captures this sense of believability. 'Detailed' refers to the amount of information given, not its believability. 'Disputed' means contested or challenged, which relates to the second clause but not to the word 'plausible'. 'Inconsistent' means self-contradictory, which is the opposite of plausible.",k-eng-8-1-1,medium,ai-generated,false,A,detailed,false,1
q-eng8.1-08,ENG8.1,mc,"In the following sentence, choose the word that is CLOSEST IN MEANING to the word in capital letters. 'The witness offered a PLAUSIBLE account of events, though no physical evidence supported it.'","'Credible' is correct — 'plausible' means appearing reasonable or probable, and 'credible' best captures this sense of believability. 'Detailed' refers to the amount of information given, not its believability. 'Disputed' means contested or challenged, which relates to the second clause but not to the word 'plausible'. 'Inconsistent' means self-contradictory, which is the opposite of plausible.",k-eng-8-1-1,medium,ai-generated,false,B,disputed,false,2
q-eng8.1-08,ENG8.1,mc,"In the following sentence, choose the word that is CLOSEST IN MEANING to the word in capital letters. 'The witness offered a PLAUSIBLE account of events, though no physical evidence supported it.'","'Credible' is correct — 'plausible' means appearing reasonable or probable, and 'credible' best captures this sense of believability. 'Detailed' refers to the amount of information given, not its believability. 'Disputed' means contested or challenged, which relates to the second clause but not to the word 'plausible'. 'Inconsistent' means self-contradictory, which is the opposite of plausible.",k-eng-8-1-1,medium,ai-generated,false,C,inconsistent,false,3
q-eng8.1-08,ENG8.1,mc,"In the following sentence, choose the word that is CLOSEST IN MEANING to the word in capital letters. 'The witness offered a PLAUSIBLE account of events, though no physical evidence supported it.'","'Credible' is correct — 'plausible' means appearing reasonable or probable, and 'credible' best captures this sense of believability. 'Detailed' refers to the amount of information given, not its believability. 'Disputed' means contested or challenged, which relates to the second clause but not to the word 'plausible'. 'Inconsistent' means self-contradictory, which is the opposite of plausible.",k-eng-8-1-1,medium,ai-generated,false,D,credible,true,4
q-eng8.1-09,ENG8.1,mc,"In the following sentence, choose the word that is CLOSEST IN MEANING to the word in capital letters. 'The government was criticised for SQUANDERING public funds on lavish international conferences.'","'Wasting' is correct — 'squander' means to spend money or resources carelessly and extravagantly, and 'wasting' captures this exact meaning. 'Diverting' means redirecting funds, which implies a purpose even if incorrect. 'Misappropriating' means using funds for an unintended or illegal purpose — more specific and legal in tone than squandering. 'Allocating' means distributing purposefully, which is the opposite of squandering.",k-eng-8-1-1,easy,ai-generated,false,A,diverting,false,1
q-eng8.1-09,ENG8.1,mc,"In the following sentence, choose the word that is CLOSEST IN MEANING to the word in capital letters. 'The government was criticised for SQUANDERING public funds on lavish international conferences.'","'Wasting' is correct — 'squander' means to spend money or resources carelessly and extravagantly, and 'wasting' captures this exact meaning. 'Diverting' means redirecting funds, which implies a purpose even if incorrect. 'Misappropriating' means using funds for an unintended or illegal purpose — more specific and legal in tone than squandering. 'Allocating' means distributing purposefully, which is the opposite of squandering.",k-eng-8-1-1,easy,ai-generated,false,B,wasting,true,2
q-eng8.1-09,ENG8.1,mc,"In the following sentence, choose the word that is CLOSEST IN MEANING to the word in capital letters. 'The government was criticised for SQUANDERING public funds on lavish international conferences.'","'Wasting' is correct — 'squander' means to spend money or resources carelessly and extravagantly, and 'wasting' captures this exact meaning. 'Diverting' means redirecting funds, which implies a purpose even if incorrect. 'Misappropriating' means using funds for an unintended or illegal purpose — more specific and legal in tone than squandering. 'Allocating' means distributing purposefully, which is the opposite of squandering.",k-eng-8-1-1,easy,ai-generated,false,C,misappropriating,false,3
q-eng8.1-09,ENG8.1,mc,"In the following sentence, choose the word that is CLOSEST IN MEANING to the word in capital letters. 'The government was criticised for SQUANDERING public funds on lavish international conferences.'","'Wasting' is correct — 'squander' means to spend money or resources carelessly and extravagantly, and 'wasting' captures this exact meaning. 'Diverting' means redirecting funds, which implies a purpose even if incorrect. 'Misappropriating' means using funds for an unintended or illegal purpose — more specific and legal in tone than squandering. 'Allocating' means distributing purposefully, which is the opposite of squandering.",k-eng-8-1-1,easy,ai-generated,false,D,allocating,false,4
q-eng8.1-10,ENG8.1,mc,"In the following sentence, choose the word that is CLOSEST IN MEANING to the word in capital letters. 'With dark clouds gathering and thunder rumbling, rain seemed IMMINENT.'","'Impending' is correct — 'imminent' means about to happen very soon, and 'impending' is the closest synonym. 'Inevitable' means certain to happen but does not carry the sense of closeness in time that 'imminent' does. 'Unlikely' is nearly an antonym of imminent. 'Gradual' means happening slowly over time, which directly contrasts with the immediate sense of 'imminent'.",k-eng-8-1-1,medium,ai-generated,false,A,inevitable,false,1
q-eng8.1-10,ENG8.1,mc,"In the following sentence, choose the word that is CLOSEST IN MEANING to the word in capital letters. 'With dark clouds gathering and thunder rumbling, rain seemed IMMINENT.'","'Impending' is correct — 'imminent' means about to happen very soon, and 'impending' is the closest synonym. 'Inevitable' means certain to happen but does not carry the sense of closeness in time that 'imminent' does. 'Unlikely' is nearly an antonym of imminent. 'Gradual' means happening slowly over time, which directly contrasts with the immediate sense of 'imminent'.",k-eng-8-1-1,medium,ai-generated,false,B,unlikely,false,2
q-eng8.1-10,ENG8.1,mc,"In the following sentence, choose the word that is CLOSEST IN MEANING to the word in capital letters. 'With dark clouds gathering and thunder rumbling, rain seemed IMMINENT.'","'Impending' is correct — 'imminent' means about to happen very soon, and 'impending' is the closest synonym. 'Inevitable' means certain to happen but does not carry the sense of closeness in time that 'imminent' does. 'Unlikely' is nearly an antonym of imminent. 'Gradual' means happening slowly over time, which directly contrasts with the immediate sense of 'imminent'.",k-eng-8-1-1,medium,ai-generated,false,C,impending,true,3
q-eng8.1-10,ENG8.1,mc,"In the following sentence, choose the word that is CLOSEST IN MEANING to the word in capital letters. 'With dark clouds gathering and thunder rumbling, rain seemed IMMINENT.'","'Impending' is correct — 'imminent' means about to happen very soon, and 'impending' is the closest synonym. 'Inevitable' means certain to happen but does not carry the sense of closeness in time that 'imminent' does. 'Unlikely' is nearly an antonym of imminent. 'Gradual' means happening slowly over time, which directly contrasts with the immediate sense of 'imminent'.",k-eng-8-1-1,medium,ai-generated,false,D,gradual,false,4
q-eng8.1-11,ENG8.1,mc,"Choose the word that is OPPOSITE IN MEANING to: BENIGN","'Malignant' is the correct antonym — 'benign' means harmless or kind, while 'malignant' means harmful or virulent (especially in a medical context). 'Charitable' shares connotations of goodness with benign and is not the antonym. 'Gentle' is closer to a synonym of benign. 'Passive' means inactive, a different concept unrelated to benign.",k-eng-8-1-2,medium,ai-generated,false,A,charitable,false,1
q-eng8.1-11,ENG8.1,mc,"Choose the word that is OPPOSITE IN MEANING to: BENIGN","'Malignant' is the correct antonym — 'benign' means harmless or kind, while 'malignant' means harmful or virulent (especially in a medical context). 'Charitable' shares connotations of goodness with benign and is not the antonym. 'Gentle' is closer to a synonym of benign. 'Passive' means inactive, a different concept unrelated to benign.",k-eng-8-1-2,medium,ai-generated,false,B,gentle,false,2
q-eng8.1-11,ENG8.1,mc,"Choose the word that is OPPOSITE IN MEANING to: BENIGN","'Malignant' is the correct antonym — 'benign' means harmless or kind, while 'malignant' means harmful or virulent (especially in a medical context). 'Charitable' shares connotations of goodness with benign and is not the antonym. 'Gentle' is closer to a synonym of benign. 'Passive' means inactive, a different concept unrelated to benign.",k-eng-8-1-2,medium,ai-generated,false,C,passive,false,3
q-eng8.1-11,ENG8.1,mc,"Choose the word that is OPPOSITE IN MEANING to: BENIGN","'Malignant' is the correct antonym — 'benign' means harmless or kind, while 'malignant' means harmful or virulent (especially in a medical context). 'Charitable' shares connotations of goodness with benign and is not the antonym. 'Gentle' is closer to a synonym of benign. 'Passive' means inactive, a different concept unrelated to benign.",k-eng-8-1-2,medium,ai-generated,false,D,malignant,true,4
q-eng8.1-12,ENG8.1,mc,"Choose the word that is OPPOSITE IN MEANING to: TURBULENT","'Tranquil' is the correct antonym — 'turbulent' means marked by disturbance and disorder, while 'tranquil' means calm and peaceful. 'Chaotic' is a near synonym of turbulent (disorderly). 'Volatile' means liable to sudden unpredictable change, similar in meaning to turbulent. 'Agitated' means disturbed or excited, also similar to turbulent.",k-eng-8-1-2,easy,ai-generated,false,A,tranquil,true,1
q-eng8.1-12,ENG8.1,mc,"Choose the word that is OPPOSITE IN MEANING to: TURBULENT","'Tranquil' is the correct antonym — 'turbulent' means marked by disturbance and disorder, while 'tranquil' means calm and peaceful. 'Chaotic' is a near synonym of turbulent (disorderly). 'Volatile' means liable to sudden unpredictable change, similar in meaning to turbulent. 'Agitated' means disturbed or excited, also similar to turbulent.",k-eng-8-1-2,easy,ai-generated,false,B,chaotic,false,2
q-eng8.1-12,ENG8.1,mc,"Choose the word that is OPPOSITE IN MEANING to: TURBULENT","'Tranquil' is the correct antonym — 'turbulent' means marked by disturbance and disorder, while 'tranquil' means calm and peaceful. 'Chaotic' is a near synonym of turbulent (disorderly). 'Volatile' means liable to sudden unpredictable change, similar in meaning to turbulent. 'Agitated' means disturbed or excited, also similar to turbulent.",k-eng-8-1-2,easy,ai-generated,false,C,volatile,false,3
q-eng8.1-12,ENG8.1,mc,"Choose the word that is OPPOSITE IN MEANING to: TURBULENT","'Tranquil' is the correct antonym — 'turbulent' means marked by disturbance and disorder, while 'tranquil' means calm and peaceful. 'Chaotic' is a near synonym of turbulent (disorderly). 'Volatile' means liable to sudden unpredictable change, similar in meaning to turbulent. 'Agitated' means disturbed or excited, also similar to turbulent.",k-eng-8-1-2,easy,ai-generated,false,D,agitated,false,4
q-eng8.1-13,ENG8.1,mc,"Choose the word that is OPPOSITE IN MEANING to: LOQUACIOUS","'Taciturn' is the correct antonym — 'loquacious' means extremely talkative, while 'taciturn' means habitually saying very little. 'Garrulous' is a synonym of loquacious (excessively chatty). 'Verbose' means using more words than necessary, another near synonym. 'Eloquent' means well-expressed and persuasive, which is a different quality from loquacity.",k-eng-8-1-2,hard,ai-generated,false,A,garrulous,false,1
q-eng8.1-13,ENG8.1,mc,"Choose the word that is OPPOSITE IN MEANING to: LOQUACIOUS","'Taciturn' is the correct antonym — 'loquacious' means extremely talkative, while 'taciturn' means habitually saying very little. 'Garrulous' is a synonym of loquacious (excessively chatty). 'Verbose' means using more words than necessary, another near synonym. 'Eloquent' means well-expressed and persuasive, which is a different quality from loquacity.",k-eng-8-1-2,hard,ai-generated,false,B,verbose,false,2
q-eng8.1-13,ENG8.1,mc,"Choose the word that is OPPOSITE IN MEANING to: LOQUACIOUS","'Taciturn' is the correct antonym — 'loquacious' means extremely talkative, while 'taciturn' means habitually saying very little. 'Garrulous' is a synonym of loquacious (excessively chatty). 'Verbose' means using more words than necessary, another near synonym. 'Eloquent' means well-expressed and persuasive, which is a different quality from loquacity.",k-eng-8-1-2,hard,ai-generated,false,C,taciturn,true,3
q-eng8.1-13,ENG8.1,mc,"Choose the word that is OPPOSITE IN MEANING to: LOQUACIOUS","'Taciturn' is the correct antonym — 'loquacious' means extremely talkative, while 'taciturn' means habitually saying very little. 'Garrulous' is a synonym of loquacious (excessively chatty). 'Verbose' means using more words than necessary, another near synonym. 'Eloquent' means well-expressed and persuasive, which is a different quality from loquacity.",k-eng-8-1-2,hard,ai-generated,false,D,eloquent,false,4
q-eng8.1-14,ENG8.1,mc,"Choose the word that is OPPOSITE IN MEANING to: METICULOUS","'Careless' is the correct antonym — 'meticulous' means showing great attention to detail, while 'careless' means done without adequate care or thought. 'Thorough' is a synonym of meticulous (covering all aspects carefully). 'Precise' also shares the meaning of accuracy with meticulous, making it another synonym. 'Fastidious' means very attentive to correctness, yet another synonym of meticulous.",k-eng-8-1-2,easy,ai-generated,false,A,thorough,false,1
q-eng8.1-14,ENG8.1,mc,"Choose the word that is OPPOSITE IN MEANING to: METICULOUS","'Careless' is the correct antonym — 'meticulous' means showing great attention to detail, while 'careless' means done without adequate care or thought. 'Thorough' is a synonym of meticulous (covering all aspects carefully). 'Precise' also shares the meaning of accuracy with meticulous, making it another synonym. 'Fastidious' means very attentive to correctness, yet another synonym of meticulous.",k-eng-8-1-2,easy,ai-generated,false,B,careless,true,2
q-eng8.1-14,ENG8.1,mc,"Choose the word that is OPPOSITE IN MEANING to: METICULOUS","'Careless' is the correct antonym — 'meticulous' means showing great attention to detail, while 'careless' means done without adequate care or thought. 'Thorough' is a synonym of meticulous (covering all aspects carefully). 'Precise' also shares the meaning of accuracy with meticulous, making it another synonym. 'Fastidious' means very attentive to correctness, yet another synonym of meticulous.",k-eng-8-1-2,easy,ai-generated,false,C,precise,false,3
q-eng8.1-14,ENG8.1,mc,"Choose the word that is OPPOSITE IN MEANING to: METICULOUS","'Careless' is the correct antonym — 'meticulous' means showing great attention to detail, while 'careless' means done without adequate care or thought. 'Thorough' is a synonym of meticulous (covering all aspects carefully). 'Precise' also shares the meaning of accuracy with meticulous, making it another synonym. 'Fastidious' means very attentive to correctness, yet another synonym of meticulous.",k-eng-8-1-2,easy,ai-generated,false,D,fastidious,false,4
q-eng8.1-15,ENG8.1,mc,"Choose the word that is OPPOSITE IN MEANING to: OBSOLETE","'Contemporary' is the correct antonym — 'obsolete' means no longer in use or out of date, while 'contemporary' means belonging to or occurring in the present. 'Outdated' is a synonym of obsolete (no longer current). 'Archaic' means very old-fashioned, another strong synonym. 'Redundant' means unnecessary or superfluous, a related but different concept that does not directly oppose obsolete.",k-eng-8-1-2,medium,ai-generated,false,A,outdated,false,1
q-eng8.1-15,ENG8.1,mc,"Choose the word that is OPPOSITE IN MEANING to: OBSOLETE","'Contemporary' is the correct antonym — 'obsolete' means no longer in use or out of date, while 'contemporary' means belonging to or occurring in the present. 'Outdated' is a synonym of obsolete (no longer current). 'Archaic' means very old-fashioned, another strong synonym. 'Redundant' means unnecessary or superfluous, a related but different concept that does not directly oppose obsolete.",k-eng-8-1-2,medium,ai-generated,false,B,archaic,false,2
q-eng8.1-15,ENG8.1,mc,"Choose the word that is OPPOSITE IN MEANING to: OBSOLETE","'Contemporary' is the correct antonym — 'obsolete' means no longer in use or out of date, while 'contemporary' means belonging to or occurring in the present. 'Outdated' is a synonym of obsolete (no longer current). 'Archaic' means very old-fashioned, another strong synonym. 'Redundant' means unnecessary or superfluous, a related but different concept that does not directly oppose obsolete.",k-eng-8-1-2,medium,ai-generated,false,C,redundant,false,3
q-eng8.1-15,ENG8.1,mc,"Choose the word that is OPPOSITE IN MEANING to: OBSOLETE","'Contemporary' is the correct antonym — 'obsolete' means no longer in use or out of date, while 'contemporary' means belonging to or occurring in the present. 'Outdated' is a synonym of obsolete (no longer current). 'Archaic' means very old-fashioned, another strong synonym. 'Redundant' means unnecessary or superfluous, a related but different concept that does not directly oppose obsolete.",k-eng-8-1-2,medium,ai-generated,false,D,contemporary,true,4
q-eng8.1-16,ENG8.1,mc,"In the following sentence, choose the word that is OPPOSITE IN MEANING to the word in capital letters. 'The CEO's OSTENTATIOUS lifestyle — private jets, designer watches, and luxury villas — drew criticism from employees who had been denied raises.'","'Modest' is the correct antonym — 'ostentatious' means making a showy display of wealth or importance to impress others, while 'modest' means not drawing attention or showing off. 'Lavish' is a near synonym of ostentatious (extravagant). 'Reckless' means careless of consequences, an unrelated quality. 'Ambitious' means having a strong desire for success, also unrelated to the display of wealth.",k-eng-8-1-2,medium,ai-generated,false,A,modest,true,1
q-eng8.1-16,ENG8.1,mc,"In the following sentence, choose the word that is OPPOSITE IN MEANING to the word in capital letters. 'The CEO's OSTENTATIOUS lifestyle — private jets, designer watches, and luxury villas — drew criticism from employees who had been denied raises.'","'Modest' is the correct antonym — 'ostentatious' means making a showy display of wealth or importance to impress others, while 'modest' means not drawing attention or showing off. 'Lavish' is a near synonym of ostentatious (extravagant). 'Reckless' means careless of consequences, an unrelated quality. 'Ambitious' means having a strong desire for success, also unrelated to the display of wealth.",k-eng-8-1-2,medium,ai-generated,false,B,lavish,false,2
q-eng8.1-16,ENG8.1,mc,"In the following sentence, choose the word that is OPPOSITE IN MEANING to the word in capital letters. 'The CEO's OSTENTATIOUS lifestyle — private jets, designer watches, and luxury villas — drew criticism from employees who had been denied raises.'","'Modest' is the correct antonym — 'ostentatious' means making a showy display of wealth or importance to impress others, while 'modest' means not drawing attention or showing off. 'Lavish' is a near synonym of ostentatious (extravagant). 'Reckless' means careless of consequences, an unrelated quality. 'Ambitious' means having a strong desire for success, also unrelated to the display of wealth.",k-eng-8-1-2,medium,ai-generated,false,C,reckless,false,3
q-eng8.1-16,ENG8.1,mc,"In the following sentence, choose the word that is OPPOSITE IN MEANING to the word in capital letters. 'The CEO's OSTENTATIOUS lifestyle — private jets, designer watches, and luxury villas — drew criticism from employees who had been denied raises.'","'Modest' is the correct antonym — 'ostentatious' means making a showy display of wealth or importance to impress others, while 'modest' means not drawing attention or showing off. 'Lavish' is a near synonym of ostentatious (extravagant). 'Reckless' means careless of consequences, an unrelated quality. 'Ambitious' means having a strong desire for success, also unrelated to the display of wealth.",k-eng-8-1-2,medium,ai-generated,false,D,ambitious,false,4
q-eng8.1-17,ENG8.1,mc,"In the following sentence, choose the word that is OPPOSITE IN MEANING to the word in capital letters. 'Critics argued that the court had been too LENIENT with repeat offenders, allowing crime rates to climb.'","'Stringent' is the correct antonym — 'lenient' means not strict or severe in discipline, while 'stringent' means demanding strict attention to rules and standards. 'Tolerant' means willing to accept different views or behaviour, a near synonym of lenient. 'Indulgent' means yielding excessively to desires, also similar to lenient. 'Permissive' means allowing a lot of freedom, another synonym of lenient.",k-eng-8-1-2,medium,ai-generated,false,A,tolerant,false,1
q-eng8.1-17,ENG8.1,mc,"In the following sentence, choose the word that is OPPOSITE IN MEANING to the word in capital letters. 'Critics argued that the court had been too LENIENT with repeat offenders, allowing crime rates to climb.'","'Stringent' is the correct antonym — 'lenient' means not strict or severe in discipline, while 'stringent' means demanding strict attention to rules and standards. 'Tolerant' means willing to accept different views or behaviour, a near synonym of lenient. 'Indulgent' means yielding excessively to desires, also similar to lenient. 'Permissive' means allowing a lot of freedom, another synonym of lenient.",k-eng-8-1-2,medium,ai-generated,false,B,indulgent,false,2
q-eng8.1-17,ENG8.1,mc,"In the following sentence, choose the word that is OPPOSITE IN MEANING to the word in capital letters. 'Critics argued that the court had been too LENIENT with repeat offenders, allowing crime rates to climb.'","'Stringent' is the correct antonym — 'lenient' means not strict or severe in discipline, while 'stringent' means demanding strict attention to rules and standards. 'Tolerant' means willing to accept different views or behaviour, a near synonym of lenient. 'Indulgent' means yielding excessively to desires, also similar to lenient. 'Permissive' means allowing a lot of freedom, another synonym of lenient.",k-eng-8-1-2,medium,ai-generated,false,C,stringent,true,3
q-eng8.1-17,ENG8.1,mc,"In the following sentence, choose the word that is OPPOSITE IN MEANING to the word in capital letters. 'Critics argued that the court had been too LENIENT with repeat offenders, allowing crime rates to climb.'","'Stringent' is the correct antonym — 'lenient' means not strict or severe in discipline, while 'stringent' means demanding strict attention to rules and standards. 'Tolerant' means willing to accept different views or behaviour, a near synonym of lenient. 'Indulgent' means yielding excessively to desires, also similar to lenient. 'Permissive' means allowing a lot of freedom, another synonym of lenient.",k-eng-8-1-2,medium,ai-generated,false,D,permissive,false,4
q-eng8.1-18,ENG8.1,mc,"In the following sentence, choose the word that is OPPOSITE IN MEANING to the word in capital letters. 'After years of MUNDANE desk work, she craved the thrill of field research in remote locations.'","'Extraordinary' is the correct antonym — 'mundane' means lacking excitement or interest and being very ordinary, while 'extraordinary' means very unusual or remarkable. 'Tedious' is a near synonym of mundane (dull and monotonous). 'Routine' means following a fixed, predictable procedure, another synonym. 'Repetitive' means doing the same things repeatedly, also similar in meaning to mundane.",k-eng-8-1-2,easy,ai-generated,false,A,tedious,false,1
q-eng8.1-18,ENG8.1,mc,"In the following sentence, choose the word that is OPPOSITE IN MEANING to the word in capital letters. 'After years of MUNDANE desk work, she craved the thrill of field research in remote locations.'","'Extraordinary' is the correct antonym — 'mundane' means lacking excitement or interest and being very ordinary, while 'extraordinary' means very unusual or remarkable. 'Tedious' is a near synonym of mundane (dull and monotonous). 'Routine' means following a fixed, predictable procedure, another synonym. 'Repetitive' means doing the same things repeatedly, also similar in meaning to mundane.",k-eng-8-1-2,easy,ai-generated,false,B,extraordinary,true,2
q-eng8.1-18,ENG8.1,mc,"In the following sentence, choose the word that is OPPOSITE IN MEANING to the word in capital letters. 'After years of MUNDANE desk work, she craved the thrill of field research in remote locations.'","'Extraordinary' is the correct antonym — 'mundane' means lacking excitement or interest and being very ordinary, while 'extraordinary' means very unusual or remarkable. 'Tedious' is a near synonym of mundane (dull and monotonous). 'Routine' means following a fixed, predictable procedure, another synonym. 'Repetitive' means doing the same things repeatedly, also similar in meaning to mundane.",k-eng-8-1-2,easy,ai-generated,false,C,routine,false,3
q-eng8.1-18,ENG8.1,mc,"In the following sentence, choose the word that is OPPOSITE IN MEANING to the word in capital letters. 'After years of MUNDANE desk work, she craved the thrill of field research in remote locations.'","'Extraordinary' is the correct antonym — 'mundane' means lacking excitement or interest and being very ordinary, while 'extraordinary' means very unusual or remarkable. 'Tedious' is a near synonym of mundane (dull and monotonous). 'Routine' means following a fixed, predictable procedure, another synonym. 'Repetitive' means doing the same things repeatedly, also similar in meaning to mundane.",k-eng-8-1-2,easy,ai-generated,false,D,repetitive,false,4
q-eng8.1-19,ENG8.1,mc,"In the following sentence, choose the word that is OPPOSITE IN MEANING to the word in capital letters. 'The investigation revealed that the evidence submitted by the prosecution was SPURIOUS.'","'Genuine' is the correct antonym — 'spurious' means not authentic or real, false or fraudulent, while 'genuine' means truly what it is claimed to be. 'Misleading' means giving a wrong impression, which is related to but not the direct antonym of spurious. 'Fabricated' means invented or false, a synonym of spurious. 'Controversial' means causing disagreement and debate, a different and unrelated concept.",k-eng-8-1-2,hard,ai-generated,false,A,misleading,false,1
q-eng8.1-19,ENG8.1,mc,"In the following sentence, choose the word that is OPPOSITE IN MEANING to the word in capital letters. 'The investigation revealed that the evidence submitted by the prosecution was SPURIOUS.'","'Genuine' is the correct antonym — 'spurious' means not authentic or real, false or fraudulent, while 'genuine' means truly what it is claimed to be. 'Misleading' means giving a wrong impression, which is related to but not the direct antonym of spurious. 'Fabricated' means invented or false, a synonym of spurious. 'Controversial' means causing disagreement and debate, a different and unrelated concept.",k-eng-8-1-2,hard,ai-generated,false,B,fabricated,false,2
q-eng8.1-19,ENG8.1,mc,"In the following sentence, choose the word that is OPPOSITE IN MEANING to the word in capital letters. 'The investigation revealed that the evidence submitted by the prosecution was SPURIOUS.'","'Genuine' is the correct antonym — 'spurious' means not authentic or real, false or fraudulent, while 'genuine' means truly what it is claimed to be. 'Misleading' means giving a wrong impression, which is related to but not the direct antonym of spurious. 'Fabricated' means invented or false, a synonym of spurious. 'Controversial' means causing disagreement and debate, a different and unrelated concept.",k-eng-8-1-2,hard,ai-generated,false,C,controversial,false,3
q-eng8.1-19,ENG8.1,mc,"In the following sentence, choose the word that is OPPOSITE IN MEANING to the word in capital letters. 'The investigation revealed that the evidence submitted by the prosecution was SPURIOUS.'","'Genuine' is the correct antonym — 'spurious' means not authentic or real, false or fraudulent, while 'genuine' means truly what it is claimed to be. 'Misleading' means giving a wrong impression, which is related to but not the direct antonym of spurious. 'Fabricated' means invented or false, a synonym of spurious. 'Controversial' means causing disagreement and debate, a different and unrelated concept.",k-eng-8-1-2,hard,ai-generated,false,D,genuine,true,4
q-eng8.1-20,ENG8.1,mc,"In the following sentence, choose the word that is OPPOSITE IN MEANING to the word in capital letters. 'His VEHEMENT opposition to the proposed policy surprised even his closest allies.'","'Lukewarm' is the correct antonym — 'vehement' means showing strong and intense feeling, while 'lukewarm' means only mildly enthusiastic or showing little conviction. 'Passionate' is a synonym of vehement (strongly felt). 'Fierce' also means strongly intense, another synonym. 'Emphatic' means expressing something clearly and forcefully, also similar to vehement.",k-eng-8-1-2,hard,ai-generated,false,A,lukewarm,true,1
q-eng8.1-20,ENG8.1,mc,"In the following sentence, choose the word that is OPPOSITE IN MEANING to the word in capital letters. 'His VEHEMENT opposition to the proposed policy surprised even his closest allies.'","'Lukewarm' is the correct antonym — 'vehement' means showing strong and intense feeling, while 'lukewarm' means only mildly enthusiastic or showing little conviction. 'Passionate' is a synonym of vehement (strongly felt). 'Fierce' also means strongly intense, another synonym. 'Emphatic' means expressing something clearly and forcefully, also similar to vehement.",k-eng-8-1-2,hard,ai-generated,false,B,passionate,false,2
q-eng8.1-20,ENG8.1,mc,"In the following sentence, choose the word that is OPPOSITE IN MEANING to the word in capital letters. 'His VEHEMENT opposition to the proposed policy surprised even his closest allies.'","'Lukewarm' is the correct antonym — 'vehement' means showing strong and intense feeling, while 'lukewarm' means only mildly enthusiastic or showing little conviction. 'Passionate' is a synonym of vehement (strongly felt). 'Fierce' also means strongly intense, another synonym. 'Emphatic' means expressing something clearly and forcefully, also similar to vehement.",k-eng-8-1-2,hard,ai-generated,false,C,fierce,false,3
q-eng8.1-20,ENG8.1,mc,"In the following sentence, choose the word that is OPPOSITE IN MEANING to the word in capital letters. 'His VEHEMENT opposition to the proposed policy surprised even his closest allies.'","'Lukewarm' is the correct antonym — 'vehement' means showing strong and intense feeling, while 'lukewarm' means only mildly enthusiastic or showing little conviction. 'Passionate' is a synonym of vehement (strongly felt). 'Fierce' also means strongly intense, another synonym. 'Emphatic' means expressing something clearly and forcefully, also similar to vehement.",k-eng-8-1-2,hard,ai-generated,false,D,emphatic,false,4
q-eng8.1-21,ENG8.1,mc,"Choose the correct word to complete the sentence: 'The new tax policy will _____ the purchasing power of middle-class families.'","'Affect' is correct — as a verb, 'affect' means to have an influence on something. 'Effect' is primarily a noun (meaning 'result'); when used as a verb, 'effect' means 'to bring about a change', not 'to influence', so it is wrong here. 'Affection' means fondness or warmth and is an entirely different word. 'Effective' is an adjective meaning 'successful' and cannot fill a verb slot in this sentence.",k-eng-8-1-3,easy,ai-generated,false,A,effect,false,1
q-eng8.1-21,ENG8.1,mc,"Choose the correct word to complete the sentence: 'The new tax policy will _____ the purchasing power of middle-class families.'","'Affect' is correct — as a verb, 'affect' means to have an influence on something. 'Effect' is primarily a noun (meaning 'result'); when used as a verb, 'effect' means 'to bring about a change', not 'to influence', so it is wrong here. 'Affection' means fondness or warmth and is an entirely different word. 'Effective' is an adjective meaning 'successful' and cannot fill a verb slot in this sentence.",k-eng-8-1-3,easy,ai-generated,false,B,affect,true,2
q-eng8.1-21,ENG8.1,mc,"Choose the correct word to complete the sentence: 'The new tax policy will _____ the purchasing power of middle-class families.'","'Affect' is correct — as a verb, 'affect' means to have an influence on something. 'Effect' is primarily a noun (meaning 'result'); when used as a verb, 'effect' means 'to bring about a change', not 'to influence', so it is wrong here. 'Affection' means fondness or warmth and is an entirely different word. 'Effective' is an adjective meaning 'successful' and cannot fill a verb slot in this sentence.",k-eng-8-1-3,easy,ai-generated,false,C,affection,false,3
q-eng8.1-21,ENG8.1,mc,"Choose the correct word to complete the sentence: 'The new tax policy will _____ the purchasing power of middle-class families.'","'Affect' is correct — as a verb, 'affect' means to have an influence on something. 'Effect' is primarily a noun (meaning 'result'); when used as a verb, 'effect' means 'to bring about a change', not 'to influence', so it is wrong here. 'Affection' means fondness or warmth and is an entirely different word. 'Effective' is an adjective meaning 'successful' and cannot fill a verb slot in this sentence.",k-eng-8-1-3,easy,ai-generated,false,D,effective,false,4
q-eng8.1-22,ENG8.1,mc,"Choose the correct word to complete the sentence: 'The bicycle remained _____ at the traffic signal until the lights changed.'","'Stationary' is correct — it means not moving or remaining still, which fits the sentence perfectly. 'Stationery' is a noun meaning paper, envelopes, and other writing materials — a commonly confused word that sounds the same but has an entirely different meaning. 'Stationarily' is not a standard English word. 'Stationed' means deliberately placed or posted somewhere and carries the wrong implication of an active decision to position the bicycle.",k-eng-8-1-3,easy,ai-generated,false,A,stationery,false,1
q-eng8.1-22,ENG8.1,mc,"Choose the correct word to complete the sentence: 'The bicycle remained _____ at the traffic signal until the lights changed.'","'Stationary' is correct — it means not moving or remaining still, which fits the sentence perfectly. 'Stationery' is a noun meaning paper, envelopes, and other writing materials — a commonly confused word that sounds the same but has an entirely different meaning. 'Stationarily' is not a standard English word. 'Stationed' means deliberately placed or posted somewhere and carries the wrong implication of an active decision to position the bicycle.",k-eng-8-1-3,easy,ai-generated,false,B,stationarily,false,2
q-eng8.1-22,ENG8.1,mc,"Choose the correct word to complete the sentence: 'The bicycle remained _____ at the traffic signal until the lights changed.'","'Stationary' is correct — it means not moving or remaining still, which fits the sentence perfectly. 'Stationery' is a noun meaning paper, envelopes, and other writing materials — a commonly confused word that sounds the same but has an entirely different meaning. 'Stationarily' is not a standard English word. 'Stationed' means deliberately placed or posted somewhere and carries the wrong implication of an active decision to position the bicycle.",k-eng-8-1-3,easy,ai-generated,false,C,stationary,true,3
q-eng8.1-22,ENG8.1,mc,"Choose the correct word to complete the sentence: 'The bicycle remained _____ at the traffic signal until the lights changed.'","'Stationary' is correct — it means not moving or remaining still, which fits the sentence perfectly. 'Stationery' is a noun meaning paper, envelopes, and other writing materials — a commonly confused word that sounds the same but has an entirely different meaning. 'Stationarily' is not a standard English word. 'Stationed' means deliberately placed or posted somewhere and carries the wrong implication of an active decision to position the bicycle.",k-eng-8-1-3,easy,ai-generated,false,D,stationed,false,4
q-eng8.1-23,ENG8.1,mc,"Choose the correct word to complete the sentence: 'There were _____ mistakes in this essay than in the previous one.'","'Fewer' is correct — the rule is that 'fewer' is used with countable nouns (mistakes can be counted: one mistake, two mistakes), while 'less' is reserved for uncountable quantities (less water, less time). 'Less' is wrong because 'mistakes' is a countable noun. 'Lesser' is used for abstract comparisons such as 'the lesser of two evils' and is not used for concrete countable items. 'Little' is an adjective for uncountable nouns and cannot be used in this comparative construction.",k-eng-8-1-3,easy,ai-generated,false,A,fewer,true,1
q-eng8.1-23,ENG8.1,mc,"Choose the correct word to complete the sentence: 'There were _____ mistakes in this essay than in the previous one.'","'Fewer' is correct — the rule is that 'fewer' is used with countable nouns (mistakes can be counted: one mistake, two mistakes), while 'less' is reserved for uncountable quantities (less water, less time). 'Less' is wrong because 'mistakes' is a countable noun. 'Lesser' is used for abstract comparisons such as 'the lesser of two evils' and is not used for concrete countable items. 'Little' is an adjective for uncountable nouns and cannot be used in this comparative construction.",k-eng-8-1-3,easy,ai-generated,false,B,less,false,2
q-eng8.1-23,ENG8.1,mc,"Choose the correct word to complete the sentence: 'There were _____ mistakes in this essay than in the previous one.'","'Fewer' is correct — the rule is that 'fewer' is used with countable nouns (mistakes can be counted: one mistake, two mistakes), while 'less' is reserved for uncountable quantities (less water, less time). 'Less' is wrong because 'mistakes' is a countable noun. 'Lesser' is used for abstract comparisons such as 'the lesser of two evils' and is not used for concrete countable items. 'Little' is an adjective for uncountable nouns and cannot be used in this comparative construction.",k-eng-8-1-3,easy,ai-generated,false,C,lesser,false,3
q-eng8.1-23,ENG8.1,mc,"Choose the correct word to complete the sentence: 'There were _____ mistakes in this essay than in the previous one.'","'Fewer' is correct — the rule is that 'fewer' is used with countable nouns (mistakes can be counted: one mistake, two mistakes), while 'less' is reserved for uncountable quantities (less water, less time). 'Less' is wrong because 'mistakes' is a countable noun. 'Lesser' is used for abstract comparisons such as 'the lesser of two evils' and is not used for concrete countable items. 'Little' is an adjective for uncountable nouns and cannot be used in this comparative construction.",k-eng-8-1-3,easy,ai-generated,false,D,little,false,4
q-eng8.1-24,ENG8.1,mc,"Choose the correct word to complete the sentence: 'The school _____ addressed the students about the importance of maintaining discipline.'","'Principal' is correct — in this context it refers to the head teacher of a school. 'Principle' is a noun meaning a fundamental rule or moral belief (e.g., 'the principle of justice') and cannot mean the head of a school. 'Principled' is an adjective meaning having strong moral standards, which is the wrong part of speech here. 'Principles' is the plural of 'principle' (rules/beliefs) and also cannot mean the head of a school.",k-eng-8-1-3,medium,ai-generated,false,A,principle,false,1
q-eng8.1-24,ENG8.1,mc,"Choose the correct word to complete the sentence: 'The school _____ addressed the students about the importance of maintaining discipline.'","'Principal' is correct — in this context it refers to the head teacher of a school. 'Principle' is a noun meaning a fundamental rule or moral belief (e.g., 'the principle of justice') and cannot mean the head of a school. 'Principled' is an adjective meaning having strong moral standards, which is the wrong part of speech here. 'Principles' is the plural of 'principle' (rules/beliefs) and also cannot mean the head of a school.",k-eng-8-1-3,medium,ai-generated,false,B,principled,false,2
q-eng8.1-24,ENG8.1,mc,"Choose the correct word to complete the sentence: 'The school _____ addressed the students about the importance of maintaining discipline.'","'Principal' is correct — in this context it refers to the head teacher of a school. 'Principle' is a noun meaning a fundamental rule or moral belief (e.g., 'the principle of justice') and cannot mean the head of a school. 'Principled' is an adjective meaning having strong moral standards, which is the wrong part of speech here. 'Principles' is the plural of 'principle' (rules/beliefs) and also cannot mean the head of a school.",k-eng-8-1-3,medium,ai-generated,false,C,principles,false,3
q-eng8.1-24,ENG8.1,mc,"Choose the correct word to complete the sentence: 'The school _____ addressed the students about the importance of maintaining discipline.'","'Principal' is correct — in this context it refers to the head teacher of a school. 'Principle' is a noun meaning a fundamental rule or moral belief (e.g., 'the principle of justice') and cannot mean the head of a school. 'Principled' is an adjective meaning having strong moral standards, which is the wrong part of speech here. 'Principles' is the plural of 'principle' (rules/beliefs) and also cannot mean the head of a school.",k-eng-8-1-3,medium,ai-generated,false,D,principal,true,4
q-eng8.1-25,ENG8.1,mc,"Choose the correct word to complete the sentence: 'From the director's tone during the meeting, we could _____ that budget cuts were imminent.'","'Infer' is correct — 'infer' means to deduce or draw a conclusion from evidence or observation; here, the listeners are drawing a conclusion from the director's tone. 'Imply' means to hint or suggest without stating directly and applies to the speaker or writer, not the audience: you imply when you speak, and others infer when they listen. 'Impart' means to give or communicate information, a different meaning. 'Impose' means to force something on others, entirely unrelated.",k-eng-8-1-3,medium,ai-generated,false,A,imply,false,1
q-eng8.1-25,ENG8.1,mc,"Choose the correct word to complete the sentence: 'From the director's tone during the meeting, we could _____ that budget cuts were imminent.'","'Infer' is correct — 'infer' means to deduce or draw a conclusion from evidence or observation; here, the listeners are drawing a conclusion from the director's tone. 'Imply' means to hint or suggest without stating directly and applies to the speaker or writer, not the audience: you imply when you speak, and others infer when they listen. 'Impart' means to give or communicate information, a different meaning. 'Impose' means to force something on others, entirely unrelated.",k-eng-8-1-3,medium,ai-generated,false,B,infer,true,2
q-eng8.1-25,ENG8.1,mc,"Choose the correct word to complete the sentence: 'From the director's tone during the meeting, we could _____ that budget cuts were imminent.'","'Infer' is correct — 'infer' means to deduce or draw a conclusion from evidence or observation; here, the listeners are drawing a conclusion from the director's tone. 'Imply' means to hint or suggest without stating directly and applies to the speaker or writer, not the audience: you imply when you speak, and others infer when they listen. 'Impart' means to give or communicate information, a different meaning. 'Impose' means to force something on others, entirely unrelated.",k-eng-8-1-3,medium,ai-generated,false,C,impart,false,3
q-eng8.1-25,ENG8.1,mc,"Choose the correct word to complete the sentence: 'From the director's tone during the meeting, we could _____ that budget cuts were imminent.'","'Infer' is correct — 'infer' means to deduce or draw a conclusion from evidence or observation; here, the listeners are drawing a conclusion from the director's tone. 'Imply' means to hint or suggest without stating directly and applies to the speaker or writer, not the audience: you imply when you speak, and others infer when they listen. 'Impart' means to give or communicate information, a different meaning. 'Impose' means to force something on others, entirely unrelated.",k-eng-8-1-3,medium,ai-generated,false,D,impose,false,4
q-eng8.1-26,ENG8.1,mc,"Which of the following sentences uses the underlined word CORRECTLY?","C is correct — 'Your hard work complements mine' is correct because 'complement' means to complete or enhance something, and two people's work enhancing each other is the right usage. A is wrong — 'complements' should be 'compliments' (praise given to someone). B is wrong — 'compliments' should be 'complements' (the wine enhances the cheese, not praises it). D is wrong — 'complement' should be 'compliment' (a generous remark of praise after a speech).",k-eng-8-1-3,medium,ai-generated,false,A,"She received many complements on her beautiful singing.",false,1
q-eng8.1-26,ENG8.1,mc,"Which of the following sentences uses the underlined word CORRECTLY?","C is correct — 'Your hard work complements mine' is correct because 'complement' means to complete or enhance something, and two people's work enhancing each other is the right usage. A is wrong — 'complements' should be 'compliments' (praise given to someone). B is wrong — 'compliments' should be 'complements' (the wine enhances the cheese, not praises it). D is wrong — 'complement' should be 'compliment' (a generous remark of praise after a speech).",k-eng-8-1-3,medium,ai-generated,false,B,"The wine compliments the cheese in this recipe.",false,2
q-eng8.1-26,ENG8.1,mc,"Which of the following sentences uses the underlined word CORRECTLY?","C is correct — 'Your hard work complements mine' is correct because 'complement' means to complete or enhance something, and two people's work enhancing each other is the right usage. A is wrong — 'complements' should be 'compliments' (praise given to someone). B is wrong — 'compliments' should be 'complements' (the wine enhances the cheese, not praises it). D is wrong — 'complement' should be 'compliment' (a generous remark of praise after a speech).",k-eng-8-1-3,medium,ai-generated,false,C,"Your hard work complements mine; together we are more productive.",true,3
q-eng8.1-26,ENG8.1,mc,"Which of the following sentences uses the underlined word CORRECTLY?","C is correct — 'Your hard work complements mine' is correct because 'complement' means to complete or enhance something, and two people's work enhancing each other is the right usage. A is wrong — 'complements' should be 'compliments' (praise given to someone). B is wrong — 'compliments' should be 'complements' (the wine enhances the cheese, not praises it). D is wrong — 'complement' should be 'compliment' (a generous remark of praise after a speech).",k-eng-8-1-3,medium,ai-generated,false,D,"He gave her a generous complement after her impressive speech.",false,4
q-eng8.1-27,ENG8.1,mc,"Which of the following sentences uses the highlighted word CORRECTLY? ('disinterested' vs 'uninterested')","A is correct — 'disinterested' means impartial or having no personal stake in the outcome, which is precisely the quality required in a mediator. B is wrong — 'disinterested' should be 'uninterested' (not interested, bored) since the students are simply not engaged, not impartial. C is wrong — 'disinterested' should be 'uninterested' (the person simply does not like sports). D is wrong — 'uninterested' should be 'disinterested' (a judge must be impartial, not merely lacking personal interest).",k-eng-8-1-3,hard,ai-generated,false,A,"As a disinterested party, the mediator was able to evaluate both sides of the dispute fairly.",true,1
q-eng8.1-27,ENG8.1,mc,"Which of the following sentences uses the highlighted word CORRECTLY? ('disinterested' vs 'uninterested')","A is correct — 'disinterested' means impartial or having no personal stake in the outcome, which is precisely the quality required in a mediator. B is wrong — 'disinterested' should be 'uninterested' (not interested, bored) since the students are simply not engaged, not impartial. C is wrong — 'disinterested' should be 'uninterested' (the person simply does not like sports). D is wrong — 'uninterested' should be 'disinterested' (a judge must be impartial, not merely lacking personal interest).",k-eng-8-1-3,hard,ai-generated,false,B,"The students seemed disinterested in the lesson because it was repetitive and dull.",false,2
q-eng8.1-27,ENG8.1,mc,"Which of the following sentences uses the highlighted word CORRECTLY? ('disinterested' vs 'uninterested')","A is correct — 'disinterested' means impartial or having no personal stake in the outcome, which is precisely the quality required in a mediator. B is wrong — 'disinterested' should be 'uninterested' (not interested, bored) since the students are simply not engaged, not impartial. C is wrong — 'disinterested' should be 'uninterested' (the person simply does not like sports). D is wrong — 'uninterested' should be 'disinterested' (a judge must be impartial, not merely lacking personal interest).",k-eng-8-1-3,hard,ai-generated,false,C,"He was disinterested in cricket and preferred reading novels.",false,3
q-eng8.1-27,ENG8.1,mc,"Which of the following sentences uses the highlighted word CORRECTLY? ('disinterested' vs 'uninterested')","A is correct — 'disinterested' means impartial or having no personal stake in the outcome, which is precisely the quality required in a mediator. B is wrong — 'disinterested' should be 'uninterested' (not interested, bored) since the students are simply not engaged, not impartial. C is wrong — 'disinterested' should be 'uninterested' (the person simply does not like sports). D is wrong — 'uninterested' should be 'disinterested' (a judge must be impartial, not merely lacking personal interest).",k-eng-8-1-3,hard,ai-generated,false,D,"A fair judge should be uninterested in the case to deliver a just ruling.",false,4
q-eng8.1-28,ENG8.1,mc,"Choose the correct word to complete the sentence: 'Yesterday, I _____ the document on the table before leaving the office.'","'Laid' is correct — 'lay' (to place something) has the past tense 'laid'. Since 'yesterday' requires simple past tense, 'laid' is the right form. 'Lie' is the present tense of 'lie' (to recline) and cannot be used for a past action. 'Have laid' uses the perfect aspect, which is incompatible with 'yesterday' (a definite past time signal requiring simple past). 'Lain' is the past participle of 'lie' (to recline), not of 'lay' (to place), making it doubly wrong.",k-eng-8-1-3,hard,ai-generated,false,A,lie,false,1
q-eng8.1-28,ENG8.1,mc,"Choose the correct word to complete the sentence: 'Yesterday, I _____ the document on the table before leaving the office.'","'Laid' is correct — 'lay' (to place something) has the past tense 'laid'. Since 'yesterday' requires simple past tense, 'laid' is the right form. 'Lie' is the present tense of 'lie' (to recline) and cannot be used for a past action. 'Have laid' uses the perfect aspect, which is incompatible with 'yesterday' (a definite past time signal requiring simple past). 'Lain' is the past participle of 'lie' (to recline), not of 'lay' (to place), making it doubly wrong.",k-eng-8-1-3,hard,ai-generated,false,B,have laid,false,2
q-eng8.1-28,ENG8.1,mc,"Choose the correct word to complete the sentence: 'Yesterday, I _____ the document on the table before leaving the office.'","'Laid' is correct — 'lay' (to place something) has the past tense 'laid'. Since 'yesterday' requires simple past tense, 'laid' is the right form. 'Lie' is the present tense of 'lie' (to recline) and cannot be used for a past action. 'Have laid' uses the perfect aspect, which is incompatible with 'yesterday' (a definite past time signal requiring simple past). 'Lain' is the past participle of 'lie' (to recline), not of 'lay' (to place), making it doubly wrong.",k-eng-8-1-3,hard,ai-generated,false,C,lain,false,3
q-eng8.1-28,ENG8.1,mc,"Choose the correct word to complete the sentence: 'Yesterday, I _____ the document on the table before leaving the office.'","'Laid' is correct — 'lay' (to place something) has the past tense 'laid'. Since 'yesterday' requires simple past tense, 'laid' is the right form. 'Lie' is the present tense of 'lie' (to recline) and cannot be used for a past action. 'Have laid' uses the perfect aspect, which is incompatible with 'yesterday' (a definite past time signal requiring simple past). 'Lain' is the past participle of 'lie' (to recline), not of 'lay' (to place), making it doubly wrong.",k-eng-8-1-3,hard,ai-generated,false,D,laid,true,4
q-eng8.1-29,ENG8.1,mc,"Choose the correct word to complete the sentence: 'The engineer checked the safety systems to _____ that the building met all regulations.'","'Ensure' is correct — 'ensure' means to make certain that something will happen or be the case, which fits checking systems against regulations. 'Assure' means to tell someone confidently to remove their doubts; you assure people, not systems or processes. 'Insure' means to arrange financial insurance cover against a potential loss. 'Reassure' means to restore someone's confidence after doubt or fear — again, directed at people, not processes.",k-eng-8-1-3,medium,ai-generated,false,A,assure,false,1
q-eng8.1-29,ENG8.1,mc,"Choose the correct word to complete the sentence: 'The engineer checked the safety systems to _____ that the building met all regulations.'","'Ensure' is correct — 'ensure' means to make certain that something will happen or be the case, which fits checking systems against regulations. 'Assure' means to tell someone confidently to remove their doubts; you assure people, not systems or processes. 'Insure' means to arrange financial insurance cover against a potential loss. 'Reassure' means to restore someone's confidence after doubt or fear — again, directed at people, not processes.",k-eng-8-1-3,medium,ai-generated,false,B,ensure,true,2
q-eng8.1-29,ENG8.1,mc,"Choose the correct word to complete the sentence: 'The engineer checked the safety systems to _____ that the building met all regulations.'","'Ensure' is correct — 'ensure' means to make certain that something will happen or be the case, which fits checking systems against regulations. 'Assure' means to tell someone confidently to remove their doubts; you assure people, not systems or processes. 'Insure' means to arrange financial insurance cover against a potential loss. 'Reassure' means to restore someone's confidence after doubt or fear — again, directed at people, not processes.",k-eng-8-1-3,medium,ai-generated,false,C,insure,false,3
q-eng8.1-29,ENG8.1,mc,"Choose the correct word to complete the sentence: 'The engineer checked the safety systems to _____ that the building met all regulations.'","'Ensure' is correct — 'ensure' means to make certain that something will happen or be the case, which fits checking systems against regulations. 'Assure' means to tell someone confidently to remove their doubts; you assure people, not systems or processes. 'Insure' means to arrange financial insurance cover against a potential loss. 'Reassure' means to restore someone's confidence after doubt or fear — again, directed at people, not processes.",k-eng-8-1-3,medium,ai-generated,false,D,reassure,false,4
q-eng8.1-30,ENG8.1,mc,"Choose the correct word to complete the sentence: 'The rain fell _____ for three days without a single break.'","'Continuously' is correct — 'continuously' means without any interruption, which fits 'without a single break'. 'Continually' means repeatedly but with intervals between occurrences, which directly contradicts 'without a single break'. 'Intermittently' means at irregular intervals (stopping and starting), the opposite of the meaning needed. 'Periodically' means at regular intervals, also implying breaks between occurrences.",k-eng-8-1-3,medium,ai-generated,false,A,continually,false,1
q-eng8.1-30,ENG8.1,mc,"Choose the correct word to complete the sentence: 'The rain fell _____ for three days without a single break.'","'Continuously' is correct — 'continuously' means without any interruption, which fits 'without a single break'. 'Continually' means repeatedly but with intervals between occurrences, which directly contradicts 'without a single break'. 'Intermittently' means at irregular intervals (stopping and starting), the opposite of the meaning needed. 'Periodically' means at regular intervals, also implying breaks between occurrences.",k-eng-8-1-3,medium,ai-generated,false,B,intermittently,false,2
q-eng8.1-30,ENG8.1,mc,"Choose the correct word to complete the sentence: 'The rain fell _____ for three days without a single break.'","'Continuously' is correct — 'continuously' means without any interruption, which fits 'without a single break'. 'Continually' means repeatedly but with intervals between occurrences, which directly contradicts 'without a single break'. 'Intermittently' means at irregular intervals (stopping and starting), the opposite of the meaning needed. 'Periodically' means at regular intervals, also implying breaks between occurrences.",k-eng-8-1-3,medium,ai-generated,false,C,continuously,true,3
q-eng8.1-30,ENG8.1,mc,"Choose the correct word to complete the sentence: 'The rain fell _____ for three days without a single break.'","'Continuously' is correct — 'continuously' means without any interruption, which fits 'without a single break'. 'Continually' means repeatedly but with intervals between occurrences, which directly contradicts 'without a single break'. 'Intermittently' means at irregular intervals (stopping and starting), the opposite of the meaning needed. 'Periodically' means at regular intervals, also implying breaks between occurrences.",k-eng-8-1-3,medium,ai-generated,false,D,periodically,false,4
q-eng8.1-31,ENG8.1,mc,"Choose the correct option to fill the blank: 'The temperature _____ sharply overnight, causing widespread frost across the region.'","'Rose' is correct — 'rise' is intransitive and does not take a direct object; the temperature rises on its own. 'Raised' is transitive and requires an object such as 'raised the temperature'. 'Was raised' is passive voice, implying an external agent caused the change. 'Had raised' is transitive past perfect, wrong for the same reason as 'raised'.",s-eng-8-1-1,easy,ai-generated,false,A,raised,false,1
q-eng8.1-31,ENG8.1,mc,"Choose the correct option to fill the blank: 'The temperature _____ sharply overnight, causing widespread frost across the region.'","'Rose' is correct — 'rise' is intransitive and does not take a direct object; the temperature rises on its own. 'Raised' is transitive and requires an object such as 'raised the temperature'. 'Was raised' is passive voice, implying an external agent caused the change. 'Had raised' is transitive past perfect, wrong for the same reason as 'raised'.",s-eng-8-1-1,easy,ai-generated,false,B,rose,true,2
q-eng8.1-31,ENG8.1,mc,"Choose the correct option to fill the blank: 'The temperature _____ sharply overnight, causing widespread frost across the region.'","'Rose' is correct — 'rise' is intransitive and does not take a direct object; the temperature rises on its own. 'Raised' is transitive and requires an object such as 'raised the temperature'. 'Was raised' is passive voice, implying an external agent caused the change. 'Had raised' is transitive past perfect, wrong for the same reason as 'raised'.",s-eng-8-1-1,easy,ai-generated,false,C,was raised,false,3
q-eng8.1-31,ENG8.1,mc,"Choose the correct option to fill the blank: 'The temperature _____ sharply overnight, causing widespread frost across the region.'","'Rose' is correct — 'rise' is intransitive and does not take a direct object; the temperature rises on its own. 'Raised' is transitive and requires an object such as 'raised the temperature'. 'Was raised' is passive voice, implying an external agent caused the change. 'Had raised' is transitive past perfect, wrong for the same reason as 'raised'.",s-eng-8-1-1,easy,ai-generated,false,D,had raised,false,4
q-eng8.1-32,ENG8.1,mc,"Choose the correct option to fill the blank: 'Don't forget to _____ your umbrella when you leave for school this morning.'","'Take' is correct — it means to move something away from the current location towards another, which fits leaving home. 'Bring' implies movement toward the speaker's current position, which is the opposite of leaving. 'Fetch' means to go somewhere specifically to get something and return with it. 'Carry' describes the manner of transport but does not convey direction.",s-eng-8-1-1,easy,ai-generated,false,A,bring,false,1
q-eng8.1-32,ENG8.1,mc,"Choose the correct option to fill the blank: 'Don't forget to _____ your umbrella when you leave for school this morning.'","'Take' is correct — it means to move something away from the current location towards another, which fits leaving home. 'Bring' implies movement toward the speaker's current position, which is the opposite of leaving. 'Fetch' means to go somewhere specifically to get something and return with it. 'Carry' describes the manner of transport but does not convey direction.",s-eng-8-1-1,easy,ai-generated,false,B,fetch,false,2
q-eng8.1-32,ENG8.1,mc,"Choose the correct option to fill the blank: 'Don't forget to _____ your umbrella when you leave for school this morning.'","'Take' is correct — it means to move something away from the current location towards another, which fits leaving home. 'Bring' implies movement toward the speaker's current position, which is the opposite of leaving. 'Fetch' means to go somewhere specifically to get something and return with it. 'Carry' describes the manner of transport but does not convey direction.",s-eng-8-1-1,easy,ai-generated,false,C,take,true,3
q-eng8.1-32,ENG8.1,mc,"Choose the correct option to fill the blank: 'Don't forget to _____ your umbrella when you leave for school this morning.'","'Take' is correct — it means to move something away from the current location towards another, which fits leaving home. 'Bring' implies movement toward the speaker's current position, which is the opposite of leaving. 'Fetch' means to go somewhere specifically to get something and return with it. 'Carry' describes the manner of transport but does not convey direction.",s-eng-8-1-1,easy,ai-generated,false,D,carry,false,4
q-eng8.1-33,ENG8.1,mc,"Choose the correct option to fill the blank: 'Could you _____ me your charger for an hour? I left mine at home.'","'Lend' is correct — it means to give something to another person temporarily, which matches the request here. 'Borrow' means to receive something temporarily and is used from the receiver's perspective ('May I borrow your charger?'). 'Give' implies a permanent transfer rather than a temporary loan. 'Offer' means to present something voluntarily, not to hand it over in response to a direct request.",s-eng-8-1-1,easy,ai-generated,false,A,lend,true,1
q-eng8.1-33,ENG8.1,mc,"Choose the correct option to fill the blank: 'Could you _____ me your charger for an hour? I left mine at home.'","'Lend' is correct — it means to give something to another person temporarily, which matches the request here. 'Borrow' means to receive something temporarily and is used from the receiver's perspective ('May I borrow your charger?'). 'Give' implies a permanent transfer rather than a temporary loan. 'Offer' means to present something voluntarily, not to hand it over in response to a direct request.",s-eng-8-1-1,easy,ai-generated,false,B,borrow,false,2
q-eng8.1-33,ENG8.1,mc,"Choose the correct option to fill the blank: 'Could you _____ me your charger for an hour? I left mine at home.'","'Lend' is correct — it means to give something to another person temporarily, which matches the request here. 'Borrow' means to receive something temporarily and is used from the receiver's perspective ('May I borrow your charger?'). 'Give' implies a permanent transfer rather than a temporary loan. 'Offer' means to present something voluntarily, not to hand it over in response to a direct request.",s-eng-8-1-1,easy,ai-generated,false,C,give,false,3
q-eng8.1-33,ENG8.1,mc,"Choose the correct option to fill the blank: 'Could you _____ me your charger for an hour? I left mine at home.'","'Lend' is correct — it means to give something to another person temporarily, which matches the request here. 'Borrow' means to receive something temporarily and is used from the receiver's perspective ('May I borrow your charger?'). 'Give' implies a permanent transfer rather than a temporary loan. 'Offer' means to present something voluntarily, not to hand it over in response to a direct request.",s-eng-8-1-1,easy,ai-generated,false,D,offer,false,4
q-eng8.1-34,ENG8.1,mc,"Choose the correct option to fill the blank: 'He always _____ a point of arriving ten minutes early to every meeting.'","'Make a point of' is the correct fixed collocation meaning to take deliberate care to do something; no other verb in the options forms this idiom. 'Does a point' is not a recognized English collocation. 'Takes a point' is not idiomatic in this context. 'Gives a point' is similarly not a standard English phrase.",s-eng-8-1-1,medium,ai-generated,false,A,does,false,1
q-eng8.1-34,ENG8.1,mc,"Choose the correct option to fill the blank: 'He always _____ a point of arriving ten minutes early to every meeting.'","'Make a point of' is the correct fixed collocation meaning to take deliberate care to do something; no other verb in the options forms this idiom. 'Does a point' is not a recognized English collocation. 'Takes a point' is not idiomatic in this context. 'Gives a point' is similarly not a standard English phrase.",s-eng-8-1-1,medium,ai-generated,false,B,takes,false,2
q-eng8.1-34,ENG8.1,mc,"Choose the correct option to fill the blank: 'He always _____ a point of arriving ten minutes early to every meeting.'","'Make a point of' is the correct fixed collocation meaning to take deliberate care to do something; no other verb in the options forms this idiom. 'Does a point' is not a recognized English collocation. 'Takes a point' is not idiomatic in this context. 'Gives a point' is similarly not a standard English phrase.",s-eng-8-1-1,medium,ai-generated,false,C,gives,false,3
q-eng8.1-34,ENG8.1,mc,"Choose the correct option to fill the blank: 'He always _____ a point of arriving ten minutes early to every meeting.'","'Make a point of' is the correct fixed collocation meaning to take deliberate care to do something; no other verb in the options forms this idiom. 'Does a point' is not a recognized English collocation. 'Takes a point' is not idiomatic in this context. 'Gives a point' is similarly not a standard English phrase.",s-eng-8-1-1,medium,ai-generated,false,D,makes,true,4
q-eng8.1-35,ENG8.1,mc,"Choose the correct option to fill the blank: 'The principal _____ all the students that the annual sports day had been postponed.'","'Told' is correct — 'tell' requires an indirect object ('told all the students'), which is present here. 'Said' cannot directly take a person as its object; it requires 'said to all the students'. 'Spoke' also requires a preposition ('spoke to all the students'). 'Mentioned' similarly requires 'to' when a person follows ('mentioned to all the students').",s-eng-8-1-1,easy,ai-generated,false,A,said,false,1
q-eng8.1-35,ENG8.1,mc,"Choose the correct option to fill the blank: 'The principal _____ all the students that the annual sports day had been postponed.'","'Told' is correct — 'tell' requires an indirect object ('told all the students'), which is present here. 'Said' cannot directly take a person as its object; it requires 'said to all the students'. 'Spoke' also requires a preposition ('spoke to all the students'). 'Mentioned' similarly requires 'to' when a person follows ('mentioned to all the students').",s-eng-8-1-1,easy,ai-generated,false,B,told,true,2
q-eng8.1-35,ENG8.1,mc,"Choose the correct option to fill the blank: 'The principal _____ all the students that the annual sports day had been postponed.'","'Told' is correct — 'tell' requires an indirect object ('told all the students'), which is present here. 'Said' cannot directly take a person as its object; it requires 'said to all the students'. 'Spoke' also requires a preposition ('spoke to all the students'). 'Mentioned' similarly requires 'to' when a person follows ('mentioned to all the students').",s-eng-8-1-1,easy,ai-generated,false,C,spoke,false,3
q-eng8.1-35,ENG8.1,mc,"Choose the correct option to fill the blank: 'The principal _____ all the students that the annual sports day had been postponed.'","'Told' is correct — 'tell' requires an indirect object ('told all the students'), which is present here. 'Said' cannot directly take a person as its object; it requires 'said to all the students'. 'Spoke' also requires a preposition ('spoke to all the students'). 'Mentioned' similarly requires 'to' when a person follows ('mentioned to all the students').",s-eng-8-1-1,easy,ai-generated,false,D,mentioned,false,4
q-eng8.1-36,ENG8.1,mc,"Choose the correct option to fill the blank: 'The Indian cricket team _____ Australia in the final to clinch the World Cup title.'","'Beat' is correct — it is a transitive verb used when one team defeats another ('beat Australia'). 'Won' is intransitive and takes a game or trophy as its object ('won the World Cup'), not a team. 'Gained' does not collocate with defeating an opponent in sports. 'Achieved' similarly cannot take a team name as its direct object in this context.",s-eng-8-1-1,easy,ai-generated,false,A,won,false,1
q-eng8.1-36,ENG8.1,mc,"Choose the correct option to fill the blank: 'The Indian cricket team _____ Australia in the final to clinch the World Cup title.'","'Beat' is correct — it is a transitive verb used when one team defeats another ('beat Australia'). 'Won' is intransitive and takes a game or trophy as its object ('won the World Cup'), not a team. 'Gained' does not collocate with defeating an opponent in sports. 'Achieved' similarly cannot take a team name as its direct object in this context.",s-eng-8-1-1,easy,ai-generated,false,B,gained,false,2
q-eng8.1-36,ENG8.1,mc,"Choose the correct option to fill the blank: 'The Indian cricket team _____ Australia in the final to clinch the World Cup title.'","'Beat' is correct — it is a transitive verb used when one team defeats another ('beat Australia'). 'Won' is intransitive and takes a game or trophy as its object ('won the World Cup'), not a team. 'Gained' does not collocate with defeating an opponent in sports. 'Achieved' similarly cannot take a team name as its direct object in this context.",s-eng-8-1-1,easy,ai-generated,false,C,beat,true,3
q-eng8.1-36,ENG8.1,mc,"Choose the correct option to fill the blank: 'The Indian cricket team _____ Australia in the final to clinch the World Cup title.'","'Beat' is correct — it is a transitive verb used when one team defeats another ('beat Australia'). 'Won' is intransitive and takes a game or trophy as its object ('won the World Cup'), not a team. 'Gained' does not collocate with defeating an opponent in sports. 'Achieved' similarly cannot take a team name as its direct object in this context.",s-eng-8-1-1,easy,ai-generated,false,D,achieved,false,4
q-eng8.1-37,ENG8.1,mc,"Choose the correct option to fill the blank: 'Masked criminals _____ the jewellery store at gunpoint and fled in a waiting vehicle.'","'Robbed' is correct — 'rob' takes a person or place as its direct object ('robbed the store'). 'Stole' takes a thing as its object ('stole the jewellery'); one cannot 'steal a store'. 'Looted' implies widespread indiscriminate plundering typical of riots or disasters, not a targeted armed robbery. 'Snatched' means to grab something quickly and is too informal for an organized armed robbery.",s-eng-8-1-1,medium,ai-generated,false,A,stole,false,1
q-eng8.1-37,ENG8.1,mc,"Choose the correct option to fill the blank: 'Masked criminals _____ the jewellery store at gunpoint and fled in a waiting vehicle.'","'Robbed' is correct — 'rob' takes a person or place as its direct object ('robbed the store'). 'Stole' takes a thing as its object ('stole the jewellery'); one cannot 'steal a store'. 'Looted' implies widespread indiscriminate plundering typical of riots or disasters, not a targeted armed robbery. 'Snatched' means to grab something quickly and is too informal for an organized armed robbery.",s-eng-8-1-1,medium,ai-generated,false,B,robbed,true,2
q-eng8.1-37,ENG8.1,mc,"Choose the correct option to fill the blank: 'Masked criminals _____ the jewellery store at gunpoint and fled in a waiting vehicle.'","'Robbed' is correct — 'rob' takes a person or place as its direct object ('robbed the store'). 'Stole' takes a thing as its object ('stole the jewellery'); one cannot 'steal a store'. 'Looted' implies widespread indiscriminate plundering typical of riots or disasters, not a targeted armed robbery. 'Snatched' means to grab something quickly and is too informal for an organized armed robbery.",s-eng-8-1-1,medium,ai-generated,false,C,looted,false,3
q-eng8.1-37,ENG8.1,mc,"Choose the correct option to fill the blank: 'Masked criminals _____ the jewellery store at gunpoint and fled in a waiting vehicle.'","'Robbed' is correct — 'rob' takes a person or place as its direct object ('robbed the store'). 'Stole' takes a thing as its object ('stole the jewellery'); one cannot 'steal a store'. 'Looted' implies widespread indiscriminate plundering typical of riots or disasters, not a targeted armed robbery. 'Snatched' means to grab something quickly and is too informal for an organized armed robbery.",s-eng-8-1-1,medium,ai-generated,false,D,snatched,false,4
q-eng8.1-38,ENG8.1,mc,"Choose the correct option to fill the blank: 'Please _____ me to submit the application before Friday, or I will surely forget.'","'Remind' is correct — it means to cause another person to remember something, fitting a request for someone else to prompt you. 'Remember' means to recall something oneself and cannot take a person as its object in this construction. 'Recall' also refers to retrieving one's own memory and is not used with an indirect object like 'me'. 'Memorize' means to commit something to memory through deliberate study, unrelated to prompting another person.",s-eng-8-1-1,easy,ai-generated,false,A,remember,false,1
q-eng8.1-38,ENG8.1,mc,"Choose the correct option to fill the blank: 'Please _____ me to submit the application before Friday, or I will surely forget.'","'Remind' is correct — it means to cause another person to remember something, fitting a request for someone else to prompt you. 'Remember' means to recall something oneself and cannot take a person as its object in this construction. 'Recall' also refers to retrieving one's own memory and is not used with an indirect object like 'me'. 'Memorize' means to commit something to memory through deliberate study, unrelated to prompting another person.",s-eng-8-1-1,easy,ai-generated,false,B,recall,false,2
q-eng8.1-38,ENG8.1,mc,"Choose the correct option to fill the blank: 'Please _____ me to submit the application before Friday, or I will surely forget.'","'Remind' is correct — it means to cause another person to remember something, fitting a request for someone else to prompt you. 'Remember' means to recall something oneself and cannot take a person as its object in this construction. 'Recall' also refers to retrieving one's own memory and is not used with an indirect object like 'me'. 'Memorize' means to commit something to memory through deliberate study, unrelated to prompting another person.",s-eng-8-1-1,easy,ai-generated,false,C,remind,true,3
q-eng8.1-38,ENG8.1,mc,"Choose the correct option to fill the blank: 'Please _____ me to submit the application before Friday, or I will surely forget.'","'Remind' is correct — it means to cause another person to remember something, fitting a request for someone else to prompt you. 'Remember' means to recall something oneself and cannot take a person as its object in this construction. 'Recall' also refers to retrieving one's own memory and is not used with an indirect object like 'me'. 'Memorize' means to commit something to memory through deliberate study, unrelated to prompting another person.",s-eng-8-1-1,easy,ai-generated,false,D,memorize,false,4
q-eng8.1-39,ENG8.1,mc,"Choose the best replacement for the underlined word: 'She lay the report on the director's desk and quietly left the room.' (The word 'lay' is underlined.)","'Laid' is correct — 'lay' (transitive) means to place something, and its simple past is 'laid'; the sentence requires the past tense. 'Lain' is the past participle of the intransitive verb 'lie' and is used only in perfect tenses ('has lain'). 'Lied' means told an untruth, which is entirely unrelated. 'No improvement needed' is wrong because using the base form 'lay' instead of the past tense 'laid' is an error.",s-eng-8-1-1,medium,ai-generated,false,A,laid,true,1
q-eng8.1-39,ENG8.1,mc,"Choose the best replacement for the underlined word: 'She lay the report on the director's desk and quietly left the room.' (The word 'lay' is underlined.)","'Laid' is correct — 'lay' (transitive) means to place something, and its simple past is 'laid'; the sentence requires the past tense. 'Lain' is the past participle of the intransitive verb 'lie' and is used only in perfect tenses ('has lain'). 'Lied' means told an untruth, which is entirely unrelated. 'No improvement needed' is wrong because using the base form 'lay' instead of the past tense 'laid' is an error.",s-eng-8-1-1,medium,ai-generated,false,B,lain,false,2
q-eng8.1-39,ENG8.1,mc,"Choose the best replacement for the underlined word: 'She lay the report on the director's desk and quietly left the room.' (The word 'lay' is underlined.)","'Laid' is correct — 'lay' (transitive) means to place something, and its simple past is 'laid'; the sentence requires the past tense. 'Lain' is the past participle of the intransitive verb 'lie' and is used only in perfect tenses ('has lain'). 'Lied' means told an untruth, which is entirely unrelated. 'No improvement needed' is wrong because using the base form 'lay' instead of the past tense 'laid' is an error.",s-eng-8-1-1,medium,ai-generated,false,C,lied,false,3
q-eng8.1-39,ENG8.1,mc,"Choose the best replacement for the underlined word: 'She lay the report on the director's desk and quietly left the room.' (The word 'lay' is underlined.)","'Laid' is correct — 'lay' (transitive) means to place something, and its simple past is 'laid'; the sentence requires the past tense. 'Lain' is the past participle of the intransitive verb 'lie' and is used only in perfect tenses ('has lain'). 'Lied' means told an untruth, which is entirely unrelated. 'No improvement needed' is wrong because using the base form 'lay' instead of the past tense 'laid' is an error.",s-eng-8-1-1,medium,ai-generated,false,D,No improvement needed,false,4
q-eng8.1-40,ENG8.1,mc,"Choose the best replacement for the underlined portion: 'The committee discussed about the budget proposal for over two hours.' (The words 'discussed about' are underlined.)","'Discussed' (without 'about') is correct — 'discuss' is a transitive verb that takes its object directly without any preposition; 'discussed about' is a very common error. 'Discussed on' is equally wrong because 'discuss' never takes a preposition before its object. 'Deliberated about' is grammatically possible but shifts the meaning to prolonged formal deliberation. 'No improvement needed' is wrong because 'discussed about' is an error.",s-eng-8-1-1,hard,ai-generated,false,A,discussed on,false,1
q-eng8.1-40,ENG8.1,mc,"Choose the best replacement for the underlined portion: 'The committee discussed about the budget proposal for over two hours.' (The words 'discussed about' are underlined.)","'Discussed' (without 'about') is correct — 'discuss' is a transitive verb that takes its object directly without any preposition; 'discussed about' is a very common error. 'Discussed on' is equally wrong because 'discuss' never takes a preposition before its object. 'Deliberated about' is grammatically possible but shifts the meaning to prolonged formal deliberation. 'No improvement needed' is wrong because 'discussed about' is an error.",s-eng-8-1-1,hard,ai-generated,false,B,discussed,true,2
q-eng8.1-40,ENG8.1,mc,"Choose the best replacement for the underlined portion: 'The committee discussed about the budget proposal for over two hours.' (The words 'discussed about' are underlined.)","'Discussed' (without 'about') is correct — 'discuss' is a transitive verb that takes its object directly without any preposition; 'discussed about' is a very common error. 'Discussed on' is equally wrong because 'discuss' never takes a preposition before its object. 'Deliberated about' is grammatically possible but shifts the meaning to prolonged formal deliberation. 'No improvement needed' is wrong because 'discussed about' is an error.",s-eng-8-1-1,hard,ai-generated,false,C,deliberated about,false,3
q-eng8.1-40,ENG8.1,mc,"Choose the best replacement for the underlined portion: 'The committee discussed about the budget proposal for over two hours.' (The words 'discussed about' are underlined.)","'Discussed' (without 'about') is correct — 'discuss' is a transitive verb that takes its object directly without any preposition; 'discussed about' is a very common error. 'Discussed on' is equally wrong because 'discuss' never takes a preposition before its object. 'Deliberated about' is grammatically possible but shifts the meaning to prolonged formal deliberation. 'No improvement needed' is wrong because 'discussed about' is an error.",s-eng-8-1-1,hard,ai-generated,false,D,No improvement needed,false,4
q-eng8.1-41,ENG8.1,mc,"Identify the part that contains the incorrectly used word: 'The minister's (A) vague statement (B) clearly inferred (C) that fuel prices (D) would rise soon.'","Part B is the error — 'infer' means to draw a conclusion from evidence (the listener's action), whereas 'imply' means to suggest something indirectly (the speaker's action); the minister implies, not infers. Part A ('the minister's vague statement') is a correctly used noun phrase. Part C ('that fuel prices') is a correctly formed conjunction phrase. Part D ('would rise soon') is a correctly formed verb phrase.",s-eng-8-1-2,medium,ai-generated,false,A,The minister's vague statement,false,1
q-eng8.1-41,ENG8.1,mc,"Identify the part that contains the incorrectly used word: 'The minister's (A) vague statement (B) clearly inferred (C) that fuel prices (D) would rise soon.'","Part B is the error — 'infer' means to draw a conclusion from evidence (the listener's action), whereas 'imply' means to suggest something indirectly (the speaker's action); the minister implies, not infers. Part A ('the minister's vague statement') is a correctly used noun phrase. Part C ('that fuel prices') is a correctly formed conjunction phrase. Part D ('would rise soon') is a correctly formed verb phrase.",s-eng-8-1-2,medium,ai-generated,false,B,clearly inferred,true,2
q-eng8.1-41,ENG8.1,mc,"Identify the part that contains the incorrectly used word: 'The minister's (A) vague statement (B) clearly inferred (C) that fuel prices (D) would rise soon.'","Part B is the error — 'infer' means to draw a conclusion from evidence (the listener's action), whereas 'imply' means to suggest something indirectly (the speaker's action); the minister implies, not infers. Part A ('the minister's vague statement') is a correctly used noun phrase. Part C ('that fuel prices') is a correctly formed conjunction phrase. Part D ('would rise soon') is a correctly formed verb phrase.",s-eng-8-1-2,medium,ai-generated,false,C,that fuel prices,false,3
q-eng8.1-41,ENG8.1,mc,"Identify the part that contains the incorrectly used word: 'The minister's (A) vague statement (B) clearly inferred (C) that fuel prices (D) would rise soon.'","Part B is the error — 'infer' means to draw a conclusion from evidence (the listener's action), whereas 'imply' means to suggest something indirectly (the speaker's action); the minister implies, not infers. Part A ('the minister's vague statement') is a correctly used noun phrase. Part C ('that fuel prices') is a correctly formed conjunction phrase. Part D ('would rise soon') is a correctly formed verb phrase.",s-eng-8-1-2,medium,ai-generated,false,D,would rise soon,false,4
q-eng8.1-42,ENG8.1,mc,"Choose the correct word to fill the blank: 'Since the direct route is flooded, we must find an _____ road to reach the village.'","'Alternative' is correct — it means another available option or choice, which fits looking for a different road when the direct route is blocked. 'Alternate' primarily means occurring every other time (e.g., alternate Sundays) and is not synonymous with 'another option' in formal usage. 'Alternating' is a participle describing something that repeatedly switches between states, not a descriptor for a different road. 'Alternated' is a past tense verb form and cannot modify a noun.",s-eng-8-1-2,medium,ai-generated,false,A,alternate,false,1
q-eng8.1-42,ENG8.1,mc,"Choose the correct word to fill the blank: 'Since the direct route is flooded, we must find an _____ road to reach the village.'","'Alternative' is correct — it means another available option or choice, which fits looking for a different road when the direct route is blocked. 'Alternate' primarily means occurring every other time (e.g., alternate Sundays) and is not synonymous with 'another option' in formal usage. 'Alternating' is a participle describing something that repeatedly switches between states, not a descriptor for a different road. 'Alternated' is a past tense verb form and cannot modify a noun.",s-eng-8-1-2,medium,ai-generated,false,B,alternating,false,2
q-eng8.1-42,ENG8.1,mc,"Choose the correct word to fill the blank: 'Since the direct route is flooded, we must find an _____ road to reach the village.'","'Alternative' is correct — it means another available option or choice, which fits looking for a different road when the direct route is blocked. 'Alternate' primarily means occurring every other time (e.g., alternate Sundays) and is not synonymous with 'another option' in formal usage. 'Alternating' is a participle describing something that repeatedly switches between states, not a descriptor for a different road. 'Alternated' is a past tense verb form and cannot modify a noun.",s-eng-8-1-2,medium,ai-generated,false,C,alternative,true,3
q-eng8.1-42,ENG8.1,mc,"Choose the correct word to fill the blank: 'Since the direct route is flooded, we must find an _____ road to reach the village.'","'Alternative' is correct — it means another available option or choice, which fits looking for a different road when the direct route is blocked. 'Alternate' primarily means occurring every other time (e.g., alternate Sundays) and is not synonymous with 'another option' in formal usage. 'Alternating' is a participle describing something that repeatedly switches between states, not a descriptor for a different road. 'Alternated' is a past tense verb form and cannot modify a noun.",s-eng-8-1-2,medium,ai-generated,false,D,alternated,false,4
q-eng8.1-43,ENG8.1,mc,"Identify the part that contains the incorrectly used word: 'The new syllabus (A) is comprised of (B) ten units, (C) each designed (D) to build on the previous one.'","Part B is the error — 'comprise' means to consist of and takes its object directly without a preposition; the correct form is 'comprises ten units'. 'Comprised of' is a commonly condemned construction in formal English; the correct passive alternative is 'is composed of'. Part A ('the new syllabus') is a correctly used subject. Part C ('ten units, each designed') is correctly formed. Part D ('to build on the previous one') is a correctly formed infinitive phrase.",s-eng-8-1-2,hard,ai-generated,false,A,The new syllabus,false,1
q-eng8.1-43,ENG8.1,mc,"Identify the part that contains the incorrectly used word: 'The new syllabus (A) is comprised of (B) ten units, (C) each designed (D) to build on the previous one.'","Part B is the error — 'comprise' means to consist of and takes its object directly without a preposition; the correct form is 'comprises ten units'. 'Comprised of' is a commonly condemned construction in formal English; the correct passive alternative is 'is composed of'. Part A ('the new syllabus') is a correctly used subject. Part C ('ten units, each designed') is correctly formed. Part D ('to build on the previous one') is a correctly formed infinitive phrase.",s-eng-8-1-2,hard,ai-generated,false,B,is comprised of,true,2
q-eng8.1-43,ENG8.1,mc,"Identify the part that contains the incorrectly used word: 'The new syllabus (A) is comprised of (B) ten units, (C) each designed (D) to build on the previous one.'","Part B is the error — 'comprise' means to consist of and takes its object directly without a preposition; the correct form is 'comprises ten units'. 'Comprised of' is a commonly condemned construction in formal English; the correct passive alternative is 'is composed of'. Part A ('the new syllabus') is a correctly used subject. Part C ('ten units, each designed') is correctly formed. Part D ('to build on the previous one') is a correctly formed infinitive phrase.",s-eng-8-1-2,hard,ai-generated,false,C,each designed,false,3
q-eng8.1-43,ENG8.1,mc,"Identify the part that contains the incorrectly used word: 'The new syllabus (A) is comprised of (B) ten units, (C) each designed (D) to build on the previous one.'","Part B is the error — 'comprise' means to consist of and takes its object directly without a preposition; the correct form is 'comprises ten units'. 'Comprised of' is a commonly condemned construction in formal English; the correct passive alternative is 'is composed of'. Part A ('the new syllabus') is a correctly used subject. Part C ('ten units, each designed') is correctly formed. Part D ('to build on the previous one') is a correctly formed infinitive phrase.",s-eng-8-1-2,hard,ai-generated,false,D,to build on the previous one,false,4
q-eng8.1-44,ENG8.1,mc,"Which of the following sentences uses the bracketed word CORRECTLY?","Option A correctly uses 'exhaustive' to mean comprehensive and thorough — covering every available witness. Option B confuses 'exhaustive' with 'exhausted'; a sigh may be 'exhausted' (weary) but cannot be 'exhaustive' (comprehensive). Option C confuses 'exhaustive' with 'exhausting' (causing fatigue); a trek is exhausting, not exhaustive. Option D confuses 'exhaustive' with 'exhausted' (drained by effort); an appearance cannot be 'exhaustive'.",s-eng-8-1-2,medium,ai-generated,false,A,"The inspector conducted an [exhaustive] investigation, interviewing every available witness.",true,1
q-eng8.1-44,ENG8.1,mc,"Which of the following sentences uses the bracketed word CORRECTLY?","Option A correctly uses 'exhaustive' to mean comprehensive and thorough — covering every available witness. Option B confuses 'exhaustive' with 'exhausted'; a sigh may be 'exhausted' (weary) but cannot be 'exhaustive' (comprehensive). Option C confuses 'exhaustive' with 'exhausting' (causing fatigue); a trek is exhausting, not exhaustive. Option D confuses 'exhaustive' with 'exhausted' (drained by effort); an appearance cannot be 'exhaustive'.",s-eng-8-1-2,medium,ai-generated,false,B,"She gave an [exhaustive] sigh and slumped into her chair.",false,2
q-eng8.1-44,ENG8.1,mc,"Which of the following sentences uses the bracketed word CORRECTLY?","Option A correctly uses 'exhaustive' to mean comprehensive and thorough — covering every available witness. Option B confuses 'exhaustive' with 'exhausted'; a sigh may be 'exhausted' (weary) but cannot be 'exhaustive' (comprehensive). Option C confuses 'exhaustive' with 'exhausting' (causing fatigue); a trek is exhausting, not exhaustive. Option D confuses 'exhaustive' with 'exhausted' (drained by effort); an appearance cannot be 'exhaustive'.",s-eng-8-1-2,medium,ai-generated,false,C,"The long trek was [exhaustive], leaving the hikers completely drained.",false,3
q-eng8.1-44,ENG8.1,mc,"Which of the following sentences uses the bracketed word CORRECTLY?","Option A correctly uses 'exhaustive' to mean comprehensive and thorough — covering every available witness. Option B confuses 'exhaustive' with 'exhausted'; a sigh may be 'exhausted' (weary) but cannot be 'exhaustive' (comprehensive). Option C confuses 'exhaustive' with 'exhausting' (causing fatigue); a trek is exhausting, not exhaustive. Option D confuses 'exhaustive' with 'exhausted' (drained by effort); an appearance cannot be 'exhaustive'.",s-eng-8-1-2,medium,ai-generated,false,D,His [exhaustive] appearance after the surgery worried his family.,false,4
q-eng8.1-45,ENG8.1,mc,"Identify the part that contains the incorrectly used word: 'The judge (A) found the witness's account (B) to be credulous (C) and therefore (D) accepted it into evidence.'","Part C is the error — 'credulous' means gullible or too ready to believe, which describes a person's tendency, not a statement or account; the correct word is 'credible' (believable, worthy of trust). Part A ('the judge found') is a correctly formed verb phrase. Part B ('the witness's account') is a correctly used noun phrase. Part D ('and therefore accepted it into evidence') is a correctly formed result clause.",s-eng-8-1-2,medium,ai-generated,false,A,The judge found,false,1
q-eng8.1-45,ENG8.1,mc,"Identify the part that contains the incorrectly used word: 'The judge (A) found the witness's account (B) to be credulous (C) and therefore (D) accepted it into evidence.'","Part C is the error — 'credulous' means gullible or too ready to believe, which describes a person's tendency, not a statement or account; the correct word is 'credible' (believable, worthy of trust). Part A ('the judge found') is a correctly formed verb phrase. Part B ('the witness's account') is a correctly used noun phrase. Part D ('and therefore accepted it into evidence') is a correctly formed result clause.",s-eng-8-1-2,medium,ai-generated,false,B,the witness's account,false,2
q-eng8.1-45,ENG8.1,mc,"Identify the part that contains the incorrectly used word: 'The judge (A) found the witness's account (B) to be credulous (C) and therefore (D) accepted it into evidence.'","Part C is the error — 'credulous' means gullible or too ready to believe, which describes a person's tendency, not a statement or account; the correct word is 'credible' (believable, worthy of trust). Part A ('the judge found') is a correctly formed verb phrase. Part B ('the witness's account') is a correctly used noun phrase. Part D ('and therefore accepted it into evidence') is a correctly formed result clause.",s-eng-8-1-2,medium,ai-generated,false,C,to be credulous,true,3
q-eng8.1-45,ENG8.1,mc,"Identify the part that contains the incorrectly used word: 'The judge (A) found the witness's account (B) to be credulous (C) and therefore (D) accepted it into evidence.'","Part C is the error — 'credulous' means gullible or too ready to believe, which describes a person's tendency, not a statement or account; the correct word is 'credible' (believable, worthy of trust). Part A ('the judge found') is a correctly formed verb phrase. Part B ('the witness's account') is a correctly used noun phrase. Part D ('and therefore accepted it into evidence') is a correctly formed result clause.",s-eng-8-1-2,medium,ai-generated,false,D,and therefore accepted it into evidence,false,4
q-eng8.1-46,ENG8.1,mc,"Choose the correct word to fill the blank: 'After sitting through three hours of the same lecture, the students grew _____ and began checking their phones.'","'Uninterested' is correct — it means lacking interest or attention, which describes students who have grown bored. 'Disinterested' means having no personal stake or bias (like an impartial judge) and does not mean bored or inattentive. 'Impartial' is a synonym of disinterested in the sense of being neutral, not related to boredom. 'Detached' means emotionally distant or aloof, a broader state than mere inattention during a lecture.",s-eng-8-1-2,medium,ai-generated,false,A,disinterested,false,1
q-eng8.1-46,ENG8.1,mc,"Choose the correct word to fill the blank: 'After sitting through three hours of the same lecture, the students grew _____ and began checking their phones.'","'Uninterested' is correct — it means lacking interest or attention, which describes students who have grown bored. 'Disinterested' means having no personal stake or bias (like an impartial judge) and does not mean bored or inattentive. 'Impartial' is a synonym of disinterested in the sense of being neutral, not related to boredom. 'Detached' means emotionally distant or aloof, a broader state than mere inattention during a lecture.",s-eng-8-1-2,medium,ai-generated,false,B,impartial,false,2
q-eng8.1-46,ENG8.1,mc,"Choose the correct word to fill the blank: 'After sitting through three hours of the same lecture, the students grew _____ and began checking their phones.'","'Uninterested' is correct — it means lacking interest or attention, which describes students who have grown bored. 'Disinterested' means having no personal stake or bias (like an impartial judge) and does not mean bored or inattentive. 'Impartial' is a synonym of disinterested in the sense of being neutral, not related to boredom. 'Detached' means emotionally distant or aloof, a broader state than mere inattention during a lecture.",s-eng-8-1-2,medium,ai-generated,false,C,detached,false,3
q-eng8.1-46,ENG8.1,mc,"Choose the correct word to fill the blank: 'After sitting through three hours of the same lecture, the students grew _____ and began checking their phones.'","'Uninterested' is correct — it means lacking interest or attention, which describes students who have grown bored. 'Disinterested' means having no personal stake or bias (like an impartial judge) and does not mean bored or inattentive. 'Impartial' is a synonym of disinterested in the sense of being neutral, not related to boredom. 'Detached' means emotionally distant or aloof, a broader state than mere inattention during a lecture.",s-eng-8-1-2,medium,ai-generated,false,D,uninterested,true,4
q-eng8.1-47,ENG8.1,mc,"Identify the part that contains the incorrectly used word: '(A) The announcement literally (B) sent shockwaves (C) through the entire (D) financial industry.'","Part A contains the error — 'literally' means actually or in reality, but 'sent shockwaves' is a figurative idiom; using 'literally' with a figurative expression is contradictory and the word should be omitted or replaced with 'figuratively'. Part B ('sent shockwaves') is an accepted idiomatic expression. Part C ('through the entire') is a correctly used prepositional phrase. Part D ('financial industry') is a correctly used noun phrase.",s-eng-8-1-2,medium,ai-generated,false,A,The announcement literally,true,1
q-eng8.1-47,ENG8.1,mc,"Identify the part that contains the incorrectly used word: '(A) The announcement literally (B) sent shockwaves (C) through the entire (D) financial industry.'","Part A contains the error — 'literally' means actually or in reality, but 'sent shockwaves' is a figurative idiom; using 'literally' with a figurative expression is contradictory and the word should be omitted or replaced with 'figuratively'. Part B ('sent shockwaves') is an accepted idiomatic expression. Part C ('through the entire') is a correctly used prepositional phrase. Part D ('financial industry') is a correctly used noun phrase.",s-eng-8-1-2,medium,ai-generated,false,B,sent shockwaves,false,2
q-eng8.1-47,ENG8.1,mc,"Identify the part that contains the incorrectly used word: '(A) The announcement literally (B) sent shockwaves (C) through the entire (D) financial industry.'","Part A contains the error — 'literally' means actually or in reality, but 'sent shockwaves' is a figurative idiom; using 'literally' with a figurative expression is contradictory and the word should be omitted or replaced with 'figuratively'. Part B ('sent shockwaves') is an accepted idiomatic expression. Part C ('through the entire') is a correctly used prepositional phrase. Part D ('financial industry') is a correctly used noun phrase.",s-eng-8-1-2,medium,ai-generated,false,C,through the entire,false,3
q-eng8.1-47,ENG8.1,mc,"Identify the part that contains the incorrectly used word: '(A) The announcement literally (B) sent shockwaves (C) through the entire (D) financial industry.'","Part A contains the error — 'literally' means actually or in reality, but 'sent shockwaves' is a figurative idiom; using 'literally' with a figurative expression is contradictory and the word should be omitted or replaced with 'figuratively'. Part B ('sent shockwaves') is an accepted idiomatic expression. Part C ('through the entire') is a correctly used prepositional phrase. Part D ('financial industry') is a correctly used noun phrase.",s-eng-8-1-2,medium,ai-generated,false,D,financial industry,false,4
q-eng8.1-48,ENG8.1,mc,"Which of the following sentences uses the bracketed word INCORRECTLY?","Option B is the error — comparing transport costs requires 'economical' (meaning cost-effective or thrifty), not 'economic' (which relates to the economy at large). Option A correctly uses 'economic' to describe government-level financial reforms. Option C correctly describes recessionary challenges of the economy. Option D correctly describes financial projections for the economy.",s-eng-8-1-2,medium,ai-generated,false,A,The Prime Minister outlined several [economic] reforms to revive growth.,false,1
q-eng8.1-48,ENG8.1,mc,"Which of the following sentences uses the bracketed word INCORRECTLY?","Option B is the error — comparing transport costs requires 'economical' (meaning cost-effective or thrifty), not 'economic' (which relates to the economy at large). Option A correctly uses 'economic' to describe government-level financial reforms. Option C correctly describes recessionary challenges of the economy. Option D correctly describes financial projections for the economy.",s-eng-8-1-2,medium,ai-generated,false,B,Taking the bus is far more [economic] than owning a private car.,true,2
q-eng8.1-48,ENG8.1,mc,"Which of the following sentences uses the bracketed word INCORRECTLY?","Option B is the error — comparing transport costs requires 'economical' (meaning cost-effective or thrifty), not 'economic' (which relates to the economy at large). Option A correctly uses 'economic' to describe government-level financial reforms. Option C correctly describes recessionary challenges of the economy. Option D correctly describes financial projections for the economy.",s-eng-8-1-2,medium,ai-generated,false,C,"The country faced serious [economic] challenges during the global recession.",false,3
q-eng8.1-48,ENG8.1,mc,"Which of the following sentences uses the bracketed word INCORRECTLY?","Option B is the error — comparing transport costs requires 'economical' (meaning cost-effective or thrifty), not 'economic' (which relates to the economy at large). Option A correctly uses 'economic' to describe government-level financial reforms. Option C correctly describes recessionary challenges of the economy. Option D correctly describes financial projections for the economy.",s-eng-8-1-2,medium,ai-generated,false,D,"The Finance Minister presented an optimistic [economic] outlook for the year.",false,4
q-eng8.1-49,ENG8.1,mc,"Which of the following sentences uses the word 'refute' CORRECTLY?","Option C correctly uses 'refute' — to refute means to disprove a claim by presenting evidence, which the scientist does with controlled experiments. Option A confuses 'refute' with 'deny'; a denial at a press conference does not disprove a charge. Option B describes a dismissal without evidence, which is not a refutation. Option D presents a personal declaration of innocence, not evidence-based disproof.",s-eng-8-1-2,hard,ai-generated,false,A,"He refuted the charges by denying them at a press conference.",false,1
q-eng8.1-49,ENG8.1,mc,"Which of the following sentences uses the word 'refute' CORRECTLY?","Option C correctly uses 'refute' — to refute means to disprove a claim by presenting evidence, which the scientist does with controlled experiments. Option A confuses 'refute' with 'deny'; a denial at a press conference does not disprove a charge. Option B describes a dismissal without evidence, which is not a refutation. Option D presents a personal declaration of innocence, not evidence-based disproof.",s-eng-8-1-2,hard,ai-generated,false,B,"She refuted the rumour by calling it baseless without any supporting evidence.",false,2
q-eng8.1-49,ENG8.1,mc,"Which of the following sentences uses the word 'refute' CORRECTLY?","Option C correctly uses 'refute' — to refute means to disprove a claim by presenting evidence, which the scientist does with controlled experiments. Option A confuses 'refute' with 'deny'; a denial at a press conference does not disprove a charge. Option B describes a dismissal without evidence, which is not a refutation. Option D presents a personal declaration of innocence, not evidence-based disproof.",s-eng-8-1-2,hard,ai-generated,false,C,"The scientist refuted the theory by presenting three independent controlled experiments.",true,3
q-eng8.1-49,ENG8.1,mc,"Which of the following sentences uses the word 'refute' CORRECTLY?","Option C correctly uses 'refute' — to refute means to disprove a claim by presenting evidence, which the scientist does with controlled experiments. Option A confuses 'refute' with 'deny'; a denial at a press conference does not disprove a charge. Option B describes a dismissal without evidence, which is not a refutation. Option D presents a personal declaration of innocence, not evidence-based disproof.",s-eng-8-1-2,hard,ai-generated,false,D,"The minister refuted allegations of corruption by stating he was completely innocent.",false,4
q-eng8.1-50,ENG8.1,mc,"Choose the correct word to fill the blank: 'It took years for survivors to fully comprehend the _____ of the crimes committed during the conflict.'","'Enormity' is correct — it specifically means the extreme moral seriousness or outrageousness of something (often a crime or atrocity), making it precise for comprehending crimes in a conflict. 'Enormousness' refers only to physical size or scale without moral gravity. 'Hugeness' is an informal term for large physical size and carries no moral connotation. 'Magnitude' describes scale and lacks the specific sense of moral wickedness that 'enormity' conveys.",s-eng-8-1-2,hard,ai-generated,false,A,enormousness,false,1
q-eng8.1-50,ENG8.1,mc,"Choose the correct word to fill the blank: 'It took years for survivors to fully comprehend the _____ of the crimes committed during the conflict.'","'Enormity' is correct — it specifically means the extreme moral seriousness or outrageousness of something (often a crime or atrocity), making it precise for comprehending crimes in a conflict. 'Enormousness' refers only to physical size or scale without moral gravity. 'Hugeness' is an informal term for large physical size and carries no moral connotation. 'Magnitude' describes scale and lacks the specific sense of moral wickedness that 'enormity' conveys.",s-eng-8-1-2,hard,ai-generated,false,B,hugeness,false,2
q-eng8.1-50,ENG8.1,mc,"Choose the correct word to fill the blank: 'It took years for survivors to fully comprehend the _____ of the crimes committed during the conflict.'","'Enormity' is correct — it specifically means the extreme moral seriousness or outrageousness of something (often a crime or atrocity), making it precise for comprehending crimes in a conflict. 'Enormousness' refers only to physical size or scale without moral gravity. 'Hugeness' is an informal term for large physical size and carries no moral connotation. 'Magnitude' describes scale and lacks the specific sense of moral wickedness that 'enormity' conveys.",s-eng-8-1-2,hard,ai-generated,false,C,magnitude,false,3
q-eng8.1-50,ENG8.1,mc,"Choose the correct word to fill the blank: 'It took years for survivors to fully comprehend the _____ of the crimes committed during the conflict.'","'Enormity' is correct — it specifically means the extreme moral seriousness or outrageousness of something (often a crime or atrocity), making it precise for comprehending crimes in a conflict. 'Enormousness' refers only to physical size or scale without moral gravity. 'Hugeness' is an informal term for large physical size and carries no moral connotation. 'Magnitude' describes scale and lacks the specific sense of moral wickedness that 'enormity' conveys.",s-eng-8-1-2,hard,ai-generated,false,D,enormity,true,4
