question_ref,lo_code,question_type,question_text,explanation,subtopic_codes,difficulty,source,verified,option_key,option_text,answer_value,sort_order
q-eng9.1-01,ENG9.1,mc,"Choose the word that best fills the blank: 'The government's _____ from taxation increased significantly after the new fiscal policy was implemented.'","'Revenue' is correct — it means income generated, particularly by a government or business, which fits money collected through taxation. 'Expenditure' means spending — the opposite of income. 'Deficit' means a shortfall where spending exceeds income. 'Liability' refers to a financial obligation or debt, not income.",k-eng-9-1-1,easy,ai-generated,false,A,expenditure,false,1
q-eng9.1-01,ENG9.1,mc,"Choose the word that best fills the blank: 'The government's _____ from taxation increased significantly after the new fiscal policy was implemented.'","'Revenue' is correct — it means income generated, particularly by a government or business, which fits money collected through taxation. 'Expenditure' means spending — the opposite of income. 'Deficit' means a shortfall where spending exceeds income. 'Liability' refers to a financial obligation or debt, not income.",k-eng-9-1-1,easy,ai-generated,false,B,revenue,true,2
q-eng9.1-01,ENG9.1,mc,"Choose the word that best fills the blank: 'The government's _____ from taxation increased significantly after the new fiscal policy was implemented.'","'Revenue' is correct — it means income generated, particularly by a government or business, which fits money collected through taxation. 'Expenditure' means spending — the opposite of income. 'Deficit' means a shortfall where spending exceeds income. 'Liability' refers to a financial obligation or debt, not income.",k-eng-9-1-1,easy,ai-generated,false,C,deficit,false,3
q-eng9.1-01,ENG9.1,mc,"Choose the word that best fills the blank: 'The government's _____ from taxation increased significantly after the new fiscal policy was implemented.'","'Revenue' is correct — it means income generated, particularly by a government or business, which fits money collected through taxation. 'Expenditure' means spending — the opposite of income. 'Deficit' means a shortfall where spending exceeds income. 'Liability' refers to a financial obligation or debt, not income.",k-eng-9-1-1,easy,ai-generated,false,D,liability,false,4
q-eng9.1-02,ENG9.1,mc,"Choose the word that best fills the blank: 'Strict penalties are expected to _____ potential offenders from committing financial fraud.'","'Deter' is correct — it means to discourage someone from doing something by making them aware of unpleasant consequences, which exactly fits the purpose of strict penalties. 'Entice' means to attract or tempt, which is the opposite of discouraging. 'Propel' means to drive something forward with force, not to discourage. 'Provoke' means to stimulate a reaction or cause anger, which could actually increase rather than reduce offences.",k-eng-9-1-1,easy,ai-generated,false,A,entice,false,1
q-eng9.1-02,ENG9.1,mc,"Choose the word that best fills the blank: 'Strict penalties are expected to _____ potential offenders from committing financial fraud.'","'Deter' is correct — it means to discourage someone from doing something by making them aware of unpleasant consequences, which exactly fits the purpose of strict penalties. 'Entice' means to attract or tempt, which is the opposite of discouraging. 'Propel' means to drive something forward with force, not to discourage. 'Provoke' means to stimulate a reaction or cause anger, which could actually increase rather than reduce offences.",k-eng-9-1-1,easy,ai-generated,false,B,propel,false,2
q-eng9.1-02,ENG9.1,mc,"Choose the word that best fills the blank: 'Strict penalties are expected to _____ potential offenders from committing financial fraud.'","'Deter' is correct — it means to discourage someone from doing something by making them aware of unpleasant consequences, which exactly fits the purpose of strict penalties. 'Entice' means to attract or tempt, which is the opposite of discouraging. 'Propel' means to drive something forward with force, not to discourage. 'Provoke' means to stimulate a reaction or cause anger, which could actually increase rather than reduce offences.",k-eng-9-1-1,easy,ai-generated,false,C,deter,true,3
q-eng9.1-02,ENG9.1,mc,"Choose the word that best fills the blank: 'Strict penalties are expected to _____ potential offenders from committing financial fraud.'","'Deter' is correct — it means to discourage someone from doing something by making them aware of unpleasant consequences, which exactly fits the purpose of strict penalties. 'Entice' means to attract or tempt, which is the opposite of discouraging. 'Propel' means to drive something forward with force, not to discourage. 'Provoke' means to stimulate a reaction or cause anger, which could actually increase rather than reduce offences.",k-eng-9-1-1,easy,ai-generated,false,D,provoke,false,4
q-eng9.1-03,ENG9.1,mc,"Choose the word that best fills the blank: 'After years of neglect, the once-thriving estate became _____ and utterly uninhabitable.'","'Desolate' is correct — it means bleak, deserted, and without any signs of life, perfectly describing a neglected and uninhabitable place. 'Prosperous' means thriving and successful — the opposite of the state described. 'Fertile' means productive and capable of growth, which contradicts 'neglect' and 'uninhabitable'. 'Bustling' means full of lively activity, the opposite of the deserted desolation described.",k-eng-9-1-1,easy,ai-generated,false,A,prosperous,false,1
q-eng9.1-03,ENG9.1,mc,"Choose the word that best fills the blank: 'After years of neglect, the once-thriving estate became _____ and utterly uninhabitable.'","'Desolate' is correct — it means bleak, deserted, and without any signs of life, perfectly describing a neglected and uninhabitable place. 'Prosperous' means thriving and successful — the opposite of the state described. 'Fertile' means productive and capable of growth, which contradicts 'neglect' and 'uninhabitable'. 'Bustling' means full of lively activity, the opposite of the deserted desolation described.",k-eng-9-1-1,easy,ai-generated,false,B,fertile,false,2
q-eng9.1-03,ENG9.1,mc,"Choose the word that best fills the blank: 'After years of neglect, the once-thriving estate became _____ and utterly uninhabitable.'","'Desolate' is correct — it means bleak, deserted, and without any signs of life, perfectly describing a neglected and uninhabitable place. 'Prosperous' means thriving and successful — the opposite of the state described. 'Fertile' means productive and capable of growth, which contradicts 'neglect' and 'uninhabitable'. 'Bustling' means full of lively activity, the opposite of the deserted desolation described.",k-eng-9-1-1,easy,ai-generated,false,C,bustling,false,3
q-eng9.1-03,ENG9.1,mc,"Choose the word that best fills the blank: 'After years of neglect, the once-thriving estate became _____ and utterly uninhabitable.'","'Desolate' is correct — it means bleak, deserted, and without any signs of life, perfectly describing a neglected and uninhabitable place. 'Prosperous' means thriving and successful — the opposite of the state described. 'Fertile' means productive and capable of growth, which contradicts 'neglect' and 'uninhabitable'. 'Bustling' means full of lively activity, the opposite of the deserted desolation described.",k-eng-9-1-1,easy,ai-generated,false,D,desolate,true,4
q-eng9.1-04,ENG9.1,mc,"Choose the word that best fills the blank: 'The government launched a new _____ to provide free healthcare to all citizens below the poverty line.'","'Initiative' is correct — it means a new plan or programme introduced to address a problem, which fits a government health scheme. 'Obstacle' is a barrier that prevents progress, the opposite of a supportive programme. 'Setback' is a reversal or defeat, not a forward-looking programme. 'Dispute' is a disagreement or argument, unrelated to launching a healthcare scheme.",k-eng-9-1-1,easy,ai-generated,false,A,initiative,true,1
q-eng9.1-04,ENG9.1,mc,"Choose the word that best fills the blank: 'The government launched a new _____ to provide free healthcare to all citizens below the poverty line.'","'Initiative' is correct — it means a new plan or programme introduced to address a problem, which fits a government health scheme. 'Obstacle' is a barrier that prevents progress, the opposite of a supportive programme. 'Setback' is a reversal or defeat, not a forward-looking programme. 'Dispute' is a disagreement or argument, unrelated to launching a healthcare scheme.",k-eng-9-1-1,easy,ai-generated,false,B,obstacle,false,2
q-eng9.1-04,ENG9.1,mc,"Choose the word that best fills the blank: 'The government launched a new _____ to provide free healthcare to all citizens below the poverty line.'","'Initiative' is correct — it means a new plan or programme introduced to address a problem, which fits a government health scheme. 'Obstacle' is a barrier that prevents progress, the opposite of a supportive programme. 'Setback' is a reversal or defeat, not a forward-looking programme. 'Dispute' is a disagreement or argument, unrelated to launching a healthcare scheme.",k-eng-9-1-1,easy,ai-generated,false,C,setback,false,3
q-eng9.1-04,ENG9.1,mc,"Choose the word that best fills the blank: 'The government launched a new _____ to provide free healthcare to all citizens below the poverty line.'","'Initiative' is correct — it means a new plan or programme introduced to address a problem, which fits a government health scheme. 'Obstacle' is a barrier that prevents progress, the opposite of a supportive programme. 'Setback' is a reversal or defeat, not a forward-looking programme. 'Dispute' is a disagreement or argument, unrelated to launching a healthcare scheme.",k-eng-9-1-1,easy,ai-generated,false,D,dispute,false,4
q-eng9.1-05,ENG9.1,mc,"Choose the word that best fills the blank: 'Engineers are working on new technologies to _____ the harmful effects of carbon emissions on the atmosphere.'","'Mitigate' is correct — it means to lessen or reduce the severity of something harmful, which fits reducing the damage from carbon emissions. 'Amplify' means to increase or intensify, the opposite of reducing harm. 'Exacerbate' means to make a bad situation worse, which would increase harm rather than reduce it. 'Accelerate' means to speed up a process, not to lessen its effects.",k-eng-9-1-1,medium,ai-generated,false,A,amplify,false,1
q-eng9.1-05,ENG9.1,mc,"Choose the word that best fills the blank: 'Engineers are working on new technologies to _____ the harmful effects of carbon emissions on the atmosphere.'","'Mitigate' is correct — it means to lessen or reduce the severity of something harmful, which fits reducing the damage from carbon emissions. 'Amplify' means to increase or intensify, the opposite of reducing harm. 'Exacerbate' means to make a bad situation worse, which would increase harm rather than reduce it. 'Accelerate' means to speed up a process, not to lessen its effects.",k-eng-9-1-1,medium,ai-generated,false,B,mitigate,true,2
q-eng9.1-05,ENG9.1,mc,"Choose the word that best fills the blank: 'Engineers are working on new technologies to _____ the harmful effects of carbon emissions on the atmosphere.'","'Mitigate' is correct — it means to lessen or reduce the severity of something harmful, which fits reducing the damage from carbon emissions. 'Amplify' means to increase or intensify, the opposite of reducing harm. 'Exacerbate' means to make a bad situation worse, which would increase harm rather than reduce it. 'Accelerate' means to speed up a process, not to lessen its effects.",k-eng-9-1-1,medium,ai-generated,false,C,exacerbate,false,3
q-eng9.1-05,ENG9.1,mc,"Choose the word that best fills the blank: 'Engineers are working on new technologies to _____ the harmful effects of carbon emissions on the atmosphere.'","'Mitigate' is correct — it means to lessen or reduce the severity of something harmful, which fits reducing the damage from carbon emissions. 'Amplify' means to increase or intensify, the opposite of reducing harm. 'Exacerbate' means to make a bad situation worse, which would increase harm rather than reduce it. 'Accelerate' means to speed up a process, not to lessen its effects.",k-eng-9-1-1,medium,ai-generated,false,D,accelerate,false,4
q-eng9.1-06,ENG9.1,mc,"Choose the word that best fills the blank: 'It is _____ that all employees complete the safety training before operating the new machinery.'","'Imperative' is correct — it means absolutely necessary or urgently important, which fits a mandatory safety requirement. 'Optional' means not required, which contradicts the mandatory tone of the sentence. 'Trivial' means of little importance, the opposite of urgent necessity. 'Arbitrary' means based on random choice rather than reason, which does not describe a systematic safety requirement.",k-eng-9-1-1,easy,ai-generated,false,A,optional,false,1
q-eng9.1-06,ENG9.1,mc,"Choose the word that best fills the blank: 'It is _____ that all employees complete the safety training before operating the new machinery.'","'Imperative' is correct — it means absolutely necessary or urgently important, which fits a mandatory safety requirement. 'Optional' means not required, which contradicts the mandatory tone of the sentence. 'Trivial' means of little importance, the opposite of urgent necessity. 'Arbitrary' means based on random choice rather than reason, which does not describe a systematic safety requirement.",k-eng-9-1-1,easy,ai-generated,false,B,trivial,false,2
q-eng9.1-06,ENG9.1,mc,"Choose the word that best fills the blank: 'It is _____ that all employees complete the safety training before operating the new machinery.'","'Imperative' is correct — it means absolutely necessary or urgently important, which fits a mandatory safety requirement. 'Optional' means not required, which contradicts the mandatory tone of the sentence. 'Trivial' means of little importance, the opposite of urgent necessity. 'Arbitrary' means based on random choice rather than reason, which does not describe a systematic safety requirement.",k-eng-9-1-1,easy,ai-generated,false,C,imperative,true,3
q-eng9.1-06,ENG9.1,mc,"Choose the word that best fills the blank: 'It is _____ that all employees complete the safety training before operating the new machinery.'","'Imperative' is correct — it means absolutely necessary or urgently important, which fits a mandatory safety requirement. 'Optional' means not required, which contradicts the mandatory tone of the sentence. 'Trivial' means of little importance, the opposite of urgent necessity. 'Arbitrary' means based on random choice rather than reason, which does not describe a systematic safety requirement.",k-eng-9-1-1,easy,ai-generated,false,D,arbitrary,false,4
q-eng9.1-07,ENG9.1,mc,"Choose the word that best fills the blank: 'After meeting all operational costs, the foundation distributed the remaining _____ to local charities.'","'Surplus' is correct — it means an amount left over after all requirements have been met, which fits money remaining after expenses. 'Deficit' means a shortfall or excess of expenditure over income, the opposite of what remains. 'Liability' refers to something one is legally responsible for paying, not leftover funds. 'Expenditure' refers to the spending already made, not the remainder.",k-eng-9-1-1,easy,ai-generated,false,A,deficit,false,1
q-eng9.1-07,ENG9.1,mc,"Choose the word that best fills the blank: 'After meeting all operational costs, the foundation distributed the remaining _____ to local charities.'","'Surplus' is correct — it means an amount left over after all requirements have been met, which fits money remaining after expenses. 'Deficit' means a shortfall or excess of expenditure over income, the opposite of what remains. 'Liability' refers to something one is legally responsible for paying, not leftover funds. 'Expenditure' refers to the spending already made, not the remainder.",k-eng-9-1-1,easy,ai-generated,false,B,liability,false,2
q-eng9.1-07,ENG9.1,mc,"Choose the word that best fills the blank: 'After meeting all operational costs, the foundation distributed the remaining _____ to local charities.'","'Surplus' is correct — it means an amount left over after all requirements have been met, which fits money remaining after expenses. 'Deficit' means a shortfall or excess of expenditure over income, the opposite of what remains. 'Liability' refers to something one is legally responsible for paying, not leftover funds. 'Expenditure' refers to the spending already made, not the remainder.",k-eng-9-1-1,easy,ai-generated,false,C,expenditure,false,3
q-eng9.1-07,ENG9.1,mc,"Choose the word that best fills the blank: 'After meeting all operational costs, the foundation distributed the remaining _____ to local charities.'","'Surplus' is correct — it means an amount left over after all requirements have been met, which fits money remaining after expenses. 'Deficit' means a shortfall or excess of expenditure over income, the opposite of what remains. 'Liability' refers to something one is legally responsible for paying, not leftover funds. 'Expenditure' refers to the spending already made, not the remainder.",k-eng-9-1-1,easy,ai-generated,false,D,surplus,true,4
q-eng9.1-08,ENG9.1,mc,"Choose the word that best fills the blank: 'The author chose to _____ the story with vivid descriptions of the landscape to captivate the reader.'","'Embellish' is correct — it means to add decorative or attractive details to make something more interesting, which fits enriching a story with descriptions. 'Diminish' means to reduce or make less, which would weaken rather than enhance the story. 'Simplify' means to make easier or less complex, opposite to adding rich descriptions. 'Obscure' means to make unclear or hidden, which would make the story harder to follow.",k-eng-9-1-1,medium,ai-generated,false,A,embellish,true,1
q-eng9.1-08,ENG9.1,mc,"Choose the word that best fills the blank: 'The author chose to _____ the story with vivid descriptions of the landscape to captivate the reader.'","'Embellish' is correct — it means to add decorative or attractive details to make something more interesting, which fits enriching a story with descriptions. 'Diminish' means to reduce or make less, which would weaken rather than enhance the story. 'Simplify' means to make easier or less complex, opposite to adding rich descriptions. 'Obscure' means to make unclear or hidden, which would make the story harder to follow.",k-eng-9-1-1,medium,ai-generated,false,B,diminish,false,2
q-eng9.1-08,ENG9.1,mc,"Choose the word that best fills the blank: 'The author chose to _____ the story with vivid descriptions of the landscape to captivate the reader.'","'Embellish' is correct — it means to add decorative or attractive details to make something more interesting, which fits enriching a story with descriptions. 'Diminish' means to reduce or make less, which would weaken rather than enhance the story. 'Simplify' means to make easier or less complex, opposite to adding rich descriptions. 'Obscure' means to make unclear or hidden, which would make the story harder to follow.",k-eng-9-1-1,medium,ai-generated,false,C,simplify,false,3
q-eng9.1-08,ENG9.1,mc,"Choose the word that best fills the blank: 'The author chose to _____ the story with vivid descriptions of the landscape to captivate the reader.'","'Embellish' is correct — it means to add decorative or attractive details to make something more interesting, which fits enriching a story with descriptions. 'Diminish' means to reduce or make less, which would weaken rather than enhance the story. 'Simplify' means to make easier or less complex, opposite to adding rich descriptions. 'Obscure' means to make unclear or hidden, which would make the story harder to follow.",k-eng-9-1-1,medium,ai-generated,false,D,obscure,false,4
q-eng9.1-09,ENG9.1,mc,"Choose the word that best fills the blank: 'Security personnel must remain _____ at all times to prevent any unauthorized entry into the facility.'","'Vigilant' is correct — it means keeping careful watch for possible danger, which exactly fits the duty of security personnel. 'Complacent' means satisfied to the point of not noticing danger — the opposite of alert. 'Negligent' means failing to take proper care of something, which would make for a poor security guard. 'Indifferent' means having no interest or concern, the opposite of watchful.",k-eng-9-1-1,easy,ai-generated,false,A,complacent,false,1
q-eng9.1-09,ENG9.1,mc,"Choose the word that best fills the blank: 'Security personnel must remain _____ at all times to prevent any unauthorized entry into the facility.'","'Vigilant' is correct — it means keeping careful watch for possible danger, which exactly fits the duty of security personnel. 'Complacent' means satisfied to the point of not noticing danger — the opposite of alert. 'Negligent' means failing to take proper care of something, which would make for a poor security guard. 'Indifferent' means having no interest or concern, the opposite of watchful.",k-eng-9-1-1,easy,ai-generated,false,B,vigilant,true,2
q-eng9.1-09,ENG9.1,mc,"Choose the word that best fills the blank: 'Security personnel must remain _____ at all times to prevent any unauthorized entry into the facility.'","'Vigilant' is correct — it means keeping careful watch for possible danger, which exactly fits the duty of security personnel. 'Complacent' means satisfied to the point of not noticing danger — the opposite of alert. 'Negligent' means failing to take proper care of something, which would make for a poor security guard. 'Indifferent' means having no interest or concern, the opposite of watchful.",k-eng-9-1-1,easy,ai-generated,false,C,negligent,false,3
q-eng9.1-09,ENG9.1,mc,"Choose the word that best fills the blank: 'Security personnel must remain _____ at all times to prevent any unauthorized entry into the facility.'","'Vigilant' is correct — it means keeping careful watch for possible danger, which exactly fits the duty of security personnel. 'Complacent' means satisfied to the point of not noticing danger — the opposite of alert. 'Negligent' means failing to take proper care of something, which would make for a poor security guard. 'Indifferent' means having no interest or concern, the opposite of watchful.",k-eng-9-1-1,easy,ai-generated,false,D,indifferent,false,4
q-eng9.1-10,ENG9.1,mc,"Choose the word that best fills the blank: 'The merger will help the two firms _____ their resources and compete more effectively in the global market.'","'Consolidate' is correct — it means to combine or strengthen by bringing things together, which fits merging companies pooling their resources. 'Fragment' means to break into pieces — the opposite of combining. 'Deplete' means to exhaust or use up a supply, which would weaken rather than strengthen the companies. 'Undermine' means to weaken or erode, which is the opposite of the intended result of a merger.",k-eng-9-1-1,medium,ai-generated,false,A,fragment,false,1
q-eng9.1-10,ENG9.1,mc,"Choose the word that best fills the blank: 'The merger will help the two firms _____ their resources and compete more effectively in the global market.'","'Consolidate' is correct — it means to combine or strengthen by bringing things together, which fits merging companies pooling their resources. 'Fragment' means to break into pieces — the opposite of combining. 'Deplete' means to exhaust or use up a supply, which would weaken rather than strengthen the companies. 'Undermine' means to weaken or erode, which is the opposite of the intended result of a merger.",k-eng-9-1-1,medium,ai-generated,false,B,deplete,false,2
q-eng9.1-10,ENG9.1,mc,"Choose the word that best fills the blank: 'The merger will help the two firms _____ their resources and compete more effectively in the global market.'","'Consolidate' is correct — it means to combine or strengthen by bringing things together, which fits merging companies pooling their resources. 'Fragment' means to break into pieces — the opposite of combining. 'Deplete' means to exhaust or use up a supply, which would weaken rather than strengthen the companies. 'Undermine' means to weaken or erode, which is the opposite of the intended result of a merger.",k-eng-9-1-1,medium,ai-generated,false,C,consolidate,true,3
q-eng9.1-10,ENG9.1,mc,"Choose the word that best fills the blank: 'The merger will help the two firms _____ their resources and compete more effectively in the global market.'","'Consolidate' is correct — it means to combine or strengthen by bringing things together, which fits merging companies pooling their resources. 'Fragment' means to break into pieces — the opposite of combining. 'Deplete' means to exhaust or use up a supply, which would weaken rather than strengthen the companies. 'Undermine' means to weaken or erode, which is the opposite of the intended result of a merger.",k-eng-9-1-1,medium,ai-generated,false,D,undermine,false,4
q-eng9.1-11,ENG9.1,mc,"Choose the correct article to fill the blank: 'She holds _____ MBA from a prestigious institution and is applying for senior management roles.'","'An' is correct — 'MBA' is pronounced as individual letters starting with the vowel sound /em/ (em-bee-ay), so it requires 'an' regardless of the capital letter. 'A' is wrong because the sound following it begins with a vowel (/em/), not a consonant. 'The' is a definite article and cannot be used to introduce someone for the first time. No article is wrong because a singular countable noun ('MBA') must take an article.",k-eng-9-1-2,easy,ai-generated,false,A,a,false,1
q-eng9.1-11,ENG9.1,mc,"Choose the correct article to fill the blank: 'She holds _____ MBA from a prestigious institution and is applying for senior management roles.'","'An' is correct — 'MBA' is pronounced as individual letters starting with the vowel sound /em/ (em-bee-ay), so it requires 'an' regardless of the capital letter. 'A' is wrong because the sound following it begins with a vowel (/em/), not a consonant. 'The' is a definite article and cannot be used to introduce someone for the first time. No article is wrong because a singular countable noun ('MBA') must take an article.",k-eng-9-1-2,easy,ai-generated,false,B,the,false,2
q-eng9.1-11,ENG9.1,mc,"Choose the correct article to fill the blank: 'She holds _____ MBA from a prestigious institution and is applying for senior management roles.'","'An' is correct — 'MBA' is pronounced as individual letters starting with the vowel sound /em/ (em-bee-ay), so it requires 'an' regardless of the capital letter. 'A' is wrong because the sound following it begins with a vowel (/em/), not a consonant. 'The' is a definite article and cannot be used to introduce someone for the first time. No article is wrong because a singular countable noun ('MBA') must take an article.",k-eng-9-1-2,easy,ai-generated,false,C,an,true,3
q-eng9.1-11,ENG9.1,mc,"Choose the correct article to fill the blank: 'She holds _____ MBA from a prestigious institution and is applying for senior management roles.'","'An' is correct — 'MBA' is pronounced as individual letters starting with the vowel sound /em/ (em-bee-ay), so it requires 'an' regardless of the capital letter. 'A' is wrong because the sound following it begins with a vowel (/em/), not a consonant. 'The' is a definite article and cannot be used to introduce someone for the first time. No article is wrong because a singular countable noun ('MBA') must take an article.",k-eng-9-1-2,easy,ai-generated,false,D,no article needed,false,4
q-eng9.1-12,ENG9.1,mc,"Choose the correct preposition to fill the blank: 'The new committee consists _____ five members, each representing a different department.'","'Of' is correct — 'consist of' is the fixed phrasal verb collocation meaning to be made up of particular elements. 'With' is not used after 'consist'; 'the committee consists with' is grammatically wrong. 'By' denotes agency or means and does not form a collocation with 'consist'. 'From' indicates origin or source and cannot follow 'consist' in standard usage.",k-eng-9-1-2,easy,ai-generated,false,A,with,false,1
q-eng9.1-12,ENG9.1,mc,"Choose the correct preposition to fill the blank: 'The new committee consists _____ five members, each representing a different department.'","'Of' is correct — 'consist of' is the fixed phrasal verb collocation meaning to be made up of particular elements. 'With' is not used after 'consist'; 'the committee consists with' is grammatically wrong. 'By' denotes agency or means and does not form a collocation with 'consist'. 'From' indicates origin or source and cannot follow 'consist' in standard usage.",k-eng-9-1-2,easy,ai-generated,false,B,by,false,2
q-eng9.1-12,ENG9.1,mc,"Choose the correct preposition to fill the blank: 'The new committee consists _____ five members, each representing a different department.'","'Of' is correct — 'consist of' is the fixed phrasal verb collocation meaning to be made up of particular elements. 'With' is not used after 'consist'; 'the committee consists with' is grammatically wrong. 'By' denotes agency or means and does not form a collocation with 'consist'. 'From' indicates origin or source and cannot follow 'consist' in standard usage.",k-eng-9-1-2,easy,ai-generated,false,C,from,false,3
q-eng9.1-12,ENG9.1,mc,"Choose the correct preposition to fill the blank: 'The new committee consists _____ five members, each representing a different department.'","'Of' is correct — 'consist of' is the fixed phrasal verb collocation meaning to be made up of particular elements. 'With' is not used after 'consist'; 'the committee consists with' is grammatically wrong. 'By' denotes agency or means and does not form a collocation with 'consist'. 'From' indicates origin or source and cannot follow 'consist' in standard usage.",k-eng-9-1-2,easy,ai-generated,false,D,of,true,4
q-eng9.1-13,ENG9.1,mc,"Choose the correct conjunction to fill the blank: '_____ the project was behind schedule, the team managed to deliver it on time.'","'Although' is correct — it introduces a concessive clause, meaning despite the schedule delay, the team succeeded; the two halves contrast. 'Because' introduces a cause-and-effect relationship, which would make the delay the reason for delivery — logically contradictory. 'Unless' is a conditional meaning 'except if', which does not fit a contrast of two completed events. 'Provided' means 'on the condition that', introducing a condition rather than a contrast.",k-eng-9-1-2,easy,ai-generated,false,A,although,true,1
q-eng9.1-13,ENG9.1,mc,"Choose the correct conjunction to fill the blank: '_____ the project was behind schedule, the team managed to deliver it on time.'","'Although' is correct — it introduces a concessive clause, meaning despite the schedule delay, the team succeeded; the two halves contrast. 'Because' introduces a cause-and-effect relationship, which would make the delay the reason for delivery — logically contradictory. 'Unless' is a conditional meaning 'except if', which does not fit a contrast of two completed events. 'Provided' means 'on the condition that', introducing a condition rather than a contrast.",k-eng-9-1-2,easy,ai-generated,false,B,because,false,2
q-eng9.1-13,ENG9.1,mc,"Choose the correct conjunction to fill the blank: '_____ the project was behind schedule, the team managed to deliver it on time.'","'Although' is correct — it introduces a concessive clause, meaning despite the schedule delay, the team succeeded; the two halves contrast. 'Because' introduces a cause-and-effect relationship, which would make the delay the reason for delivery — logically contradictory. 'Unless' is a conditional meaning 'except if', which does not fit a contrast of two completed events. 'Provided' means 'on the condition that', introducing a condition rather than a contrast.",k-eng-9-1-2,easy,ai-generated,false,C,unless,false,3
q-eng9.1-13,ENG9.1,mc,"Choose the correct conjunction to fill the blank: '_____ the project was behind schedule, the team managed to deliver it on time.'","'Although' is correct — it introduces a concessive clause, meaning despite the schedule delay, the team succeeded; the two halves contrast. 'Because' introduces a cause-and-effect relationship, which would make the delay the reason for delivery — logically contradictory. 'Unless' is a conditional meaning 'except if', which does not fit a contrast of two completed events. 'Provided' means 'on the condition that', introducing a condition rather than a contrast.",k-eng-9-1-2,easy,ai-generated,false,D,provided,false,4
q-eng9.1-14,ENG9.1,mc,"Choose the correct preposition to fill the blank: 'The government is focusing _____ improving public transport infrastructure in rural areas.'","'On' is correct — 'focus on' is the fixed collocation meaning to give attention to something. 'In' would require a noun phrase, not a gerund in this construction. 'At' is used for specific targets or locations but does not collocate with 'focus' in this context. 'For' introduces purpose clauses with nouns but does not collocate with 'focus' followed by a gerund.",k-eng-9-1-2,easy,ai-generated,false,A,in,false,1
q-eng9.1-14,ENG9.1,mc,"Choose the correct preposition to fill the blank: 'The government is focusing _____ improving public transport infrastructure in rural areas.'","'On' is correct — 'focus on' is the fixed collocation meaning to give attention to something. 'In' would require a noun phrase, not a gerund in this construction. 'At' is used for specific targets or locations but does not collocate with 'focus' in this context. 'For' introduces purpose clauses with nouns but does not collocate with 'focus' followed by a gerund.",k-eng-9-1-2,easy,ai-generated,false,B,on,true,2
q-eng9.1-14,ENG9.1,mc,"Choose the correct preposition to fill the blank: 'The government is focusing _____ improving public transport infrastructure in rural areas.'","'On' is correct — 'focus on' is the fixed collocation meaning to give attention to something. 'In' would require a noun phrase, not a gerund in this construction. 'At' is used for specific targets or locations but does not collocate with 'focus' in this context. 'For' introduces purpose clauses with nouns but does not collocate with 'focus' followed by a gerund.",k-eng-9-1-2,easy,ai-generated,false,C,at,false,3
q-eng9.1-14,ENG9.1,mc,"Choose the correct preposition to fill the blank: 'The government is focusing _____ improving public transport infrastructure in rural areas.'","'On' is correct — 'focus on' is the fixed collocation meaning to give attention to something. 'In' would require a noun phrase, not a gerund in this construction. 'At' is used for specific targets or locations but does not collocate with 'focus' in this context. 'For' introduces purpose clauses with nouns but does not collocate with 'focus' followed by a gerund.",k-eng-9-1-2,easy,ai-generated,false,D,for,false,4
q-eng9.1-15,ENG9.1,mc,"Choose the correct article to fill the blank: 'After months of debate, _____ decision was finally announced by the board of directors.'","'The' is correct — the decision has already been discussed for months, so it is a specific, known decision; the definite article 'the' is used for specific or previously identified nouns. 'A' is the indefinite article used for unspecified or first-mentioned nouns; here the decision is specific and known. 'An' requires a noun beginning with a vowel sound; 'decision' begins with /d/, a consonant sound. 'No article' is wrong because a singular countable noun in this context must have an article.",k-eng-9-1-2,easy,ai-generated,false,A,a,false,1
q-eng9.1-15,ENG9.1,mc,"Choose the correct article to fill the blank: 'After months of debate, _____ decision was finally announced by the board of directors.'","'The' is correct — the decision has already been discussed for months, so it is a specific, known decision; the definite article 'the' is used for specific or previously identified nouns. 'A' is the indefinite article used for unspecified or first-mentioned nouns; here the decision is specific and known. 'An' requires a noun beginning with a vowel sound; 'decision' begins with /d/, a consonant sound. 'No article' is wrong because a singular countable noun in this context must have an article.",k-eng-9-1-2,easy,ai-generated,false,B,an,false,2
q-eng9.1-15,ENG9.1,mc,"Choose the correct article to fill the blank: 'After months of debate, _____ decision was finally announced by the board of directors.'","'The' is correct — the decision has already been discussed for months, so it is a specific, known decision; the definite article 'the' is used for specific or previously identified nouns. 'A' is the indefinite article used for unspecified or first-mentioned nouns; here the decision is specific and known. 'An' requires a noun beginning with a vowel sound; 'decision' begins with /d/, a consonant sound. 'No article' is wrong because a singular countable noun in this context must have an article.",k-eng-9-1-2,easy,ai-generated,false,C,the,true,3
q-eng9.1-15,ENG9.1,mc,"Choose the correct article to fill the blank: 'After months of debate, _____ decision was finally announced by the board of directors.'","'The' is correct — the decision has already been discussed for months, so it is a specific, known decision; the definite article 'the' is used for specific or previously identified nouns. 'A' is the indefinite article used for unspecified or first-mentioned nouns; here the decision is specific and known. 'An' requires a noun beginning with a vowel sound; 'decision' begins with /d/, a consonant sound. 'No article' is wrong because a singular countable noun in this context must have an article.",k-eng-9-1-2,easy,ai-generated,false,D,no article needed,false,4
q-eng9.1-16,ENG9.1,mc,"Choose the correct conjunction to fill the blank: 'You cannot enter the examination hall _____ you present a valid identity card.'","'Unless' is correct — it means 'except if' and introduces the only condition under which entry is allowed, creating a conditional restriction. 'Until' is a temporal conjunction meaning 'up to the time that'; presenting an ID is not a matter of time but of condition. 'Although' is a concessive conjunction implying contrast; the sentence is conditional, not contrastive. 'Whereas' indicates contrast between two different states and does not introduce a required condition.",k-eng-9-1-2,medium,ai-generated,false,A,until,false,1
q-eng9.1-16,ENG9.1,mc,"Choose the correct conjunction to fill the blank: 'You cannot enter the examination hall _____ you present a valid identity card.'","'Unless' is correct — it means 'except if' and introduces the only condition under which entry is allowed, creating a conditional restriction. 'Until' is a temporal conjunction meaning 'up to the time that'; presenting an ID is not a matter of time but of condition. 'Although' is a concessive conjunction implying contrast; the sentence is conditional, not contrastive. 'Whereas' indicates contrast between two different states and does not introduce a required condition.",k-eng-9-1-2,medium,ai-generated,false,B,although,false,2
q-eng9.1-16,ENG9.1,mc,"Choose the correct conjunction to fill the blank: 'You cannot enter the examination hall _____ you present a valid identity card.'","'Unless' is correct — it means 'except if' and introduces the only condition under which entry is allowed, creating a conditional restriction. 'Until' is a temporal conjunction meaning 'up to the time that'; presenting an ID is not a matter of time but of condition. 'Although' is a concessive conjunction implying contrast; the sentence is conditional, not contrastive. 'Whereas' indicates contrast between two different states and does not introduce a required condition.",k-eng-9-1-2,medium,ai-generated,false,C,whereas,false,3
q-eng9.1-16,ENG9.1,mc,"Choose the correct conjunction to fill the blank: 'You cannot enter the examination hall _____ you present a valid identity card.'","'Unless' is correct — it means 'except if' and introduces the only condition under which entry is allowed, creating a conditional restriction. 'Until' is a temporal conjunction meaning 'up to the time that'; presenting an ID is not a matter of time but of condition. 'Although' is a concessive conjunction implying contrast; the sentence is conditional, not contrastive. 'Whereas' indicates contrast between two different states and does not introduce a required condition.",k-eng-9-1-2,medium,ai-generated,false,D,unless,true,4
q-eng9.1-17,ENG9.1,mc,"Choose the correct preposition to fill the blank: 'The new regulation will come into effect _____ midnight on the first of January.'","'At' is correct — 'at' is used with specific points in time such as midnight, noon, and exact clock times. 'In' is used with longer periods (months, years, seasons) or time of day in general ('in the morning'), not specific clock points. 'On' is used with days and dates ('on Monday', 'on 1st January') but not with specific times of day like midnight. 'By' means 'no later than', which would imply a deadline before midnight rather than the moment of midnight.",k-eng-9-1-2,easy,ai-generated,false,A,at,true,1
q-eng9.1-17,ENG9.1,mc,"Choose the correct preposition to fill the blank: 'The new regulation will come into effect _____ midnight on the first of January.'","'At' is correct — 'at' is used with specific points in time such as midnight, noon, and exact clock times. 'In' is used with longer periods (months, years, seasons) or time of day in general ('in the morning'), not specific clock points. 'On' is used with days and dates ('on Monday', 'on 1st January') but not with specific times of day like midnight. 'By' means 'no later than', which would imply a deadline before midnight rather than the moment of midnight.",k-eng-9-1-2,easy,ai-generated,false,B,in,false,2
q-eng9.1-17,ENG9.1,mc,"Choose the correct preposition to fill the blank: 'The new regulation will come into effect _____ midnight on the first of January.'","'At' is correct — 'at' is used with specific points in time such as midnight, noon, and exact clock times. 'In' is used with longer periods (months, years, seasons) or time of day in general ('in the morning'), not specific clock points. 'On' is used with days and dates ('on Monday', 'on 1st January') but not with specific times of day like midnight. 'By' means 'no later than', which would imply a deadline before midnight rather than the moment of midnight.",k-eng-9-1-2,easy,ai-generated,false,C,on,false,3
q-eng9.1-17,ENG9.1,mc,"Choose the correct preposition to fill the blank: 'The new regulation will come into effect _____ midnight on the first of January.'","'At' is correct — 'at' is used with specific points in time such as midnight, noon, and exact clock times. 'In' is used with longer periods (months, years, seasons) or time of day in general ('in the morning'), not specific clock points. 'On' is used with days and dates ('on Monday', 'on 1st January') but not with specific times of day like midnight. 'By' means 'no later than', which would imply a deadline before midnight rather than the moment of midnight.",k-eng-9-1-2,easy,ai-generated,false,D,by,false,4
q-eng9.1-18,ENG9.1,mc,"Choose the correct conjunction to fill the blank: 'The teacher spoke slowly and clearly _____ every student could understand the explanation.'","'So that' is correct — it introduces a purpose clause, meaning the teacher spoke slowly and clearly with the aim of ensuring understanding. 'Despite' is a preposition expressing contrast and cannot introduce a full clause. 'Even though' is a concessive conjunction expressing contrast; it would imply students understood despite the teacher's manner, which is not the intended meaning. 'Provided that' is conditional and would mean understanding is the condition for speaking slowly, reversing the logic.",k-eng-9-1-2,medium,ai-generated,false,A,despite,false,1
q-eng9.1-18,ENG9.1,mc,"Choose the correct conjunction to fill the blank: 'The teacher spoke slowly and clearly _____ every student could understand the explanation.'","'So that' is correct — it introduces a purpose clause, meaning the teacher spoke slowly and clearly with the aim of ensuring understanding. 'Despite' is a preposition expressing contrast and cannot introduce a full clause. 'Even though' is a concessive conjunction expressing contrast; it would imply students understood despite the teacher's manner, which is not the intended meaning. 'Provided that' is conditional and would mean understanding is the condition for speaking slowly, reversing the logic.",k-eng-9-1-2,medium,ai-generated,false,B,so that,true,2
q-eng9.1-18,ENG9.1,mc,"Choose the correct conjunction to fill the blank: 'The teacher spoke slowly and clearly _____ every student could understand the explanation.'","'So that' is correct — it introduces a purpose clause, meaning the teacher spoke slowly and clearly with the aim of ensuring understanding. 'Despite' is a preposition expressing contrast and cannot introduce a full clause. 'Even though' is a concessive conjunction expressing contrast; it would imply students understood despite the teacher's manner, which is not the intended meaning. 'Provided that' is conditional and would mean understanding is the condition for speaking slowly, reversing the logic.",k-eng-9-1-2,medium,ai-generated,false,C,even though,false,3
q-eng9.1-18,ENG9.1,mc,"Choose the correct conjunction to fill the blank: 'The teacher spoke slowly and clearly _____ every student could understand the explanation.'","'So that' is correct — it introduces a purpose clause, meaning the teacher spoke slowly and clearly with the aim of ensuring understanding. 'Despite' is a preposition expressing contrast and cannot introduce a full clause. 'Even though' is a concessive conjunction expressing contrast; it would imply students understood despite the teacher's manner, which is not the intended meaning. 'Provided that' is conditional and would mean understanding is the condition for speaking slowly, reversing the logic.",k-eng-9-1-2,medium,ai-generated,false,D,provided that,false,4
q-eng9.1-19,ENG9.1,mc,"Choose the correct article to fill the blank: 'During the interview, he came across as _____ highly motivated individual with excellent communication skills.'","'A' is correct — 'highly' begins with the consonant sound /h/, so the indefinite article 'a' is used; 'a highly motivated individual' introduces the person for the first time. 'An' is wrong because 'an' is used before vowel sounds, but 'highly' begins with the consonant sound /h/. 'The' is the definite article used for specific or previously identified individuals, not for a general first description. 'No article' is wrong because a singular countable noun ('individual') requires an article.",k-eng-9-1-2,medium,ai-generated,false,A,an,false,1
q-eng9.1-19,ENG9.1,mc,"Choose the correct article to fill the blank: 'During the interview, he came across as _____ highly motivated individual with excellent communication skills.'","'A' is correct — 'highly' begins with the consonant sound /h/, so the indefinite article 'a' is used; 'a highly motivated individual' introduces the person for the first time. 'An' is wrong because 'an' is used before vowel sounds, but 'highly' begins with the consonant sound /h/. 'The' is the definite article used for specific or previously identified individuals, not for a general first description. 'No article' is wrong because a singular countable noun ('individual') requires an article.",k-eng-9-1-2,medium,ai-generated,false,B,the,false,2
q-eng9.1-19,ENG9.1,mc,"Choose the correct article to fill the blank: 'During the interview, he came across as _____ highly motivated individual with excellent communication skills.'","'A' is correct — 'highly' begins with the consonant sound /h/, so the indefinite article 'a' is used; 'a highly motivated individual' introduces the person for the first time. 'An' is wrong because 'an' is used before vowel sounds, but 'highly' begins with the consonant sound /h/. 'The' is the definite article used for specific or previously identified individuals, not for a general first description. 'No article' is wrong because a singular countable noun ('individual') requires an article.",k-eng-9-1-2,medium,ai-generated,false,C,a,true,3
q-eng9.1-19,ENG9.1,mc,"Choose the correct article to fill the blank: 'During the interview, he came across as _____ highly motivated individual with excellent communication skills.'","'A' is correct — 'highly' begins with the consonant sound /h/, so the indefinite article 'a' is used; 'a highly motivated individual' introduces the person for the first time. 'An' is wrong because 'an' is used before vowel sounds, but 'highly' begins with the consonant sound /h/. 'The' is the definite article used for specific or previously identified individuals, not for a general first description. 'No article' is wrong because a singular countable noun ('individual') requires an article.",k-eng-9-1-2,medium,ai-generated,false,D,no article needed,false,4
q-eng9.1-20,ENG9.1,mc,"Choose the correct preposition to fill the blank: 'All applications must be submitted _____ Friday; no extensions will be granted.'","'By' is correct — 'by Friday' sets a deadline meaning no later than Friday; the submission must happen at some point before or on that day. 'Until' means 'up to and including', suggesting a continuous action ending on Friday, which does not suit a one-time submission. 'On' would specify that the submission must happen exactly on Friday, but 'by' correctly allows for submission any time before the deadline. 'At' is used for specific times of day, not for day-based deadlines.",k-eng-9-1-2,medium,ai-generated,false,A,until,false,1
q-eng9.1-20,ENG9.1,mc,"Choose the correct preposition to fill the blank: 'All applications must be submitted _____ Friday; no extensions will be granted.'","'By' is correct — 'by Friday' sets a deadline meaning no later than Friday; the submission must happen at some point before or on that day. 'Until' means 'up to and including', suggesting a continuous action ending on Friday, which does not suit a one-time submission. 'On' would specify that the submission must happen exactly on Friday, but 'by' correctly allows for submission any time before the deadline. 'At' is used for specific times of day, not for day-based deadlines.",k-eng-9-1-2,medium,ai-generated,false,B,on,false,2
q-eng9.1-20,ENG9.1,mc,"Choose the correct preposition to fill the blank: 'All applications must be submitted _____ Friday; no extensions will be granted.'","'By' is correct — 'by Friday' sets a deadline meaning no later than Friday; the submission must happen at some point before or on that day. 'Until' means 'up to and including', suggesting a continuous action ending on Friday, which does not suit a one-time submission. 'On' would specify that the submission must happen exactly on Friday, but 'by' correctly allows for submission any time before the deadline. 'At' is used for specific times of day, not for day-based deadlines.",k-eng-9-1-2,medium,ai-generated,false,C,at,false,3
q-eng9.1-20,ENG9.1,mc,"Choose the correct preposition to fill the blank: 'All applications must be submitted _____ Friday; no extensions will be granted.'","'By' is correct — 'by Friday' sets a deadline meaning no later than Friday; the submission must happen at some point before or on that day. 'Until' means 'up to and including', suggesting a continuous action ending on Friday, which does not suit a one-time submission. 'On' would specify that the submission must happen exactly on Friday, but 'by' correctly allows for submission any time before the deadline. 'At' is used for specific times of day, not for day-based deadlines.",k-eng-9-1-2,medium,ai-generated,false,D,by,true,4
q-eng9.1-21,ENG9.1,mc,"Choose the correct phrasal verb to complete the sentence: 'After failing three times, she finally decided to _____ on her dream of becoming a pilot.'","'Give up' is correct — 'give up on' means to abandon or stop trying to achieve something, which fits someone abandoning a dream after repeated failure. 'Give in to' means to yield to pressure or temptation — the sentence talks about abandoning a goal, not surrendering to something. 'Give out' means to distribute, to run out, or to stop functioning — none of these fit the context of abandoning a dream. 'Give off' means to emit (heat, smell, light) — entirely unrelated to this context.",s-eng-9-1-1,easy,ai-generated,false,A,give in to,false,1
q-eng9.1-21,ENG9.1,mc,"Choose the correct phrasal verb to complete the sentence: 'After failing three times, she finally decided to _____ on her dream of becoming a pilot.'","'Give up' is correct — 'give up on' means to abandon or stop trying to achieve something, which fits someone abandoning a dream after repeated failure. 'Give in to' means to yield to pressure or temptation — the sentence talks about abandoning a goal, not surrendering to something. 'Give out' means to distribute, to run out, or to stop functioning — none of these fit the context of abandoning a dream. 'Give off' means to emit (heat, smell, light) — entirely unrelated to this context.",s-eng-9-1-1,easy,ai-generated,false,B,give out,false,2
q-eng9.1-21,ENG9.1,mc,"Choose the correct phrasal verb to complete the sentence: 'After failing three times, she finally decided to _____ on her dream of becoming a pilot.'","'Give up' is correct — 'give up on' means to abandon or stop trying to achieve something, which fits someone abandoning a dream after repeated failure. 'Give in to' means to yield to pressure or temptation — the sentence talks about abandoning a goal, not surrendering to something. 'Give out' means to distribute, to run out, or to stop functioning — none of these fit the context of abandoning a dream. 'Give off' means to emit (heat, smell, light) — entirely unrelated to this context.",s-eng-9-1-1,easy,ai-generated,false,C,give up,true,3
q-eng9.1-21,ENG9.1,mc,"Choose the correct phrasal verb to complete the sentence: 'After failing three times, she finally decided to _____ on her dream of becoming a pilot.'","'Give up' is correct — 'give up on' means to abandon or stop trying to achieve something, which fits someone abandoning a dream after repeated failure. 'Give in to' means to yield to pressure or temptation — the sentence talks about abandoning a goal, not surrendering to something. 'Give out' means to distribute, to run out, or to stop functioning — none of these fit the context of abandoning a dream. 'Give off' means to emit (heat, smell, light) — entirely unrelated to this context.",s-eng-9-1-1,easy,ai-generated,false,D,give off,false,4
q-eng9.1-22,ENG9.1,mc,"Choose the correct phrasal verb to complete the sentence: 'The annual meeting has been _____ until next Monday due to heavy snowfall.'","'Put off' is correct — it means to postpone or reschedule something to a later time, which fits the meeting being rescheduled. 'Put up' means to erect, to accommodate someone, or to tolerate something — none of which involve rescheduling. 'Put through' means to connect a telephone call or to make someone undergo a difficult experience. 'Put down' means to write down, to suppress, or to euthanize an animal — not applicable to rescheduling a meeting.",s-eng-9-1-1,easy,ai-generated,false,A,put off,true,1
q-eng9.1-22,ENG9.1,mc,"Choose the correct phrasal verb to complete the sentence: 'The annual meeting has been _____ until next Monday due to heavy snowfall.'","'Put off' is correct — it means to postpone or reschedule something to a later time, which fits the meeting being rescheduled. 'Put up' means to erect, to accommodate someone, or to tolerate something — none of which involve rescheduling. 'Put through' means to connect a telephone call or to make someone undergo a difficult experience. 'Put down' means to write down, to suppress, or to euthanize an animal — not applicable to rescheduling a meeting.",s-eng-9-1-1,easy,ai-generated,false,B,put up,false,2
q-eng9.1-22,ENG9.1,mc,"Choose the correct phrasal verb to complete the sentence: 'The annual meeting has been _____ until next Monday due to heavy snowfall.'","'Put off' is correct — it means to postpone or reschedule something to a later time, which fits the meeting being rescheduled. 'Put up' means to erect, to accommodate someone, or to tolerate something — none of which involve rescheduling. 'Put through' means to connect a telephone call or to make someone undergo a difficult experience. 'Put down' means to write down, to suppress, or to euthanize an animal — not applicable to rescheduling a meeting.",s-eng-9-1-1,easy,ai-generated,false,C,put through,false,3
q-eng9.1-22,ENG9.1,mc,"Choose the correct phrasal verb to complete the sentence: 'The annual meeting has been _____ until next Monday due to heavy snowfall.'","'Put off' is correct — it means to postpone or reschedule something to a later time, which fits the meeting being rescheduled. 'Put up' means to erect, to accommodate someone, or to tolerate something — none of which involve rescheduling. 'Put through' means to connect a telephone call or to make someone undergo a difficult experience. 'Put down' means to write down, to suppress, or to euthanize an animal — not applicable to rescheduling a meeting.",s-eng-9-1-1,easy,ai-generated,false,D,put down,false,4
q-eng9.1-23,ENG9.1,mc,"Choose the correct phrasal verb to complete the sentence: 'The car engine _____ in the middle of the highway, leaving the passengers stranded for hours.'","'Broke down' is correct — 'break down' means to stop working, which is the standard phrasal verb used for mechanical failure. 'Broke off' means to come to an abrupt end or to detach (a piece breaking off), not for a full mechanical stoppage. 'Broke out' means to start suddenly and is used for fires, wars, diseases — not mechanical failure. 'Broke into' means to enter by force or to burst into an activity (like laughter), neither of which fits an engine stopping.",s-eng-9-1-1,easy,ai-generated,false,A,broke off,false,1
q-eng9.1-23,ENG9.1,mc,"Choose the correct phrasal verb to complete the sentence: 'The car engine _____ in the middle of the highway, leaving the passengers stranded for hours.'","'Broke down' is correct — 'break down' means to stop working, which is the standard phrasal verb used for mechanical failure. 'Broke off' means to come to an abrupt end or to detach (a piece breaking off), not for a full mechanical stoppage. 'Broke out' means to start suddenly and is used for fires, wars, diseases — not mechanical failure. 'Broke into' means to enter by force or to burst into an activity (like laughter), neither of which fits an engine stopping.",s-eng-9-1-1,easy,ai-generated,false,B,broke out,false,2
q-eng9.1-23,ENG9.1,mc,"Choose the correct phrasal verb to complete the sentence: 'The car engine _____ in the middle of the highway, leaving the passengers stranded for hours.'","'Broke down' is correct — 'break down' means to stop working, which is the standard phrasal verb used for mechanical failure. 'Broke off' means to come to an abrupt end or to detach (a piece breaking off), not for a full mechanical stoppage. 'Broke out' means to start suddenly and is used for fires, wars, diseases — not mechanical failure. 'Broke into' means to enter by force or to burst into an activity (like laughter), neither of which fits an engine stopping.",s-eng-9-1-1,easy,ai-generated,false,C,broke into,false,3
q-eng9.1-23,ENG9.1,mc,"Choose the correct phrasal verb to complete the sentence: 'The car engine _____ in the middle of the highway, leaving the passengers stranded for hours.'","'Broke down' is correct — 'break down' means to stop working, which is the standard phrasal verb used for mechanical failure. 'Broke off' means to come to an abrupt end or to detach (a piece breaking off), not for a full mechanical stoppage. 'Broke out' means to start suddenly and is used for fires, wars, diseases — not mechanical failure. 'Broke into' means to enter by force or to burst into an activity (like laughter), neither of which fits an engine stopping.",s-eng-9-1-1,easy,ai-generated,false,D,broke down,true,4
q-eng9.1-24,ENG9.1,mc,"Choose the correct phrasal verb to complete the sentence: 'The police are looking _____ the circumstances surrounding the missing person's disappearance.'","'Look into' is correct — it means to investigate a matter thoroughly, which fits a police investigation. 'Look over' means to examine something briefly or casually, which does not convey the thoroughness of a police inquiry. 'Look after' means to take care of someone or something and is unrelated to investigation. 'Look up' means to search for information in a reference source, or to improve; neither meaning fits a criminal investigation.",s-eng-9-1-1,easy,ai-generated,false,A,look over,false,1
q-eng9.1-24,ENG9.1,mc,"Choose the correct phrasal verb to complete the sentence: 'The police are looking _____ the circumstances surrounding the missing person's disappearance.'","'Look into' is correct — it means to investigate a matter thoroughly, which fits a police investigation. 'Look over' means to examine something briefly or casually, which does not convey the thoroughness of a police inquiry. 'Look after' means to take care of someone or something and is unrelated to investigation. 'Look up' means to search for information in a reference source, or to improve; neither meaning fits a criminal investigation.",s-eng-9-1-1,easy,ai-generated,false,B,look into,true,2
q-eng9.1-24,ENG9.1,mc,"Choose the correct phrasal verb to complete the sentence: 'The police are looking _____ the circumstances surrounding the missing person's disappearance.'","'Look into' is correct — it means to investigate a matter thoroughly, which fits a police investigation. 'Look over' means to examine something briefly or casually, which does not convey the thoroughness of a police inquiry. 'Look after' means to take care of someone or something and is unrelated to investigation. 'Look up' means to search for information in a reference source, or to improve; neither meaning fits a criminal investigation.",s-eng-9-1-1,easy,ai-generated,false,C,look after,false,3
q-eng9.1-24,ENG9.1,mc,"Choose the correct phrasal verb to complete the sentence: 'The police are looking _____ the circumstances surrounding the missing person's disappearance.'","'Look into' is correct — it means to investigate a matter thoroughly, which fits a police investigation. 'Look over' means to examine something briefly or casually, which does not convey the thoroughness of a police inquiry. 'Look after' means to take care of someone or something and is unrelated to investigation. 'Look up' means to search for information in a reference source, or to improve; neither meaning fits a criminal investigation.",s-eng-9-1-1,easy,ai-generated,false,D,look up,false,4
q-eng9.1-25,ENG9.1,mc,"Choose the correct phrasal verb to complete the sentence: 'Despite feeling exhausted, the trainer told the athletes to _____ with their practice session.'","'Carry on' is correct — it means to continue doing something, which fits the trainer instructing athletes to keep going despite fatigue. 'Carry off' means to pull off something difficult successfully or to take away, which does not mean to continue. 'Carry out' means to perform or execute a specific task, which sounds awkward with 'practice session' in this context. 'Carry over' means to transfer something to a later time, not to continue in the present moment.",s-eng-9-1-1,easy,ai-generated,false,A,carry off,false,1
q-eng9.1-25,ENG9.1,mc,"Choose the correct phrasal verb to complete the sentence: 'Despite feeling exhausted, the trainer told the athletes to _____ with their practice session.'","'Carry on' is correct — it means to continue doing something, which fits the trainer instructing athletes to keep going despite fatigue. 'Carry off' means to pull off something difficult successfully or to take away, which does not mean to continue. 'Carry out' means to perform or execute a specific task, which sounds awkward with 'practice session' in this context. 'Carry over' means to transfer something to a later time, not to continue in the present moment.",s-eng-9-1-1,easy,ai-generated,false,B,carry out,false,2
q-eng9.1-25,ENG9.1,mc,"Choose the correct phrasal verb to complete the sentence: 'Despite feeling exhausted, the trainer told the athletes to _____ with their practice session.'","'Carry on' is correct — it means to continue doing something, which fits the trainer instructing athletes to keep going despite fatigue. 'Carry off' means to pull off something difficult successfully or to take away, which does not mean to continue. 'Carry out' means to perform or execute a specific task, which sounds awkward with 'practice session' in this context. 'Carry over' means to transfer something to a later time, not to continue in the present moment.",s-eng-9-1-1,easy,ai-generated,false,C,carry on,true,3
q-eng9.1-25,ENG9.1,mc,"Choose the correct phrasal verb to complete the sentence: 'Despite feeling exhausted, the trainer told the athletes to _____ with their practice session.'","'Carry on' is correct — it means to continue doing something, which fits the trainer instructing athletes to keep going despite fatigue. 'Carry off' means to pull off something difficult successfully or to take away, which does not mean to continue. 'Carry out' means to perform or execute a specific task, which sounds awkward with 'practice session' in this context. 'Carry over' means to transfer something to a later time, not to continue in the present moment.",s-eng-9-1-1,easy,ai-generated,false,D,carry over,false,4
q-eng9.1-26,ENG9.1,mc,"Choose the correct phrasal verb to complete the sentence: 'The rescue team had to abandon the search because they _____ of food and medicine.'","'Ran out' is correct — 'run out of' means to exhaust a supply and have no more remaining, which fits the team depleting their provisions. 'Ran away from' means to flee from something in fear, unrelated to exhausting supplies. 'Ran into' means to encounter someone or something unexpectedly, or to collide with something. 'Ran over' means to knock someone down with a vehicle, or to exceed a set time limit.",s-eng-9-1-1,medium,ai-generated,false,A,ran away,false,1
q-eng9.1-26,ENG9.1,mc,"Choose the correct phrasal verb to complete the sentence: 'The rescue team had to abandon the search because they _____ of food and medicine.'","'Ran out' is correct — 'run out of' means to exhaust a supply and have no more remaining, which fits the team depleting their provisions. 'Ran away from' means to flee from something in fear, unrelated to exhausting supplies. 'Ran into' means to encounter someone or something unexpectedly, or to collide with something. 'Ran over' means to knock someone down with a vehicle, or to exceed a set time limit.",s-eng-9-1-1,medium,ai-generated,false,B,ran into,false,2
q-eng9.1-26,ENG9.1,mc,"Choose the correct phrasal verb to complete the sentence: 'The rescue team had to abandon the search because they _____ of food and medicine.'","'Ran out' is correct — 'run out of' means to exhaust a supply and have no more remaining, which fits the team depleting their provisions. 'Ran away from' means to flee from something in fear, unrelated to exhausting supplies. 'Ran into' means to encounter someone or something unexpectedly, or to collide with something. 'Ran over' means to knock someone down with a vehicle, or to exceed a set time limit.",s-eng-9-1-1,medium,ai-generated,false,C,ran over,false,3
q-eng9.1-26,ENG9.1,mc,"Choose the correct phrasal verb to complete the sentence: 'The rescue team had to abandon the search because they _____ of food and medicine.'","'Ran out' is correct — 'run out of' means to exhaust a supply and have no more remaining, which fits the team depleting their provisions. 'Ran away from' means to flee from something in fear, unrelated to exhausting supplies. 'Ran into' means to encounter someone or something unexpectedly, or to collide with something. 'Ran over' means to knock someone down with a vehicle, or to exceed a set time limit.",s-eng-9-1-1,medium,ai-generated,false,D,ran out,true,4
q-eng9.1-27,ENG9.1,mc,"Choose the correct phrasal verb to complete the sentence: 'After the founder retired, his daughter _____ the management of the company.'","'Took over' is correct — 'take over' means to assume control or responsibility of something, which fits inheriting management of a company. 'Took on' means to accept a challenge, hire a new employee, or to compete with someone — not to assume full control of management. 'Took off' means to depart by air, to suddenly become successful, or to remove something; it does not mean to assume control. 'Took up' means to begin a new hobby or occupation, or to occupy space or time.",s-eng-9-1-1,easy,ai-generated,false,A,took over,true,1
q-eng9.1-27,ENG9.1,mc,"Choose the correct phrasal verb to complete the sentence: 'After the founder retired, his daughter _____ the management of the company.'","'Took over' is correct — 'take over' means to assume control or responsibility of something, which fits inheriting management of a company. 'Took on' means to accept a challenge, hire a new employee, or to compete with someone — not to assume full control of management. 'Took off' means to depart by air, to suddenly become successful, or to remove something; it does not mean to assume control. 'Took up' means to begin a new hobby or occupation, or to occupy space or time.",s-eng-9-1-1,easy,ai-generated,false,B,took on,false,2
q-eng9.1-27,ENG9.1,mc,"Choose the correct phrasal verb to complete the sentence: 'After the founder retired, his daughter _____ the management of the company.'","'Took over' is correct — 'take over' means to assume control or responsibility of something, which fits inheriting management of a company. 'Took on' means to accept a challenge, hire a new employee, or to compete with someone — not to assume full control of management. 'Took off' means to depart by air, to suddenly become successful, or to remove something; it does not mean to assume control. 'Took up' means to begin a new hobby or occupation, or to occupy space or time.",s-eng-9-1-1,easy,ai-generated,false,C,took off,false,3
q-eng9.1-27,ENG9.1,mc,"Choose the correct phrasal verb to complete the sentence: 'After the founder retired, his daughter _____ the management of the company.'","'Took over' is correct — 'take over' means to assume control or responsibility of something, which fits inheriting management of a company. 'Took on' means to accept a challenge, hire a new employee, or to compete with someone — not to assume full control of management. 'Took off' means to depart by air, to suddenly become successful, or to remove something; it does not mean to assume control. 'Took up' means to begin a new hobby or occupation, or to occupy space or time.",s-eng-9-1-1,easy,ai-generated,false,D,took up,false,4
q-eng9.1-28,ENG9.1,mc,"Choose the correct phrasal verb to complete the sentence: 'The two business partners _____ over the unequal distribution of profits and stopped speaking to each other.'","'Fell out' is correct — 'fall out' means to have a serious quarrel or disagreement that damages a relationship, which exactly fits the business partners' situation. 'Fell behind' means to fail to keep pace with expectations or schedules, unrelated to a quarrel. 'Fell through' means a plan or deal failed to materialize, not that two people quarrelled. 'Fell for' means to be deceived by something or to fall in love with someone — neither meaning fits here.",s-eng-9-1-1,medium,ai-generated,false,A,fell behind,false,1
q-eng9.1-28,ENG9.1,mc,"Choose the correct phrasal verb to complete the sentence: 'The two business partners _____ over the unequal distribution of profits and stopped speaking to each other.'","'Fell out' is correct — 'fall out' means to have a serious quarrel or disagreement that damages a relationship, which exactly fits the business partners' situation. 'Fell behind' means to fail to keep pace with expectations or schedules, unrelated to a quarrel. 'Fell through' means a plan or deal failed to materialize, not that two people quarrelled. 'Fell for' means to be deceived by something or to fall in love with someone — neither meaning fits here.",s-eng-9-1-1,medium,ai-generated,false,B,fell out,true,2
q-eng9.1-28,ENG9.1,mc,"Choose the correct phrasal verb to complete the sentence: 'The two business partners _____ over the unequal distribution of profits and stopped speaking to each other.'","'Fell out' is correct — 'fall out' means to have a serious quarrel or disagreement that damages a relationship, which exactly fits the business partners' situation. 'Fell behind' means to fail to keep pace with expectations or schedules, unrelated to a quarrel. 'Fell through' means a plan or deal failed to materialize, not that two people quarrelled. 'Fell for' means to be deceived by something or to fall in love with someone — neither meaning fits here.",s-eng-9-1-1,medium,ai-generated,false,C,fell through,false,3
q-eng9.1-28,ENG9.1,mc,"Choose the correct phrasal verb to complete the sentence: 'The two business partners _____ over the unequal distribution of profits and stopped speaking to each other.'","'Fell out' is correct — 'fall out' means to have a serious quarrel or disagreement that damages a relationship, which exactly fits the business partners' situation. 'Fell behind' means to fail to keep pace with expectations or schedules, unrelated to a quarrel. 'Fell through' means a plan or deal failed to materialize, not that two people quarrelled. 'Fell for' means to be deceived by something or to fall in love with someone — neither meaning fits here.",s-eng-9-1-1,medium,ai-generated,false,D,fell for,false,4
q-eng9.1-29,ENG9.1,mc,"Choose the correct phrasal verb to complete the sentence: 'Three young entrepreneurs _____ a technology startup in their college dormitory.'","'Set up' is correct — 'set up' means to establish or start an organisation, which is the standard phrasal verb for creating a business. 'Set aside' means to reserve something for a specific purpose and cannot be used for founding a company. 'Set off' means to begin a journey or to trigger something (like an alarm), not to establish a business. 'Set back' means to delay or hinder progress, the opposite of building something new.",s-eng-9-1-1,easy,ai-generated,false,A,set aside,false,1
q-eng9.1-29,ENG9.1,mc,"Choose the correct phrasal verb to complete the sentence: 'Three young entrepreneurs _____ a technology startup in their college dormitory.'","'Set up' is correct — 'set up' means to establish or start an organisation, which is the standard phrasal verb for creating a business. 'Set aside' means to reserve something for a specific purpose and cannot be used for founding a company. 'Set off' means to begin a journey or to trigger something (like an alarm), not to establish a business. 'Set back' means to delay or hinder progress, the opposite of building something new.",s-eng-9-1-1,easy,ai-generated,false,B,set off,false,2
q-eng9.1-29,ENG9.1,mc,"Choose the correct phrasal verb to complete the sentence: 'Three young entrepreneurs _____ a technology startup in their college dormitory.'","'Set up' is correct — 'set up' means to establish or start an organisation, which is the standard phrasal verb for creating a business. 'Set aside' means to reserve something for a specific purpose and cannot be used for founding a company. 'Set off' means to begin a journey or to trigger something (like an alarm), not to establish a business. 'Set back' means to delay or hinder progress, the opposite of building something new.",s-eng-9-1-1,easy,ai-generated,false,C,set up,true,3
q-eng9.1-29,ENG9.1,mc,"Choose the correct phrasal verb to complete the sentence: 'Three young entrepreneurs _____ a technology startup in their college dormitory.'","'Set up' is correct — 'set up' means to establish or start an organisation, which is the standard phrasal verb for creating a business. 'Set aside' means to reserve something for a specific purpose and cannot be used for founding a company. 'Set off' means to begin a journey or to trigger something (like an alarm), not to establish a business. 'Set back' means to delay or hinder progress, the opposite of building something new.",s-eng-9-1-1,easy,ai-generated,false,D,set back,false,4
q-eng9.1-30,ENG9.1,mc,"Choose the correct phrasal verb to complete the sentence: 'Due to the approaching cyclone, the authorities decided to _____ the outdoor festival.'","'Call off' is correct — 'call off' means to cancel a planned event, which is exactly what happens when a festival is cancelled due to a cyclone. 'Call out' means to shout, to challenge, or to summon someone in an emergency — not to cancel an event. 'Call on' means to visit someone or to invite someone to speak, unrelated to cancelling an event. 'Call up' means to telephone someone or to summon someone for military service — neither meaning fits cancelling a festival.",s-eng-9-1-1,easy,ai-generated,false,A,call out,false,1
q-eng9.1-30,ENG9.1,mc,"Choose the correct phrasal verb to complete the sentence: 'Due to the approaching cyclone, the authorities decided to _____ the outdoor festival.'","'Call off' is correct — 'call off' means to cancel a planned event, which is exactly what happens when a festival is cancelled due to a cyclone. 'Call out' means to shout, to challenge, or to summon someone in an emergency — not to cancel an event. 'Call on' means to visit someone or to invite someone to speak, unrelated to cancelling an event. 'Call up' means to telephone someone or to summon someone for military service — neither meaning fits cancelling a festival.",s-eng-9-1-1,easy,ai-generated,false,B,call on,false,2
q-eng9.1-30,ENG9.1,mc,"Choose the correct phrasal verb to complete the sentence: 'Due to the approaching cyclone, the authorities decided to _____ the outdoor festival.'","'Call off' is correct — 'call off' means to cancel a planned event, which is exactly what happens when a festival is cancelled due to a cyclone. 'Call out' means to shout, to challenge, or to summon someone in an emergency — not to cancel an event. 'Call on' means to visit someone or to invite someone to speak, unrelated to cancelling an event. 'Call up' means to telephone someone or to summon someone for military service — neither meaning fits cancelling a festival.",s-eng-9-1-1,easy,ai-generated,false,C,call up,false,3
q-eng9.1-30,ENG9.1,mc,"Choose the correct phrasal verb to complete the sentence: 'Due to the approaching cyclone, the authorities decided to _____ the outdoor festival.'","'Call off' is correct — 'call off' means to cancel a planned event, which is exactly what happens when a festival is cancelled due to a cyclone. 'Call out' means to shout, to challenge, or to summon someone in an emergency — not to cancel an event. 'Call on' means to visit someone or to invite someone to speak, unrelated to cancelling an event. 'Call up' means to telephone someone or to summon someone for military service — neither meaning fits cancelling a festival.",s-eng-9-1-1,easy,ai-generated,false,D,call off,true,4
q-eng9.1-31,ENG9.1,mc,"Choose the grammatically correct option to fill the blank: 'She enjoys _____ in the park on Sunday mornings with her friends.'","'Walking' is correct — 'enjoy' is a verb that takes a gerund (verb + -ing) as its object; 'enjoy walking' follows this rule. 'To walk' is the infinitive form; 'enjoy' never takes a 'to'-infinitive directly ('enjoy to walk' is incorrect). 'Walk' is the bare infinitive; it is used after modal verbs and some special verbs but not after 'enjoy'. 'Walked' is the simple past tense; a verb form cannot fill the object position after 'enjoys'.",s-eng-9-1-2,easy,ai-generated,false,A,to walk,false,1
q-eng9.1-31,ENG9.1,mc,"Choose the grammatically correct option to fill the blank: 'She enjoys _____ in the park on Sunday mornings with her friends.'","'Walking' is correct — 'enjoy' is a verb that takes a gerund (verb + -ing) as its object; 'enjoy walking' follows this rule. 'To walk' is the infinitive form; 'enjoy' never takes a 'to'-infinitive directly ('enjoy to walk' is incorrect). 'Walk' is the bare infinitive; it is used after modal verbs and some special verbs but not after 'enjoy'. 'Walked' is the simple past tense; a verb form cannot fill the object position after 'enjoys'.",s-eng-9-1-2,easy,ai-generated,false,B,walking,true,2
q-eng9.1-31,ENG9.1,mc,"Choose the grammatically correct option to fill the blank: 'She enjoys _____ in the park on Sunday mornings with her friends.'","'Walking' is correct — 'enjoy' is a verb that takes a gerund (verb + -ing) as its object; 'enjoy walking' follows this rule. 'To walk' is the infinitive form; 'enjoy' never takes a 'to'-infinitive directly ('enjoy to walk' is incorrect). 'Walk' is the bare infinitive; it is used after modal verbs and some special verbs but not after 'enjoy'. 'Walked' is the simple past tense; a verb form cannot fill the object position after 'enjoys'.",s-eng-9-1-2,easy,ai-generated,false,C,walk,false,3
q-eng9.1-31,ENG9.1,mc,"Choose the grammatically correct option to fill the blank: 'She enjoys _____ in the park on Sunday mornings with her friends.'","'Walking' is correct — 'enjoy' is a verb that takes a gerund (verb + -ing) as its object; 'enjoy walking' follows this rule. 'To walk' is the infinitive form; 'enjoy' never takes a 'to'-infinitive directly ('enjoy to walk' is incorrect). 'Walk' is the bare infinitive; it is used after modal verbs and some special verbs but not after 'enjoy'. 'Walked' is the simple past tense; a verb form cannot fill the object position after 'enjoys'.",s-eng-9-1-2,easy,ai-generated,false,D,walked,false,4
q-eng9.1-32,ENG9.1,mc,"Choose the grammatically correct option to fill the blank: 'Neither the employees nor the manager _____ aware of the new policy change.'","'Is' is correct — in 'neither...nor' constructions, the verb agrees with the subject closest to it; 'the manager' (singular) is closest, so the singular verb 'is' is used. 'Were' is the plural past tense; even if 'employees' were the subject, the tense would need to be present. 'Are' is the plural present tense; it would agree with 'employees' but the proximity rule requires agreement with the closer subject, 'the manager'. 'Was' is the singular past tense; while it agrees with 'manager', the sentence is in the present tense.",s-eng-9-1-2,medium,ai-generated,false,A,were,false,1
q-eng9.1-32,ENG9.1,mc,"Choose the grammatically correct option to fill the blank: 'Neither the employees nor the manager _____ aware of the new policy change.'","'Is' is correct — in 'neither...nor' constructions, the verb agrees with the subject closest to it; 'the manager' (singular) is closest, so the singular verb 'is' is used. 'Were' is the plural past tense; even if 'employees' were the subject, the tense would need to be present. 'Are' is the plural present tense; it would agree with 'employees' but the proximity rule requires agreement with the closer subject, 'the manager'. 'Was' is the singular past tense; while it agrees with 'manager', the sentence is in the present tense.",s-eng-9-1-2,medium,ai-generated,false,B,are,false,2
q-eng9.1-32,ENG9.1,mc,"Choose the grammatically correct option to fill the blank: 'Neither the employees nor the manager _____ aware of the new policy change.'","'Is' is correct — in 'neither...nor' constructions, the verb agrees with the subject closest to it; 'the manager' (singular) is closest, so the singular verb 'is' is used. 'Were' is the plural past tense; even if 'employees' were the subject, the tense would need to be present. 'Are' is the plural present tense; it would agree with 'employees' but the proximity rule requires agreement with the closer subject, 'the manager'. 'Was' is the singular past tense; while it agrees with 'manager', the sentence is in the present tense.",s-eng-9-1-2,medium,ai-generated,false,C,is,true,3
q-eng9.1-32,ENG9.1,mc,"Choose the grammatically correct option to fill the blank: 'Neither the employees nor the manager _____ aware of the new policy change.'","'Is' is correct — in 'neither...nor' constructions, the verb agrees with the subject closest to it; 'the manager' (singular) is closest, so the singular verb 'is' is used. 'Were' is the plural past tense; even if 'employees' were the subject, the tense would need to be present. 'Are' is the plural present tense; it would agree with 'employees' but the proximity rule requires agreement with the closer subject, 'the manager'. 'Was' is the singular past tense; while it agrees with 'manager', the sentence is in the present tense.",s-eng-9-1-2,medium,ai-generated,false,D,was,false,4
q-eng9.1-33,ENG9.1,mc,"Choose the grammatically correct option to fill the blank: 'The news of the merger _____ a deep impression on the entire industry.'","'Made' is correct — 'make an impression' is the fixed verb-noun collocation in English. 'Gave' does not collocate with 'impression'; 'give' collocates with 'a speech', 'a gift', 'a warning', but not 'an impression'. 'Took' does not collocate with 'impression'; 'take' collocates with 'a decision' or 'a risk', not 'an impression'. 'Put' does not collocate with 'impression'; 'put' collocates with 'a stop to' or 'pressure on', not 'an impression'.",s-eng-9-1-2,medium,ai-generated,false,A,gave,false,1
q-eng9.1-33,ENG9.1,mc,"Choose the grammatically correct option to fill the blank: 'The news of the merger _____ a deep impression on the entire industry.'","'Made' is correct — 'make an impression' is the fixed verb-noun collocation in English. 'Gave' does not collocate with 'impression'; 'give' collocates with 'a speech', 'a gift', 'a warning', but not 'an impression'. 'Took' does not collocate with 'impression'; 'take' collocates with 'a decision' or 'a risk', not 'an impression'. 'Put' does not collocate with 'impression'; 'put' collocates with 'a stop to' or 'pressure on', not 'an impression'.",s-eng-9-1-2,medium,ai-generated,false,B,took,false,2
q-eng9.1-33,ENG9.1,mc,"Choose the grammatically correct option to fill the blank: 'The news of the merger _____ a deep impression on the entire industry.'","'Made' is correct — 'make an impression' is the fixed verb-noun collocation in English. 'Gave' does not collocate with 'impression'; 'give' collocates with 'a speech', 'a gift', 'a warning', but not 'an impression'. 'Took' does not collocate with 'impression'; 'take' collocates with 'a decision' or 'a risk', not 'an impression'. 'Put' does not collocate with 'impression'; 'put' collocates with 'a stop to' or 'pressure on', not 'an impression'.",s-eng-9-1-2,medium,ai-generated,false,C,put,false,3
q-eng9.1-33,ENG9.1,mc,"Choose the grammatically correct option to fill the blank: 'The news of the merger _____ a deep impression on the entire industry.'","'Made' is correct — 'make an impression' is the fixed verb-noun collocation in English. 'Gave' does not collocate with 'impression'; 'give' collocates with 'a speech', 'a gift', 'a warning', but not 'an impression'. 'Took' does not collocate with 'impression'; 'take' collocates with 'a decision' or 'a risk', not 'an impression'. 'Put' does not collocate with 'impression'; 'put' collocates with 'a stop to' or 'pressure on', not 'an impression'.",s-eng-9-1-2,medium,ai-generated,false,D,made,true,4
q-eng9.1-34,ENG9.1,mc,"Choose the grammatically correct option to fill the blank: 'Given the cold weather, most people would rather _____ at home than venture out unnecessarily.'","'Stay' is correct — 'would rather' is followed by the bare infinitive (the base form of the verb without 'to'). 'Staying' is a gerund; 'would rather' does not take a gerund. 'To stay' is the full infinitive; 'would rather' specifically requires the bare infinitive, making 'to stay' incorrect. 'Stayed' is the past tense; 'would rather' is not followed by a past-tense verb in this structure.",s-eng-9-1-2,medium,ai-generated,false,A,stay,true,1
q-eng9.1-34,ENG9.1,mc,"Choose the grammatically correct option to fill the blank: 'Given the cold weather, most people would rather _____ at home than venture out unnecessarily.'","'Stay' is correct — 'would rather' is followed by the bare infinitive (the base form of the verb without 'to'). 'Staying' is a gerund; 'would rather' does not take a gerund. 'To stay' is the full infinitive; 'would rather' specifically requires the bare infinitive, making 'to stay' incorrect. 'Stayed' is the past tense; 'would rather' is not followed by a past-tense verb in this structure.",s-eng-9-1-2,medium,ai-generated,false,B,staying,false,2
q-eng9.1-34,ENG9.1,mc,"Choose the grammatically correct option to fill the blank: 'Given the cold weather, most people would rather _____ at home than venture out unnecessarily.'","'Stay' is correct — 'would rather' is followed by the bare infinitive (the base form of the verb without 'to'). 'Staying' is a gerund; 'would rather' does not take a gerund. 'To stay' is the full infinitive; 'would rather' specifically requires the bare infinitive, making 'to stay' incorrect. 'Stayed' is the past tense; 'would rather' is not followed by a past-tense verb in this structure.",s-eng-9-1-2,medium,ai-generated,false,C,to stay,false,3
q-eng9.1-34,ENG9.1,mc,"Choose the grammatically correct option to fill the blank: 'Given the cold weather, most people would rather _____ at home than venture out unnecessarily.'","'Stay' is correct — 'would rather' is followed by the bare infinitive (the base form of the verb without 'to'). 'Staying' is a gerund; 'would rather' does not take a gerund. 'To stay' is the full infinitive; 'would rather' specifically requires the bare infinitive, making 'to stay' incorrect. 'Stayed' is the past tense; 'would rather' is not followed by a past-tense verb in this structure.",s-eng-9-1-2,medium,ai-generated,false,D,stayed,false,4
q-eng9.1-35,ENG9.1,mc,"Choose the grammatically correct option to fill the blank: '_____ the heavy traffic, she managed to arrive at the venue on time.'","'Despite' is correct — 'despite' is a preposition followed by a noun phrase ('the heavy traffic'); the rest of the options are conjunctions that require a full clause (subject + verb). 'Although' is a subordinating conjunction and must be followed by a full clause ('Although the traffic was heavy'). 'However' is a conjunctive adverb used to link two separate clauses and cannot introduce a phrase at the start of a sentence this way. 'Even though' is a conjunction requiring a full clause, not just a noun phrase.",s-eng-9-1-2,medium,ai-generated,false,A,although,false,1
q-eng9.1-35,ENG9.1,mc,"Choose the grammatically correct option to fill the blank: '_____ the heavy traffic, she managed to arrive at the venue on time.'","'Despite' is correct — 'despite' is a preposition followed by a noun phrase ('the heavy traffic'); the rest of the options are conjunctions that require a full clause (subject + verb). 'Although' is a subordinating conjunction and must be followed by a full clause ('Although the traffic was heavy'). 'However' is a conjunctive adverb used to link two separate clauses and cannot introduce a phrase at the start of a sentence this way. 'Even though' is a conjunction requiring a full clause, not just a noun phrase.",s-eng-9-1-2,medium,ai-generated,false,B,despite,true,2
q-eng9.1-35,ENG9.1,mc,"Choose the grammatically correct option to fill the blank: '_____ the heavy traffic, she managed to arrive at the venue on time.'","'Despite' is correct — 'despite' is a preposition followed by a noun phrase ('the heavy traffic'); the rest of the options are conjunctions that require a full clause (subject + verb). 'Although' is a subordinating conjunction and must be followed by a full clause ('Although the traffic was heavy'). 'However' is a conjunctive adverb used to link two separate clauses and cannot introduce a phrase at the start of a sentence this way. 'Even though' is a conjunction requiring a full clause, not just a noun phrase.",s-eng-9-1-2,medium,ai-generated,false,C,however,false,3
q-eng9.1-35,ENG9.1,mc,"Choose the grammatically correct option to fill the blank: '_____ the heavy traffic, she managed to arrive at the venue on time.'","'Despite' is correct — 'despite' is a preposition followed by a noun phrase ('the heavy traffic'); the rest of the options are conjunctions that require a full clause (subject + verb). 'Although' is a subordinating conjunction and must be followed by a full clause ('Although the traffic was heavy'). 'However' is a conjunctive adverb used to link two separate clauses and cannot introduce a phrase at the start of a sentence this way. 'Even though' is a conjunction requiring a full clause, not just a noun phrase.",s-eng-9-1-2,medium,ai-generated,false,D,even though,false,4
q-eng9.1-36,ENG9.1,mc,"Choose the grammatically correct option to fill the blank: 'The historical monument is definitely worth _____ at least once in your lifetime.'","'Visiting' is correct — 'worth' is followed by a gerund (verb + -ing); 'worth visiting' is the grammatically required structure. 'To visit' is the infinitive; 'worth' does not take 'to'-infinitives — 'worth to visit' is a common error. 'Visit' is the bare infinitive; like the full infinitive, it cannot follow 'worth'. 'Visited' is the past-tense or past-participial form; 'worth' takes a gerund, not a past participle in active usage.",s-eng-9-1-2,medium,ai-generated,false,A,to visit,false,1
q-eng9.1-36,ENG9.1,mc,"Choose the grammatically correct option to fill the blank: 'The historical monument is definitely worth _____ at least once in your lifetime.'","'Visiting' is correct — 'worth' is followed by a gerund (verb + -ing); 'worth visiting' is the grammatically required structure. 'To visit' is the infinitive; 'worth' does not take 'to'-infinitives — 'worth to visit' is a common error. 'Visit' is the bare infinitive; like the full infinitive, it cannot follow 'worth'. 'Visited' is the past-tense or past-participial form; 'worth' takes a gerund, not a past participle in active usage.",s-eng-9-1-2,medium,ai-generated,false,B,visit,false,2
q-eng9.1-36,ENG9.1,mc,"Choose the grammatically correct option to fill the blank: 'The historical monument is definitely worth _____ at least once in your lifetime.'","'Visiting' is correct — 'worth' is followed by a gerund (verb + -ing); 'worth visiting' is the grammatically required structure. 'To visit' is the infinitive; 'worth' does not take 'to'-infinitives — 'worth to visit' is a common error. 'Visit' is the bare infinitive; like the full infinitive, it cannot follow 'worth'. 'Visited' is the past-tense or past-participial form; 'worth' takes a gerund, not a past participle in active usage.",s-eng-9-1-2,medium,ai-generated,false,C,visiting,true,3
q-eng9.1-36,ENG9.1,mc,"Choose the grammatically correct option to fill the blank: 'The historical monument is definitely worth _____ at least once in your lifetime.'","'Visiting' is correct — 'worth' is followed by a gerund (verb + -ing); 'worth visiting' is the grammatically required structure. 'To visit' is the infinitive; 'worth' does not take 'to'-infinitives — 'worth to visit' is a common error. 'Visit' is the bare infinitive; like the full infinitive, it cannot follow 'worth'. 'Visited' is the past-tense or past-participial form; 'worth' takes a gerund, not a past participle in active usage.",s-eng-9-1-2,medium,ai-generated,false,D,visited,false,4
q-eng9.1-37,ENG9.1,mc,"Choose the grammatically correct option to fill the blank: 'The project manager is responsible _____ ensuring all deliverables are completed on schedule.'","'For' is correct — 'responsible for' is the fixed adjective-preposition collocation meaning having the duty of doing something. 'Of' does not collocate with 'responsible' in this sense; 'guilty of' uses 'of', not 'responsible of'. 'To' creates 'responsible to', which means accountable to a person (e.g., 'responsible to the board'), not responsible for a task. 'About' does not form a standard collocation with 'responsible' in English.",s-eng-9-1-2,easy,ai-generated,false,A,of,false,1
q-eng9.1-37,ENG9.1,mc,"Choose the grammatically correct option to fill the blank: 'The project manager is responsible _____ ensuring all deliverables are completed on schedule.'","'For' is correct — 'responsible for' is the fixed adjective-preposition collocation meaning having the duty of doing something. 'Of' does not collocate with 'responsible' in this sense; 'guilty of' uses 'of', not 'responsible of'. 'To' creates 'responsible to', which means accountable to a person (e.g., 'responsible to the board'), not responsible for a task. 'About' does not form a standard collocation with 'responsible' in English.",s-eng-9-1-2,easy,ai-generated,false,B,to,false,2
q-eng9.1-37,ENG9.1,mc,"Choose the grammatically correct option to fill the blank: 'The project manager is responsible _____ ensuring all deliverables are completed on schedule.'","'For' is correct — 'responsible for' is the fixed adjective-preposition collocation meaning having the duty of doing something. 'Of' does not collocate with 'responsible' in this sense; 'guilty of' uses 'of', not 'responsible of'. 'To' creates 'responsible to', which means accountable to a person (e.g., 'responsible to the board'), not responsible for a task. 'About' does not form a standard collocation with 'responsible' in English.",s-eng-9-1-2,easy,ai-generated,false,C,about,false,3
q-eng9.1-37,ENG9.1,mc,"Choose the grammatically correct option to fill the blank: 'The project manager is responsible _____ ensuring all deliverables are completed on schedule.'","'For' is correct — 'responsible for' is the fixed adjective-preposition collocation meaning having the duty of doing something. 'Of' does not collocate with 'responsible' in this sense; 'guilty of' uses 'of', not 'responsible of'. 'To' creates 'responsible to', which means accountable to a person (e.g., 'responsible to the board'), not responsible for a task. 'About' does not form a standard collocation with 'responsible' in English.",s-eng-9-1-2,easy,ai-generated,false,D,for,true,4
q-eng9.1-38,ENG9.1,mc,"Choose the grammatically correct option to fill the blank: 'The suitcase was too heavy _____ carry without assistance.'","'To' is correct — the 'too + adjective + to + infinitive' structure expresses that something is so extreme that the action is impossible; 'too heavy to carry' follows this pattern. 'For' would require an object: 'too heavy for me to carry' — without a stated person, 'for' leaves the sentence incomplete. 'That' belongs to the 'so...that' structure, not 'too...that'; 'too heavy that carry' is grammatically wrong. 'And' produces 'too heavy and carry', which is not a grammatical structure in English.",s-eng-9-1-2,medium,ai-generated,false,A,to,true,1
q-eng9.1-38,ENG9.1,mc,"Choose the grammatically correct option to fill the blank: 'The suitcase was too heavy _____ carry without assistance.'","'To' is correct — the 'too + adjective + to + infinitive' structure expresses that something is so extreme that the action is impossible; 'too heavy to carry' follows this pattern. 'For' would require an object: 'too heavy for me to carry' — without a stated person, 'for' leaves the sentence incomplete. 'That' belongs to the 'so...that' structure, not 'too...that'; 'too heavy that carry' is grammatically wrong. 'And' produces 'too heavy and carry', which is not a grammatical structure in English.",s-eng-9-1-2,medium,ai-generated,false,B,for,false,2
q-eng9.1-38,ENG9.1,mc,"Choose the grammatically correct option to fill the blank: 'The suitcase was too heavy _____ carry without assistance.'","'To' is correct — the 'too + adjective + to + infinitive' structure expresses that something is so extreme that the action is impossible; 'too heavy to carry' follows this pattern. 'For' would require an object: 'too heavy for me to carry' — without a stated person, 'for' leaves the sentence incomplete. 'That' belongs to the 'so...that' structure, not 'too...that'; 'too heavy that carry' is grammatically wrong. 'And' produces 'too heavy and carry', which is not a grammatical structure in English.",s-eng-9-1-2,medium,ai-generated,false,C,that,false,3
q-eng9.1-38,ENG9.1,mc,"Choose the grammatically correct option to fill the blank: 'The suitcase was too heavy _____ carry without assistance.'","'To' is correct — the 'too + adjective + to + infinitive' structure expresses that something is so extreme that the action is impossible; 'too heavy to carry' follows this pattern. 'For' would require an object: 'too heavy for me to carry' — without a stated person, 'for' leaves the sentence incomplete. 'That' belongs to the 'so...that' structure, not 'too...that'; 'too heavy that carry' is grammatically wrong. 'And' produces 'too heavy and carry', which is not a grammatical structure in English.",s-eng-9-1-2,medium,ai-generated,false,D,and,false,4
q-eng9.1-39,ENG9.1,mc,"Choose the grammatically correct option to fill the blank: 'After a decade in the industry, she is completely used to _____ under pressure.'","'Working' is correct — 'be used to' (meaning accustomed to) is always followed by a gerund (verb + -ing), not a bare or full infinitive. 'Work' is the bare infinitive; it is used after 'used to' in the sense of past habit ('she used to work'), not after 'be used to' (accustomed). 'Worked' is the past tense; 'be used to' is followed by a gerund, not a past-tense verb. 'Have worked' is the present perfect; it cannot follow 'be used to' in this structure.",s-eng-9-1-2,hard,ai-generated,false,A,work,false,1
q-eng9.1-39,ENG9.1,mc,"Choose the grammatically correct option to fill the blank: 'After a decade in the industry, she is completely used to _____ under pressure.'","'Working' is correct — 'be used to' (meaning accustomed to) is always followed by a gerund (verb + -ing), not a bare or full infinitive. 'Work' is the bare infinitive; it is used after 'used to' in the sense of past habit ('she used to work'), not after 'be used to' (accustomed). 'Worked' is the past tense; 'be used to' is followed by a gerund, not a past-tense verb. 'Have worked' is the present perfect; it cannot follow 'be used to' in this structure.",s-eng-9-1-2,hard,ai-generated,false,B,working,true,2
q-eng9.1-39,ENG9.1,mc,"Choose the grammatically correct option to fill the blank: 'After a decade in the industry, she is completely used to _____ under pressure.'","'Working' is correct — 'be used to' (meaning accustomed to) is always followed by a gerund (verb + -ing), not a bare or full infinitive. 'Work' is the bare infinitive; it is used after 'used to' in the sense of past habit ('she used to work'), not after 'be used to' (accustomed). 'Worked' is the past tense; 'be used to' is followed by a gerund, not a past-tense verb. 'Have worked' is the present perfect; it cannot follow 'be used to' in this structure.",s-eng-9-1-2,hard,ai-generated,false,C,worked,false,3
q-eng9.1-39,ENG9.1,mc,"Choose the grammatically correct option to fill the blank: 'After a decade in the industry, she is completely used to _____ under pressure.'","'Working' is correct — 'be used to' (meaning accustomed to) is always followed by a gerund (verb + -ing), not a bare or full infinitive. 'Work' is the bare infinitive; it is used after 'used to' in the sense of past habit ('she used to work'), not after 'be used to' (accustomed). 'Worked' is the past tense; 'be used to' is followed by a gerund, not a past-tense verb. 'Have worked' is the present perfect; it cannot follow 'be used to' in this structure.",s-eng-9-1-2,hard,ai-generated,false,D,have worked,false,4
q-eng9.1-40,ENG9.1,mc,"Choose the grammatically correct option to fill the blank: 'The old water pipeline _____ urgently before it causes a major flood.'","'Needs repairing' is correct — 'need + gerund' expresses passive necessity ('needs repairing' = needs to be repaired); this construction is standard in English. 'Needs repaired' is grammatically incorrect — 'need' cannot take a bare past participle directly; this is a dialectal form not accepted in standard English. 'Need to repair' is wrong because the pipeline itself cannot perform the repairing; the sentence requires a passive sense ('needs to be repaired'). 'Needed repairing' is past tense and contradicts the urgency implied by the present context.",s-eng-9-1-2,hard,ai-generated,false,A,needs repaired,false,1
q-eng9.1-40,ENG9.1,mc,"Choose the grammatically correct option to fill the blank: 'The old water pipeline _____ urgently before it causes a major flood.'","'Needs repairing' is correct — 'need + gerund' expresses passive necessity ('needs repairing' = needs to be repaired); this construction is standard in English. 'Needs repaired' is grammatically incorrect — 'need' cannot take a bare past participle directly; this is a dialectal form not accepted in standard English. 'Need to repair' is wrong because the pipeline itself cannot perform the repairing; the sentence requires a passive sense ('needs to be repaired'). 'Needed repairing' is past tense and contradicts the urgency implied by the present context.",s-eng-9-1-2,hard,ai-generated,false,B,need to repair,false,2
q-eng9.1-40,ENG9.1,mc,"Choose the grammatically correct option to fill the blank: 'The old water pipeline _____ urgently before it causes a major flood.'","'Needs repairing' is correct — 'need + gerund' expresses passive necessity ('needs repairing' = needs to be repaired); this construction is standard in English. 'Needs repaired' is grammatically incorrect — 'need' cannot take a bare past participle directly; this is a dialectal form not accepted in standard English. 'Need to repair' is wrong because the pipeline itself cannot perform the repairing; the sentence requires a passive sense ('needs to be repaired'). 'Needed repairing' is past tense and contradicts the urgency implied by the present context.",s-eng-9-1-2,hard,ai-generated,false,C,needs repairing,true,3
q-eng9.1-40,ENG9.1,mc,"Choose the grammatically correct option to fill the blank: 'The old water pipeline _____ urgently before it causes a major flood.'","'Needs repairing' is correct — 'need + gerund' expresses passive necessity ('needs repairing' = needs to be repaired); this construction is standard in English. 'Needs repaired' is grammatically incorrect — 'need' cannot take a bare past participle directly; this is a dialectal form not accepted in standard English. 'Need to repair' is wrong because the pipeline itself cannot perform the repairing; the sentence requires a passive sense ('needs to be repaired'). 'Needed repairing' is past tense and contradicts the urgency implied by the present context.",s-eng-9-1-2,hard,ai-generated,false,D,needed repairing,false,4
