question_ref,lo_code,question_type,question_text,explanation,subtopic_codes,difficulty,source,verified,option_key,option_text,answer_value,sort_order
q-1-3-01,TS1.3,mc,"A company has 50000 raw product images stored in Amazon S3 that need to be labeled with categories such as electronics, clothing, and furniture before they can be used to train an image classification model. The team wants a managed service to coordinate the labeling workforce. Which AWS service should the ML engineer use?","Amazon SageMaker Ground Truth is correct because it is specifically designed to build labeled training datasets. It manages the labeling workflow and can use Amazon Mechanical Turk for a public workforce, a private workforce, or AWS-managed vendor companies. Amazon Rekognition analyzes already-labeled images but cannot create labeled datasets. AWS Glue Data Quality validates data rules but does not label images. Amazon Macie detects sensitive data but cannot assign category labels.",k-1-3-1,easy,ai-generated,false,A,Amazon Rekognition,false,1
q-1-3-01,TS1.3,mc,"A company has 50000 raw product images stored in Amazon S3 that need to be labeled with categories such as electronics, clothing, and furniture before they can be used to train an image classification model. The team wants a managed service to coordinate the labeling workforce. Which AWS service should the ML engineer use?","Amazon SageMaker Ground Truth is correct because it is specifically designed to build labeled training datasets. It manages the labeling workflow and can use Amazon Mechanical Turk for a public workforce, a private workforce, or AWS-managed vendor companies. Amazon Rekognition analyzes already-labeled images but cannot create labeled datasets. AWS Glue Data Quality validates data rules but does not label images. Amazon Macie detects sensitive data but cannot assign category labels.",k-1-3-1,easy,ai-generated,false,B,Amazon SageMaker Ground Truth,true,2
q-1-3-01,TS1.3,mc,"A company has 50000 raw product images stored in Amazon S3 that need to be labeled with categories such as electronics, clothing, and furniture before they can be used to train an image classification model. The team wants a managed service to coordinate the labeling workforce. Which AWS service should the ML engineer use?","Amazon SageMaker Ground Truth is correct because it is specifically designed to build labeled training datasets. It manages the labeling workflow and can use Amazon Mechanical Turk for a public workforce, a private workforce, or AWS-managed vendor companies. Amazon Rekognition analyzes already-labeled images but cannot create labeled datasets. AWS Glue Data Quality validates data rules but does not label images. Amazon Macie detects sensitive data but cannot assign category labels.",k-1-3-1,easy,ai-generated,false,C,AWS Glue Data Quality,false,3
q-1-3-01,TS1.3,mc,"A company has 50000 raw product images stored in Amazon S3 that need to be labeled with categories such as electronics, clothing, and furniture before they can be used to train an image classification model. The team wants a managed service to coordinate the labeling workforce. Which AWS service should the ML engineer use?","Amazon SageMaker Ground Truth is correct because it is specifically designed to build labeled training datasets. It manages the labeling workflow and can use Amazon Mechanical Turk for a public workforce, a private workforce, or AWS-managed vendor companies. Amazon Rekognition analyzes already-labeled images but cannot create labeled datasets. AWS Glue Data Quality validates data rules but does not label images. Amazon Macie detects sensitive data but cannot assign category labels.",k-1-3-1,easy,ai-generated,false,D,Amazon Macie,false,4
q-1-3-02,TS1.3,mc,"A healthcare company is preparing a loan approval dataset for model training. Before training begins, the ML team wants to determine whether the dataset fairly represents all demographic groups or whether certain groups are underrepresented. Which AWS service should the ML engineer use?","Amazon SageMaker Clarify pre-training bias detection is correct because it analyzes the dataset before training and computes statistical bias metrics such as Class Imbalance and Difference in Proportions of Labels across demographic groups. Amazon SageMaker Debugger monitors training runs for convergence issues not dataset bias. AWS Glue Data Quality validates data quality rules like completeness and uniqueness but does not compute fairness metrics. Amazon Macie detects sensitive data like PII but does not measure demographic representation.",k-1-3-2,easy,ai-generated,false,A,Amazon SageMaker Debugger,false,1
q-1-3-02,TS1.3,mc,"A healthcare company is preparing a loan approval dataset for model training. Before training begins, the ML team wants to determine whether the dataset fairly represents all demographic groups or whether certain groups are underrepresented. Which AWS service should the ML engineer use?","Amazon SageMaker Clarify pre-training bias detection is correct because it analyzes the dataset before training and computes statistical bias metrics such as Class Imbalance and Difference in Proportions of Labels across demographic groups. Amazon SageMaker Debugger monitors training runs for convergence issues not dataset bias. AWS Glue Data Quality validates data quality rules like completeness and uniqueness but does not compute fairness metrics. Amazon Macie detects sensitive data like PII but does not measure demographic representation.",k-1-3-2,easy,ai-generated,false,B,Amazon SageMaker Clarify,true,2
q-1-3-02,TS1.3,mc,"A healthcare company is preparing a loan approval dataset for model training. Before training begins, the ML team wants to determine whether the dataset fairly represents all demographic groups or whether certain groups are underrepresented. Which AWS service should the ML engineer use?","Amazon SageMaker Clarify pre-training bias detection is correct because it analyzes the dataset before training and computes statistical bias metrics such as Class Imbalance and Difference in Proportions of Labels across demographic groups. Amazon SageMaker Debugger monitors training runs for convergence issues not dataset bias. AWS Glue Data Quality validates data quality rules like completeness and uniqueness but does not compute fairness metrics. Amazon Macie detects sensitive data like PII but does not measure demographic representation.",k-1-3-2,easy,ai-generated,false,C,AWS Glue Data Quality,false,3
q-1-3-02,TS1.3,mc,"A healthcare company is preparing a loan approval dataset for model training. Before training begins, the ML team wants to determine whether the dataset fairly represents all demographic groups or whether certain groups are underrepresented. Which AWS service should the ML engineer use?","Amazon SageMaker Clarify pre-training bias detection is correct because it analyzes the dataset before training and computes statistical bias metrics such as Class Imbalance and Difference in Proportions of Labels across demographic groups. Amazon SageMaker Debugger monitors training runs for convergence issues not dataset bias. AWS Glue Data Quality validates data quality rules like completeness and uniqueness but does not compute fairness metrics. Amazon Macie detects sensitive data like PII but does not measure demographic representation.",k-1-3-2,easy,ai-generated,false,D,Amazon Macie,false,4
q-1-3-03,TS1.3,mc,"An ML engineer is building a fraud detection model. The training dataset contains 980000 legitimate transactions and only 2000 fraudulent transactions. If trained on this raw imbalanced data, the model is likely to classify everything as legitimate and achieve 99.8% accuracy while completely missing fraud cases. Which technique should the ML engineer apply to address this class imbalance?","SMOTE (Synthetic Minority Over-sampling Technique) is correct because it generates synthetic samples in the minority class by interpolating between existing minority examples, addressing the imbalance without exact duplication. Undersampling removes majority class rows and loses potentially useful data. One-hot encoding is a categorical feature encoding technique not a resampling technique. Normalization scales numeric feature ranges and has no effect on class distribution.",k-1-3-3,easy,ai-generated,false,A,Apply undersampling to remove majority class rows until both classes are equal,false,1
q-1-3-03,TS1.3,mc,"An ML engineer is building a fraud detection model. The training dataset contains 980000 legitimate transactions and only 2000 fraudulent transactions. If trained on this raw imbalanced data, the model is likely to classify everything as legitimate and achieve 99.8% accuracy while completely missing fraud cases. Which technique should the ML engineer apply to address this class imbalance?","SMOTE (Synthetic Minority Over-sampling Technique) is correct because it generates synthetic samples in the minority class by interpolating between existing minority examples, addressing the imbalance without exact duplication. Undersampling removes majority class rows and loses potentially useful data. One-hot encoding is a categorical feature encoding technique not a resampling technique. Normalization scales numeric feature ranges and has no effect on class distribution.",k-1-3-3,easy,ai-generated,false,B,Apply SMOTE to generate synthetic minority class samples,true,2
q-1-3-03,TS1.3,mc,"An ML engineer is building a fraud detection model. The training dataset contains 980000 legitimate transactions and only 2000 fraudulent transactions. If trained on this raw imbalanced data, the model is likely to classify everything as legitimate and achieve 99.8% accuracy while completely missing fraud cases. Which technique should the ML engineer apply to address this class imbalance?","SMOTE (Synthetic Minority Over-sampling Technique) is correct because it generates synthetic samples in the minority class by interpolating between existing minority examples, addressing the imbalance without exact duplication. Undersampling removes majority class rows and loses potentially useful data. One-hot encoding is a categorical feature encoding technique not a resampling technique. Normalization scales numeric feature ranges and has no effect on class distribution.",k-1-3-3,easy,ai-generated,false,C,Apply one-hot encoding to the target label column,false,3
q-1-3-03,TS1.3,mc,"An ML engineer is building a fraud detection model. The training dataset contains 980000 legitimate transactions and only 2000 fraudulent transactions. If trained on this raw imbalanced data, the model is likely to classify everything as legitimate and achieve 99.8% accuracy while completely missing fraud cases. Which technique should the ML engineer apply to address this class imbalance?","SMOTE (Synthetic Minority Over-sampling Technique) is correct because it generates synthetic samples in the minority class by interpolating between existing minority examples, addressing the imbalance without exact duplication. Undersampling removes majority class rows and loses potentially useful data. One-hot encoding is a categorical feature encoding technique not a resampling technique. Normalization scales numeric feature ranges and has no effect on class distribution.",k-1-3-3,easy,ai-generated,false,D,Apply min-max normalization to the transaction amount feature,false,4
q-1-3-04,TS1.3,mc,"An ML pipeline uses AWS Glue to process incoming customer data before training. The business requires that the customer age column always contain positive integers and that the email column match a valid format. If these rules are violated the pipeline must stop and alert the team. Which AWS service implements this requirement?","AWS Glue Data Quality is correct because it enables you to define rules such as value range constraints and format validations on columns within Glue ETL pipelines. It can halt the job or quarantine invalid records when rules are violated. Amazon SageMaker Clarify detects statistical bias and fairness issues not data format rule violations. Amazon Macie discovers sensitive data like PII but does not enforce validation rules that stop pipelines. SageMaker Ground Truth labels unlabeled data and has no pipeline validation capability.",k-1-3-4,easy,ai-generated,false,A,Amazon SageMaker Clarify,false,1
q-1-3-04,TS1.3,mc,"An ML pipeline uses AWS Glue to process incoming customer data before training. The business requires that the customer age column always contain positive integers and that the email column match a valid format. If these rules are violated the pipeline must stop and alert the team. Which AWS service implements this requirement?","AWS Glue Data Quality is correct because it enables you to define rules such as value range constraints and format validations on columns within Glue ETL pipelines. It can halt the job or quarantine invalid records when rules are violated. Amazon SageMaker Clarify detects statistical bias and fairness issues not data format rule violations. Amazon Macie discovers sensitive data like PII but does not enforce validation rules that stop pipelines. SageMaker Ground Truth labels unlabeled data and has no pipeline validation capability.",k-1-3-4,easy,ai-generated,false,B,AWS Glue Data Quality,true,2
q-1-3-04,TS1.3,mc,"An ML pipeline uses AWS Glue to process incoming customer data before training. The business requires that the customer age column always contain positive integers and that the email column match a valid format. If these rules are violated the pipeline must stop and alert the team. Which AWS service implements this requirement?","AWS Glue Data Quality is correct because it enables you to define rules such as value range constraints and format validations on columns within Glue ETL pipelines. It can halt the job or quarantine invalid records when rules are violated. Amazon SageMaker Clarify detects statistical bias and fairness issues not data format rule violations. Amazon Macie discovers sensitive data like PII but does not enforce validation rules that stop pipelines. SageMaker Ground Truth labels unlabeled data and has no pipeline validation capability.",k-1-3-4,easy,ai-generated,false,C,Amazon Macie,false,3
q-1-3-04,TS1.3,mc,"An ML pipeline uses AWS Glue to process incoming customer data before training. The business requires that the customer age column always contain positive integers and that the email column match a valid format. If these rules are violated the pipeline must stop and alert the team. Which AWS service implements this requirement?","AWS Glue Data Quality is correct because it enables you to define rules such as value range constraints and format validations on columns within Glue ETL pipelines. It can halt the job or quarantine invalid records when rules are violated. Amazon SageMaker Clarify detects statistical bias and fairness issues not data format rule violations. Amazon Macie discovers sensitive data like PII but does not enforce validation rules that stop pipelines. SageMaker Ground Truth labels unlabeled data and has no pipeline validation capability.",k-1-3-4,easy,ai-generated,false,D,Amazon SageMaker Ground Truth,false,4
q-1-3-05,TS1.3,mc,"A company stores customer records in Amazon S3 for use in ML model training. The security team needs to automatically discover whether any S3 buckets contain personally identifiable information such as names, email addresses, or social security numbers. Which AWS service should the ML engineer use?","Amazon Macie is correct because it uses machine learning to automatically scan S3 buckets and classify sensitive data including PII and PHI. It generates findings when sensitive data is discovered. AWS Lake Formation enforces access control permissions but does not discover PII content. AWS Glue Data Quality validates structural data quality rules but does not classify sensitive data. Amazon Inspector assesses EC2 and container vulnerabilities not S3 data content.",k-1-3-5,easy,ai-generated,false,A,AWS Lake Formation,false,1
q-1-3-05,TS1.3,mc,"A company stores customer records in Amazon S3 for use in ML model training. The security team needs to automatically discover whether any S3 buckets contain personally identifiable information such as names, email addresses, or social security numbers. Which AWS service should the ML engineer use?","Amazon Macie is correct because it uses machine learning to automatically scan S3 buckets and classify sensitive data including PII and PHI. It generates findings when sensitive data is discovered. AWS Lake Formation enforces access control permissions but does not discover PII content. AWS Glue Data Quality validates structural data quality rules but does not classify sensitive data. Amazon Inspector assesses EC2 and container vulnerabilities not S3 data content.",k-1-3-5,easy,ai-generated,false,B,AWS Glue Data Quality,false,2
q-1-3-05,TS1.3,mc,"A company stores customer records in Amazon S3 for use in ML model training. The security team needs to automatically discover whether any S3 buckets contain personally identifiable information such as names, email addresses, or social security numbers. Which AWS service should the ML engineer use?","Amazon Macie is correct because it uses machine learning to automatically scan S3 buckets and classify sensitive data including PII and PHI. It generates findings when sensitive data is discovered. AWS Lake Formation enforces access control permissions but does not discover PII content. AWS Glue Data Quality validates structural data quality rules but does not classify sensitive data. Amazon Inspector assesses EC2 and container vulnerabilities not S3 data content.",k-1-3-5,easy,ai-generated,false,C,Amazon Macie,true,3
q-1-3-05,TS1.3,mc,"A company stores customer records in Amazon S3 for use in ML model training. The security team needs to automatically discover whether any S3 buckets contain personally identifiable information such as names, email addresses, or social security numbers. Which AWS service should the ML engineer use?","Amazon Macie is correct because it uses machine learning to automatically scan S3 buckets and classify sensitive data including PII and PHI. It generates findings when sensitive data is discovered. AWS Lake Formation enforces access control permissions but does not discover PII content. AWS Glue Data Quality validates structural data quality rules but does not classify sensitive data. Amazon Inspector assesses EC2 and container vulnerabilities not S3 data content.",k-1-3-5,easy,ai-generated,false,D,Amazon Inspector,false,4
q-1-3-06,TS1.3,mc,"A company wants to label thousands of medical images for a radiology AI model. The images are highly sensitive and cannot be shared outside the company. The team wants to use SageMaker Ground Truth but must ensure only internal staff review the images. Which workforce option should the ML engineer configure?","A private workforce is correct because it restricts labeling work to a company's own employees or vetted contractors, ensuring sensitive medical images never leave the organization. Amazon Mechanical Turk uses a public crowd of unknown workers which is inappropriate for sensitive medical data. A vendor-managed workforce uses third-party companies and still exposes data outside the organization. Ground Truth Plus hands the entire operation to AWS-managed workers which also fails the data confidentiality requirement.",k-1-3-1,easy,ai-generated,false,A,Amazon Mechanical Turk public workforce,false,1
q-1-3-06,TS1.3,mc,"A company wants to label thousands of medical images for a radiology AI model. The images are highly sensitive and cannot be shared outside the company. The team wants to use SageMaker Ground Truth but must ensure only internal staff review the images. Which workforce option should the ML engineer configure?","A private workforce is correct because it restricts labeling work to a company's own employees or vetted contractors, ensuring sensitive medical images never leave the organization. Amazon Mechanical Turk uses a public crowd of unknown workers which is inappropriate for sensitive medical data. A vendor-managed workforce uses third-party companies and still exposes data outside the organization. Ground Truth Plus hands the entire operation to AWS-managed workers which also fails the data confidentiality requirement.",k-1-3-1,easy,ai-generated,false,B,Private workforce using company employees,true,2
q-1-3-06,TS1.3,mc,"A company wants to label thousands of medical images for a radiology AI model. The images are highly sensitive and cannot be shared outside the company. The team wants to use SageMaker Ground Truth but must ensure only internal staff review the images. Which workforce option should the ML engineer configure?","A private workforce is correct because it restricts labeling work to a company's own employees or vetted contractors, ensuring sensitive medical images never leave the organization. Amazon Mechanical Turk uses a public crowd of unknown workers which is inappropriate for sensitive medical data. A vendor-managed workforce uses third-party companies and still exposes data outside the organization. Ground Truth Plus hands the entire operation to AWS-managed workers which also fails the data confidentiality requirement.",k-1-3-1,easy,ai-generated,false,C,Vendor-managed workforce,false,3
q-1-3-06,TS1.3,mc,"A company wants to label thousands of medical images for a radiology AI model. The images are highly sensitive and cannot be shared outside the company. The team wants to use SageMaker Ground Truth but must ensure only internal staff review the images. Which workforce option should the ML engineer configure?","A private workforce is correct because it restricts labeling work to a company's own employees or vetted contractors, ensuring sensitive medical images never leave the organization. Amazon Mechanical Turk uses a public crowd of unknown workers which is inappropriate for sensitive medical data. A vendor-managed workforce uses third-party companies and still exposes data outside the organization. Ground Truth Plus hands the entire operation to AWS-managed workers which also fails the data confidentiality requirement.",k-1-3-1,easy,ai-generated,false,D,Ground Truth Plus with AWS-managed workforce,false,4
q-1-3-07,TS1.3,mr,"A company is preparing a training dataset for a clinical trial outcome prediction model. The ML team needs to: (1) have human annotators label ambiguous patient records that the automated system cannot confidently classify, and (2) detect whether specific demographic groups are underrepresented in the labeled dataset before training begins. Which TWO services address these two requirements? (Select TWO)","SageMaker Ground Truth addresses requirement 1 — its active learning feature automatically labels high-confidence examples and routes ambiguous examples to human annotators. SageMaker Clarify addresses requirement 2 — its pre-training bias detection computes Class Imbalance and other fairness metrics across demographic groups before training. AWS Glue Data Quality validates column-level rules not demographic representation. Amazon Macie discovers PII in S3 but does not analyze labeling quality or demographic distribution. SageMaker Debugger monitors training convergence not dataset properties.",k-1-3-1|k-1-3-2,medium,ai-generated,false,A,Amazon SageMaker Ground Truth,true,1
q-1-3-07,TS1.3,mr,"A company is preparing a training dataset for a clinical trial outcome prediction model. The ML team needs to: (1) have human annotators label ambiguous patient records that the automated system cannot confidently classify, and (2) detect whether specific demographic groups are underrepresented in the labeled dataset before training begins. Which TWO services address these two requirements? (Select TWO)","SageMaker Ground Truth addresses requirement 1 — its active learning feature automatically labels high-confidence examples and routes ambiguous examples to human annotators. SageMaker Clarify addresses requirement 2 — its pre-training bias detection computes Class Imbalance and other fairness metrics across demographic groups before training. AWS Glue Data Quality validates column-level rules not demographic representation. Amazon Macie discovers PII in S3 but does not analyze labeling quality or demographic distribution. SageMaker Debugger monitors training convergence not dataset properties.",k-1-3-1|k-1-3-2,medium,ai-generated,false,B,Amazon SageMaker Clarify,true,2
q-1-3-07,TS1.3,mr,"A company is preparing a training dataset for a clinical trial outcome prediction model. The ML team needs to: (1) have human annotators label ambiguous patient records that the automated system cannot confidently classify, and (2) detect whether specific demographic groups are underrepresented in the labeled dataset before training begins. Which TWO services address these two requirements? (Select TWO)","SageMaker Ground Truth addresses requirement 1 — its active learning feature automatically labels high-confidence examples and routes ambiguous examples to human annotators. SageMaker Clarify addresses requirement 2 — its pre-training bias detection computes Class Imbalance and other fairness metrics across demographic groups before training. AWS Glue Data Quality validates column-level rules not demographic representation. Amazon Macie discovers PII in S3 but does not analyze labeling quality or demographic distribution. SageMaker Debugger monitors training convergence not dataset properties.",k-1-3-1|k-1-3-2,medium,ai-generated,false,C,AWS Glue Data Quality,false,3
q-1-3-07,TS1.3,mr,"A company is preparing a training dataset for a clinical trial outcome prediction model. The ML team needs to: (1) have human annotators label ambiguous patient records that the automated system cannot confidently classify, and (2) detect whether specific demographic groups are underrepresented in the labeled dataset before training begins. Which TWO services address these two requirements? (Select TWO)","SageMaker Ground Truth addresses requirement 1 — its active learning feature automatically labels high-confidence examples and routes ambiguous examples to human annotators. SageMaker Clarify addresses requirement 2 — its pre-training bias detection computes Class Imbalance and other fairness metrics across demographic groups before training. AWS Glue Data Quality validates column-level rules not demographic representation. Amazon Macie discovers PII in S3 but does not analyze labeling quality or demographic distribution. SageMaker Debugger monitors training convergence not dataset properties.",k-1-3-1|k-1-3-2,medium,ai-generated,false,D,Amazon Macie,false,4
q-1-3-07,TS1.3,mr,"A company is preparing a training dataset for a clinical trial outcome prediction model. The ML team needs to: (1) have human annotators label ambiguous patient records that the automated system cannot confidently classify, and (2) detect whether specific demographic groups are underrepresented in the labeled dataset before training begins. Which TWO services address these two requirements? (Select TWO)","SageMaker Ground Truth addresses requirement 1 — its active learning feature automatically labels high-confidence examples and routes ambiguous examples to human annotators. SageMaker Clarify addresses requirement 2 — its pre-training bias detection computes Class Imbalance and other fairness metrics across demographic groups before training. AWS Glue Data Quality validates column-level rules not demographic representation. Amazon Macie discovers PII in S3 but does not analyze labeling quality or demographic distribution. SageMaker Debugger monitors training convergence not dataset properties.",k-1-3-1|k-1-3-2,medium,ai-generated,false,E,Amazon SageMaker Debugger,false,5
q-1-3-08,TS1.3,mc,"A company is training an XGBoost model to predict insurance claim fraud. The training dataset has 97% legitimate claims and 3% fraudulent claims. The ML team wants to handle the class imbalance at the algorithm level without generating synthetic data or modifying the dataset. Which approach should the ML engineer take?","The scale_pos_weight hyperparameter in XGBoost directly handles class imbalance at the algorithm level by adjusting the weight of positive class examples in the loss function. Setting it to approximately 32 (97 divided by 3) tells XGBoost that misclassifying a fraud case should be penalized roughly 32 times more than misclassifying a legitimate case. SMOTE generates synthetic data which is a dataset-level approach not an algorithm-level one. Undersampling modifies the dataset. L2 regularization addresses overfitting not class imbalance.",k-1-3-3,medium,ai-generated,false,A,Apply SMOTE to generate synthetic fraud samples before training,false,1
q-1-3-08,TS1.3,mc,"A company is training an XGBoost model to predict insurance claim fraud. The training dataset has 97% legitimate claims and 3% fraudulent claims. The ML team wants to handle the class imbalance at the algorithm level without generating synthetic data or modifying the dataset. Which approach should the ML engineer take?","The scale_pos_weight hyperparameter in XGBoost directly handles class imbalance at the algorithm level by adjusting the weight of positive class examples in the loss function. Setting it to approximately 32 (97 divided by 3) tells XGBoost that misclassifying a fraud case should be penalized roughly 32 times more than misclassifying a legitimate case. SMOTE generates synthetic data which is a dataset-level approach not an algorithm-level one. Undersampling modifies the dataset. L2 regularization addresses overfitting not class imbalance.",k-1-3-3,medium,ai-generated,false,B,Set the scale_pos_weight hyperparameter in XGBoost to the ratio of negative to positive examples,true,2
q-1-3-08,TS1.3,mc,"A company is training an XGBoost model to predict insurance claim fraud. The training dataset has 97% legitimate claims and 3% fraudulent claims. The ML team wants to handle the class imbalance at the algorithm level without generating synthetic data or modifying the dataset. Which approach should the ML engineer take?","The scale_pos_weight hyperparameter in XGBoost directly handles class imbalance at the algorithm level by adjusting the weight of positive class examples in the loss function. Setting it to approximately 32 (97 divided by 3) tells XGBoost that misclassifying a fraud case should be penalized roughly 32 times more than misclassifying a legitimate case. SMOTE generates synthetic data which is a dataset-level approach not an algorithm-level one. Undersampling modifies the dataset. L2 regularization addresses overfitting not class imbalance.",k-1-3-3,medium,ai-generated,false,C,Undersample the majority class until the dataset is balanced,false,3
q-1-3-08,TS1.3,mc,"A company is training an XGBoost model to predict insurance claim fraud. The training dataset has 97% legitimate claims and 3% fraudulent claims. The ML team wants to handle the class imbalance at the algorithm level without generating synthetic data or modifying the dataset. Which approach should the ML engineer take?","The scale_pos_weight hyperparameter in XGBoost directly handles class imbalance at the algorithm level by adjusting the weight of positive class examples in the loss function. Setting it to approximately 32 (97 divided by 3) tells XGBoost that misclassifying a fraud case should be penalized roughly 32 times more than misclassifying a legitimate case. SMOTE generates synthetic data which is a dataset-level approach not an algorithm-level one. Undersampling modifies the dataset. L2 regularization addresses overfitting not class imbalance.",k-1-3-3,medium,ai-generated,false,D,Increase L2 regularization to penalize the model more on the minority class,false,4
q-1-3-09,TS1.3,mc,"An ML team is splitting a credit default dataset for model training. The dataset is heavily imbalanced with 95% non-default and 5% default cases. The team randomly splits the data 80/20 for training and testing. After training, the model performs poorly at detecting defaults on the test set. What is the most likely data preparation mistake?","Random splitting on imbalanced data can accidentally concentrate most or all minority class (default) examples in either the training or test set. A stratified split preserves the class ratio in both training and test sets ensuring the model sees proportional examples of each class during training and is evaluated on a representative test set. Normalization affects feature scaling not class distribution. SMOTE should be applied after splitting not before. Increasing test size does not fix the underlying stratification problem.",k-1-3-2|s-1-3-2,medium,ai-generated,false,A,The team should have normalized the features before splitting the dataset,false,1
q-1-3-09,TS1.3,mc,"An ML team is splitting a credit default dataset for model training. The dataset is heavily imbalanced with 95% non-default and 5% default cases. The team randomly splits the data 80/20 for training and testing. After training, the model performs poorly at detecting defaults on the test set. What is the most likely data preparation mistake?","Random splitting on imbalanced data can accidentally concentrate most or all minority class (default) examples in either the training or test set. A stratified split preserves the class ratio in both training and test sets ensuring the model sees proportional examples of each class during training and is evaluated on a representative test set. Normalization affects feature scaling not class distribution. SMOTE should be applied after splitting not before. Increasing test size does not fix the underlying stratification problem.",k-1-3-2|s-1-3-2,medium,ai-generated,false,B,The random split did not preserve the class ratio — a stratified split should have been used,true,2
q-1-3-09,TS1.3,mc,"An ML team is splitting a credit default dataset for model training. The dataset is heavily imbalanced with 95% non-default and 5% default cases. The team randomly splits the data 80/20 for training and testing. After training, the model performs poorly at detecting defaults on the test set. What is the most likely data preparation mistake?","Random splitting on imbalanced data can accidentally concentrate most or all minority class (default) examples in either the training or test set. A stratified split preserves the class ratio in both training and test sets ensuring the model sees proportional examples of each class during training and is evaluated on a representative test set. Normalization affects feature scaling not class distribution. SMOTE should be applied after splitting not before. Increasing test size does not fix the underlying stratification problem.",k-1-3-2|s-1-3-2,medium,ai-generated,false,C,The team applied SMOTE before splitting which leaked synthetic samples into the test set,false,3
q-1-3-09,TS1.3,mc,"An ML team is splitting a credit default dataset for model training. The dataset is heavily imbalanced with 95% non-default and 5% default cases. The team randomly splits the data 80/20 for training and testing. After training, the model performs poorly at detecting defaults on the test set. What is the most likely data preparation mistake?","Random splitting on imbalanced data can accidentally concentrate most or all minority class (default) examples in either the training or test set. A stratified split preserves the class ratio in both training and test sets ensuring the model sees proportional examples of each class during training and is evaluated on a representative test set. Normalization affects feature scaling not class distribution. SMOTE should be applied after splitting not before. Increasing test size does not fix the underlying stratification problem.",k-1-3-2|s-1-3-2,medium,ai-generated,false,D,The test set is too small at 20% — it should be increased to 40%,false,4
q-1-3-10,TS1.3,mr,"A company is building a data pipeline to process financial transaction data for ML training. The team needs to: (1) automatically stop the pipeline when any transaction amount is negative, (2) discover whether any columns contain customer social security numbers before the data enters the training job, and (3) ensure the dataset is not biased against specific age groups before model training begins. Which THREE services should the ML engineer use? (Select THREE)","AWS Glue Data Quality addresses requirement 1 — it enforces column-level validation rules and can stop the pipeline when violations are detected. Amazon Macie addresses requirement 2 — it scans S3 buckets and classifies sensitive data including social security numbers and other PII. SageMaker Clarify addresses requirement 3 — its pre-training bias detection computes fairness metrics to identify age group underrepresentation. SageMaker Ground Truth labels unlabeled data and does not address any of these three requirements. SageMaker Debugger monitors training convergence not pipeline data quality or demographic bias.",k-1-3-4|k-1-3-5|k-1-3-2,medium,ai-generated,false,A,AWS Glue Data Quality,true,1
q-1-3-10,TS1.3,mr,"A company is building a data pipeline to process financial transaction data for ML training. The team needs to: (1) automatically stop the pipeline when any transaction amount is negative, (2) discover whether any columns contain customer social security numbers before the data enters the training job, and (3) ensure the dataset is not biased against specific age groups before model training begins. Which THREE services should the ML engineer use? (Select THREE)","AWS Glue Data Quality addresses requirement 1 — it enforces column-level validation rules and can stop the pipeline when violations are detected. Amazon Macie addresses requirement 2 — it scans S3 buckets and classifies sensitive data including social security numbers and other PII. SageMaker Clarify addresses requirement 3 — its pre-training bias detection computes fairness metrics to identify age group underrepresentation. SageMaker Ground Truth labels unlabeled data and does not address any of these three requirements. SageMaker Debugger monitors training convergence not pipeline data quality or demographic bias.",k-1-3-4|k-1-3-5|k-1-3-2,medium,ai-generated,false,B,Amazon Macie,true,2
q-1-3-10,TS1.3,mr,"A company is building a data pipeline to process financial transaction data for ML training. The team needs to: (1) automatically stop the pipeline when any transaction amount is negative, (2) discover whether any columns contain customer social security numbers before the data enters the training job, and (3) ensure the dataset is not biased against specific age groups before model training begins. Which THREE services should the ML engineer use? (Select THREE)","AWS Glue Data Quality addresses requirement 1 — it enforces column-level validation rules and can stop the pipeline when violations are detected. Amazon Macie addresses requirement 2 — it scans S3 buckets and classifies sensitive data including social security numbers and other PII. SageMaker Clarify addresses requirement 3 — its pre-training bias detection computes fairness metrics to identify age group underrepresentation. SageMaker Ground Truth labels unlabeled data and does not address any of these three requirements. SageMaker Debugger monitors training convergence not pipeline data quality or demographic bias.",k-1-3-4|k-1-3-5|k-1-3-2,medium,ai-generated,false,C,Amazon SageMaker Clarify,true,3
q-1-3-10,TS1.3,mr,"A company is building a data pipeline to process financial transaction data for ML training. The team needs to: (1) automatically stop the pipeline when any transaction amount is negative, (2) discover whether any columns contain customer social security numbers before the data enters the training job, and (3) ensure the dataset is not biased against specific age groups before model training begins. Which THREE services should the ML engineer use? (Select THREE)","AWS Glue Data Quality addresses requirement 1 — it enforces column-level validation rules and can stop the pipeline when violations are detected. Amazon Macie addresses requirement 2 — it scans S3 buckets and classifies sensitive data including social security numbers and other PII. SageMaker Clarify addresses requirement 3 — its pre-training bias detection computes fairness metrics to identify age group underrepresentation. SageMaker Ground Truth labels unlabeled data and does not address any of these three requirements. SageMaker Debugger monitors training convergence not pipeline data quality or demographic bias.",k-1-3-4|k-1-3-5|k-1-3-2,medium,ai-generated,false,D,Amazon SageMaker Ground Truth,false,4
q-1-3-10,TS1.3,mr,"A company is building a data pipeline to process financial transaction data for ML training. The team needs to: (1) automatically stop the pipeline when any transaction amount is negative, (2) discover whether any columns contain customer social security numbers before the data enters the training job, and (3) ensure the dataset is not biased against specific age groups before model training begins. Which THREE services should the ML engineer use? (Select THREE)","AWS Glue Data Quality addresses requirement 1 — it enforces column-level validation rules and can stop the pipeline when violations are detected. Amazon Macie addresses requirement 2 — it scans S3 buckets and classifies sensitive data including social security numbers and other PII. SageMaker Clarify addresses requirement 3 — its pre-training bias detection computes fairness metrics to identify age group underrepresentation. SageMaker Ground Truth labels unlabeled data and does not address any of these three requirements. SageMaker Debugger monitors training convergence not pipeline data quality or demographic bias.",k-1-3-4|k-1-3-5|k-1-3-2,medium,ai-generated,false,E,Amazon SageMaker Debugger,false,5
q-1-3-11,TS1.3,mc,"An ML engineer is preparing an image dataset for a computer vision model. The training set has only 3000 labeled images which may be insufficient for the deep learning model. The team does not have budget to label more images. Which technique can artificially expand the effective size of the training dataset?","Data augmentation artificially expands the training dataset by applying random transformations to existing images such as horizontal flips, rotations, brightness adjustments, and random crops. These transformations create new training examples that teach the model to be invariant to these variations. SMOTE generates synthetic tabular data not image data. Undersampling reduces the dataset size which is the opposite of what is needed. Normalization scales pixel values but does not increase the number of training examples.",k-1-3-3|s-1-3-2,medium,ai-generated,false,A,Apply SMOTE to generate synthetic images from existing training examples,false,1
q-1-3-11,TS1.3,mc,"An ML engineer is preparing an image dataset for a computer vision model. The training set has only 3000 labeled images which may be insufficient for the deep learning model. The team does not have budget to label more images. Which technique can artificially expand the effective size of the training dataset?","Data augmentation artificially expands the training dataset by applying random transformations to existing images such as horizontal flips, rotations, brightness adjustments, and random crops. These transformations create new training examples that teach the model to be invariant to these variations. SMOTE generates synthetic tabular data not image data. Undersampling reduces the dataset size which is the opposite of what is needed. Normalization scales pixel values but does not increase the number of training examples.",k-1-3-3|s-1-3-2,medium,ai-generated,false,B,Apply data augmentation using random flips rotations and brightness adjustments,true,2
q-1-3-11,TS1.3,mc,"An ML engineer is preparing an image dataset for a computer vision model. The training set has only 3000 labeled images which may be insufficient for the deep learning model. The team does not have budget to label more images. Which technique can artificially expand the effective size of the training dataset?","Data augmentation artificially expands the training dataset by applying random transformations to existing images such as horizontal flips, rotations, brightness adjustments, and random crops. These transformations create new training examples that teach the model to be invariant to these variations. SMOTE generates synthetic tabular data not image data. Undersampling reduces the dataset size which is the opposite of what is needed. Normalization scales pixel values but does not increase the number of training examples.",k-1-3-3|s-1-3-2,medium,ai-generated,false,C,Apply undersampling to create a more balanced subset of the 3000 images,false,3
q-1-3-11,TS1.3,mc,"An ML engineer is preparing an image dataset for a computer vision model. The training set has only 3000 labeled images which may be insufficient for the deep learning model. The team does not have budget to label more images. Which technique can artificially expand the effective size of the training dataset?","Data augmentation artificially expands the training dataset by applying random transformations to existing images such as horizontal flips, rotations, brightness adjustments, and random crops. These transformations create new training examples that teach the model to be invariant to these variations. SMOTE generates synthetic tabular data not image data. Undersampling reduces the dataset size which is the opposite of what is needed. Normalization scales pixel values but does not increase the number of training examples.",k-1-3-3|s-1-3-2,medium,ai-generated,false,D,Apply pixel normalization to scale all image values to the 0 to 1 range,false,4
q-1-3-12,TS1.3,mc,"A Glue ETL job processes daily customer transaction data and writes results to Amazon S3 for ML training. Recently, the source system started producing records where the transaction date is set to the year 2099. The ML engineer needs the pipeline to detect this anomaly and halt before the corrupt data reaches the training job. Which approach is correct?","AWS Glue Data Quality allows you to define a constraint that the transaction_date column must be less than the current date or within an acceptable range. When this rule is violated the pipeline can be configured to fail the job before the bad data reaches S3. SageMaker Clarify analyzes demographic bias not date range anomalies. SageMaker Ground Truth labels data rather than validating it. Amazon Macie detects sensitive PII content not business rule violations on date columns.",k-1-3-4,medium,ai-generated,false,A,Enable SageMaker Clarify pre-training bias detection on the transaction date column,false,1
q-1-3-12,TS1.3,mc,"A Glue ETL job processes daily customer transaction data and writes results to Amazon S3 for ML training. Recently, the source system started producing records where the transaction date is set to the year 2099. The ML engineer needs the pipeline to detect this anomaly and halt before the corrupt data reaches the training job. Which approach is correct?","AWS Glue Data Quality allows you to define a constraint that the transaction_date column must be less than the current date or within an acceptable range. When this rule is violated the pipeline can be configured to fail the job before the bad data reaches S3. SageMaker Clarify analyzes demographic bias not date range anomalies. SageMaker Ground Truth labels data rather than validating it. Amazon Macie detects sensitive PII content not business rule violations on date columns.",k-1-3-4,medium,ai-generated,false,B,Configure an AWS Glue Data Quality rule to validate that transaction_date is within an acceptable range and fail the job on violation,true,2
q-1-3-12,TS1.3,mc,"A Glue ETL job processes daily customer transaction data and writes results to Amazon S3 for ML training. Recently, the source system started producing records where the transaction date is set to the year 2099. The ML engineer needs the pipeline to detect this anomaly and halt before the corrupt data reaches the training job. Which approach is correct?","AWS Glue Data Quality allows you to define a constraint that the transaction_date column must be less than the current date or within an acceptable range. When this rule is violated the pipeline can be configured to fail the job before the bad data reaches S3. SageMaker Clarify analyzes demographic bias not date range anomalies. SageMaker Ground Truth labels data rather than validating it. Amazon Macie detects sensitive PII content not business rule violations on date columns.",k-1-3-4,medium,ai-generated,false,C,Use SageMaker Ground Truth to have human annotators flag records with invalid dates,false,3
q-1-3-12,TS1.3,mc,"A Glue ETL job processes daily customer transaction data and writes results to Amazon S3 for ML training. Recently, the source system started producing records where the transaction date is set to the year 2099. The ML engineer needs the pipeline to detect this anomaly and halt before the corrupt data reaches the training job. Which approach is correct?","AWS Glue Data Quality allows you to define a constraint that the transaction_date column must be less than the current date or within an acceptable range. When this rule is violated the pipeline can be configured to fail the job before the bad data reaches S3. SageMaker Clarify analyzes demographic bias not date range anomalies. SageMaker Ground Truth labels data rather than validating it. Amazon Macie detects sensitive PII content not business rule violations on date columns.",k-1-3-4,medium,ai-generated,false,D,Enable Amazon Macie on the S3 bucket to scan for invalid date values,false,4
q-1-3-13,TS1.3,mc,"A company is building a machine learning model using a customer survey dataset collected from a single city. The model will be deployed nationally. An ML engineer reviews SageMaker Clarify pre-training bias metrics and finds a high Class Imbalance score for the geographic region feature. What does this finding indicate and what is the recommended action?","A high Class Imbalance score means the geographic region feature is heavily skewed toward one region — in this case the single city where the survey was conducted. This means the model will have very few training examples from other regions and will likely perform poorly on national deployment. The recommended action is to collect more representative data from other regions or apply resampling techniques. The Class Imbalance metric specifically measures whether a facet (demographic or geographic group) is underrepresented relative to the overall dataset.",k-1-3-2|s-1-3-1,medium,ai-generated,false,A,"The model is overfitting to the training data — reduce the number of features and apply L2 regularization",false,1
q-1-3-13,TS1.3,mc,"A company is building a machine learning model using a customer survey dataset collected from a single city. The model will be deployed nationally. An ML engineer reviews SageMaker Clarify pre-training bias metrics and finds a high Class Imbalance score for the geographic region feature. What does this finding indicate and what is the recommended action?","A high Class Imbalance score means the geographic region feature is heavily skewed toward one region — in this case the single city where the survey was conducted. This means the model will have very few training examples from other regions and will likely perform poorly on national deployment. The recommended action is to collect more representative data from other regions or apply resampling techniques. The Class Imbalance metric specifically measures whether a facet (demographic or geographic group) is underrepresented relative to the overall dataset.",k-1-3-2|s-1-3-1,medium,ai-generated,false,B,"The geographic region feature is heavily skewed toward one region, meaning other regions are underrepresented — collect more diverse data or apply resampling",true,2
q-1-3-13,TS1.3,mc,"A company is building a machine learning model using a customer survey dataset collected from a single city. The model will be deployed nationally. An ML engineer reviews SageMaker Clarify pre-training bias metrics and finds a high Class Imbalance score for the geographic region feature. What does this finding indicate and what is the recommended action?","A high Class Imbalance score means the geographic region feature is heavily skewed toward one region — in this case the single city where the survey was conducted. This means the model will have very few training examples from other regions and will likely perform poorly on national deployment. The recommended action is to collect more representative data from other regions or apply resampling techniques. The Class Imbalance metric specifically measures whether a facet (demographic or geographic group) is underrepresented relative to the overall dataset.",k-1-3-2|s-1-3-1,medium,ai-generated,false,C,"The Class Imbalance score is a convergence metric — the model training is diverging and needs a lower learning rate",false,3
q-1-3-13,TS1.3,mc,"A company is building a machine learning model using a customer survey dataset collected from a single city. The model will be deployed nationally. An ML engineer reviews SageMaker Clarify pre-training bias metrics and finds a high Class Imbalance score for the geographic region feature. What does this finding indicate and what is the recommended action?","A high Class Imbalance score means the geographic region feature is heavily skewed toward one region — in this case the single city where the survey was conducted. This means the model will have very few training examples from other regions and will likely perform poorly on national deployment. The recommended action is to collect more representative data from other regions or apply resampling techniques. The Class Imbalance metric specifically measures whether a facet (demographic or geographic group) is underrepresented relative to the overall dataset.",k-1-3-2|s-1-3-1,medium,ai-generated,false,D,"The Clarify score indicates data leakage — apply stratified splitting to isolate the geographic feature",false,4
q-1-3-14,TS1.3,mc,"A company operates in multiple European countries and must comply with GDPR data residency requirements. All ML training data containing personal information must remain within the European Union and cannot be transferred to other AWS regions. The company uses AWS Organizations with multiple member accounts. Which combination of controls enforces this requirement most effectively?","AWS Organizations Service Control Policies (SCPs) can deny cross-region S3 operations at the organizational level, overriding any IAM permissions in member accounts. S3 bucket policies with region conditions restrict which regions can access or copy the data. These two controls together create an organizational guardrail that prevents data from leaving the EU region even if an individual IAM role or account attempts it. KMS encrypts data but does not prevent cross-region movement. Lake Formation governs access not data residency.",k-1-3-5,medium,ai-generated,false,A,Enable S3 Object Lock on all training data buckets,false,1
q-1-3-14,TS1.3,mc,"A company operates in multiple European countries and must comply with GDPR data residency requirements. All ML training data containing personal information must remain within the European Union and cannot be transferred to other AWS regions. The company uses AWS Organizations with multiple member accounts. Which combination of controls enforces this requirement most effectively?","AWS Organizations Service Control Policies (SCPs) can deny cross-region S3 operations at the organizational level, overriding any IAM permissions in member accounts. S3 bucket policies with region conditions restrict which regions can access or copy the data. These two controls together create an organizational guardrail that prevents data from leaving the EU region even if an individual IAM role or account attempts it. KMS encrypts data but does not prevent cross-region movement. Lake Formation governs access not data residency.",k-1-3-5,medium,ai-generated,false,B,Apply an AWS Organizations SCP denying cross-region S3 operations combined with S3 bucket policies restricting the source region,true,2
q-1-3-14,TS1.3,mc,"A company operates in multiple European countries and must comply with GDPR data residency requirements. All ML training data containing personal information must remain within the European Union and cannot be transferred to other AWS regions. The company uses AWS Organizations with multiple member accounts. Which combination of controls enforces this requirement most effectively?","AWS Organizations Service Control Policies (SCPs) can deny cross-region S3 operations at the organizational level, overriding any IAM permissions in member accounts. S3 bucket policies with region conditions restrict which regions can access or copy the data. These two controls together create an organizational guardrail that prevents data from leaving the EU region even if an individual IAM role or account attempts it. KMS encrypts data but does not prevent cross-region movement. Lake Formation governs access not data residency.",k-1-3-5,medium,ai-generated,false,C,Encrypt all training data with AWS KMS customer-managed keys in the EU region,false,3
q-1-3-14,TS1.3,mc,"A company operates in multiple European countries and must comply with GDPR data residency requirements. All ML training data containing personal information must remain within the European Union and cannot be transferred to other AWS regions. The company uses AWS Organizations with multiple member accounts. Which combination of controls enforces this requirement most effectively?","AWS Organizations Service Control Policies (SCPs) can deny cross-region S3 operations at the organizational level, overriding any IAM permissions in member accounts. S3 bucket policies with region conditions restrict which regions can access or copy the data. These two controls together create an organizational guardrail that prevents data from leaving the EU region even if an individual IAM role or account attempts it. KMS encrypts data but does not prevent cross-region movement. Lake Formation governs access not data residency.",k-1-3-5,medium,ai-generated,false,D,Configure AWS Lake Formation to grant access only to IAM roles in EU-based accounts,false,4
q-1-3-15,TS1.3,mc,"A company has a small tabular dataset of 5000 examples for training a classification model. The dataset is too small to set aside a dedicated test set without significantly reducing the training data. Which data splitting strategy should the ML engineer use to maximize both model training and evaluation quality?","K-fold cross-validation is the correct strategy for small datasets. The data is divided into K equal folds. The model trains on K-1 folds and validates on the remaining fold. This process repeats K times with each fold serving as the validation set once. The final evaluation score is the average across all K folds. This maximizes the use of available data for both training and evaluation. A simple 80/20 split wastes 20% of a small dataset for evaluation. Oversampling does not address the evaluation strategy problem.",k-1-3-2|s-1-3-2,medium,ai-generated,false,A,Apply a simple 80/20 train-test split and train on 80% of the data,false,1
q-1-3-15,TS1.3,mc,"A company has a small tabular dataset of 5000 examples for training a classification model. The dataset is too small to set aside a dedicated test set without significantly reducing the training data. Which data splitting strategy should the ML engineer use to maximize both model training and evaluation quality?","K-fold cross-validation is the correct strategy for small datasets. The data is divided into K equal folds. The model trains on K-1 folds and validates on the remaining fold. This process repeats K times with each fold serving as the validation set once. The final evaluation score is the average across all K folds. This maximizes the use of available data for both training and evaluation. A simple 80/20 split wastes 20% of a small dataset for evaluation. Oversampling does not address the evaluation strategy problem.",k-1-3-2|s-1-3-2,medium,ai-generated,false,B,Use K-fold cross-validation to maximize training data utilization while still evaluating model performance,true,2
q-1-3-15,TS1.3,mc,"A company has a small tabular dataset of 5000 examples for training a classification model. The dataset is too small to set aside a dedicated test set without significantly reducing the training data. Which data splitting strategy should the ML engineer use to maximize both model training and evaluation quality?","K-fold cross-validation is the correct strategy for small datasets. The data is divided into K equal folds. The model trains on K-1 folds and validates on the remaining fold. This process repeats K times with each fold serving as the validation set once. The final evaluation score is the average across all K folds. This maximizes the use of available data for both training and evaluation. A simple 80/20 split wastes 20% of a small dataset for evaluation. Oversampling does not address the evaluation strategy problem.",k-1-3-2|s-1-3-2,medium,ai-generated,false,C,Apply SMOTE oversampling to expand the dataset to 50000 examples before splitting,false,3
q-1-3-15,TS1.3,mc,"A company has a small tabular dataset of 5000 examples for training a classification model. The dataset is too small to set aside a dedicated test set without significantly reducing the training data. Which data splitting strategy should the ML engineer use to maximize both model training and evaluation quality?","K-fold cross-validation is the correct strategy for small datasets. The data is divided into K equal folds. The model trains on K-1 folds and validates on the remaining fold. This process repeats K times with each fold serving as the validation set once. The final evaluation score is the average across all K folds. This maximizes the use of available data for both training and evaluation. A simple 80/20 split wastes 20% of a small dataset for evaluation. Oversampling does not address the evaluation strategy problem.",k-1-3-2|s-1-3-2,medium,ai-generated,false,D,Use a 50/50 train-test split to ensure the evaluation set is large enough,false,4
q-1-3-16,TS1.3,mc,"An ML engineer is labeling a large dataset of 200000 customer support emails for sentiment classification. The labeling team estimates it would take 6 months to review all emails manually. The ML engineer wants to reduce labeling time without compromising accuracy. Which Ground Truth feature should be used?","Active learning in SageMaker Ground Truth is correct. The system trains a model on the initial labeled examples. For future examples it automatically labels those it classifies with high confidence and routes only low-confidence ambiguous examples to human annotators. This dramatically reduces the volume requiring human review — often by 70 to 90 percent. A private workforce controls who does the labeling but does not reduce the volume. Ground Truth Plus provides managed workforce service but does not reduce volume through automation. Stratified splits are a data preparation technique not a labeling efficiency feature.",k-1-3-1,hard,ai-generated,false,A,Use a private workforce of domain experts to improve labeling speed,false,1
q-1-3-16,TS1.3,mc,"An ML engineer is labeling a large dataset of 200000 customer support emails for sentiment classification. The labeling team estimates it would take 6 months to review all emails manually. The ML engineer wants to reduce labeling time without compromising accuracy. Which Ground Truth feature should be used?","Active learning in SageMaker Ground Truth is correct. The system trains a model on the initial labeled examples. For future examples it automatically labels those it classifies with high confidence and routes only low-confidence ambiguous examples to human annotators. This dramatically reduces the volume requiring human review — often by 70 to 90 percent. A private workforce controls who does the labeling but does not reduce the volume. Ground Truth Plus provides managed workforce service but does not reduce volume through automation. Stratified splits are a data preparation technique not a labeling efficiency feature.",k-1-3-1,hard,ai-generated,false,B,Enable active learning so Ground Truth automatically labels confident examples and sends only ambiguous ones to humans,true,2
q-1-3-16,TS1.3,mc,"An ML engineer is labeling a large dataset of 200000 customer support emails for sentiment classification. The labeling team estimates it would take 6 months to review all emails manually. The ML engineer wants to reduce labeling time without compromising accuracy. Which Ground Truth feature should be used?","Active learning in SageMaker Ground Truth is correct. The system trains a model on the initial labeled examples. For future examples it automatically labels those it classifies with high confidence and routes only low-confidence ambiguous examples to human annotators. This dramatically reduces the volume requiring human review — often by 70 to 90 percent. A private workforce controls who does the labeling but does not reduce the volume. Ground Truth Plus provides managed workforce service but does not reduce volume through automation. Stratified splits are a data preparation technique not a labeling efficiency feature.",k-1-3-1,hard,ai-generated,false,C,Switch to Ground Truth Plus so AWS manages the entire labeling operation,false,3
q-1-3-16,TS1.3,mc,"An ML engineer is labeling a large dataset of 200000 customer support emails for sentiment classification. The labeling team estimates it would take 6 months to review all emails manually. The ML engineer wants to reduce labeling time without compromising accuracy. Which Ground Truth feature should be used?","Active learning in SageMaker Ground Truth is correct. The system trains a model on the initial labeled examples. For future examples it automatically labels those it classifies with high confidence and routes only low-confidence ambiguous examples to human annotators. This dramatically reduces the volume requiring human review — often by 70 to 90 percent. A private workforce controls who does the labeling but does not reduce the volume. Ground Truth Plus provides managed workforce service but does not reduce volume through automation. Stratified splits are a data preparation technique not a labeling efficiency feature.",k-1-3-1,hard,ai-generated,false,D,Apply stratified sampling to reduce the labeling dataset to a statistically representative 10000 examples,false,4
q-1-3-17,TS1.3,mc,"An ML team trains a binary classification model on a loan approval dataset. SageMaker Clarify pre-training analysis reports a Difference in Proportions of Labels (DPL) score of 0.35 for the gender feature. What does this metric indicate and what is the correct interpretation?","The Difference in Proportions of Labels (DPL) measures whether the proportion of positive outcomes (loan approvals) differs significantly between demographic groups. A DPL of 0.35 means that one gender group receives loan approvals at a rate 35 percentage points higher than the other group in the training data. This is a significant label bias — the model trained on this data will learn to reproduce this disparity. It does not measure feature correlation, model accuracy, or data completeness.",k-1-3-2,hard,ai-generated,false,A,"The model accuracy differs by 35% between gender groups, indicating the model is already biased",false,1
q-1-3-17,TS1.3,mc,"An ML team trains a binary classification model on a loan approval dataset. SageMaker Clarify pre-training analysis reports a Difference in Proportions of Labels (DPL) score of 0.35 for the gender feature. What does this metric indicate and what is the correct interpretation?","The Difference in Proportions of Labels (DPL) measures whether the proportion of positive outcomes (loan approvals) differs significantly between demographic groups. A DPL of 0.35 means that one gender group receives loan approvals at a rate 35 percentage points higher than the other group in the training data. This is a significant label bias — the model trained on this data will learn to reproduce this disparity. It does not measure feature correlation, model accuracy, or data completeness.",k-1-3-2,hard,ai-generated,false,B,"The positive outcome rate (loan approval) differs by 35 percentage points between gender groups in the training data, indicating label bias before any model is trained",true,2
q-1-3-17,TS1.3,mc,"An ML team trains a binary classification model on a loan approval dataset. SageMaker Clarify pre-training analysis reports a Difference in Proportions of Labels (DPL) score of 0.35 for the gender feature. What does this metric indicate and what is the correct interpretation?","The Difference in Proportions of Labels (DPL) measures whether the proportion of positive outcomes (loan approvals) differs significantly between demographic groups. A DPL of 0.35 means that one gender group receives loan approvals at a rate 35 percentage points higher than the other group in the training data. This is a significant label bias — the model trained on this data will learn to reproduce this disparity. It does not measure feature correlation, model accuracy, or data completeness.",k-1-3-2,hard,ai-generated,false,C,"35% of the gender column values are missing, causing data completeness issues",false,3
q-1-3-17,TS1.3,mc,"An ML team trains a binary classification model on a loan approval dataset. SageMaker Clarify pre-training analysis reports a Difference in Proportions of Labels (DPL) score of 0.35 for the gender feature. What does this metric indicate and what is the correct interpretation?","The Difference in Proportions of Labels (DPL) measures whether the proportion of positive outcomes (loan approvals) differs significantly between demographic groups. A DPL of 0.35 means that one gender group receives loan approvals at a rate 35 percentage points higher than the other group in the training data. This is a significant label bias — the model trained on this data will learn to reproduce this disparity. It does not measure feature correlation, model accuracy, or data completeness.",k-1-3-2,hard,ai-generated,false,D,"Gender is 35% correlated with the loan amount feature, indicating multicollinearity",false,4
q-1-3-18,TS1.3,mc,"A company processes patient health records for an ML model that predicts hospital readmission risk. The data pipeline ingests records from multiple hospital systems and must: encrypt all patient data at rest using customer-managed keys, prevent any data from leaving the us-east-1 region, automatically detect any S3 bucket that inadvertently stores unencrypted patient records, and enforce column-level access so only senior clinicians see the diagnosis codes column. Which combination of services implements ALL four requirements?","KMS with customer-managed keys addresses requirement 1 — at-rest encryption. S3 bucket policies with region conditions plus AWS Organizations SCPs address requirement 2 — data residency. Amazon Macie addresses requirement 3 — it detects unencrypted or misconfigured S3 buckets containing sensitive data. AWS Lake Formation addresses requirement 4 — column-level security over the data catalog. No single service handles all four — this requires a four-service combination.",k-1-3-5|k-1-3-4,hard,ai-generated,false,A,AWS KMS plus Amazon Macie plus AWS Lake Formation plus S3 bucket policies with AWS Organizations SCPs,true,1
q-1-3-18,TS1.3,mc,"A company processes patient health records for an ML model that predicts hospital readmission risk. The data pipeline ingests records from multiple hospital systems and must: encrypt all patient data at rest using customer-managed keys, prevent any data from leaving the us-east-1 region, automatically detect any S3 bucket that inadvertently stores unencrypted patient records, and enforce column-level access so only senior clinicians see the diagnosis codes column. Which combination of services implements ALL four requirements?","KMS with customer-managed keys addresses requirement 1 — at-rest encryption. S3 bucket policies with region conditions plus AWS Organizations SCPs address requirement 2 — data residency. Amazon Macie addresses requirement 3 — it detects unencrypted or misconfigured S3 buckets containing sensitive data. AWS Lake Formation addresses requirement 4 — column-level security over the data catalog. No single service handles all four — this requires a four-service combination.",k-1-3-5|k-1-3-4,hard,ai-generated,false,B,AWS KMS plus AWS Glue Data Quality plus Amazon Athena plus AWS CloudTrail,false,2
q-1-3-18,TS1.3,mc,"A company processes patient health records for an ML model that predicts hospital readmission risk. The data pipeline ingests records from multiple hospital systems and must: encrypt all patient data at rest using customer-managed keys, prevent any data from leaving the us-east-1 region, automatically detect any S3 bucket that inadvertently stores unencrypted patient records, and enforce column-level access so only senior clinicians see the diagnosis codes column. Which combination of services implements ALL four requirements?","KMS with customer-managed keys addresses requirement 1 — at-rest encryption. S3 bucket policies with region conditions plus AWS Organizations SCPs address requirement 2 — data residency. Amazon Macie addresses requirement 3 — it detects unencrypted or misconfigured S3 buckets containing sensitive data. AWS Lake Formation addresses requirement 4 — column-level security over the data catalog. No single service handles all four — this requires a four-service combination.",k-1-3-5|k-1-3-4,hard,ai-generated,false,C,SageMaker Clarify plus Amazon Macie plus AWS Glue Data Quality plus AWS CloudTrail,false,3
q-1-3-18,TS1.3,mc,"A company processes patient health records for an ML model that predicts hospital readmission risk. The data pipeline ingests records from multiple hospital systems and must: encrypt all patient data at rest using customer-managed keys, prevent any data from leaving the us-east-1 region, automatically detect any S3 bucket that inadvertently stores unencrypted patient records, and enforce column-level access so only senior clinicians see the diagnosis codes column. Which combination of services implements ALL four requirements?","KMS with customer-managed keys addresses requirement 1 — at-rest encryption. S3 bucket policies with region conditions plus AWS Organizations SCPs address requirement 2 — data residency. Amazon Macie addresses requirement 3 — it detects unencrypted or misconfigured S3 buckets containing sensitive data. AWS Lake Formation addresses requirement 4 — column-level security over the data catalog. No single service handles all four — this requires a four-service combination.",k-1-3-5|k-1-3-4,hard,ai-generated,false,D,SageMaker Ground Truth plus Amazon Macie plus SageMaker Clarify plus AWS KMS,false,4
q-1-3-19,TS1.3,mc,"An ML engineer applies SMOTE to a training dataset to address class imbalance before splitting into training and test sets. After training, the model shows excellent test set performance but performs poorly on real production data. What is the most likely cause of this discrepancy?","Applying SMOTE before the train-test split contaminates the test set with synthetic samples generated from training data neighbors. The synthetic test samples are not truly independent from the training data, making the test evaluation optimistically biased. In production the model encounters real examples not synthetically interpolated ones. The correct approach is to split first into train and test, then apply SMOTE only to the training portion. The test set must remain entirely real untouched data.",k-1-3-3|s-1-3-2,hard,ai-generated,false,A,The SMOTE implementation generated too many synthetic samples causing the model to overfit,false,1
q-1-3-19,TS1.3,mc,"An ML engineer applies SMOTE to a training dataset to address class imbalance before splitting into training and test sets. After training, the model shows excellent test set performance but performs poorly on real production data. What is the most likely cause of this discrepancy?","Applying SMOTE before the train-test split contaminates the test set with synthetic samples generated from training data neighbors. The synthetic test samples are not truly independent from the training data, making the test evaluation optimistically biased. In production the model encounters real examples not synthetically interpolated ones. The correct approach is to split first into train and test, then apply SMOTE only to the training portion. The test set must remain entirely real untouched data.",k-1-3-3|s-1-3-2,hard,ai-generated,false,B,SMOTE was applied before splitting so synthetic training samples leaked into the test set making the evaluation misleadingly optimistic,true,2
q-1-3-19,TS1.3,mc,"An ML engineer applies SMOTE to a training dataset to address class imbalance before splitting into training and test sets. After training, the model shows excellent test set performance but performs poorly on real production data. What is the most likely cause of this discrepancy?","Applying SMOTE before the train-test split contaminates the test set with synthetic samples generated from training data neighbors. The synthetic test samples are not truly independent from the training data, making the test evaluation optimistically biased. In production the model encounters real examples not synthetically interpolated ones. The correct approach is to split first into train and test, then apply SMOTE only to the training portion. The test set must remain entirely real untouched data.",k-1-3-3|s-1-3-2,hard,ai-generated,false,C,The XGBoost scale_pos_weight hyperparameter was not set correctly after applying SMOTE,false,3
q-1-3-19,TS1.3,mc,"An ML engineer applies SMOTE to a training dataset to address class imbalance before splitting into training and test sets. After training, the model shows excellent test set performance but performs poorly on real production data. What is the most likely cause of this discrepancy?","Applying SMOTE before the train-test split contaminates the test set with synthetic samples generated from training data neighbors. The synthetic test samples are not truly independent from the training data, making the test evaluation optimistically biased. In production the model encounters real examples not synthetically interpolated ones. The correct approach is to split first into train and test, then apply SMOTE only to the training portion. The test set must remain entirely real untouched data.",k-1-3-3|s-1-3-2,hard,ai-generated,false,D,The model is underfitting because SMOTE reduced the effective size of the training set,false,4
q-1-3-20,TS1.3,mr,"An ML engineer is designing a comprehensive data integrity strategy for a healthcare ML pipeline. The pipeline must: (1) label thousands of unlabeled MRI scans using internal radiologists only, (2) validate that all blood pressure readings are between 60 and 200 before entering the training job, (3) detect whether patient data stored in S3 contains social security numbers, and (4) measure whether female patients are underrepresented in the training dataset relative to male patients. Which mapping of services to requirements is CORRECT? (Select the FOUR correct pairings — choose all that apply)","SageMaker Ground Truth with private workforce addresses requirement 1 — human labeling restricted to internal radiologists. AWS Glue Data Quality addresses requirement 2 — value range validation rules that halt the pipeline on violation. Amazon Macie addresses requirement 3 — automated PII discovery in S3 including social security numbers. SageMaker Clarify pre-training addresses requirement 4 — Class Imbalance metric measures demographic group underrepresentation. SageMaker Debugger monitors training convergence not pipeline data.",k-1-3-1|k-1-3-4|k-1-3-5|k-1-3-2,hard,ai-generated,false,A,SageMaker Ground Truth with private workforce for MRI labeling,true,1
q-1-3-20,TS1.3,mr,"An ML engineer is designing a comprehensive data integrity strategy for a healthcare ML pipeline. The pipeline must: (1) label thousands of unlabeled MRI scans using internal radiologists only, (2) validate that all blood pressure readings are between 60 and 200 before entering the training job, (3) detect whether patient data stored in S3 contains social security numbers, and (4) measure whether female patients are underrepresented in the training dataset relative to male patients. Which mapping of services to requirements is CORRECT? (Select the FOUR correct pairings — choose all that apply)","SageMaker Ground Truth with private workforce addresses requirement 1 — human labeling restricted to internal radiologists. AWS Glue Data Quality addresses requirement 2 — value range validation rules that halt the pipeline on violation. Amazon Macie addresses requirement 3 — automated PII discovery in S3 including social security numbers. SageMaker Clarify pre-training addresses requirement 4 — Class Imbalance metric measures demographic group underrepresentation. SageMaker Debugger monitors training convergence not pipeline data.",k-1-3-1|k-1-3-4|k-1-3-5|k-1-3-2,hard,ai-generated,false,B,AWS Glue Data Quality for blood pressure range validation,true,2
q-1-3-20,TS1.3,mr,"An ML engineer is designing a comprehensive data integrity strategy for a healthcare ML pipeline. The pipeline must: (1) label thousands of unlabeled MRI scans using internal radiologists only, (2) validate that all blood pressure readings are between 60 and 200 before entering the training job, (3) detect whether patient data stored in S3 contains social security numbers, and (4) measure whether female patients are underrepresented in the training dataset relative to male patients. Which mapping of services to requirements is CORRECT? (Select the FOUR correct pairings — choose all that apply)","SageMaker Ground Truth with private workforce addresses requirement 1 — human labeling restricted to internal radiologists. AWS Glue Data Quality addresses requirement 2 — value range validation rules that halt the pipeline on violation. Amazon Macie addresses requirement 3 — automated PII discovery in S3 including social security numbers. SageMaker Clarify pre-training addresses requirement 4 — Class Imbalance metric measures demographic group underrepresentation. SageMaker Debugger monitors training convergence not pipeline data.",k-1-3-1|k-1-3-4|k-1-3-5|k-1-3-2,hard,ai-generated,false,C,Amazon Macie for social security number discovery in S3,true,3
q-1-3-20,TS1.3,mr,"An ML engineer is designing a comprehensive data integrity strategy for a healthcare ML pipeline. The pipeline must: (1) label thousands of unlabeled MRI scans using internal radiologists only, (2) validate that all blood pressure readings are between 60 and 200 before entering the training job, (3) detect whether patient data stored in S3 contains social security numbers, and (4) measure whether female patients are underrepresented in the training dataset relative to male patients. Which mapping of services to requirements is CORRECT? (Select the FOUR correct pairings — choose all that apply)","SageMaker Ground Truth with private workforce addresses requirement 1 — human labeling restricted to internal radiologists. AWS Glue Data Quality addresses requirement 2 — value range validation rules that halt the pipeline on violation. Amazon Macie addresses requirement 3 — automated PII discovery in S3 including social security numbers. SageMaker Clarify pre-training addresses requirement 4 — Class Imbalance metric measures demographic group underrepresentation. SageMaker Debugger monitors training convergence not pipeline data.",k-1-3-1|k-1-3-4|k-1-3-5|k-1-3-2,hard,ai-generated,false,D,SageMaker Clarify pre-training for measuring gender underrepresentation,true,4
q-1-3-20,TS1.3,mr,"An ML engineer is designing a comprehensive data integrity strategy for a healthcare ML pipeline. The pipeline must: (1) label thousands of unlabeled MRI scans using internal radiologists only, (2) validate that all blood pressure readings are between 60 and 200 before entering the training job, (3) detect whether patient data stored in S3 contains social security numbers, and (4) measure whether female patients are underrepresented in the training dataset relative to male patients. Which mapping of services to requirements is CORRECT? (Select the FOUR correct pairings — choose all that apply)","SageMaker Ground Truth with private workforce addresses requirement 1 — human labeling restricted to internal radiologists. AWS Glue Data Quality addresses requirement 2 — value range validation rules that halt the pipeline on violation. Amazon Macie addresses requirement 3 — automated PII discovery in S3 including social security numbers. SageMaker Clarify pre-training addresses requirement 4 — Class Imbalance metric measures demographic group underrepresentation. SageMaker Debugger monitors training convergence not pipeline data.",k-1-3-1|k-1-3-4|k-1-3-5|k-1-3-2,hard,ai-generated,false,E,Amazon SageMaker Debugger for blood pressure range validation,false,5
q-1-3-21,TS1.3,mc,"A company builds a recidivism prediction model for parole decisions. After deployment, civil rights organizations raise concerns that the model predicts higher recidivism risk for certain racial groups even when controlling for criminal history. An ML engineer is tasked with investigating whether this bias originated in the training data. Which SageMaker Clarify metric should the engineer examine first?","The Difference in Proportions of Labels (DPL) directly measures whether positive outcome rates differ between demographic groups in the training data. In this case a high DPL on the race feature would indicate that the training data itself assigns different recidivism labels to racial groups at different rates — confirming the bias originated in the data before any model was trained. Class Imbalance measures group representation not outcome rates. SHAP values measure feature attribution in a trained model not pre-training data properties. KL Divergence is a secondary metric after DPL is examined.",k-1-3-2|s-1-3-1,hard,ai-generated,false,A,Class Imbalance (CI) score for the race feature,false,1
q-1-3-21,TS1.3,mc,"A company builds a recidivism prediction model for parole decisions. After deployment, civil rights organizations raise concerns that the model predicts higher recidivism risk for certain racial groups even when controlling for criminal history. An ML engineer is tasked with investigating whether this bias originated in the training data. Which SageMaker Clarify metric should the engineer examine first?","The Difference in Proportions of Labels (DPL) directly measures whether positive outcome rates differ between demographic groups in the training data. In this case a high DPL on the race feature would indicate that the training data itself assigns different recidivism labels to racial groups at different rates — confirming the bias originated in the data before any model was trained. Class Imbalance measures group representation not outcome rates. SHAP values measure feature attribution in a trained model not pre-training data properties. KL Divergence is a secondary metric after DPL is examined.",k-1-3-2|s-1-3-1,hard,ai-generated,false,B,Difference in Proportions of Labels (DPL) for the race feature,true,2
q-1-3-21,TS1.3,mc,"A company builds a recidivism prediction model for parole decisions. After deployment, civil rights organizations raise concerns that the model predicts higher recidivism risk for certain racial groups even when controlling for criminal history. An ML engineer is tasked with investigating whether this bias originated in the training data. Which SageMaker Clarify metric should the engineer examine first?","The Difference in Proportions of Labels (DPL) directly measures whether positive outcome rates differ between demographic groups in the training data. In this case a high DPL on the race feature would indicate that the training data itself assigns different recidivism labels to racial groups at different rates — confirming the bias originated in the data before any model was trained. Class Imbalance measures group representation not outcome rates. SHAP values measure feature attribution in a trained model not pre-training data properties. KL Divergence is a secondary metric after DPL is examined.",k-1-3-2|s-1-3-1,hard,ai-generated,false,C,SHAP values from post-training Clarify explainability analysis,false,3
q-1-3-21,TS1.3,mc,"A company builds a recidivism prediction model for parole decisions. After deployment, civil rights organizations raise concerns that the model predicts higher recidivism risk for certain racial groups even when controlling for criminal history. An ML engineer is tasked with investigating whether this bias originated in the training data. Which SageMaker Clarify metric should the engineer examine first?","The Difference in Proportions of Labels (DPL) directly measures whether positive outcome rates differ between demographic groups in the training data. In this case a high DPL on the race feature would indicate that the training data itself assigns different recidivism labels to racial groups at different rates — confirming the bias originated in the data before any model was trained. Class Imbalance measures group representation not outcome rates. SHAP values measure feature attribution in a trained model not pre-training data properties. KL Divergence is a secondary metric after DPL is examined.",k-1-3-2|s-1-3-1,hard,ai-generated,false,D,KL Divergence score between racial groups,false,4
q-1-3-22,TS1.3,matching,"Match each data integrity scenario to the correct AWS service or technique.","Ground Truth = human annotation for unlabeled data. Clarify pre-training = measure demographic bias before training. Glue Data Quality = stop pipeline on rule violations. Macie = discover PII in S3. SMOTE = address class imbalance by generating synthetic minority samples. These five are the core data integrity services and techniques tested.",k-1-3-1|k-1-3-2|k-1-3-3|k-1-3-4|k-1-3-5,hard,ai-generated,false,L1,10000 raw product images need human-assigned category labels before training,R1,1
q-1-3-22,TS1.3,matching,"Match each data integrity scenario to the correct AWS service or technique.","Ground Truth = human annotation for unlabeled data. Clarify pre-training = measure demographic bias before training. Glue Data Quality = stop pipeline on rule violations. Macie = discover PII in S3. SMOTE = address class imbalance by generating synthetic minority samples. These five are the core data integrity services and techniques tested.",k-1-3-1|k-1-3-2|k-1-3-3|k-1-3-4|k-1-3-5,hard,ai-generated,false,L2,Determine whether elderly patients are underrepresented in a medical training dataset before training begins,R2,2
q-1-3-22,TS1.3,matching,"Match each data integrity scenario to the correct AWS service or technique.","Ground Truth = human annotation for unlabeled data. Clarify pre-training = measure demographic bias before training. Glue Data Quality = stop pipeline on rule violations. Macie = discover PII in S3. SMOTE = address class imbalance by generating synthetic minority samples. These five are the core data integrity services and techniques tested.",k-1-3-1|k-1-3-2|k-1-3-3|k-1-3-4|k-1-3-5,hard,ai-generated,false,L3,Stop the ETL pipeline when a salary column contains negative values,R3,3
q-1-3-22,TS1.3,matching,"Match each data integrity scenario to the correct AWS service or technique.","Ground Truth = human annotation for unlabeled data. Clarify pre-training = measure demographic bias before training. Glue Data Quality = stop pipeline on rule violations. Macie = discover PII in S3. SMOTE = address class imbalance by generating synthetic minority samples. These five are the core data integrity services and techniques tested.",k-1-3-1|k-1-3-2|k-1-3-3|k-1-3-4|k-1-3-5,hard,ai-generated,false,L4,Identify whether an S3 bucket containing training data includes customer passport numbers,R4,4
q-1-3-22,TS1.3,matching,"Match each data integrity scenario to the correct AWS service or technique.","Ground Truth = human annotation for unlabeled data. Clarify pre-training = measure demographic bias before training. Glue Data Quality = stop pipeline on rule violations. Macie = discover PII in S3. SMOTE = address class imbalance by generating synthetic minority samples. These five are the core data integrity services and techniques tested.",k-1-3-1|k-1-3-2|k-1-3-3|k-1-3-4|k-1-3-5,hard,ai-generated,false,L5,A fraud dataset has 98% legitimate and 2% fraud — generate additional minority class examples,R5,5
q-1-3-22,TS1.3,matching,"Match each data integrity scenario to the correct AWS service or technique.","Ground Truth = human annotation for unlabeled data. Clarify pre-training = measure demographic bias before training. Glue Data Quality = stop pipeline on rule violations. Macie = discover PII in S3. SMOTE = address class imbalance by generating synthetic minority samples. These five are the core data integrity services and techniques tested.",k-1-3-1|k-1-3-2|k-1-3-3|k-1-3-4|k-1-3-5,hard,ai-generated,false,R1,Amazon SageMaker Ground Truth,,6
q-1-3-22,TS1.3,matching,"Match each data integrity scenario to the correct AWS service or technique.","Ground Truth = human annotation for unlabeled data. Clarify pre-training = measure demographic bias before training. Glue Data Quality = stop pipeline on rule violations. Macie = discover PII in S3. SMOTE = address class imbalance by generating synthetic minority samples. These five are the core data integrity services and techniques tested.",k-1-3-1|k-1-3-2|k-1-3-3|k-1-3-4|k-1-3-5,hard,ai-generated,false,R2,Amazon SageMaker Clarify pre-training bias detection,,7
q-1-3-22,TS1.3,matching,"Match each data integrity scenario to the correct AWS service or technique.","Ground Truth = human annotation for unlabeled data. Clarify pre-training = measure demographic bias before training. Glue Data Quality = stop pipeline on rule violations. Macie = discover PII in S3. SMOTE = address class imbalance by generating synthetic minority samples. These five are the core data integrity services and techniques tested.",k-1-3-1|k-1-3-2|k-1-3-3|k-1-3-4|k-1-3-5,hard,ai-generated,false,R3,AWS Glue Data Quality,,8
q-1-3-22,TS1.3,matching,"Match each data integrity scenario to the correct AWS service or technique.","Ground Truth = human annotation for unlabeled data. Clarify pre-training = measure demographic bias before training. Glue Data Quality = stop pipeline on rule violations. Macie = discover PII in S3. SMOTE = address class imbalance by generating synthetic minority samples. These five are the core data integrity services and techniques tested.",k-1-3-1|k-1-3-2|k-1-3-3|k-1-3-4|k-1-3-5,hard,ai-generated,false,R4,Amazon Macie,,9
q-1-3-22,TS1.3,matching,"Match each data integrity scenario to the correct AWS service or technique.","Ground Truth = human annotation for unlabeled data. Clarify pre-training = measure demographic bias before training. Glue Data Quality = stop pipeline on rule violations. Macie = discover PII in S3. SMOTE = address class imbalance by generating synthetic minority samples. These five are the core data integrity services and techniques tested.",k-1-3-1|k-1-3-2|k-1-3-3|k-1-3-4|k-1-3-5,hard,ai-generated,false,R5,SMOTE,,10
q-1-3-23,TS1.3,matching,"Match each SageMaker Clarify pre-training bias metric to what it measures.","Class Imbalance measures whether a group is underrepresented in the dataset. DPL measures whether positive outcomes differ between groups. KL Divergence measures distributional difference between groups. TVD is an alternative distribution distance metric. These four Clarify metrics appear on the exam by name.",k-1-3-2,hard,ai-generated,false,L1,Measures whether a demographic group is underrepresented in the overall dataset,R1,1
q-1-3-23,TS1.3,matching,"Match each SageMaker Clarify pre-training bias metric to what it measures.","Class Imbalance measures whether a group is underrepresented in the dataset. DPL measures whether positive outcomes differ between groups. KL Divergence measures distributional difference between groups. TVD is an alternative distribution distance metric. These four Clarify metrics appear on the exam by name.",k-1-3-2,hard,ai-generated,false,L2,Measures whether the proportion of positive outcomes differs between demographic groups,R2,2
q-1-3-23,TS1.3,matching,"Match each SageMaker Clarify pre-training bias metric to what it measures.","Class Imbalance measures whether a group is underrepresented in the dataset. DPL measures whether positive outcomes differ between groups. KL Divergence measures distributional difference between groups. TVD is an alternative distribution distance metric. These four Clarify metrics appear on the exam by name.",k-1-3-2,hard,ai-generated,false,L3,Measures how much the label distribution of one group diverges from the overall distribution,R3,3
q-1-3-23,TS1.3,matching,"Match each SageMaker Clarify pre-training bias metric to what it measures.","Class Imbalance measures whether a group is underrepresented in the dataset. DPL measures whether positive outcomes differ between groups. KL Divergence measures distributional difference between groups. TVD is an alternative distribution distance metric. These four Clarify metrics appear on the exam by name.",k-1-3-2,hard,ai-generated,false,L4,Measures the maximum difference between cumulative label distributions across groups,R4,4
q-1-3-23,TS1.3,matching,"Match each SageMaker Clarify pre-training bias metric to what it measures.","Class Imbalance measures whether a group is underrepresented in the dataset. DPL measures whether positive outcomes differ between groups. KL Divergence measures distributional difference between groups. TVD is an alternative distribution distance metric. These four Clarify metrics appear on the exam by name.",k-1-3-2,hard,ai-generated,false,R1,Class Imbalance (CI),,5
q-1-3-23,TS1.3,matching,"Match each SageMaker Clarify pre-training bias metric to what it measures.","Class Imbalance measures whether a group is underrepresented in the dataset. DPL measures whether positive outcomes differ between groups. KL Divergence measures distributional difference between groups. TVD is an alternative distribution distance metric. These four Clarify metrics appear on the exam by name.",k-1-3-2,hard,ai-generated,false,R2,Difference in Proportions of Labels (DPL),,6
q-1-3-23,TS1.3,matching,"Match each SageMaker Clarify pre-training bias metric to what it measures.","Class Imbalance measures whether a group is underrepresented in the dataset. DPL measures whether positive outcomes differ between groups. KL Divergence measures distributional difference between groups. TVD is an alternative distribution distance metric. These four Clarify metrics appear on the exam by name.",k-1-3-2,hard,ai-generated,false,R3,KL Divergence,,7
q-1-3-23,TS1.3,matching,"Match each SageMaker Clarify pre-training bias metric to what it measures.","Class Imbalance measures whether a group is underrepresented in the dataset. DPL measures whether positive outcomes differ between groups. KL Divergence measures distributional difference between groups. TVD is an alternative distribution distance metric. These four Clarify metrics appear on the exam by name.",k-1-3-2,hard,ai-generated,false,R4,Total Variation Distance (TVD),,8
q-1-3-24,TS1.3,mc,"An ML team is evaluating three approaches to address a 95/5 class imbalance in a network intrusion detection dataset: (A) apply SMOTE to the full dataset then split 80/20, (B) split 80/20 first then apply SMOTE only to the training set, (C) set the XGBoost scale_pos_weight to 19 without any resampling. An ML engineer is asked to identify which approach or approaches are technically correct. Which answer is correct?","Approach A is flawed because applying SMOTE before splitting causes data leakage — synthetic samples in the test set are interpolated from training neighbors making evaluation artificially optimistic. Approaches B and C are both valid. B applies SMOTE correctly after splitting keeping the test set clean. C addresses imbalance at the algorithm level using the XGBoost scale_pos_weight hyperparameter which is set to the negative-to-positive ratio (95/5 equals 19). Both avoid contaminating the test set.",k-1-3-3|s-1-3-2,hard,ai-generated,false,A,Only approach A is correct because SMOTE needs the full dataset to generate representative synthetic samples,false,1
q-1-3-24,TS1.3,mc,"An ML team is evaluating three approaches to address a 95/5 class imbalance in a network intrusion detection dataset: (A) apply SMOTE to the full dataset then split 80/20, (B) split 80/20 first then apply SMOTE only to the training set, (C) set the XGBoost scale_pos_weight to 19 without any resampling. An ML engineer is asked to identify which approach or approaches are technically correct. Which answer is correct?","Approach A is flawed because applying SMOTE before splitting causes data leakage — synthetic samples in the test set are interpolated from training neighbors making evaluation artificially optimistic. Approaches B and C are both valid. B applies SMOTE correctly after splitting keeping the test set clean. C addresses imbalance at the algorithm level using the XGBoost scale_pos_weight hyperparameter which is set to the negative-to-positive ratio (95/5 equals 19). Both avoid contaminating the test set.",k-1-3-3|s-1-3-2,hard,ai-generated,false,B,Approaches B and C are both correct — B prevents test set contamination and C addresses imbalance at the algorithm level,true,2
q-1-3-24,TS1.3,mc,"An ML team is evaluating three approaches to address a 95/5 class imbalance in a network intrusion detection dataset: (A) apply SMOTE to the full dataset then split 80/20, (B) split 80/20 first then apply SMOTE only to the training set, (C) set the XGBoost scale_pos_weight to 19 without any resampling. An ML engineer is asked to identify which approach or approaches are technically correct. Which answer is correct?","Approach A is flawed because applying SMOTE before splitting causes data leakage — synthetic samples in the test set are interpolated from training neighbors making evaluation artificially optimistic. Approaches B and C are both valid. B applies SMOTE correctly after splitting keeping the test set clean. C addresses imbalance at the algorithm level using the XGBoost scale_pos_weight hyperparameter which is set to the negative-to-positive ratio (95/5 equals 19). Both avoid contaminating the test set.",k-1-3-3|s-1-3-2,hard,ai-generated,false,C,All three approaches are equally valid for handling class imbalance,false,3
q-1-3-24,TS1.3,mc,"An ML team is evaluating three approaches to address a 95/5 class imbalance in a network intrusion detection dataset: (A) apply SMOTE to the full dataset then split 80/20, (B) split 80/20 first then apply SMOTE only to the training set, (C) set the XGBoost scale_pos_weight to 19 without any resampling. An ML engineer is asked to identify which approach or approaches are technically correct. Which answer is correct?","Approach A is flawed because applying SMOTE before splitting causes data leakage — synthetic samples in the test set are interpolated from training neighbors making evaluation artificially optimistic. Approaches B and C are both valid. B applies SMOTE correctly after splitting keeping the test set clean. C addresses imbalance at the algorithm level using the XGBoost scale_pos_weight hyperparameter which is set to the negative-to-positive ratio (95/5 equals 19). Both avoid contaminating the test set.",k-1-3-3|s-1-3-2,hard,ai-generated,false,D,Only approach C is correct because SMOTE is deprecated in favor of algorithm-level weighting,false,4
q-1-3-25,TS1.3,mc,"A company builds a content moderation model to classify social media posts. A data scientist applies SageMaker Clarify pre-training analysis and finds a high Class Imbalance score on the language feature showing that 85% of posts are in English and 15% are in all other languages combined. The model will be deployed globally. What is the correct interpretation and recommended next step?","The Class Imbalance score confirms the training data is overwhelmingly English which means the model will have poor performance on non-English posts in production. The recommended action is to collect more labeled non-English training examples or apply oversampling techniques to ensure the model generalizes across languages. This is a data collection and representation problem not a model architecture or preprocessing scaling problem.",k-1-3-2|s-1-3-1,hard,ai-generated,false,A,The Class Imbalance score indicates the model architecture needs to be changed to a multilingual transformer,false,1
q-1-3-25,TS1.3,mc,"A company builds a content moderation model to classify social media posts. A data scientist applies SageMaker Clarify pre-training analysis and finds a high Class Imbalance score on the language feature showing that 85% of posts are in English and 15% are in all other languages combined. The model will be deployed globally. What is the correct interpretation and recommended next step?","The Class Imbalance score confirms the training data is overwhelmingly English which means the model will have poor performance on non-English posts in production. The recommended action is to collect more labeled non-English training examples or apply oversampling techniques to ensure the model generalizes across languages. This is a data collection and representation problem not a model architecture or preprocessing scaling problem.",k-1-3-2|s-1-3-1,hard,ai-generated,false,B,The training data is underrepresenting non-English posts — collect more diverse language samples or apply oversampling before training,true,2
q-1-3-25,TS1.3,mc,"A company builds a content moderation model to classify social media posts. A data scientist applies SageMaker Clarify pre-training analysis and finds a high Class Imbalance score on the language feature showing that 85% of posts are in English and 15% are in all other languages combined. The model will be deployed globally. What is the correct interpretation and recommended next step?","The Class Imbalance score confirms the training data is overwhelmingly English which means the model will have poor performance on non-English posts in production. The recommended action is to collect more labeled non-English training examples or apply oversampling techniques to ensure the model generalizes across languages. This is a data collection and representation problem not a model architecture or preprocessing scaling problem.",k-1-3-2|s-1-3-1,hard,ai-generated,false,C,The Class Imbalance score is acceptable — 85% English is proportional to global internet usage,false,3
q-1-3-25,TS1.3,mc,"A company builds a content moderation model to classify social media posts. A data scientist applies SageMaker Clarify pre-training analysis and finds a high Class Imbalance score on the language feature showing that 85% of posts are in English and 15% are in all other languages combined. The model will be deployed globally. What is the correct interpretation and recommended next step?","The Class Imbalance score confirms the training data is overwhelmingly English which means the model will have poor performance on non-English posts in production. The recommended action is to collect more labeled non-English training examples or apply oversampling techniques to ensure the model generalizes across languages. This is a data collection and representation problem not a model architecture or preprocessing scaling problem.",k-1-3-2|s-1-3-1,hard,ai-generated,false,D,Apply min-max normalization to the language feature to reduce the Class Imbalance score,false,4
q-1-3-26,TS1.3,mc,"A data engineering team migrates a customer database to AWS for ML training. The database contains fields including customer name, date of birth, tax identification number, and purchasing history. Before this data is used for model training, the security team wants to verify which specific fields qualify as personally identifiable information. They need an automated scan rather than manual column inspection. Which service should the ML engineer use and why?","Amazon Macie is the only service that specifically performs automated PII classification on S3 data using machine learning. It scans object content and identifies PII categories including names, dates of birth, tax identification numbers, and financial information. AWS Lake Formation controls access but does not classify content. AWS Glue Data Quality validates structural rules like completeness but does not identify PII semantically. Amazon Inspector scans EC2 instances and containers for software vulnerabilities not S3 data content.",k-1-3-5,hard,ai-generated,false,A,"AWS Lake Formation, because it can identify PII columns and restrict access to them",false,1
q-1-3-26,TS1.3,mc,"A data engineering team migrates a customer database to AWS for ML training. The database contains fields including customer name, date of birth, tax identification number, and purchasing history. Before this data is used for model training, the security team wants to verify which specific fields qualify as personally identifiable information. They need an automated scan rather than manual column inspection. Which service should the ML engineer use and why?","Amazon Macie is the only service that specifically performs automated PII classification on S3 data using machine learning. It scans object content and identifies PII categories including names, dates of birth, tax identification numbers, and financial information. AWS Lake Formation controls access but does not classify content. AWS Glue Data Quality validates structural rules like completeness but does not identify PII semantically. Amazon Inspector scans EC2 instances and containers for software vulnerabilities not S3 data content.",k-1-3-5,hard,ai-generated,false,B,"Amazon Macie, because it uses machine learning to automatically scan S3 data and classify sensitive PII fields",true,2
q-1-3-26,TS1.3,mc,"A data engineering team migrates a customer database to AWS for ML training. The database contains fields including customer name, date of birth, tax identification number, and purchasing history. Before this data is used for model training, the security team wants to verify which specific fields qualify as personally identifiable information. They need an automated scan rather than manual column inspection. Which service should the ML engineer use and why?","Amazon Macie is the only service that specifically performs automated PII classification on S3 data using machine learning. It scans object content and identifies PII categories including names, dates of birth, tax identification numbers, and financial information. AWS Lake Formation controls access but does not classify content. AWS Glue Data Quality validates structural rules like completeness but does not identify PII semantically. Amazon Inspector scans EC2 instances and containers for software vulnerabilities not S3 data content.",k-1-3-5,hard,ai-generated,false,C,"AWS Glue Data Quality, because it can define rules to detect columns containing personal information",false,3
q-1-3-26,TS1.3,mc,"A data engineering team migrates a customer database to AWS for ML training. The database contains fields including customer name, date of birth, tax identification number, and purchasing history. Before this data is used for model training, the security team wants to verify which specific fields qualify as personally identifiable information. They need an automated scan rather than manual column inspection. Which service should the ML engineer use and why?","Amazon Macie is the only service that specifically performs automated PII classification on S3 data using machine learning. It scans object content and identifies PII categories including names, dates of birth, tax identification numbers, and financial information. AWS Lake Formation controls access but does not classify content. AWS Glue Data Quality validates structural rules like completeness but does not identify PII semantically. Amazon Inspector scans EC2 instances and containers for software vulnerabilities not S3 data content.",k-1-3-5,hard,ai-generated,false,D,"Amazon Inspector, because it provides deep content inspection on data stored in AWS",false,4
q-1-3-27,TS1.3,mr,"A company trains a loan approval model. SageMaker Clarify pre-training analysis shows: (1) a Class Imbalance score of 0.4 for the age feature with applicants over 60 significantly underrepresented, (2) a DPL score of 0.28 for the gender feature with male applicants receiving approval at a much higher rate than female applicants, and (3) the pipeline receives records where credit scores occasionally fall below zero. Which THREE actions should the ML engineer take before retraining? (Select THREE)","Collecting more data from applicants over 60 or applying oversampling directly addresses the Class Imbalance finding. Reviewing historical labeling practices or recollecting training data with balanced gender outcomes addresses the high DPL score — the bias is in the labels not the model. Adding a Glue Data Quality rule to reject negative credit scores addresses the structural data quality issue. Increasing L2 regularization affects model generalization not data bias. Applying SMOTE to the full dataset before splitting introduces test set contamination.",k-1-3-2|k-1-3-3|k-1-3-4,hard,ai-generated,false,A,Collect additional training data from applicants over 60 or apply oversampling to address age underrepresentation,true,1
q-1-3-27,TS1.3,mr,"A company trains a loan approval model. SageMaker Clarify pre-training analysis shows: (1) a Class Imbalance score of 0.4 for the age feature with applicants over 60 significantly underrepresented, (2) a DPL score of 0.28 for the gender feature with male applicants receiving approval at a much higher rate than female applicants, and (3) the pipeline receives records where credit scores occasionally fall below zero. Which THREE actions should the ML engineer take before retraining? (Select THREE)","Collecting more data from applicants over 60 or applying oversampling directly addresses the Class Imbalance finding. Reviewing historical labeling practices or recollecting training data with balanced gender outcomes addresses the high DPL score — the bias is in the labels not the model. Adding a Glue Data Quality rule to reject negative credit scores addresses the structural data quality issue. Increasing L2 regularization affects model generalization not data bias. Applying SMOTE to the full dataset before splitting introduces test set contamination.",k-1-3-2|k-1-3-3|k-1-3-4,hard,ai-generated,false,B,Investigate and correct label bias by reviewing historical approval decisions for gender disparity,true,2
q-1-3-27,TS1.3,mr,"A company trains a loan approval model. SageMaker Clarify pre-training analysis shows: (1) a Class Imbalance score of 0.4 for the age feature with applicants over 60 significantly underrepresented, (2) a DPL score of 0.28 for the gender feature with male applicants receiving approval at a much higher rate than female applicants, and (3) the pipeline receives records where credit scores occasionally fall below zero. Which THREE actions should the ML engineer take before retraining? (Select THREE)","Collecting more data from applicants over 60 or applying oversampling directly addresses the Class Imbalance finding. Reviewing historical labeling practices or recollecting training data with balanced gender outcomes addresses the high DPL score — the bias is in the labels not the model. Adding a Glue Data Quality rule to reject negative credit scores addresses the structural data quality issue. Increasing L2 regularization affects model generalization not data bias. Applying SMOTE to the full dataset before splitting introduces test set contamination.",k-1-3-2|k-1-3-3|k-1-3-4,hard,ai-generated,false,C,Add an AWS Glue Data Quality rule to reject records where credit score is below zero,true,3
q-1-3-27,TS1.3,mr,"A company trains a loan approval model. SageMaker Clarify pre-training analysis shows: (1) a Class Imbalance score of 0.4 for the age feature with applicants over 60 significantly underrepresented, (2) a DPL score of 0.28 for the gender feature with male applicants receiving approval at a much higher rate than female applicants, and (3) the pipeline receives records where credit scores occasionally fall below zero. Which THREE actions should the ML engineer take before retraining? (Select THREE)","Collecting more data from applicants over 60 or applying oversampling directly addresses the Class Imbalance finding. Reviewing historical labeling practices or recollecting training data with balanced gender outcomes addresses the high DPL score — the bias is in the labels not the model. Adding a Glue Data Quality rule to reject negative credit scores addresses the structural data quality issue. Increasing L2 regularization affects model generalization not data bias. Applying SMOTE to the full dataset before splitting introduces test set contamination.",k-1-3-2|k-1-3-3|k-1-3-4,hard,ai-generated,false,D,Increase L2 regularization on the model to reduce sensitivity to the age and gender features,false,4
q-1-3-27,TS1.3,mr,"A company trains a loan approval model. SageMaker Clarify pre-training analysis shows: (1) a Class Imbalance score of 0.4 for the age feature with applicants over 60 significantly underrepresented, (2) a DPL score of 0.28 for the gender feature with male applicants receiving approval at a much higher rate than female applicants, and (3) the pipeline receives records where credit scores occasionally fall below zero. Which THREE actions should the ML engineer take before retraining? (Select THREE)","Collecting more data from applicants over 60 or applying oversampling directly addresses the Class Imbalance finding. Reviewing historical labeling practices or recollecting training data with balanced gender outcomes addresses the high DPL score — the bias is in the labels not the model. Adding a Glue Data Quality rule to reject negative credit scores addresses the structural data quality issue. Increasing L2 regularization affects model generalization not data bias. Applying SMOTE to the full dataset before splitting introduces test set contamination.",k-1-3-2|k-1-3-3|k-1-3-4,hard,ai-generated,false,E,Apply SMOTE to the full dataset including test examples to correct the class imbalance,false,5
q-1-3-28,TS1.3,mc,"A company operates an automated ML pipeline that ingests external vendor data daily for model retraining. Last month, a vendor sent a corrupted batch where 30% of customer ID fields were duplicates and the transaction timestamp was NULL for 15% of records. These issues went undetected and corrupted the trained model. What is the most effective long-term architectural solution?","AWS Glue Data Quality is the correct solution for enforcing automatic validation rules on every incoming data batch as part of the ETL pipeline. Rules can enforce uniqueness on customer IDs and completeness minimums on the timestamp column. If violations exceed thresholds the pipeline stops before corrupt data reaches the training job. SageMaker Model Monitor detects drift in deployed model inputs not ETL pipeline data quality. SageMaker Clarify measures demographic bias not uniqueness or completeness violations. Manual spot-checking is not scalable.",k-1-3-4,hard,ai-generated,false,A,Enable SageMaker Model Monitor on the training endpoint to detect data drift before each retraining run,false,1
q-1-3-28,TS1.3,mc,"A company operates an automated ML pipeline that ingests external vendor data daily for model retraining. Last month, a vendor sent a corrupted batch where 30% of customer ID fields were duplicates and the transaction timestamp was NULL for 15% of records. These issues went undetected and corrupted the trained model. What is the most effective long-term architectural solution?","AWS Glue Data Quality is the correct solution for enforcing automatic validation rules on every incoming data batch as part of the ETL pipeline. Rules can enforce uniqueness on customer IDs and completeness minimums on the timestamp column. If violations exceed thresholds the pipeline stops before corrupt data reaches the training job. SageMaker Model Monitor detects drift in deployed model inputs not ETL pipeline data quality. SageMaker Clarify measures demographic bias not uniqueness or completeness violations. Manual spot-checking is not scalable.",k-1-3-4,hard,ai-generated,false,B,Add AWS Glue Data Quality rules to enforce uniqueness on customer IDs and a minimum completeness threshold on the timestamp column,true,2
q-1-3-28,TS1.3,mc,"A company operates an automated ML pipeline that ingests external vendor data daily for model retraining. Last month, a vendor sent a corrupted batch where 30% of customer ID fields were duplicates and the transaction timestamp was NULL for 15% of records. These issues went undetected and corrupted the trained model. What is the most effective long-term architectural solution?","AWS Glue Data Quality is the correct solution for enforcing automatic validation rules on every incoming data batch as part of the ETL pipeline. Rules can enforce uniqueness on customer IDs and completeness minimums on the timestamp column. If violations exceed thresholds the pipeline stops before corrupt data reaches the training job. SageMaker Model Monitor detects drift in deployed model inputs not ETL pipeline data quality. SageMaker Clarify measures demographic bias not uniqueness or completeness violations. Manual spot-checking is not scalable.",k-1-3-4,hard,ai-generated,false,C,Use SageMaker Clarify to scan each incoming vendor batch for demographic bias before retraining,false,3
q-1-3-28,TS1.3,mc,"A company operates an automated ML pipeline that ingests external vendor data daily for model retraining. Last month, a vendor sent a corrupted batch where 30% of customer ID fields were duplicates and the transaction timestamp was NULL for 15% of records. These issues went undetected and corrupted the trained model. What is the most effective long-term architectural solution?","AWS Glue Data Quality is the correct solution for enforcing automatic validation rules on every incoming data batch as part of the ETL pipeline. Rules can enforce uniqueness on customer IDs and completeness minimums on the timestamp column. If violations exceed thresholds the pipeline stops before corrupt data reaches the training job. SageMaker Model Monitor detects drift in deployed model inputs not ETL pipeline data quality. SageMaker Clarify measures demographic bias not uniqueness or completeness violations. Manual spot-checking is not scalable.",k-1-3-4,hard,ai-generated,false,D,Implement a manual spot-checking process where data engineers review each batch before it enters the pipeline,false,4
q-1-3-29,TS1.3,mr,"A company stores ML training data in Amazon S3 across three regions. A compliance audit finds that some datasets contain protected health information (PHI) and must comply with HIPAA. The audit requires: (1) identifying which S3 buckets contain PHI, (2) ensuring PHI data is encrypted at rest with customer-managed keys, (3) confirming PHI data never leaves the approved regions. Which THREE controls address these three requirements? (Select THREE)","Amazon Macie addresses requirement 1 — it automatically scans S3 buckets to identify and classify PHI. AWS KMS with customer-managed keys addresses requirement 2 — it encrypts data at rest and gives the company control over the encryption keys which is required for HIPAA compliance. AWS Organizations SCPs combined with S3 bucket policies address requirement 3 — SCPs can deny cross-region S3 copy operations at the organizational level preventing data from leaving approved regions. Lake Formation controls access not discovery. Glue Data Quality validates data quality rules not compliance encryption requirements.",k-1-3-5,hard,ai-generated,false,A,Amazon Macie to scan and identify PHI in S3 buckets,true,1
q-1-3-29,TS1.3,mr,"A company stores ML training data in Amazon S3 across three regions. A compliance audit finds that some datasets contain protected health information (PHI) and must comply with HIPAA. The audit requires: (1) identifying which S3 buckets contain PHI, (2) ensuring PHI data is encrypted at rest with customer-managed keys, (3) confirming PHI data never leaves the approved regions. Which THREE controls address these three requirements? (Select THREE)","Amazon Macie addresses requirement 1 — it automatically scans S3 buckets to identify and classify PHI. AWS KMS with customer-managed keys addresses requirement 2 — it encrypts data at rest and gives the company control over the encryption keys which is required for HIPAA compliance. AWS Organizations SCPs combined with S3 bucket policies address requirement 3 — SCPs can deny cross-region S3 copy operations at the organizational level preventing data from leaving approved regions. Lake Formation controls access not discovery. Glue Data Quality validates data quality rules not compliance encryption requirements.",k-1-3-5,hard,ai-generated,false,B,AWS KMS with customer-managed keys for PHI encryption at rest,true,2
q-1-3-29,TS1.3,mr,"A company stores ML training data in Amazon S3 across three regions. A compliance audit finds that some datasets contain protected health information (PHI) and must comply with HIPAA. The audit requires: (1) identifying which S3 buckets contain PHI, (2) ensuring PHI data is encrypted at rest with customer-managed keys, (3) confirming PHI data never leaves the approved regions. Which THREE controls address these three requirements? (Select THREE)","Amazon Macie addresses requirement 1 — it automatically scans S3 buckets to identify and classify PHI. AWS KMS with customer-managed keys addresses requirement 2 — it encrypts data at rest and gives the company control over the encryption keys which is required for HIPAA compliance. AWS Organizations SCPs combined with S3 bucket policies address requirement 3 — SCPs can deny cross-region S3 copy operations at the organizational level preventing data from leaving approved regions. Lake Formation controls access not discovery. Glue Data Quality validates data quality rules not compliance encryption requirements.",k-1-3-5,hard,ai-generated,false,C,AWS Organizations SCPs and S3 bucket policies to prevent cross-region data movement,true,3
q-1-3-29,TS1.3,mr,"A company stores ML training data in Amazon S3 across three regions. A compliance audit finds that some datasets contain protected health information (PHI) and must comply with HIPAA. The audit requires: (1) identifying which S3 buckets contain PHI, (2) ensuring PHI data is encrypted at rest with customer-managed keys, (3) confirming PHI data never leaves the approved regions. Which THREE controls address these three requirements? (Select THREE)","Amazon Macie addresses requirement 1 — it automatically scans S3 buckets to identify and classify PHI. AWS KMS with customer-managed keys addresses requirement 2 — it encrypts data at rest and gives the company control over the encryption keys which is required for HIPAA compliance. AWS Organizations SCPs combined with S3 bucket policies address requirement 3 — SCPs can deny cross-region S3 copy operations at the organizational level preventing data from leaving approved regions. Lake Formation controls access not discovery. Glue Data Quality validates data quality rules not compliance encryption requirements.",k-1-3-5,hard,ai-generated,false,D,AWS Lake Formation to identify which tables contain PHI,false,4
q-1-3-29,TS1.3,mr,"A company stores ML training data in Amazon S3 across three regions. A compliance audit finds that some datasets contain protected health information (PHI) and must comply with HIPAA. The audit requires: (1) identifying which S3 buckets contain PHI, (2) ensuring PHI data is encrypted at rest with customer-managed keys, (3) confirming PHI data never leaves the approved regions. Which THREE controls address these three requirements? (Select THREE)","Amazon Macie addresses requirement 1 — it automatically scans S3 buckets to identify and classify PHI. AWS KMS with customer-managed keys addresses requirement 2 — it encrypts data at rest and gives the company control over the encryption keys which is required for HIPAA compliance. AWS Organizations SCPs combined with S3 bucket policies address requirement 3 — SCPs can deny cross-region S3 copy operations at the organizational level preventing data from leaving approved regions. Lake Formation controls access not discovery. Glue Data Quality validates data quality rules not compliance encryption requirements.",k-1-3-5,hard,ai-generated,false,E,AWS Glue Data Quality to validate that PHI columns are encrypted before training,false,5
q-1-3-30,TS1.3,mc,"An ML engineer reviews a data preparation pipeline for a hiring algorithm. SageMaker Clarify is run and reports: a Class Imbalance score of 0.45 for gender (75% male applicants), a DPL of 0.31 for gender (male applicants hired at significantly higher rates), and a Glue Data Quality rule violation where 8% of years_of_experience records contain negative values. The engineer must decide the correct order of remediation. Which sequence is correct?","The correct sequence is: first fix the Glue Data Quality violation (structural data integrity must be resolved before any analysis is meaningful — negative years of experience corrupts all downstream calculations), then address the DPL finding (label bias is the most severe fairness issue — it means historical hiring decisions encoded in the labels are themselves discriminatory), then address the Class Imbalance (representational imbalance is important but secondary to label bias since even a balanced dataset with biased labels produces a biased model).",k-1-3-2|k-1-3-3|k-1-3-4|s-1-3-1,hard,ai-generated,false,A,Fix Class Imbalance first then DPL then data quality violations,false,1
q-1-3-30,TS1.3,mc,"An ML engineer reviews a data preparation pipeline for a hiring algorithm. SageMaker Clarify is run and reports: a Class Imbalance score of 0.45 for gender (75% male applicants), a DPL of 0.31 for gender (male applicants hired at significantly higher rates), and a Glue Data Quality rule violation where 8% of years_of_experience records contain negative values. The engineer must decide the correct order of remediation. Which sequence is correct?","The correct sequence is: first fix the Glue Data Quality violation (structural data integrity must be resolved before any analysis is meaningful — negative years of experience corrupts all downstream calculations), then address the DPL finding (label bias is the most severe fairness issue — it means historical hiring decisions encoded in the labels are themselves discriminatory), then address the Class Imbalance (representational imbalance is important but secondary to label bias since even a balanced dataset with biased labels produces a biased model).",k-1-3-2|k-1-3-3|k-1-3-4|s-1-3-1,hard,ai-generated,false,B,Fix the data quality violation first then address DPL label bias then address Class Imbalance,true,2
q-1-3-30,TS1.3,mc,"An ML engineer reviews a data preparation pipeline for a hiring algorithm. SageMaker Clarify is run and reports: a Class Imbalance score of 0.45 for gender (75% male applicants), a DPL of 0.31 for gender (male applicants hired at significantly higher rates), and a Glue Data Quality rule violation where 8% of years_of_experience records contain negative values. The engineer must decide the correct order of remediation. Which sequence is correct?","The correct sequence is: first fix the Glue Data Quality violation (structural data integrity must be resolved before any analysis is meaningful — negative years of experience corrupts all downstream calculations), then address the DPL finding (label bias is the most severe fairness issue — it means historical hiring decisions encoded in the labels are themselves discriminatory), then address the Class Imbalance (representational imbalance is important but secondary to label bias since even a balanced dataset with biased labels produces a biased model).",k-1-3-2|k-1-3-3|k-1-3-4|s-1-3-1,hard,ai-generated,false,C,Fix DPL first since it is the highest numerical score then fix Class Imbalance then fix data quality violations,false,3
q-1-3-30,TS1.3,mc,"An ML engineer reviews a data preparation pipeline for a hiring algorithm. SageMaker Clarify is run and reports: a Class Imbalance score of 0.45 for gender (75% male applicants), a DPL of 0.31 for gender (male applicants hired at significantly higher rates), and a Glue Data Quality rule violation where 8% of years_of_experience records contain negative values. The engineer must decide the correct order of remediation. Which sequence is correct?","The correct sequence is: first fix the Glue Data Quality violation (structural data integrity must be resolved before any analysis is meaningful — negative years of experience corrupts all downstream calculations), then address the DPL finding (label bias is the most severe fairness issue — it means historical hiring decisions encoded in the labels are themselves discriminatory), then address the Class Imbalance (representational imbalance is important but secondary to label bias since even a balanced dataset with biased labels produces a biased model).",k-1-3-2|k-1-3-3|k-1-3-4|s-1-3-1,hard,ai-generated,false,D,All three issues can be fixed simultaneously since they are independent,false,4
