question_ref,lo_code,question_type,question_text,explanation,subtopic_codes,difficulty,source,verified,option_key,option_text,answer_value,sort_order
q-1-1-01,TS1.1,mc,"A company streams clickstream data from its e-commerce website and needs to deliver it to Amazon S3 for downstream ML training jobs. The solution must require no custom consumer code and must automatically scale. Which AWS service best meets these requirements?","Kinesis Data Firehose is the correct answer because it is fully managed, requires no custom consumer code, automatically scales, and delivers directly to S3. Kinesis Data Streams requires custom consumer code. MSK is for Kafka workloads. AWS Glue is for batch ETL not streaming delivery.","k-1-1-1|k-1-1-2",easy,ai-generated,false,A,Amazon Kinesis Data Streams,false,1
q-1-1-01,TS1.1,mc,"A company streams clickstream data from its e-commerce website and needs to deliver it to Amazon S3 for downstream ML training jobs. The solution must require no custom consumer code and must automatically scale. Which AWS service best meets these requirements?","Kinesis Data Firehose is the correct answer because it is fully managed, requires no custom consumer code, automatically scales, and delivers directly to S3. Kinesis Data Streams requires custom consumer code. MSK is for Kafka workloads. AWS Glue is for batch ETL not streaming delivery.","k-1-1-1|k-1-1-2",easy,ai-generated,false,B,Amazon Kinesis Data Firehose,true,2
q-1-1-01,TS1.1,mc,"A company streams clickstream data from its e-commerce website and needs to deliver it to Amazon S3 for downstream ML training jobs. The solution must require no custom consumer code and must automatically scale. Which AWS service best meets these requirements?","Kinesis Data Firehose is the correct answer because it is fully managed, requires no custom consumer code, automatically scales, and delivers directly to S3. Kinesis Data Streams requires custom consumer code. MSK is for Kafka workloads. AWS Glue is for batch ETL not streaming delivery.","k-1-1-1|k-1-1-2",easy,ai-generated,false,C,Amazon MSK,false,3
q-1-1-01,TS1.1,mc,"A company streams clickstream data from its e-commerce website and needs to deliver it to Amazon S3 for downstream ML training jobs. The solution must require no custom consumer code and must automatically scale. Which AWS service best meets these requirements?","Kinesis Data Firehose is the correct answer because it is fully managed, requires no custom consumer code, automatically scales, and delivers directly to S3. Kinesis Data Streams requires custom consumer code. MSK is for Kafka workloads. AWS Glue is for batch ETL not streaming delivery.","k-1-1-1|k-1-1-2",easy,ai-generated,false,D,AWS Glue,false,4
q-1-1-02,TS1.1,mc,"A financial services company runs Apache Kafka on-premises to process real-time transaction data. The company is migrating to AWS and needs to continue using Kafka APIs with minimal refactoring. Which AWS service should the ML engineer recommend?","Amazon MSK is the correct answer because it is a fully managed Apache Kafka service that preserves Kafka APIs, allowing existing producers and consumers to work without refactoring. Kinesis Data Streams is not Kafka-compatible. Kinesis Firehose does not support Kafka APIs. Amazon MQ is for message broker protocols not Kafka.","k-1-1-4",easy,ai-generated,false,A,Amazon Kinesis Data Streams,false,1
q-1-1-02,TS1.1,mc,"A financial services company runs Apache Kafka on-premises to process real-time transaction data. The company is migrating to AWS and needs to continue using Kafka APIs with minimal refactoring. Which AWS service should the ML engineer recommend?","Amazon MSK is the correct answer because it is a fully managed Apache Kafka service that preserves Kafka APIs, allowing existing producers and consumers to work without refactoring. Kinesis Data Streams is not Kafka-compatible. Kinesis Firehose does not support Kafka APIs. Amazon MQ is for message broker protocols not Kafka.","k-1-1-4",easy,ai-generated,false,B,Amazon Kinesis Data Firehose,false,2
q-1-1-02,TS1.1,mc,"A financial services company runs Apache Kafka on-premises to process real-time transaction data. The company is migrating to AWS and needs to continue using Kafka APIs with minimal refactoring. Which AWS service should the ML engineer recommend?","Amazon MSK is the correct answer because it is a fully managed Apache Kafka service that preserves Kafka APIs, allowing existing producers and consumers to work without refactoring. Kinesis Data Streams is not Kafka-compatible. Kinesis Firehose does not support Kafka APIs. Amazon MQ is for message broker protocols not Kafka.","k-1-1-4",easy,ai-generated,false,C,Amazon MSK,true,3
q-1-1-02,TS1.1,mc,"A financial services company runs Apache Kafka on-premises to process real-time transaction data. The company is migrating to AWS and needs to continue using Kafka APIs with minimal refactoring. Which AWS service should the ML engineer recommend?","Amazon MSK is the correct answer because it is a fully managed Apache Kafka service that preserves Kafka APIs, allowing existing producers and consumers to work without refactoring. Kinesis Data Streams is not Kafka-compatible. Kinesis Firehose does not support Kafka APIs. Amazon MQ is for message broker protocols not Kafka.","k-1-1-4",easy,ai-generated,false,D,Amazon MQ,false,4
q-1-1-03,TS1.1,mc,"An ML engineer notices that a SageMaker training job is taking much longer than expected. Investigation reveals that the GPUs are idle for most of the training time while waiting for data to load from Amazon S3. What is the most effective solution?","Amazon FSx for Lustre is correct because it provides sub-millisecond latency file access and links directly to the S3 bucket, eliminating the I/O bottleneck. EFS is for shared access not high-throughput training. EBS is block storage attached to a single instance and not optimized for this scenario. S3 Transfer Acceleration speeds uploads not training reads.","k-1-1-6|k-1-1-5",easy,ai-generated,false,A,Enable S3 Transfer Acceleration on the training bucket,false,1
q-1-1-03,TS1.1,mc,"An ML engineer notices that a SageMaker training job is taking much longer than expected. Investigation reveals that the GPUs are idle for most of the training time while waiting for data to load from Amazon S3. What is the most effective solution?","Amazon FSx for Lustre is correct because it provides sub-millisecond latency file access and links directly to the S3 bucket, eliminating the I/O bottleneck. EFS is for shared access not high-throughput training. EBS is block storage attached to a single instance and not optimized for this scenario. S3 Transfer Acceleration speeds uploads not training reads.","k-1-1-6|k-1-1-5",easy,ai-generated,false,B,Mount an Amazon FSx for Lustre file system linked to the S3 bucket,true,2
q-1-1-03,TS1.1,mc,"An ML engineer notices that a SageMaker training job is taking much longer than expected. Investigation reveals that the GPUs are idle for most of the training time while waiting for data to load from Amazon S3. What is the most effective solution?","Amazon FSx for Lustre is correct because it provides sub-millisecond latency file access and links directly to the S3 bucket, eliminating the I/O bottleneck. EFS is for shared access not high-throughput training. EBS is block storage attached to a single instance and not optimized for this scenario. S3 Transfer Acceleration speeds uploads not training reads.","k-1-1-6|k-1-1-5",easy,ai-generated,false,C,Mount an Amazon EFS file system for the training data,false,3
q-1-1-03,TS1.1,mc,"An ML engineer notices that a SageMaker training job is taking much longer than expected. Investigation reveals that the GPUs are idle for most of the training time while waiting for data to load from Amazon S3. What is the most effective solution?","Amazon FSx for Lustre is correct because it provides sub-millisecond latency file access and links directly to the S3 bucket, eliminating the I/O bottleneck. EFS is for shared access not high-throughput training. EBS is block storage attached to a single instance and not optimized for this scenario. S3 Transfer Acceleration speeds uploads not training reads.","k-1-1-6|k-1-1-5",easy,ai-generated,false,D,Attach a Provisioned IOPS EBS volume to the training instance,false,4
q-1-1-04,TS1.1,mc,"A data science team has ten SageMaker Studio notebooks that all need to access the same shared dataset directory simultaneously. Which storage solution should an ML engineer configure?","Amazon EFS is correct because it provides a shared POSIX-compliant file system that multiple SageMaker Studio notebooks can mount simultaneously. FSx for Lustre is optimized for high-throughput single-job training not concurrent notebook access. EBS volumes attach to single instances only. S3 requires API calls not a mounted file system.","k-1-1-7",easy,ai-generated,false,A,Amazon FSx for Lustre,false,1
q-1-1-04,TS1.1,mc,"A data science team has ten SageMaker Studio notebooks that all need to access the same shared dataset directory simultaneously. Which storage solution should an ML engineer configure?","Amazon EFS is correct because it provides a shared POSIX-compliant file system that multiple SageMaker Studio notebooks can mount simultaneously. FSx for Lustre is optimized for high-throughput single-job training not concurrent notebook access. EBS volumes attach to single instances only. S3 requires API calls not a mounted file system.","k-1-1-7",easy,ai-generated,false,B,Amazon EFS,true,2
q-1-1-04,TS1.1,mc,"A data science team has ten SageMaker Studio notebooks that all need to access the same shared dataset directory simultaneously. Which storage solution should an ML engineer configure?","Amazon EFS is correct because it provides a shared POSIX-compliant file system that multiple SageMaker Studio notebooks can mount simultaneously. FSx for Lustre is optimized for high-throughput single-job training not concurrent notebook access. EBS volumes attach to single instances only. S3 requires API calls not a mounted file system.","k-1-1-7",easy,ai-generated,false,C,Amazon EBS with Provisioned IOPS,false,3
q-1-1-04,TS1.1,mc,"A data science team has ten SageMaker Studio notebooks that all need to access the same shared dataset directory simultaneously. Which storage solution should an ML engineer configure?","Amazon EFS is correct because it provides a shared POSIX-compliant file system that multiple SageMaker Studio notebooks can mount simultaneously. FSx for Lustre is optimized for high-throughput single-job training not concurrent notebook access. EBS volumes attach to single instances only. S3 requires API calls not a mounted file system.","k-1-1-7",easy,ai-generated,false,D,Amazon S3 with S3 Transfer Acceleration,false,4
q-1-1-05,TS1.1,mc,"A company stores petabytes of raw ML training data in Amazon S3. The data is actively used for training during the first 30 days after ingestion and then accessed only once per quarter for compliance audits. Which S3 configuration minimizes storage costs while maintaining accessibility?","S3 Intelligent-Tiering or a lifecycle policy to S3 Standard-IA after 30 days is the correct approach. Standard-IA reduces cost for infrequently accessed data. Glacier is for archival with hours-long retrieval which does not suit quarterly compliance audits needing reasonable access speed. Keeping everything in Standard is most expensive. One Zone-IA risks data loss and is not suitable for compliance data.","k-1-1-5",easy,ai-generated,false,A,Keep all data in S3 Standard,false,1
q-1-1-05,TS1.1,mc,"A company stores petabytes of raw ML training data in Amazon S3. The data is actively used for training during the first 30 days after ingestion and then accessed only once per quarter for compliance audits. Which S3 configuration minimizes storage costs while maintaining accessibility?","S3 Intelligent-Tiering or a lifecycle policy to S3 Standard-IA after 30 days is the correct approach. Standard-IA reduces cost for infrequently accessed data. Glacier is for archival with hours-long retrieval which does not suit quarterly compliance audits needing reasonable access speed. Keeping everything in Standard is most expensive. One Zone-IA risks data loss and is not suitable for compliance data.","k-1-1-5",easy,ai-generated,false,B,Use an S3 Lifecycle policy to transition data to S3 Standard-IA after 30 days,true,2
q-1-1-05,TS1.1,mc,"A company stores petabytes of raw ML training data in Amazon S3. The data is actively used for training during the first 30 days after ingestion and then accessed only once per quarter for compliance audits. Which S3 configuration minimizes storage costs while maintaining accessibility?","S3 Intelligent-Tiering or a lifecycle policy to S3 Standard-IA after 30 days is the correct approach. Standard-IA reduces cost for infrequently accessed data. Glacier is for archival with hours-long retrieval which does not suit quarterly compliance audits needing reasonable access speed. Keeping everything in Standard is most expensive. One Zone-IA risks data loss and is not suitable for compliance data.","k-1-1-5",easy,ai-generated,false,C,Use an S3 Lifecycle policy to immediately transition data to S3 Glacier,false,3
q-1-1-05,TS1.1,mc,"A company stores petabytes of raw ML training data in Amazon S3. The data is actively used for training during the first 30 days after ingestion and then accessed only once per quarter for compliance audits. Which S3 configuration minimizes storage costs while maintaining accessibility?","S3 Intelligent-Tiering or a lifecycle policy to S3 Standard-IA after 30 days is the correct approach. Standard-IA reduces cost for infrequently accessed data. Glacier is for archival with hours-long retrieval which does not suit quarterly compliance audits needing reasonable access speed. Keeping everything in Standard is most expensive. One Zone-IA risks data loss and is not suitable for compliance data.","k-1-1-5",easy,ai-generated,false,D,Use S3 One Zone-IA for all training data,false,4
q-1-1-06,TS1.1,mc,"An ML engineer needs to run ad-hoc SQL queries on raw JSON log files stored in Amazon S3 to understand data distributions before building a pipeline. The solution must require no infrastructure provisioning. Which service should be used?","Amazon Athena is correct because it is a serverless SQL query service that reads data directly from S3 using the Glue Data Catalog for schema. No cluster or database provisioning is needed. Amazon Redshift requires provisioning a cluster. Amazon EMR requires launching a cluster. AWS Glue DataBrew is for visual data preparation not SQL querying.","k-1-1-8|s-1-1-1",easy,ai-generated,false,A,Amazon Redshift,false,1
q-1-1-06,TS1.1,mc,"An ML engineer needs to run ad-hoc SQL queries on raw JSON log files stored in Amazon S3 to understand data distributions before building a pipeline. The solution must require no infrastructure provisioning. Which service should be used?","Amazon Athena is correct because it is a serverless SQL query service that reads data directly from S3 using the Glue Data Catalog for schema. No cluster or database provisioning is needed. Amazon Redshift requires provisioning a cluster. Amazon EMR requires launching a cluster. AWS Glue DataBrew is for visual data preparation not SQL querying.","k-1-1-8|s-1-1-1",easy,ai-generated,false,B,Amazon Athena,true,2
q-1-1-06,TS1.1,mc,"An ML engineer needs to run ad-hoc SQL queries on raw JSON log files stored in Amazon S3 to understand data distributions before building a pipeline. The solution must require no infrastructure provisioning. Which service should be used?","Amazon Athena is correct because it is a serverless SQL query service that reads data directly from S3 using the Glue Data Catalog for schema. No cluster or database provisioning is needed. Amazon Redshift requires provisioning a cluster. Amazon EMR requires launching a cluster. AWS Glue DataBrew is for visual data preparation not SQL querying.","k-1-1-8|s-1-1-1",easy,ai-generated,false,C,Amazon EMR,false,3
q-1-1-06,TS1.1,mc,"An ML engineer needs to run ad-hoc SQL queries on raw JSON log files stored in Amazon S3 to understand data distributions before building a pipeline. The solution must require no infrastructure provisioning. Which service should be used?","Amazon Athena is correct because it is a serverless SQL query service that reads data directly from S3 using the Glue Data Catalog for schema. No cluster or database provisioning is needed. Amazon Redshift requires provisioning a cluster. Amazon EMR requires launching a cluster. AWS Glue DataBrew is for visual data preparation not SQL querying.","k-1-1-8|s-1-1-1",easy,ai-generated,false,D,AWS Glue DataBrew,false,4
q-1-1-07,TS1.1,mr,"A company is building a real-time fraud detection ML pipeline that requires processing transactions with sub-second latency and building a custom Lambda function to enrich each event before storage. Which TWO services should the ML engineer include in this architecture? (Select TWO)","Kinesis Data Streams provides sub-second real-time streaming with custom consumer support via Lambda. AWS Lambda enables custom enrichment logic per event. Kinesis Firehose does not support custom per-event processing logic — it delivers managed batches only. MSK is for Kafka-specific workloads. AWS Glue is batch ETL not real-time event processing.","k-1-1-1|k-1-1-3",medium,ai-generated,false,A,Amazon Kinesis Data Firehose,false,1
q-1-1-07,TS1.1,mr,"A company is building a real-time fraud detection ML pipeline that requires processing transactions with sub-second latency and building a custom Lambda function to enrich each event before storage. Which TWO services should the ML engineer include in this architecture? (Select TWO)","Kinesis Data Streams provides sub-second real-time streaming with custom consumer support via Lambda. AWS Lambda enables custom enrichment logic per event. Kinesis Firehose does not support custom per-event processing logic — it delivers managed batches only. MSK is for Kafka-specific workloads. AWS Glue is batch ETL not real-time event processing.","k-1-1-1|k-1-1-3",medium,ai-generated,false,B,Amazon Kinesis Data Streams,true,2
q-1-1-07,TS1.1,mr,"A company is building a real-time fraud detection ML pipeline that requires processing transactions with sub-second latency and building a custom Lambda function to enrich each event before storage. Which TWO services should the ML engineer include in this architecture? (Select TWO)","Kinesis Data Streams provides sub-second real-time streaming with custom consumer support via Lambda. AWS Lambda enables custom enrichment logic per event. Kinesis Firehose does not support custom per-event processing logic — it delivers managed batches only. MSK is for Kafka-specific workloads. AWS Glue is batch ETL not real-time event processing.","k-1-1-1|k-1-1-3",medium,ai-generated,false,C,Amazon MSK,false,3
q-1-1-07,TS1.1,mr,"A company is building a real-time fraud detection ML pipeline that requires processing transactions with sub-second latency and building a custom Lambda function to enrich each event before storage. Which TWO services should the ML engineer include in this architecture? (Select TWO)","Kinesis Data Streams provides sub-second real-time streaming with custom consumer support via Lambda. AWS Lambda enables custom enrichment logic per event. Kinesis Firehose does not support custom per-event processing logic — it delivers managed batches only. MSK is for Kafka-specific workloads. AWS Glue is batch ETL not real-time event processing.","k-1-1-1|k-1-1-3",medium,ai-generated,false,D,AWS Lambda,true,4
q-1-1-07,TS1.1,mr,"A company is building a real-time fraud detection ML pipeline that requires processing transactions with sub-second latency and building a custom Lambda function to enrich each event before storage. Which TWO services should the ML engineer include in this architecture? (Select TWO)","Kinesis Data Streams provides sub-second real-time streaming with custom consumer support via Lambda. AWS Lambda enables custom enrichment logic per event. Kinesis Firehose does not support custom per-event processing logic — it delivers managed batches only. MSK is for Kafka-specific workloads. AWS Glue is batch ETL not real-time event processing.","k-1-1-1|k-1-1-3",medium,ai-generated,false,E,AWS Glue,false,5
q-1-1-08,TS1.1,mr,"A machine learning team needs to store both raw training datasets and processed feature datasets in a cost-effective way. Raw data is written once and read many times during model training. Processed features need to be queried using SQL for exploration. Which TWO AWS services form the most appropriate storage architecture? (Select TWO)","Amazon S3 is the foundation of the ML data lake for storing both raw and processed data cost-effectively. Amazon Athena enables SQL queries directly on S3 data without loading it into a database. Redshift requires provisioning and is overkill for exploration queries on S3. DynamoDB is a key-value store not suited for SQL analytics. EFS is a file system not optimized for ML data lake workloads.","k-1-1-5|k-1-1-8",medium,ai-generated,false,A,Amazon S3,true,1
q-1-1-08,TS1.1,mr,"A machine learning team needs to store both raw training datasets and processed feature datasets in a cost-effective way. Raw data is written once and read many times during model training. Processed features need to be queried using SQL for exploration. Which TWO AWS services form the most appropriate storage architecture? (Select TWO)","Amazon S3 is the foundation of the ML data lake for storing both raw and processed data cost-effectively. Amazon Athena enables SQL queries directly on S3 data without loading it into a database. Redshift requires provisioning and is overkill for exploration queries on S3. DynamoDB is a key-value store not suited for SQL analytics. EFS is a file system not optimized for ML data lake workloads.","k-1-1-5|k-1-1-8",medium,ai-generated,false,B,Amazon Redshift,false,2
q-1-1-08,TS1.1,mr,"A machine learning team needs to store both raw training datasets and processed feature datasets in a cost-effective way. Raw data is written once and read many times during model training. Processed features need to be queried using SQL for exploration. Which TWO AWS services form the most appropriate storage architecture? (Select TWO)","Amazon S3 is the foundation of the ML data lake for storing both raw and processed data cost-effectively. Amazon Athena enables SQL queries directly on S3 data without loading it into a database. Redshift requires provisioning and is overkill for exploration queries on S3. DynamoDB is a key-value store not suited for SQL analytics. EFS is a file system not optimized for ML data lake workloads.","k-1-1-5|k-1-1-8",medium,ai-generated,false,C,Amazon Athena,true,3
q-1-1-08,TS1.1,mr,"A machine learning team needs to store both raw training datasets and processed feature datasets in a cost-effective way. Raw data is written once and read many times during model training. Processed features need to be queried using SQL for exploration. Which TWO AWS services form the most appropriate storage architecture? (Select TWO)","Amazon S3 is the foundation of the ML data lake for storing both raw and processed data cost-effectively. Amazon Athena enables SQL queries directly on S3 data without loading it into a database. Redshift requires provisioning and is overkill for exploration queries on S3. DynamoDB is a key-value store not suited for SQL analytics. EFS is a file system not optimized for ML data lake workloads.","k-1-1-5|k-1-1-8",medium,ai-generated,false,D,Amazon DynamoDB,false,4
q-1-1-08,TS1.1,mr,"A machine learning team needs to store both raw training datasets and processed feature datasets in a cost-effective way. Raw data is written once and read many times during model training. Processed features need to be queried using SQL for exploration. Which TWO AWS services form the most appropriate storage architecture? (Select TWO)","Amazon S3 is the foundation of the ML data lake for storing both raw and processed data cost-effectively. Amazon Athena enables SQL queries directly on S3 data without loading it into a database. Redshift requires provisioning and is overkill for exploration queries on S3. DynamoDB is a key-value store not suited for SQL analytics. EFS is a file system not optimized for ML data lake workloads.","k-1-1-5|k-1-1-8",medium,ai-generated,false,E,Amazon EFS,false,5
q-1-1-09,TS1.1,mr,"A company's data lake contains sensitive customer data in Amazon S3. The ML team needs different data scientists to have access to different subsets of columns based on their role. Some scientists should see all columns while others should not see PII columns. Which TWO services should the ML engineer configure to implement this? (Select TWO)","AWS Lake Formation provides column-level security on top of the Glue Data Catalog, enabling fine-grained access control per IAM role without complex S3 bucket policies. AWS Glue Data Catalog is the underlying metadata store that Lake Formation controls. S3 bucket policies alone cannot restrict at column level. IAM policies alone cannot implement column-level restrictions. KMS encrypts data but does not provide column-level access control.","k-1-1-8",medium,ai-generated,false,A,AWS Lake Formation,true,1
q-1-1-09,TS1.1,mr,"A company's data lake contains sensitive customer data in Amazon S3. The ML team needs different data scientists to have access to different subsets of columns based on their role. Some scientists should see all columns while others should not see PII columns. Which TWO services should the ML engineer configure to implement this? (Select TWO)","AWS Lake Formation provides column-level security on top of the Glue Data Catalog, enabling fine-grained access control per IAM role without complex S3 bucket policies. AWS Glue Data Catalog is the underlying metadata store that Lake Formation controls. S3 bucket policies alone cannot restrict at column level. IAM policies alone cannot implement column-level restrictions. KMS encrypts data but does not provide column-level access control.","k-1-1-8",medium,ai-generated,false,B,AWS Glue Data Catalog,true,2
q-1-1-09,TS1.1,mr,"A company's data lake contains sensitive customer data in Amazon S3. The ML team needs different data scientists to have access to different subsets of columns based on their role. Some scientists should see all columns while others should not see PII columns. Which TWO services should the ML engineer configure to implement this? (Select TWO)","AWS Lake Formation provides column-level security on top of the Glue Data Catalog, enabling fine-grained access control per IAM role without complex S3 bucket policies. AWS Glue Data Catalog is the underlying metadata store that Lake Formation controls. S3 bucket policies alone cannot restrict at column level. IAM policies alone cannot implement column-level restrictions. KMS encrypts data but does not provide column-level access control.","k-1-1-8",medium,ai-generated,false,C,Amazon S3 bucket policies,false,3
q-1-1-09,TS1.1,mr,"A company's data lake contains sensitive customer data in Amazon S3. The ML team needs different data scientists to have access to different subsets of columns based on their role. Some scientists should see all columns while others should not see PII columns. Which TWO services should the ML engineer configure to implement this? (Select TWO)","AWS Lake Formation provides column-level security on top of the Glue Data Catalog, enabling fine-grained access control per IAM role without complex S3 bucket policies. AWS Glue Data Catalog is the underlying metadata store that Lake Formation controls. S3 bucket policies alone cannot restrict at column level. IAM policies alone cannot implement column-level restrictions. KMS encrypts data but does not provide column-level access control.","k-1-1-8",medium,ai-generated,false,D,IAM identity-based policies only,false,4
q-1-1-09,TS1.1,mr,"A company's data lake contains sensitive customer data in Amazon S3. The ML team needs different data scientists to have access to different subsets of columns based on their role. Some scientists should see all columns while others should not see PII columns. Which TWO services should the ML engineer configure to implement this? (Select TWO)","AWS Lake Formation provides column-level security on top of the Glue Data Catalog, enabling fine-grained access control per IAM role without complex S3 bucket policies. AWS Glue Data Catalog is the underlying metadata store that Lake Formation controls. S3 bucket policies alone cannot restrict at column level. IAM policies alone cannot implement column-level restrictions. KMS encrypts data but does not provide column-level access control.","k-1-1-8",medium,ai-generated,false,E,AWS KMS,false,5
q-1-1-10,TS1.1,mc,"A company processes 500 GB of IoT sensor data daily. The data arrives in real time and must be delivered to Amazon S3 within 5 minutes for hourly ML batch training jobs. The team has no engineers who can write custom streaming consumers. Which solution meets these requirements with the LEAST operational effort?","Kinesis Firehose is correct because it delivers to S3 within a configurable buffer time (up to 15 minutes, can be set to 5 minutes), requires no custom consumer code, and is fully managed. Kinesis Data Streams requires custom consumer code. MSK requires Kafka expertise. A custom EC2-based consumer has the highest operational overhead.","k-1-1-1|k-1-1-2|k-1-1-5",medium,ai-generated,false,A,Use Amazon Kinesis Data Streams with a custom Lambda consumer to write to S3,false,1
q-1-1-10,TS1.1,mc,"A company processes 500 GB of IoT sensor data daily. The data arrives in real time and must be delivered to Amazon S3 within 5 minutes for hourly ML batch training jobs. The team has no engineers who can write custom streaming consumers. Which solution meets these requirements with the LEAST operational effort?","Kinesis Firehose is correct because it delivers to S3 within a configurable buffer time (up to 15 minutes, can be set to 5 minutes), requires no custom consumer code, and is fully managed. Kinesis Data Streams requires custom consumer code. MSK requires Kafka expertise. A custom EC2-based consumer has the highest operational overhead.","k-1-1-1|k-1-1-2|k-1-1-5",medium,ai-generated,false,B,Use Amazon Kinesis Data Firehose to deliver data directly to Amazon S3,true,2
q-1-1-10,TS1.1,mc,"A company processes 500 GB of IoT sensor data daily. The data arrives in real time and must be delivered to Amazon S3 within 5 minutes for hourly ML batch training jobs. The team has no engineers who can write custom streaming consumers. Which solution meets these requirements with the LEAST operational effort?","Kinesis Firehose is correct because it delivers to S3 within a configurable buffer time (up to 15 minutes, can be set to 5 minutes), requires no custom consumer code, and is fully managed. Kinesis Data Streams requires custom consumer code. MSK requires Kafka expertise. A custom EC2-based consumer has the highest operational overhead.","k-1-1-1|k-1-1-2|k-1-1-5",medium,ai-generated,false,C,Deploy Amazon MSK and write a custom Kafka consumer to write to S3,false,3
q-1-1-10,TS1.1,mc,"A company processes 500 GB of IoT sensor data daily. The data arrives in real time and must be delivered to Amazon S3 within 5 minutes for hourly ML batch training jobs. The team has no engineers who can write custom streaming consumers. Which solution meets these requirements with the LEAST operational effort?","Kinesis Firehose is correct because it delivers to S3 within a configurable buffer time (up to 15 minutes, can be set to 5 minutes), requires no custom consumer code, and is fully managed. Kinesis Data Streams requires custom consumer code. MSK requires Kafka expertise. A custom EC2-based consumer has the highest operational overhead.","k-1-1-1|k-1-1-2|k-1-1-5",medium,ai-generated,false,D,Launch EC2 instances with a custom consumer application that writes to S3,false,4
q-1-1-11,TS1.1,mc,"An ML engineer is designing a data ingestion pipeline for a recommendation system. The system must replay the last 5 days of user interaction events to rebuild recommendation models after a pipeline failure. Which service supports this requirement?","Kinesis Data Streams supports data retention up to 7 days by default (extendable to 365 days), enabling replay of historical events. Kinesis Firehose delivers data and does not retain it for replay. MSK supports log retention but is only appropriate when Kafka APIs are specifically required. S3 can store data but is not a streaming service with replay semantics.","k-1-1-1|k-1-1-3",medium,ai-generated,false,A,Amazon Kinesis Data Firehose,false,1
q-1-1-11,TS1.1,mc,"An ML engineer is designing a data ingestion pipeline for a recommendation system. The system must replay the last 5 days of user interaction events to rebuild recommendation models after a pipeline failure. Which service supports this requirement?","Kinesis Data Streams supports data retention up to 7 days by default (extendable to 365 days), enabling replay of historical events. Kinesis Firehose delivers data and does not retain it for replay. MSK supports log retention but is only appropriate when Kafka APIs are specifically required. S3 can store data but is not a streaming service with replay semantics.","k-1-1-1|k-1-1-3",medium,ai-generated,false,B,Amazon Kinesis Data Streams,true,2
q-1-1-11,TS1.1,mc,"An ML engineer is designing a data ingestion pipeline for a recommendation system. The system must replay the last 5 days of user interaction events to rebuild recommendation models after a pipeline failure. Which service supports this requirement?","Kinesis Data Streams supports data retention up to 7 days by default (extendable to 365 days), enabling replay of historical events. Kinesis Firehose delivers data and does not retain it for replay. MSK supports log retention but is only appropriate when Kafka APIs are specifically required. S3 can store data but is not a streaming service with replay semantics.","k-1-1-1|k-1-1-3",medium,ai-generated,false,C,Amazon MSK,false,3
q-1-1-11,TS1.1,mc,"An ML engineer is designing a data ingestion pipeline for a recommendation system. The system must replay the last 5 days of user interaction events to rebuild recommendation models after a pipeline failure. Which service supports this requirement?","Kinesis Data Streams supports data retention up to 7 days by default (extendable to 365 days), enabling replay of historical events. Kinesis Firehose delivers data and does not retain it for replay. MSK supports log retention but is only appropriate when Kafka APIs are specifically required. S3 can store data but is not a streaming service with replay semantics.","k-1-1-1|k-1-1-3",medium,ai-generated,false,D,Amazon S3 with versioning enabled,false,4
q-1-1-12,TS1.1,mc,"A company stores structured training data as CSV files in Amazon S3. An ML engineer wants to reduce Amazon Athena query costs and improve query performance by converting the data to a more efficient format. Which format should the engineer choose?","Apache Parquet is a columnar storage format that significantly reduces Athena query costs because Athena charges per data scanned — columnar formats allow Athena to scan only the columns needed rather than entire rows. Parquet also compresses well. CSV scans entire rows. JSON is larger than Parquet. Avro is row-based and not optimal for analytics queries.","s-1-1-1",medium,ai-generated,false,A,Apache Avro,false,1
q-1-1-12,TS1.1,mc,"A company stores structured training data as CSV files in Amazon S3. An ML engineer wants to reduce Amazon Athena query costs and improve query performance by converting the data to a more efficient format. Which format should the engineer choose?","Apache Parquet is a columnar storage format that significantly reduces Athena query costs because Athena charges per data scanned — columnar formats allow Athena to scan only the columns needed rather than entire rows. Parquet also compresses well. CSV scans entire rows. JSON is larger than Parquet. Avro is row-based and not optimal for analytics queries.","s-1-1-1",medium,ai-generated,false,B,JSON,false,2
q-1-1-12,TS1.1,mc,"A company stores structured training data as CSV files in Amazon S3. An ML engineer wants to reduce Amazon Athena query costs and improve query performance by converting the data to a more efficient format. Which format should the engineer choose?","Apache Parquet is a columnar storage format that significantly reduces Athena query costs because Athena charges per data scanned — columnar formats allow Athena to scan only the columns needed rather than entire rows. Parquet also compresses well. CSV scans entire rows. JSON is larger than Parquet. Avro is row-based and not optimal for analytics queries.","s-1-1-1",medium,ai-generated,false,C,Apache Parquet,true,3
q-1-1-12,TS1.1,mc,"A company stores structured training data as CSV files in Amazon S3. An ML engineer wants to reduce Amazon Athena query costs and improve query performance by converting the data to a more efficient format. Which format should the engineer choose?","Apache Parquet is a columnar storage format that significantly reduces Athena query costs because Athena charges per data scanned — columnar formats allow Athena to scan only the columns needed rather than entire rows. Parquet also compresses well. CSV scans entire rows. JSON is larger than Parquet. Avro is row-based and not optimal for analytics queries.","s-1-1-1",medium,ai-generated,false,D,CSV with gzip compression,false,4
q-1-1-13,TS1.1,mc,"A company is training a SageMaker image classification model using the built-in algorithm. The training data consists of millions of images stored in Amazon S3. The ML engineer needs to choose the most appropriate data format for the training job. Which format should be used?","RecordIO is the native format for SageMaker built-in algorithms including Image Classification. It enables fast sequential reads during training. Parquet is optimal for analytics queries not SageMaker image training. CSV cannot efficiently store binary image data. JSON adds significant overhead for image data.","s-1-1-1|k-1-1-5",medium,ai-generated,false,A,Apache Parquet,false,1
q-1-1-13,TS1.1,mc,"A company is training a SageMaker image classification model using the built-in algorithm. The training data consists of millions of images stored in Amazon S3. The ML engineer needs to choose the most appropriate data format for the training job. Which format should be used?","RecordIO is the native format for SageMaker built-in algorithms including Image Classification. It enables fast sequential reads during training. Parquet is optimal for analytics queries not SageMaker image training. CSV cannot efficiently store binary image data. JSON adds significant overhead for image data.","s-1-1-1|k-1-1-5",medium,ai-generated,false,B,RecordIO,true,2
q-1-1-13,TS1.1,mc,"A company is training a SageMaker image classification model using the built-in algorithm. The training data consists of millions of images stored in Amazon S3. The ML engineer needs to choose the most appropriate data format for the training job. Which format should be used?","RecordIO is the native format for SageMaker built-in algorithms including Image Classification. It enables fast sequential reads during training. Parquet is optimal for analytics queries not SageMaker image training. CSV cannot efficiently store binary image data. JSON adds significant overhead for image data.","s-1-1-1|k-1-1-5",medium,ai-generated,false,C,CSV,false,3
q-1-1-13,TS1.1,mc,"A company is training a SageMaker image classification model using the built-in algorithm. The training data consists of millions of images stored in Amazon S3. The ML engineer needs to choose the most appropriate data format for the training job. Which format should be used?","RecordIO is the native format for SageMaker built-in algorithms including Image Classification. It enables fast sequential reads during training. Parquet is optimal for analytics queries not SageMaker image training. CSV cannot efficiently store binary image data. JSON adds significant overhead for image data.","s-1-1-1|k-1-1-5",medium,ai-generated,false,D,JSON,false,4
q-1-1-14,TS1.1,mc,"A company is building an ML data lake. The data engineering team wants to automatically discover the schema of new datasets as they are added to Amazon S3, without writing any schema definition code. Which AWS service provides this capability?","AWS Glue Crawlers automatically scan S3 data, infer schemas, and register table definitions in the Glue Data Catalog without manual schema definition. AWS Lake Formation uses the Glue Catalog for permissions but does not discover schemas. Amazon Athena queries the catalog but does not create it. Amazon Macie detects sensitive data but does not catalog schemas.","k-1-1-8",medium,ai-generated,false,A,AWS Lake Formation,false,1
q-1-1-14,TS1.1,mc,"A company is building an ML data lake. The data engineering team wants to automatically discover the schema of new datasets as they are added to Amazon S3, without writing any schema definition code. Which AWS service provides this capability?","AWS Glue Crawlers automatically scan S3 data, infer schemas, and register table definitions in the Glue Data Catalog without manual schema definition. AWS Lake Formation uses the Glue Catalog for permissions but does not discover schemas. Amazon Athena queries the catalog but does not create it. Amazon Macie detects sensitive data but does not catalog schemas.","k-1-1-8",medium,ai-generated,false,B,AWS Glue Crawler,true,2
q-1-1-14,TS1.1,mc,"A company is building an ML data lake. The data engineering team wants to automatically discover the schema of new datasets as they are added to Amazon S3, without writing any schema definition code. Which AWS service provides this capability?","AWS Glue Crawlers automatically scan S3 data, infer schemas, and register table definitions in the Glue Data Catalog without manual schema definition. AWS Lake Formation uses the Glue Catalog for permissions but does not discover schemas. Amazon Athena queries the catalog but does not create it. Amazon Macie detects sensitive data but does not catalog schemas.","k-1-1-8",medium,ai-generated,false,C,Amazon Athena,false,3
q-1-1-14,TS1.1,mc,"A company is building an ML data lake. The data engineering team wants to automatically discover the schema of new datasets as they are added to Amazon S3, without writing any schema definition code. Which AWS service provides this capability?","AWS Glue Crawlers automatically scan S3 data, infer schemas, and register table definitions in the Glue Data Catalog without manual schema definition. AWS Lake Formation uses the Glue Catalog for permissions but does not discover schemas. Amazon Athena queries the catalog but does not create it. Amazon Macie detects sensitive data but does not catalog schemas.","k-1-1-8",medium,ai-generated,false,D,Amazon Macie,false,4
q-1-1-15,TS1.1,mc,"A company runs a SageMaker training job on a fleet of ml.p4d instances using a large deep learning model. The training data is 10 TB of image files in Amazon S3. After enabling distributed training, engineers observe that GPU utilization is still low due to data loading delays. What change would most significantly improve training throughput?","Switching the input data channel to use Amazon FSx for Lustre (linked to the S3 bucket) eliminates the network bottleneck between S3 and the training instances. FSx for Lustre provides sub-millisecond latency file access at hundreds of GB/s, eliminating idle GPU time. Increasing instance count with the same I/O bottleneck just adds more idle GPUs. Changing format to Parquet helps analytics queries but not binary image training. Enabling S3 Transfer Acceleration helps uploads not training reads.","k-1-1-6|k-1-1-5|s-1-1-2",hard,ai-generated,false,A,Increase the number of ml.p4d instances in the training cluster,false,1
q-1-1-15,TS1.1,mc,"A company runs a SageMaker training job on a fleet of ml.p4d instances using a large deep learning model. The training data is 10 TB of image files in Amazon S3. After enabling distributed training, engineers observe that GPU utilization is still low due to data loading delays. What change would most significantly improve training throughput?","Switching the input data channel to use Amazon FSx for Lustre (linked to the S3 bucket) eliminates the network bottleneck between S3 and the training instances. FSx for Lustre provides sub-millisecond latency file access at hundreds of GB/s, eliminating idle GPU time. Increasing instance count with the same I/O bottleneck just adds more idle GPUs. Changing format to Parquet helps analytics queries but not binary image training. Enabling S3 Transfer Acceleration helps uploads not training reads.","k-1-1-6|k-1-1-5|s-1-1-2",hard,ai-generated,false,B,Change the input data format from images to Apache Parquet,false,2
q-1-1-15,TS1.1,mc,"A company runs a SageMaker training job on a fleet of ml.p4d instances using a large deep learning model. The training data is 10 TB of image files in Amazon S3. After enabling distributed training, engineers observe that GPU utilization is still low due to data loading delays. What change would most significantly improve training throughput?","Switching the input data channel to use Amazon FSx for Lustre (linked to the S3 bucket) eliminates the network bottleneck between S3 and the training instances. FSx for Lustre provides sub-millisecond latency file access at hundreds of GB/s, eliminating idle GPU time. Increasing instance count with the same I/O bottleneck just adds more idle GPUs. Changing format to Parquet helps analytics queries but not binary image training. Enabling S3 Transfer Acceleration helps uploads not training reads.","k-1-1-6|k-1-1-5|s-1-1-2",hard,ai-generated,false,C,Configure the SageMaker training job to use an Amazon FSx for Lustre file system linked to the S3 bucket,true,3
q-1-1-15,TS1.1,mc,"A company runs a SageMaker training job on a fleet of ml.p4d instances using a large deep learning model. The training data is 10 TB of image files in Amazon S3. After enabling distributed training, engineers observe that GPU utilization is still low due to data loading delays. What change would most significantly improve training throughput?","Switching the input data channel to use Amazon FSx for Lustre (linked to the S3 bucket) eliminates the network bottleneck between S3 and the training instances. FSx for Lustre provides sub-millisecond latency file access at hundreds of GB/s, eliminating idle GPU time. Increasing instance count with the same I/O bottleneck just adds more idle GPUs. Changing format to Parquet helps analytics queries but not binary image training. Enabling S3 Transfer Acceleration helps uploads not training reads.","k-1-1-6|k-1-1-5|s-1-1-2",hard,ai-generated,false,D,Enable S3 Transfer Acceleration on the training data bucket,false,4
q-1-1-16,TS1.1,mc,"A company streams social media data using Amazon Kinesis Data Streams. Three separate applications need to independently process the same stream: one for real-time model inference, one for data quality monitoring, and one for archiving to S3. The team is concerned about one application affecting the processing speed of the others. What is the correct architecture?","Kinesis Data Streams natively supports multiple independent consumers (enhanced fan-out or standard) reading the same stream simultaneously without affecting each other. Each application maintains its own shard iterator position. Firehose would be a delivery layer not a multi-consumer solution. Duplicating streams adds unnecessary cost and operational overhead. SQS is a queue not a streaming service with multiple independent consumers.","k-1-1-3|k-1-1-1",hard,ai-generated,false,A,Create three separate Kinesis Data Streams — one for each application,false,1
q-1-1-16,TS1.1,mc,"A company streams social media data using Amazon Kinesis Data Streams. Three separate applications need to independently process the same stream: one for real-time model inference, one for data quality monitoring, and one for archiving to S3. The team is concerned about one application affecting the processing speed of the others. What is the correct architecture?","Kinesis Data Streams natively supports multiple independent consumers (enhanced fan-out or standard) reading the same stream simultaneously without affecting each other. Each application maintains its own shard iterator position. Firehose would be a delivery layer not a multi-consumer solution. Duplicating streams adds unnecessary cost and operational overhead. SQS is a queue not a streaming service with multiple independent consumers.","k-1-1-3|k-1-1-1",hard,ai-generated,false,B,Use a single Kinesis Data Stream with three independent consumers each maintaining their own iterator position,true,2
q-1-1-16,TS1.1,mc,"A company streams social media data using Amazon Kinesis Data Streams. Three separate applications need to independently process the same stream: one for real-time model inference, one for data quality monitoring, and one for archiving to S3. The team is concerned about one application affecting the processing speed of the others. What is the correct architecture?","Kinesis Data Streams natively supports multiple independent consumers (enhanced fan-out or standard) reading the same stream simultaneously without affecting each other. Each application maintains its own shard iterator position. Firehose would be a delivery layer not a multi-consumer solution. Duplicating streams adds unnecessary cost and operational overhead. SQS is a queue not a streaming service with multiple independent consumers.","k-1-1-3|k-1-1-1",hard,ai-generated,false,C,Add a Kinesis Data Firehose delivery stream between Kinesis and each application,false,3
q-1-1-16,TS1.1,mc,"A company streams social media data using Amazon Kinesis Data Streams. Three separate applications need to independently process the same stream: one for real-time model inference, one for data quality monitoring, and one for archiving to S3. The team is concerned about one application affecting the processing speed of the others. What is the correct architecture?","Kinesis Data Streams natively supports multiple independent consumers (enhanced fan-out or standard) reading the same stream simultaneously without affecting each other. Each application maintains its own shard iterator position. Firehose would be a delivery layer not a multi-consumer solution. Duplicating streams adds unnecessary cost and operational overhead. SQS is a queue not a streaming service with multiple independent consumers.","k-1-1-3|k-1-1-1",hard,ai-generated,false,D,Replace Kinesis with Amazon SQS and have each application poll the queue independently,false,4
q-1-1-17,TS1.1,mc,"An ML engineer is designing a storage solution for a SageMaker training pipeline. The training dataset is 8 TB of tabular data currently stored in Amazon S3 as CSV files. The training job uses the XGBoost built-in algorithm on ml.c5 instances. The team wants to reduce training time. Which change delivers the greatest improvement?","For XGBoost on ml.c5 (CPU instances) with tabular data, converting from CSV to LibSVM or keeping as CSV is standard. However the real bottleneck with 8TB is I/O — FSx for Lustre eliminates download time. Converting to Parquet does not help XGBoost directly as XGBoost reads CSV natively. Increasing instance count without fixing I/O just adds idle instances. RecordIO is for image/object detection built-in algorithms not XGBoost.","k-1-1-6|k-1-1-5|s-1-1-1|s-1-1-2",hard,ai-generated,false,A,Convert training data from CSV to RecordIO format,false,1
q-1-1-17,TS1.1,mc,"An ML engineer is designing a storage solution for a SageMaker training pipeline. The training dataset is 8 TB of tabular data currently stored in Amazon S3 as CSV files. The training job uses the XGBoost built-in algorithm on ml.c5 instances. The team wants to reduce training time. Which change delivers the greatest improvement?","For XGBoost on ml.c5 (CPU instances) with tabular data, converting from CSV to LibSVM or keeping as CSV is standard. However the real bottleneck with 8TB is I/O — FSx for Lustre eliminates download time. Converting to Parquet does not help XGBoost directly as XGBoost reads CSV natively. Increasing instance count without fixing I/O just adds idle instances. RecordIO is for image/object detection built-in algorithms not XGBoost.","k-1-1-6|k-1-1-5|s-1-1-1|s-1-1-2",hard,ai-generated,false,B,Mount an Amazon FSx for Lustre file system linked to the S3 bucket as the training data source,true,2
q-1-1-17,TS1.1,mc,"An ML engineer is designing a storage solution for a SageMaker training pipeline. The training dataset is 8 TB of tabular data currently stored in Amazon S3 as CSV files. The training job uses the XGBoost built-in algorithm on ml.c5 instances. The team wants to reduce training time. Which change delivers the greatest improvement?","For XGBoost on ml.c5 (CPU instances) with tabular data, converting from CSV to LibSVM or keeping as CSV is standard. However the real bottleneck with 8TB is I/O — FSx for Lustre eliminates download time. Converting to Parquet does not help XGBoost directly as XGBoost reads CSV natively. Increasing instance count without fixing I/O just adds idle instances. RecordIO is for image/object detection built-in algorithms not XGBoost.","k-1-1-6|k-1-1-5|s-1-1-1|s-1-1-2",hard,ai-generated,false,C,Convert training data from CSV to Apache Parquet,false,3
q-1-1-17,TS1.1,mc,"An ML engineer is designing a storage solution for a SageMaker training pipeline. The training dataset is 8 TB of tabular data currently stored in Amazon S3 as CSV files. The training job uses the XGBoost built-in algorithm on ml.c5 instances. The team wants to reduce training time. Which change delivers the greatest improvement?","For XGBoost on ml.c5 (CPU instances) with tabular data, converting from CSV to LibSVM or keeping as CSV is standard. However the real bottleneck with 8TB is I/O — FSx for Lustre eliminates download time. Converting to Parquet does not help XGBoost directly as XGBoost reads CSV natively. Increasing instance count without fixing I/O just adds idle instances. RecordIO is for image/object detection built-in algorithms not XGBoost.","k-1-1-6|k-1-1-5|s-1-1-1|s-1-1-2",hard,ai-generated,false,D,Scale out to more ml.c5 instances using distributed training,false,4
q-1-1-18,TS1.1,mr,"A company is designing an ML data architecture. The team needs to: (1) automatically catalog all new datasets added to Amazon S3, (2) enforce column-level access control so junior data scientists cannot see salary columns, and (3) allow ad-hoc SQL queries on the data without ETL. Which THREE services should the ML engineer configure? (Select THREE)","AWS Glue Crawlers automatically catalog S3 data into the Glue Data Catalog. AWS Lake Formation provides column-level security using the catalog. Amazon Athena enables SQL queries on S3 data using the catalog — no ETL needed. Amazon Macie discovers PII but does not enforce query-level access control. Amazon Redshift requires loading data and provisioning a cluster. AWS Glue ETL would transform data which is not needed here.","k-1-1-8|s-1-1-1",hard,ai-generated,false,A,AWS Glue Crawler,true,1
q-1-1-18,TS1.1,mr,"A company is designing an ML data architecture. The team needs to: (1) automatically catalog all new datasets added to Amazon S3, (2) enforce column-level access control so junior data scientists cannot see salary columns, and (3) allow ad-hoc SQL queries on the data without ETL. Which THREE services should the ML engineer configure? (Select THREE)","AWS Glue Crawlers automatically catalog S3 data into the Glue Data Catalog. AWS Lake Formation provides column-level security using the catalog. Amazon Athena enables SQL queries on S3 data using the catalog — no ETL needed. Amazon Macie discovers PII but does not enforce query-level access control. Amazon Redshift requires loading data and provisioning a cluster. AWS Glue ETL would transform data which is not needed here.","k-1-1-8|s-1-1-1",hard,ai-generated,false,B,AWS Lake Formation,true,2
q-1-1-18,TS1.1,mr,"A company is designing an ML data architecture. The team needs to: (1) automatically catalog all new datasets added to Amazon S3, (2) enforce column-level access control so junior data scientists cannot see salary columns, and (3) allow ad-hoc SQL queries on the data without ETL. Which THREE services should the ML engineer configure? (Select THREE)","AWS Glue Crawlers automatically catalog S3 data into the Glue Data Catalog. AWS Lake Formation provides column-level security using the catalog. Amazon Athena enables SQL queries on S3 data using the catalog — no ETL needed. Amazon Macie discovers PII but does not enforce query-level access control. Amazon Redshift requires loading data and provisioning a cluster. AWS Glue ETL would transform data which is not needed here.","k-1-1-8|s-1-1-1",hard,ai-generated,false,C,Amazon Athena,true,3
q-1-1-18,TS1.1,mr,"A company is designing an ML data architecture. The team needs to: (1) automatically catalog all new datasets added to Amazon S3, (2) enforce column-level access control so junior data scientists cannot see salary columns, and (3) allow ad-hoc SQL queries on the data without ETL. Which THREE services should the ML engineer configure? (Select THREE)","AWS Glue Crawlers automatically catalog S3 data into the Glue Data Catalog. AWS Lake Formation provides column-level security using the catalog. Amazon Athena enables SQL queries on S3 data using the catalog — no ETL needed. Amazon Macie discovers PII but does not enforce query-level access control. Amazon Redshift requires loading data and provisioning a cluster. AWS Glue ETL would transform data which is not needed here.","k-1-1-8|s-1-1-1",hard,ai-generated,false,D,Amazon Macie,false,4
q-1-1-18,TS1.1,mr,"A company is designing an ML data architecture. The team needs to: (1) automatically catalog all new datasets added to Amazon S3, (2) enforce column-level access control so junior data scientists cannot see salary columns, and (3) allow ad-hoc SQL queries on the data without ETL. Which THREE services should the ML engineer configure? (Select THREE)","AWS Glue Crawlers automatically catalog S3 data into the Glue Data Catalog. AWS Lake Formation provides column-level security using the catalog. Amazon Athena enables SQL queries on S3 data using the catalog — no ETL needed. Amazon Macie discovers PII but does not enforce query-level access control. Amazon Redshift requires loading data and provisioning a cluster. AWS Glue ETL would transform data which is not needed here.","k-1-1-8|s-1-1-1",hard,ai-generated,false,E,Amazon Redshift,false,5
q-1-1-19,TS1.1,mc,"A healthcare company stores patient records in Amazon S3 for ML model training. The data must never leave the us-east-1 region due to HIPAA data residency requirements. The company uses multiple AWS accounts in an AWS Organization. Which combination of controls enforces this requirement MOST effectively?","AWS Organizations SCPs can deny S3 replication and cross-region operations at the organizational level, overriding any IAM permissions. Combined with S3 bucket region restriction policies, this provides a two-layer enforcement. Lake Formation governs access not residency. KMS encrypts data but does not prevent cross-region movement. S3 versioning is for object recovery not residency.","k-1-1-5|k-1-1-8",hard,ai-generated,false,A,Enable S3 Object Lock and S3 Versioning on the bucket,false,1
q-1-1-19,TS1.1,mc,"A healthcare company stores patient records in Amazon S3 for ML model training. The data must never leave the us-east-1 region due to HIPAA data residency requirements. The company uses multiple AWS accounts in an AWS Organization. Which combination of controls enforces this requirement MOST effectively?","AWS Organizations SCPs can deny S3 replication and cross-region operations at the organizational level, overriding any IAM permissions. Combined with S3 bucket region restriction policies, this provides a two-layer enforcement. Lake Formation governs access not residency. KMS encrypts data but does not prevent cross-region movement. S3 versioning is for object recovery not residency.","k-1-1-5|k-1-1-8",hard,ai-generated,false,B,Apply an S3 bucket policy restricting access to us-east-1 and add an AWS Organizations SCP denying cross-region S3 operations,true,2
q-1-1-19,TS1.1,mc,"A healthcare company stores patient records in Amazon S3 for ML model training. The data must never leave the us-east-1 region due to HIPAA data residency requirements. The company uses multiple AWS accounts in an AWS Organization. Which combination of controls enforces this requirement MOST effectively?","AWS Organizations SCPs can deny S3 replication and cross-region operations at the organizational level, overriding any IAM permissions. Combined with S3 bucket region restriction policies, this provides a two-layer enforcement. Lake Formation governs access not residency. KMS encrypts data but does not prevent cross-region movement. S3 versioning is for object recovery not residency.","k-1-1-5|k-1-1-8",hard,ai-generated,false,C,Use AWS Lake Formation to restrict data access to us-east-1 IAM roles only,false,3
q-1-1-19,TS1.1,mc,"A healthcare company stores patient records in Amazon S3 for ML model training. The data must never leave the us-east-1 region due to HIPAA data residency requirements. The company uses multiple AWS accounts in an AWS Organization. Which combination of controls enforces this requirement MOST effectively?","AWS Organizations SCPs can deny S3 replication and cross-region operations at the organizational level, overriding any IAM permissions. Combined with S3 bucket region restriction policies, this provides a two-layer enforcement. Lake Formation governs access not residency. KMS encrypts data but does not prevent cross-region movement. S3 versioning is for object recovery not residency.","k-1-1-5|k-1-1-8",hard,ai-generated,false,D,Enable KMS encryption with a us-east-1 Customer Managed Key and S3 versioning,false,4
q-1-1-20,TS1.1,mr,"A company is evaluating storage options for a new SageMaker ML pipeline. The pipeline has three requirements: (1) store raw 50 TB datasets durably at low cost, (2) serve data to training jobs with sub-millisecond latency, and (3) allow five data scientists to simultaneously browse and edit feature files from their notebooks. Which storage services map CORRECTLY to these three requirements? (Select THREE — one per requirement)","S3 is the correct low-cost durable storage for raw large datasets. FSx for Lustre provides sub-millisecond latency for training jobs linked to S3. EFS provides shared simultaneous access for multiple Studio notebooks. EBS attaches to single EC2 instances only. Glacier has high retrieval latency unsuitable for training or notebook access.","k-1-1-5|k-1-1-6|k-1-1-7|s-1-1-2",hard,ai-generated,false,A,Amazon S3 for raw dataset storage,true,1
q-1-1-20,TS1.1,mr,"A company is evaluating storage options for a new SageMaker ML pipeline. The pipeline has three requirements: (1) store raw 50 TB datasets durably at low cost, (2) serve data to training jobs with sub-millisecond latency, and (3) allow five data scientists to simultaneously browse and edit feature files from their notebooks. Which storage services map CORRECTLY to these three requirements? (Select THREE — one per requirement)","S3 is the correct low-cost durable storage for raw large datasets. FSx for Lustre provides sub-millisecond latency for training jobs linked to S3. EFS provides shared simultaneous access for multiple Studio notebooks. EBS attaches to single EC2 instances only. Glacier has high retrieval latency unsuitable for training or notebook access.","k-1-1-5|k-1-1-6|k-1-1-7|s-1-1-2",hard,ai-generated,false,B,Amazon FSx for Lustre for training job data access,true,2
q-1-1-20,TS1.1,mr,"A company is evaluating storage options for a new SageMaker ML pipeline. The pipeline has three requirements: (1) store raw 50 TB datasets durably at low cost, (2) serve data to training jobs with sub-millisecond latency, and (3) allow five data scientists to simultaneously browse and edit feature files from their notebooks. Which storage services map CORRECTLY to these three requirements? (Select THREE — one per requirement)","S3 is the correct low-cost durable storage for raw large datasets. FSx for Lustre provides sub-millisecond latency for training jobs linked to S3. EFS provides shared simultaneous access for multiple Studio notebooks. EBS attaches to single EC2 instances only. Glacier has high retrieval latency unsuitable for training or notebook access.","k-1-1-5|k-1-1-6|k-1-1-7|s-1-1-2",hard,ai-generated,false,C,Amazon EFS for shared notebook access,true,3
q-1-1-20,TS1.1,mr,"A company is evaluating storage options for a new SageMaker ML pipeline. The pipeline has three requirements: (1) store raw 50 TB datasets durably at low cost, (2) serve data to training jobs with sub-millisecond latency, and (3) allow five data scientists to simultaneously browse and edit feature files from their notebooks. Which storage services map CORRECTLY to these three requirements? (Select THREE — one per requirement)","S3 is the correct low-cost durable storage for raw large datasets. FSx for Lustre provides sub-millisecond latency for training jobs linked to S3. EFS provides shared simultaneous access for multiple Studio notebooks. EBS attaches to single EC2 instances only. Glacier has high retrieval latency unsuitable for training or notebook access.","k-1-1-5|k-1-1-6|k-1-1-7|s-1-1-2",hard,ai-generated,false,D,Amazon EBS for raw dataset storage,false,4
q-1-1-20,TS1.1,mr,"A company is evaluating storage options for a new SageMaker ML pipeline. The pipeline has three requirements: (1) store raw 50 TB datasets durably at low cost, (2) serve data to training jobs with sub-millisecond latency, and (3) allow five data scientists to simultaneously browse and edit feature files from their notebooks. Which storage services map CORRECTLY to these three requirements? (Select THREE — one per requirement)","S3 is the correct low-cost durable storage for raw large datasets. FSx for Lustre provides sub-millisecond latency for training jobs linked to S3. EFS provides shared simultaneous access for multiple Studio notebooks. EBS attaches to single EC2 instances only. Glacier has high retrieval latency unsuitable for training or notebook access.","k-1-1-5|k-1-1-6|k-1-1-7|s-1-1-2",hard,ai-generated,false,E,Amazon S3 Glacier for training job data access,false,5
q-1-1-21,TS1.1,mc,"A company streams clickstream data to Amazon Kinesis Data Streams. A data science team wants to run Apache Flink jobs to aggregate features in real time before writing results to Amazon S3 for model training. Which AWS service should the ML engineer use to run the Flink jobs in a fully managed way?","Amazon Managed Service for Apache Flink is the correct answer because it runs Flink applications in a fully managed environment without cluster provisioning. It reads from Kinesis Data Streams and writes results to S3 or other destinations. EMR can run Flink but requires cluster management. AWS Glue does not natively support Flink. Lambda has a 15-minute execution limit unsuitable for stateful stream processing.","k-1-1-1|k-1-1-3",hard,ai-generated,false,A,Amazon EMR with a Flink cluster,false,1
q-1-1-21,TS1.1,mc,"A company streams clickstream data to Amazon Kinesis Data Streams. A data science team wants to run Apache Flink jobs to aggregate features in real time before writing results to Amazon S3 for model training. Which AWS service should the ML engineer use to run the Flink jobs in a fully managed way?","Amazon Managed Service for Apache Flink is the correct answer because it runs Flink applications in a fully managed environment without cluster provisioning. It reads from Kinesis Data Streams and writes results to S3 or other destinations. EMR can run Flink but requires cluster management. AWS Glue does not natively support Flink. Lambda has a 15-minute execution limit unsuitable for stateful stream processing.","k-1-1-1|k-1-1-3",hard,ai-generated,false,B,Amazon Managed Service for Apache Flink,true,2
q-1-1-21,TS1.1,mc,"A company streams clickstream data to Amazon Kinesis Data Streams. A data science team wants to run Apache Flink jobs to aggregate features in real time before writing results to Amazon S3 for model training. Which AWS service should the ML engineer use to run the Flink jobs in a fully managed way?","Amazon Managed Service for Apache Flink is the correct answer because it runs Flink applications in a fully managed environment without cluster provisioning. It reads from Kinesis Data Streams and writes results to S3 or other destinations. EMR can run Flink but requires cluster management. AWS Glue does not natively support Flink. Lambda has a 15-minute execution limit unsuitable for stateful stream processing.","k-1-1-1|k-1-1-3",hard,ai-generated,false,C,AWS Glue streaming ETL,false,3
q-1-1-21,TS1.1,mc,"A company streams clickstream data to Amazon Kinesis Data Streams. A data science team wants to run Apache Flink jobs to aggregate features in real time before writing results to Amazon S3 for model training. Which AWS service should the ML engineer use to run the Flink jobs in a fully managed way?","Amazon Managed Service for Apache Flink is the correct answer because it runs Flink applications in a fully managed environment without cluster provisioning. It reads from Kinesis Data Streams and writes results to S3 or other destinations. EMR can run Flink but requires cluster management. AWS Glue does not natively support Flink. Lambda has a 15-minute execution limit unsuitable for stateful stream processing.","k-1-1-1|k-1-1-3",hard,ai-generated,false,D,AWS Lambda with a 15-minute timeout,false,4
q-1-1-22,TS1.1,matching,"Match each AWS storage service to its PRIMARY use case in an ML pipeline.","FSx for Lustre is the high-performance training storage. S3 is the durable data lake. EFS is for shared notebook access. EBS is single-instance block storage. Knowing these distinctions is critical for storage architecture questions.","k-1-1-5|k-1-1-6|k-1-1-7|s-1-1-2",hard,ai-generated,false,L1,Amazon FSx for Lustre,R3,1
q-1-1-22,TS1.1,matching,"Match each AWS storage service to its PRIMARY use case in an ML pipeline.","FSx for Lustre is the high-performance training storage. S3 is the durable data lake. EFS is for shared notebook access. EBS is single-instance block storage. Knowing these distinctions is critical for storage architecture questions.","k-1-1-5|k-1-1-6|k-1-1-7|s-1-1-2",hard,ai-generated,false,L2,Amazon S3,R1,2
q-1-1-22,TS1.1,matching,"Match each AWS storage service to its PRIMARY use case in an ML pipeline.","FSx for Lustre is the high-performance training storage. S3 is the durable data lake. EFS is for shared notebook access. EBS is single-instance block storage. Knowing these distinctions is critical for storage architecture questions.","k-1-1-5|k-1-1-6|k-1-1-7|s-1-1-2",hard,ai-generated,false,L3,Amazon EFS,R2,3
q-1-1-22,TS1.1,matching,"Match each AWS storage service to its PRIMARY use case in an ML pipeline.","FSx for Lustre is the high-performance training storage. S3 is the durable data lake. EFS is for shared notebook access. EBS is single-instance block storage. Knowing these distinctions is critical for storage architecture questions.","k-1-1-5|k-1-1-6|k-1-1-7|s-1-1-2",hard,ai-generated,false,L4,Amazon EBS,R4,4
q-1-1-22,TS1.1,matching,"Match each AWS storage service to its PRIMARY use case in an ML pipeline.","FSx for Lustre is the high-performance training storage. S3 is the durable data lake. EFS is for shared notebook access. EBS is single-instance block storage. Knowing these distinctions is critical for storage architecture questions.","k-1-1-5|k-1-1-6|k-1-1-7|s-1-1-2",hard,ai-generated,false,R1,Durable object storage for raw datasets and model artifacts at any scale,,5
q-1-1-22,TS1.1,matching,"Match each AWS storage service to its PRIMARY use case in an ML pipeline.","FSx for Lustre is the high-performance training storage. S3 is the durable data lake. EFS is for shared notebook access. EBS is single-instance block storage. Knowing these distinctions is critical for storage architecture questions.","k-1-1-5|k-1-1-6|k-1-1-7|s-1-1-2",hard,ai-generated,false,R2,Shared POSIX file system for multiple SageMaker Studio notebooks simultaneously,,6
q-1-1-22,TS1.1,matching,"Match each AWS storage service to its PRIMARY use case in an ML pipeline.","FSx for Lustre is the high-performance training storage. S3 is the durable data lake. EFS is for shared notebook access. EBS is single-instance block storage. Knowing these distinctions is critical for storage architecture questions.","k-1-1-5|k-1-1-6|k-1-1-7|s-1-1-2",hard,ai-generated,false,R3,Sub-millisecond latency file system linked to S3 for training I/O bottleneck elimination,,7
q-1-1-22,TS1.1,matching,"Match each AWS storage service to its PRIMARY use case in an ML pipeline.","FSx for Lustre is the high-performance training storage. S3 is the durable data lake. EFS is for shared notebook access. EBS is single-instance block storage. Knowing these distinctions is critical for storage architecture questions.","k-1-1-5|k-1-1-6|k-1-1-7|s-1-1-2",hard,ai-generated,false,R4,Block storage attached to a single EC2 training instance only,,8
q-1-1-23,TS1.1,matching,"Match each streaming service scenario to the correct AWS service.","Firehose = no custom code managed delivery. KDS = custom consumer and replay. MSK = existing Kafka workload. Managed Flink = stateful stream processing. These four distinctions are the core of TS1.1 streaming questions.","k-1-1-1|k-1-1-2|k-1-1-3|k-1-1-4",hard,ai-generated,false,L1,Near real-time delivery to S3 with no custom consumer code,R2,1
q-1-1-23,TS1.1,matching,"Match each streaming service scenario to the correct AWS service.","Firehose = no custom code managed delivery. KDS = custom consumer and replay. MSK = existing Kafka workload. Managed Flink = stateful stream processing. These four distinctions are the core of TS1.1 streaming questions.","k-1-1-1|k-1-1-2|k-1-1-3|k-1-1-4",hard,ai-generated,false,L2,Sub-second latency with replay capability and custom Lambda consumer,R1,2
q-1-1-23,TS1.1,matching,"Match each streaming service scenario to the correct AWS service.","Firehose = no custom code managed delivery. KDS = custom consumer and replay. MSK = existing Kafka workload. Managed Flink = stateful stream processing. These four distinctions are the core of TS1.1 streaming questions.","k-1-1-1|k-1-1-2|k-1-1-3|k-1-1-4",hard,ai-generated,false,L3,Migrating an existing on-premises Apache Kafka cluster to AWS,R3,3
q-1-1-23,TS1.1,matching,"Match each streaming service scenario to the correct AWS service.","Firehose = no custom code managed delivery. KDS = custom consumer and replay. MSK = existing Kafka workload. Managed Flink = stateful stream processing. These four distinctions are the core of TS1.1 streaming questions.","k-1-1-1|k-1-1-2|k-1-1-3|k-1-1-4",hard,ai-generated,false,L4,Running stateful real-time feature aggregation on a Kinesis stream,R4,4
q-1-1-23,TS1.1,matching,"Match each streaming service scenario to the correct AWS service.","Firehose = no custom code managed delivery. KDS = custom consumer and replay. MSK = existing Kafka workload. Managed Flink = stateful stream processing. These four distinctions are the core of TS1.1 streaming questions.","k-1-1-1|k-1-1-2|k-1-1-3|k-1-1-4",hard,ai-generated,false,R1,Amazon Kinesis Data Streams,,5
q-1-1-23,TS1.1,matching,"Match each streaming service scenario to the correct AWS service.","Firehose = no custom code managed delivery. KDS = custom consumer and replay. MSK = existing Kafka workload. Managed Flink = stateful stream processing. These four distinctions are the core of TS1.1 streaming questions.","k-1-1-1|k-1-1-2|k-1-1-3|k-1-1-4",hard,ai-generated,false,R2,Amazon Kinesis Data Firehose,,6
q-1-1-23,TS1.1,matching,"Match each streaming service scenario to the correct AWS service.","Firehose = no custom code managed delivery. KDS = custom consumer and replay. MSK = existing Kafka workload. Managed Flink = stateful stream processing. These four distinctions are the core of TS1.1 streaming questions.","k-1-1-1|k-1-1-2|k-1-1-3|k-1-1-4",hard,ai-generated,false,R3,Amazon MSK,,7
q-1-1-23,TS1.1,matching,"Match each streaming service scenario to the correct AWS service.","Firehose = no custom code managed delivery. KDS = custom consumer and replay. MSK = existing Kafka workload. Managed Flink = stateful stream processing. These four distinctions are the core of TS1.1 streaming questions.","k-1-1-1|k-1-1-2|k-1-1-3|k-1-1-4",hard,ai-generated,false,R4,Amazon Managed Service for Apache Flink,,8
q-1-1-24,TS1.1,matching,"Match each data format to its optimal use case in an ML pipeline.","Parquet is columnar for analytics. RecordIO is SageMaker native. CSV is simple flexible. Avro is schema evolution streaming. Knowing which format to use in which context is tested frequently.","s-1-1-1",hard,ai-generated,false,L1,Apache Parquet,R2,1
q-1-1-24,TS1.1,matching,"Match each data format to its optimal use case in an ML pipeline.","Parquet is columnar for analytics. RecordIO is SageMaker native. CSV is simple flexible. Avro is schema evolution streaming. Knowing which format to use in which context is tested frequently.","s-1-1-1",hard,ai-generated,false,L2,RecordIO,R3,2
q-1-1-24,TS1.1,matching,"Match each data format to its optimal use case in an ML pipeline.","Parquet is columnar for analytics. RecordIO is SageMaker native. CSV is simple flexible. Avro is schema evolution streaming. Knowing which format to use in which context is tested frequently.","s-1-1-1",hard,ai-generated,false,L3,CSV,R1,3
q-1-1-24,TS1.1,matching,"Match each data format to its optimal use case in an ML pipeline.","Parquet is columnar for analytics. RecordIO is SageMaker native. CSV is simple flexible. Avro is schema evolution streaming. Knowing which format to use in which context is tested frequently.","s-1-1-1",hard,ai-generated,false,L4,Apache Avro,R4,4
q-1-1-24,TS1.1,matching,"Match each data format to its optimal use case in an ML pipeline.","Parquet is columnar for analytics. RecordIO is SageMaker native. CSV is simple flexible. Avro is schema evolution streaming. Knowing which format to use in which context is tested frequently.","s-1-1-1",hard,ai-generated,false,R1,Simple human-readable format for small datasets and API ingestion,,5
q-1-1-24,TS1.1,matching,"Match each data format to its optimal use case in an ML pipeline.","Parquet is columnar for analytics. RecordIO is SageMaker native. CSV is simple flexible. Avro is schema evolution streaming. Knowing which format to use in which context is tested frequently.","s-1-1-1",hard,ai-generated,false,R2,Columnar format reducing Athena scan costs and optimizing analytics queries,,6
q-1-1-24,TS1.1,matching,"Match each data format to its optimal use case in an ML pipeline.","Parquet is columnar for analytics. RecordIO is SageMaker native. CSV is simple flexible. Avro is schema evolution streaming. Knowing which format to use in which context is tested frequently.","s-1-1-1",hard,ai-generated,false,R3,Native SageMaker format for built-in image classification and object detection training,,7
q-1-1-24,TS1.1,matching,"Match each data format to its optimal use case in an ML pipeline.","Parquet is columnar for analytics. RecordIO is SageMaker native. CSV is simple flexible. Avro is schema evolution streaming. Knowing which format to use in which context is tested frequently.","s-1-1-1",hard,ai-generated,false,R4,Row-based format with schema evolution support for streaming workloads,,8
q-1-1-25,TS1.1,mc,"A company needs to ingest streaming sensor data from 10000 IoT devices into an ML pipeline. The data must be processed by two independent consumer applications: one performs real-time anomaly detection using a custom model, and another archives processed data to Amazon S3. Both consumers must process every event independently. The solution must handle sudden spikes in device traffic. Which service best meets ALL requirements?","Kinesis Data Streams is the only option that supports multiple independent consumers each reading every event, handles spikes via shard scaling, and supports custom consumer applications. Firehose supports only one delivery destination per stream and no custom consumer logic. MSK requires Kafka expertise and is only appropriate when Kafka APIs are specifically required. SQS is a queue where each message is consumed by only one consumer.","k-1-1-1|k-1-1-3",hard,ai-generated,false,A,Amazon Kinesis Data Firehose with two delivery streams,false,1
q-1-1-25,TS1.1,mc,"A company needs to ingest streaming sensor data from 10000 IoT devices into an ML pipeline. The data must be processed by two independent consumer applications: one performs real-time anomaly detection using a custom model, and another archives processed data to Amazon S3. Both consumers must process every event independently. The solution must handle sudden spikes in device traffic. Which service best meets ALL requirements?","Kinesis Data Streams is the only option that supports multiple independent consumers each reading every event, handles spikes via shard scaling, and supports custom consumer applications. Firehose supports only one delivery destination per stream and no custom consumer logic. MSK requires Kafka expertise and is only appropriate when Kafka APIs are specifically required. SQS is a queue where each message is consumed by only one consumer.","k-1-1-1|k-1-1-3",hard,ai-generated,false,B,Amazon Kinesis Data Streams with enhanced fan-out for both consumers,true,2
q-1-1-25,TS1.1,mc,"A company needs to ingest streaming sensor data from 10000 IoT devices into an ML pipeline. The data must be processed by two independent consumer applications: one performs real-time anomaly detection using a custom model, and another archives processed data to Amazon S3. Both consumers must process every event independently. The solution must handle sudden spikes in device traffic. Which service best meets ALL requirements?","Kinesis Data Streams is the only option that supports multiple independent consumers each reading every event, handles spikes via shard scaling, and supports custom consumer applications. Firehose supports only one delivery destination per stream and no custom consumer logic. MSK requires Kafka expertise and is only appropriate when Kafka APIs are specifically required. SQS is a queue where each message is consumed by only one consumer.","k-1-1-1|k-1-1-3",hard,ai-generated,false,C,Amazon MSK with two consumer groups,false,3
q-1-1-25,TS1.1,mc,"A company needs to ingest streaming sensor data from 10000 IoT devices into an ML pipeline. The data must be processed by two independent consumer applications: one performs real-time anomaly detection using a custom model, and another archives processed data to Amazon S3. Both consumers must process every event independently. The solution must handle sudden spikes in device traffic. Which service best meets ALL requirements?","Kinesis Data Streams is the only option that supports multiple independent consumers each reading every event, handles spikes via shard scaling, and supports custom consumer applications. Firehose supports only one delivery destination per stream and no custom consumer logic. MSK requires Kafka expertise and is only appropriate when Kafka APIs are specifically required. SQS is a queue where each message is consumed by only one consumer.","k-1-1-1|k-1-1-3",hard,ai-generated,false,D,Amazon SQS FIFO queue with two consumer applications,false,4
q-1-1-26,TS1.1,mc,"An ML engineer is reviewing a SageMaker training pipeline that ingests data from Amazon S3. The training job accesses 2 TB of Parquet files and the job takes 6 hours on ml.p3.16xlarge instances. CloudWatch metrics show that GPU utilization averages only 15% and network input averages 800 MB/s — well below the instance network capacity of 25 Gbps. What is the most likely bottleneck and solution?","The symptoms — low GPU utilization and low network throughput despite high network capacity — indicate S3 throttling or per-object request overhead, not a network capacity issue. FSx for Lustre bypasses S3 request overhead by providing a parallel file system that pre-loads data and serves it at full memory bandwidth. The GPU is not processing-limited (15% utilization proves it is waiting for data). Increasing instances without solving I/O just adds idle GPUs. Converting to CSV would be worse than Parquet.","k-1-1-6|k-1-1-5|s-1-1-2",hard,ai-generated,false,A,The GPUs are undersized — upgrade to ml.p4d.24xlarge instances,false,1
q-1-1-26,TS1.1,mc,"An ML engineer is reviewing a SageMaker training pipeline that ingests data from Amazon S3. The training job accesses 2 TB of Parquet files and the job takes 6 hours on ml.p3.16xlarge instances. CloudWatch metrics show that GPU utilization averages only 15% and network input averages 800 MB/s — well below the instance network capacity of 25 Gbps. What is the most likely bottleneck and solution?","The symptoms — low GPU utilization and low network throughput despite high network capacity — indicate S3 throttling or per-object request overhead, not a network capacity issue. FSx for Lustre bypasses S3 request overhead by providing a parallel file system that pre-loads data and serves it at full memory bandwidth. The GPU is not processing-limited (15% utilization proves it is waiting for data). Increasing instances without solving I/O just adds idle GPUs. Converting to CSV would be worse than Parquet.","k-1-1-6|k-1-1-5|s-1-1-2",hard,ai-generated,false,B,The data format is inefficient — convert Parquet to CSV for faster reads,false,2
q-1-1-26,TS1.1,mc,"An ML engineer is reviewing a SageMaker training pipeline that ingests data from Amazon S3. The training job accesses 2 TB of Parquet files and the job takes 6 hours on ml.p3.16xlarge instances. CloudWatch metrics show that GPU utilization averages only 15% and network input averages 800 MB/s — well below the instance network capacity of 25 Gbps. What is the most likely bottleneck and solution?","The symptoms — low GPU utilization and low network throughput despite high network capacity — indicate S3 throttling or per-object request overhead, not a network capacity issue. FSx for Lustre bypasses S3 request overhead by providing a parallel file system that pre-loads data and serves it at full memory bandwidth. The GPU is not processing-limited (15% utilization proves it is waiting for data). Increasing instances without solving I/O just adds idle GPUs. Converting to CSV would be worse than Parquet.","k-1-1-6|k-1-1-5|s-1-1-2",hard,ai-generated,false,C,The S3 data access is throttled — mount an Amazon FSx for Lustre file system as the training data source,true,3
q-1-1-26,TS1.1,mc,"An ML engineer is reviewing a SageMaker training pipeline that ingests data from Amazon S3. The training job accesses 2 TB of Parquet files and the job takes 6 hours on ml.p3.16xlarge instances. CloudWatch metrics show that GPU utilization averages only 15% and network input averages 800 MB/s — well below the instance network capacity of 25 Gbps. What is the most likely bottleneck and solution?","The symptoms — low GPU utilization and low network throughput despite high network capacity — indicate S3 throttling or per-object request overhead, not a network capacity issue. FSx for Lustre bypasses S3 request overhead by providing a parallel file system that pre-loads data and serves it at full memory bandwidth. The GPU is not processing-limited (15% utilization proves it is waiting for data). Increasing instances without solving I/O just adds idle GPUs. Converting to CSV would be worse than Parquet.","k-1-1-6|k-1-1-5|s-1-1-2",hard,ai-generated,false,D,The training cluster is too small — add more ml.p3.16xlarge instances,false,4
q-1-1-27,TS1.1,mr,"A company is architecting a fully governed ML data lake on AWS. The requirements are: store 200 TB of raw data durably, automatically catalog schemas as new data arrives, enforce row-level security so each data scientist can only query records from their assigned region, and enable cost-efficient SQL analysis without loading data into a database. Which THREE services are required? (Select THREE)","Amazon S3 is required for durable 200TB storage. AWS Glue Crawler is required for automatic schema cataloging into the Glue Data Catalog. AWS Lake Formation is required for row-level security enforcement. Amazon Athena is required for serverless SQL queries on S3 data. Amazon Redshift requires data loading. Amazon Macie detects PII but does not enforce row-level access.","k-1-1-5|k-1-1-8|s-1-1-2",hard,ai-generated,false,A,Amazon S3,true,1
q-1-1-27,TS1.1,mr,"A company is architecting a fully governed ML data lake on AWS. The requirements are: store 200 TB of raw data durably, automatically catalog schemas as new data arrives, enforce row-level security so each data scientist can only query records from their assigned region, and enable cost-efficient SQL analysis without loading data into a database. Which THREE services are required? (Select THREE)","Amazon S3 is required for durable 200TB storage. AWS Glue Crawler is required for automatic schema cataloging into the Glue Data Catalog. AWS Lake Formation is required for row-level security enforcement. Amazon Athena is required for serverless SQL queries on S3 data. Amazon Redshift requires data loading. Amazon Macie detects PII but does not enforce row-level access.","k-1-1-5|k-1-1-8|s-1-1-2",hard,ai-generated,false,B,AWS Lake Formation,true,2
q-1-1-27,TS1.1,mr,"A company is architecting a fully governed ML data lake on AWS. The requirements are: store 200 TB of raw data durably, automatically catalog schemas as new data arrives, enforce row-level security so each data scientist can only query records from their assigned region, and enable cost-efficient SQL analysis without loading data into a database. Which THREE services are required? (Select THREE)","Amazon S3 is required for durable 200TB storage. AWS Glue Crawler is required for automatic schema cataloging into the Glue Data Catalog. AWS Lake Formation is required for row-level security enforcement. Amazon Athena is required for serverless SQL queries on S3 data. Amazon Redshift requires data loading. Amazon Macie detects PII but does not enforce row-level access.","k-1-1-5|k-1-1-8|s-1-1-2",hard,ai-generated,false,C,Amazon Athena,true,3
q-1-1-27,TS1.1,mr,"A company is architecting a fully governed ML data lake on AWS. The requirements are: store 200 TB of raw data durably, automatically catalog schemas as new data arrives, enforce row-level security so each data scientist can only query records from their assigned region, and enable cost-efficient SQL analysis without loading data into a database. Which THREE services are required? (Select THREE)","Amazon S3 is required for durable 200TB storage. AWS Glue Crawler is required for automatic schema cataloging into the Glue Data Catalog. AWS Lake Formation is required for row-level security enforcement. Amazon Athena is required for serverless SQL queries on S3 data. Amazon Redshift requires data loading. Amazon Macie detects PII but does not enforce row-level access.","k-1-1-5|k-1-1-8|s-1-1-2",hard,ai-generated,false,D,Amazon Redshift,false,4
q-1-1-27,TS1.1,mr,"A company is architecting a fully governed ML data lake on AWS. The requirements are: store 200 TB of raw data durably, automatically catalog schemas as new data arrives, enforce row-level security so each data scientist can only query records from their assigned region, and enable cost-efficient SQL analysis without loading data into a database. Which THREE services are required? (Select THREE)","Amazon S3 is required for durable 200TB storage. AWS Glue Crawler is required for automatic schema cataloging into the Glue Data Catalog. AWS Lake Formation is required for row-level security enforcement. Amazon Athena is required for serverless SQL queries on S3 data. Amazon Redshift requires data loading. Amazon Macie detects PII but does not enforce row-level access.","k-1-1-5|k-1-1-8|s-1-1-2",hard,ai-generated,false,E,Amazon Macie,false,5
q-1-1-28,TS1.1,mc,"A company's ML team ingests customer transaction data via Amazon Kinesis Data Streams. The stream feeds three consumers: a Lambda function for real-time scoring, an Apache Flink application for feature aggregation, and a Kinesis Data Firehose delivery stream for archival. After a weekend outage lasting 36 hours, the team needs to reprocess all events that occurred during the outage. Which statement about this architecture is TRUE?","Kinesis Data Streams retains data for 24 hours by default (extendable to 7 days or 365 days with long-term retention). With default retention, 36-hour-old data would be gone. The team must have enabled extended retention (minimum 7 days) beforehand to replay the missed events. Firehose cannot replay — it delivers and discards. Lambda or Flink alone cannot provide the replay — the source stream must have the data retained.","k-1-1-1|k-1-1-3|k-1-1-2",hard,ai-generated,false,A,The team can replay the 36-hour outage window because Kinesis Data Streams retains data for 24 hours by default,false,1
q-1-1-28,TS1.1,mc,"A company's ML team ingests customer transaction data via Amazon Kinesis Data Streams. The stream feeds three consumers: a Lambda function for real-time scoring, an Apache Flink application for feature aggregation, and a Kinesis Data Firehose delivery stream for archival. After a weekend outage lasting 36 hours, the team needs to reprocess all events that occurred during the outage. Which statement about this architecture is TRUE?","Kinesis Data Streams retains data for 24 hours by default (extendable to 7 days or 365 days with long-term retention). With default retention, 36-hour-old data would be gone. The team must have enabled extended retention (minimum 7 days) beforehand to replay the missed events. Firehose cannot replay — it delivers and discards. Lambda or Flink alone cannot provide the replay — the source stream must have the data retained.","k-1-1-1|k-1-1-3|k-1-1-2",hard,ai-generated,false,B,The team can replay using the Kinesis Data Firehose delivery stream as the source for reprocessing,false,2
q-1-1-28,TS1.1,mc,"A company's ML team ingests customer transaction data via Amazon Kinesis Data Streams. The stream feeds three consumers: a Lambda function for real-time scoring, an Apache Flink application for feature aggregation, and a Kinesis Data Firehose delivery stream for archival. After a weekend outage lasting 36 hours, the team needs to reprocess all events that occurred during the outage. Which statement about this architecture is TRUE?","Kinesis Data Streams retains data for 24 hours by default (extendable to 7 days or 365 days with long-term retention). With default retention, 36-hour-old data would be gone. The team must have enabled extended retention (minimum 7 days) beforehand to replay the missed events. Firehose cannot replay — it delivers and discards. Lambda or Flink alone cannot provide the replay — the source stream must have the data retained.","k-1-1-1|k-1-1-3|k-1-1-2",hard,ai-generated,false,C,Replay is only possible if extended data retention (beyond 24 hours default) was enabled on the Kinesis Data Stream before the outage,true,3
q-1-1-28,TS1.1,mc,"A company's ML team ingests customer transaction data via Amazon Kinesis Data Streams. The stream feeds three consumers: a Lambda function for real-time scoring, an Apache Flink application for feature aggregation, and a Kinesis Data Firehose delivery stream for archival. After a weekend outage lasting 36 hours, the team needs to reprocess all events that occurred during the outage. Which statement about this architecture is TRUE?","Kinesis Data Streams retains data for 24 hours by default (extendable to 7 days or 365 days with long-term retention). With default retention, 36-hour-old data would be gone. The team must have enabled extended retention (minimum 7 days) beforehand to replay the missed events. Firehose cannot replay — it delivers and discards. Lambda or Flink alone cannot provide the replay — the source stream must have the data retained.","k-1-1-1|k-1-1-3|k-1-1-2",hard,ai-generated,false,D,All three consumers independently retain copies of the stream data for replay,false,4
q-1-1-29,TS1.1,mr,"A company is migrating its on-premises ML infrastructure to AWS. The existing pipeline uses Apache Kafka for real-time data ingestion and Apache Hadoop for batch processing of historical datasets. The team wants to minimize code refactoring. Which TWO AWS services should the ML engineer recommend? (Select TWO)","Amazon MSK preserves Kafka APIs so existing Kafka producers and consumers work without refactoring. Amazon EMR runs Hadoop and Spark natively, allowing existing Hadoop MapReduce jobs to migrate without rewriting. Kinesis Data Streams is not Kafka-compatible and would require refactoring. AWS Glue requires rewriting ETL in PySpark. S3 is storage not a compute service for Hadoop workloads.","k-1-1-4|k-1-1-1",hard,ai-generated,false,A,Amazon MSK,true,1
q-1-1-29,TS1.1,mr,"A company is migrating its on-premises ML infrastructure to AWS. The existing pipeline uses Apache Kafka for real-time data ingestion and Apache Hadoop for batch processing of historical datasets. The team wants to minimize code refactoring. Which TWO AWS services should the ML engineer recommend? (Select TWO)","Amazon MSK preserves Kafka APIs so existing Kafka producers and consumers work without refactoring. Amazon EMR runs Hadoop and Spark natively, allowing existing Hadoop MapReduce jobs to migrate without rewriting. Kinesis Data Streams is not Kafka-compatible and would require refactoring. AWS Glue requires rewriting ETL in PySpark. S3 is storage not a compute service for Hadoop workloads.","k-1-1-4|k-1-1-1",hard,ai-generated,false,B,Amazon Kinesis Data Streams,false,2
q-1-1-29,TS1.1,mr,"A company is migrating its on-premises ML infrastructure to AWS. The existing pipeline uses Apache Kafka for real-time data ingestion and Apache Hadoop for batch processing of historical datasets. The team wants to minimize code refactoring. Which TWO AWS services should the ML engineer recommend? (Select TWO)","Amazon MSK preserves Kafka APIs so existing Kafka producers and consumers work without refactoring. Amazon EMR runs Hadoop and Spark natively, allowing existing Hadoop MapReduce jobs to migrate without rewriting. Kinesis Data Streams is not Kafka-compatible and would require refactoring. AWS Glue requires rewriting ETL in PySpark. S3 is storage not a compute service for Hadoop workloads.","k-1-1-4|k-1-1-1",hard,ai-generated,false,C,Amazon EMR,true,3
q-1-1-29,TS1.1,mr,"A company is migrating its on-premises ML infrastructure to AWS. The existing pipeline uses Apache Kafka for real-time data ingestion and Apache Hadoop for batch processing of historical datasets. The team wants to minimize code refactoring. Which TWO AWS services should the ML engineer recommend? (Select TWO)","Amazon MSK preserves Kafka APIs so existing Kafka producers and consumers work without refactoring. Amazon EMR runs Hadoop and Spark natively, allowing existing Hadoop MapReduce jobs to migrate without rewriting. Kinesis Data Streams is not Kafka-compatible and would require refactoring. AWS Glue requires rewriting ETL in PySpark. S3 is storage not a compute service for Hadoop workloads.","k-1-1-4|k-1-1-1",hard,ai-generated,false,D,AWS Glue,false,4
q-1-1-29,TS1.1,mr,"A company is migrating its on-premises ML infrastructure to AWS. The existing pipeline uses Apache Kafka for real-time data ingestion and Apache Hadoop for batch processing of historical datasets. The team wants to minimize code refactoring. Which TWO AWS services should the ML engineer recommend? (Select TWO)","Amazon MSK preserves Kafka APIs so existing Kafka producers and consumers work without refactoring. Amazon EMR runs Hadoop and Spark natively, allowing existing Hadoop MapReduce jobs to migrate without rewriting. Kinesis Data Streams is not Kafka-compatible and would require refactoring. AWS Glue requires rewriting ETL in PySpark. S3 is storage not a compute service for Hadoop workloads.","k-1-1-4|k-1-1-1",hard,ai-generated,false,E,Amazon S3,false,5
q-1-1-30,TS1.1,mc,"A retail company runs nightly batch ML training jobs that process the previous day's transaction data stored in Amazon S3. Each job takes approximately 4 hours. The data science team plans to run jobs on a schedule and can tolerate interruptions as long as progress is not lost. The company wants to reduce training infrastructure costs by at least 60%. Which combination of solutions achieves this goal?","Managed Spot Training on SageMaker with checkpointing enabled can save up to 90% compared to on-demand. The key is combining spot instances with checkpointing so interrupted jobs resume from the last saved checkpoint rather than starting over. Increasing instance size increases cost. Reserved Instances give up to 72% savings but require 1-3 year commitment — spot is more flexible and cheaper for batch jobs. EFS does not reduce compute costs.","k-1-1-5|s-1-1-2",hard,ai-generated,false,A,Use larger ml.p4d instances to complete the job faster and reduce hourly costs,false,1
q-1-1-30,TS1.1,mc,"A retail company runs nightly batch ML training jobs that process the previous day's transaction data stored in Amazon S3. Each job takes approximately 4 hours. The data science team plans to run jobs on a schedule and can tolerate interruptions as long as progress is not lost. The company wants to reduce training infrastructure costs by at least 60%. Which combination of solutions achieves this goal?","Managed Spot Training on SageMaker with checkpointing enabled can save up to 90% compared to on-demand. The key is combining spot instances with checkpointing so interrupted jobs resume from the last saved checkpoint rather than starting over. Increasing instance size increases cost. Reserved Instances give up to 72% savings but require 1-3 year commitment — spot is more flexible and cheaper for batch jobs. EFS does not reduce compute costs.","k-1-1-5|s-1-1-2",hard,ai-generated,false,B,Enable SageMaker Managed Spot Training with checkpointing to Amazon S3,true,2
q-1-1-30,TS1.1,mc,"A retail company runs nightly batch ML training jobs that process the previous day's transaction data stored in Amazon S3. Each job takes approximately 4 hours. The data science team plans to run jobs on a schedule and can tolerate interruptions as long as progress is not lost. The company wants to reduce training infrastructure costs by at least 60%. Which combination of solutions achieves this goal?","Managed Spot Training on SageMaker with checkpointing enabled can save up to 90% compared to on-demand. The key is combining spot instances with checkpointing so interrupted jobs resume from the last saved checkpoint rather than starting over. Increasing instance size increases cost. Reserved Instances give up to 72% savings but require 1-3 year commitment — spot is more flexible and cheaper for batch jobs. EFS does not reduce compute costs.","k-1-1-5|s-1-1-2",hard,ai-generated,false,C,Purchase 1-year Reserved Instances for the training cluster,false,3
q-1-1-30,TS1.1,mc,"A retail company runs nightly batch ML training jobs that process the previous day's transaction data stored in Amazon S3. Each job takes approximately 4 hours. The data science team plans to run jobs on a schedule and can tolerate interruptions as long as progress is not lost. The company wants to reduce training infrastructure costs by at least 60%. Which combination of solutions achieves this goal?","Managed Spot Training on SageMaker with checkpointing enabled can save up to 90% compared to on-demand. The key is combining spot instances with checkpointing so interrupted jobs resume from the last saved checkpoint rather than starting over. Increasing instance size increases cost. Reserved Instances give up to 72% savings but require 1-3 year commitment — spot is more flexible and cheaper for batch jobs. EFS does not reduce compute costs.","k-1-1-5|s-1-1-2",hard,ai-generated,false,D,Mount Amazon EFS instead of S3 to reduce data transfer costs during training,false,4
