question_ref,lo_code,question_type,question_text,explanation,subtopic_codes,difficulty,source,verified,option_key,option_text,answer_value,sort_order
q-1-2-01,TS1.2,mc,"A data engineering team needs to run custom PySpark code to transform petabytes of raw clickstream data stored in Amazon S3. The team wants to run this job without provisioning or managing any servers. Which AWS service should they use?","AWS Glue is the correct answer because it is a fully managed serverless ETL service that runs PySpark and Scala code without any server provisioning. Amazon EMR requires you to provision and manage EC2 clusters. AWS Glue DataBrew is visual no-code and does not support custom PySpark code. Amazon Athena is for SQL queries not PySpark transformations.",k-1-2-1,easy,ai-generated,false,A,Amazon EMR with a Spark cluster,false,1
q-1-2-01,TS1.2,mc,"A data engineering team needs to run custom PySpark code to transform petabytes of raw clickstream data stored in Amazon S3. The team wants to run this job without provisioning or managing any servers. Which AWS service should they use?","AWS Glue is the correct answer because it is a fully managed serverless ETL service that runs PySpark and Scala code without any server provisioning. Amazon EMR requires you to provision and manage EC2 clusters. AWS Glue DataBrew is visual no-code and does not support custom PySpark code. Amazon Athena is for SQL queries not PySpark transformations.",k-1-2-1,easy,ai-generated,false,B,AWS Glue,true,2
q-1-2-01,TS1.2,mc,"A data engineering team needs to run custom PySpark code to transform petabytes of raw clickstream data stored in Amazon S3. The team wants to run this job without provisioning or managing any servers. Which AWS service should they use?","AWS Glue is the correct answer because it is a fully managed serverless ETL service that runs PySpark and Scala code without any server provisioning. Amazon EMR requires you to provision and manage EC2 clusters. AWS Glue DataBrew is visual no-code and does not support custom PySpark code. Amazon Athena is for SQL queries not PySpark transformations.",k-1-2-1,easy,ai-generated,false,C,AWS Glue DataBrew,false,3
q-1-2-01,TS1.2,mc,"A data engineering team needs to run custom PySpark code to transform petabytes of raw clickstream data stored in Amazon S3. The team wants to run this job without provisioning or managing any servers. Which AWS service should they use?","AWS Glue is the correct answer because it is a fully managed serverless ETL service that runs PySpark and Scala code without any server provisioning. Amazon EMR requires you to provision and manage EC2 clusters. AWS Glue DataBrew is visual no-code and does not support custom PySpark code. Amazon Athena is for SQL queries not PySpark transformations.",k-1-2-1,easy,ai-generated,false,D,Amazon Athena,false,4
q-1-2-02,TS1.2,mc,"A company has an existing on-premises Apache Hadoop cluster processing 500 TB of log data daily for ML feature generation. The team is migrating to AWS and needs full control over the cluster configuration, instance types, and Spark tuning parameters. Which AWS service best meets these requirements?","Amazon EMR is correct because it provides a managed cluster platform where you choose EC2 instance types and have full control over Spark, Hadoop, and cluster configuration. AWS Glue is serverless and does not allow cluster-level tuning. AWS Glue DataBrew is a visual no-code tool. Amazon Athena is a query service not a processing cluster.",k-1-2-2,easy,ai-generated,false,A,AWS Glue,false,1
q-1-2-02,TS1.2,mc,"A company has an existing on-premises Apache Hadoop cluster processing 500 TB of log data daily for ML feature generation. The team is migrating to AWS and needs full control over the cluster configuration, instance types, and Spark tuning parameters. Which AWS service best meets these requirements?","Amazon EMR is correct because it provides a managed cluster platform where you choose EC2 instance types and have full control over Spark, Hadoop, and cluster configuration. AWS Glue is serverless and does not allow cluster-level tuning. AWS Glue DataBrew is a visual no-code tool. Amazon Athena is a query service not a processing cluster.",k-1-2-2,easy,ai-generated,false,B,Amazon EMR,true,2
q-1-2-02,TS1.2,mc,"A company has an existing on-premises Apache Hadoop cluster processing 500 TB of log data daily for ML feature generation. The team is migrating to AWS and needs full control over the cluster configuration, instance types, and Spark tuning parameters. Which AWS service best meets these requirements?","Amazon EMR is correct because it provides a managed cluster platform where you choose EC2 instance types and have full control over Spark, Hadoop, and cluster configuration. AWS Glue is serverless and does not allow cluster-level tuning. AWS Glue DataBrew is a visual no-code tool. Amazon Athena is a query service not a processing cluster.",k-1-2-2,easy,ai-generated,false,C,AWS Glue DataBrew,false,3
q-1-2-02,TS1.2,mc,"A company has an existing on-premises Apache Hadoop cluster processing 500 TB of log data daily for ML feature generation. The team is migrating to AWS and needs full control over the cluster configuration, instance types, and Spark tuning parameters. Which AWS service best meets these requirements?","Amazon EMR is correct because it provides a managed cluster platform where you choose EC2 instance types and have full control over Spark, Hadoop, and cluster configuration. AWS Glue is serverless and does not allow cluster-level tuning. AWS Glue DataBrew is a visual no-code tool. Amazon Athena is a query service not a processing cluster.",k-1-2-2,easy,ai-generated,false,D,Amazon Athena,false,4
q-1-2-03,TS1.2,mc,"A business analyst without programming experience needs to clean a customer dataset by removing duplicate records, standardizing date formats, and filling missing values before it is used for ML training. Which AWS service provides a visual interface to accomplish this without writing any code?","AWS Glue DataBrew is correct because it is a visual no-code data preparation tool with over 250 pre-built transformations designed for non-programmers. AWS Glue requires PySpark code. Amazon EMR requires programming knowledge. SageMaker Data Wrangler is ML-specific and outputs to SageMaker pipelines not general analytics.",k-1-2-3,easy,ai-generated,false,A,AWS Glue,false,1
q-1-2-03,TS1.2,mc,"A business analyst without programming experience needs to clean a customer dataset by removing duplicate records, standardizing date formats, and filling missing values before it is used for ML training. Which AWS service provides a visual interface to accomplish this without writing any code?","AWS Glue DataBrew is correct because it is a visual no-code data preparation tool with over 250 pre-built transformations designed for non-programmers. AWS Glue requires PySpark code. Amazon EMR requires programming knowledge. SageMaker Data Wrangler is ML-specific and outputs to SageMaker pipelines not general analytics.",k-1-2-3,easy,ai-generated,false,B,Amazon EMR,false,2
q-1-2-03,TS1.2,mc,"A business analyst without programming experience needs to clean a customer dataset by removing duplicate records, standardizing date formats, and filling missing values before it is used for ML training. Which AWS service provides a visual interface to accomplish this without writing any code?","AWS Glue DataBrew is correct because it is a visual no-code data preparation tool with over 250 pre-built transformations designed for non-programmers. AWS Glue requires PySpark code. Amazon EMR requires programming knowledge. SageMaker Data Wrangler is ML-specific and outputs to SageMaker pipelines not general analytics.",k-1-2-3,easy,ai-generated,false,C,AWS Glue DataBrew,true,3
q-1-2-03,TS1.2,mc,"A business analyst without programming experience needs to clean a customer dataset by removing duplicate records, standardizing date formats, and filling missing values before it is used for ML training. Which AWS service provides a visual interface to accomplish this without writing any code?","AWS Glue DataBrew is correct because it is a visual no-code data preparation tool with over 250 pre-built transformations designed for non-programmers. AWS Glue requires PySpark code. Amazon EMR requires programming knowledge. SageMaker Data Wrangler is ML-specific and outputs to SageMaker pipelines not general analytics.",k-1-2-3,easy,ai-generated,false,D,Amazon SageMaker Data Wrangler,false,4
q-1-2-04,TS1.2,mc,"A data scientist is preparing features for a machine learning model inside Amazon SageMaker Studio. After cleaning the data visually, they need to export the transformation steps directly into a SageMaker Pipeline for automated retraining. Which service supports this workflow?","SageMaker Data Wrangler is correct because it is built inside SageMaker Studio and can export transformation recipes directly to SageMaker Pipelines as Processing Jobs. AWS Glue DataBrew outputs to general data destinations not SageMaker Pipelines. AWS Glue requires custom code. Amazon Athena is a query service not a transformation tool.",k-1-2-4,easy,ai-generated,false,A,AWS Glue DataBrew,false,1
q-1-2-04,TS1.2,mc,"A data scientist is preparing features for a machine learning model inside Amazon SageMaker Studio. After cleaning the data visually, they need to export the transformation steps directly into a SageMaker Pipeline for automated retraining. Which service supports this workflow?","SageMaker Data Wrangler is correct because it is built inside SageMaker Studio and can export transformation recipes directly to SageMaker Pipelines as Processing Jobs. AWS Glue DataBrew outputs to general data destinations not SageMaker Pipelines. AWS Glue requires custom code. Amazon Athena is a query service not a transformation tool.",k-1-2-4,easy,ai-generated,false,B,Amazon SageMaker Data Wrangler,true,2
q-1-2-04,TS1.2,mc,"A data scientist is preparing features for a machine learning model inside Amazon SageMaker Studio. After cleaning the data visually, they need to export the transformation steps directly into a SageMaker Pipeline for automated retraining. Which service supports this workflow?","SageMaker Data Wrangler is correct because it is built inside SageMaker Studio and can export transformation recipes directly to SageMaker Pipelines as Processing Jobs. AWS Glue DataBrew outputs to general data destinations not SageMaker Pipelines. AWS Glue requires custom code. Amazon Athena is a query service not a transformation tool.",k-1-2-4,easy,ai-generated,false,C,AWS Glue,false,3
q-1-2-04,TS1.2,mc,"A data scientist is preparing features for a machine learning model inside Amazon SageMaker Studio. After cleaning the data visually, they need to export the transformation steps directly into a SageMaker Pipeline for automated retraining. Which service supports this workflow?","SageMaker Data Wrangler is correct because it is built inside SageMaker Studio and can export transformation recipes directly to SageMaker Pipelines as Processing Jobs. AWS Glue DataBrew outputs to general data destinations not SageMaker Pipelines. AWS Glue requires custom code. Amazon Athena is a query service not a transformation tool.",k-1-2-4,easy,ai-generated,false,D,Amazon Athena,false,4
q-1-2-05,TS1.2,mc,"An ML engineer wants to quickly explore the statistical distribution of columns in a raw dataset stored in Amazon S3 before deciding on transformation steps. The engineer needs to run standard SQL queries without moving the data or setting up any infrastructure. Which service is most appropriate?","Amazon Athena is correct because it runs standard SQL queries directly on data in Amazon S3 without moving data or provisioning infrastructure. It is serverless and designed for ad-hoc exploration. AWS Glue is for ETL not exploration queries. Amazon Redshift requires loading data. Amazon EMR requires launching a cluster.",k-1-2-5,easy,ai-generated,false,A,Amazon Redshift,false,1
q-1-2-05,TS1.2,mc,"An ML engineer wants to quickly explore the statistical distribution of columns in a raw dataset stored in Amazon S3 before deciding on transformation steps. The engineer needs to run standard SQL queries without moving the data or setting up any infrastructure. Which service is most appropriate?","Amazon Athena is correct because it runs standard SQL queries directly on data in Amazon S3 without moving data or provisioning infrastructure. It is serverless and designed for ad-hoc exploration. AWS Glue is for ETL not exploration queries. Amazon Redshift requires loading data. Amazon EMR requires launching a cluster.",k-1-2-5,easy,ai-generated,false,B,Amazon Athena,true,2
q-1-2-05,TS1.2,mc,"An ML engineer wants to quickly explore the statistical distribution of columns in a raw dataset stored in Amazon S3 before deciding on transformation steps. The engineer needs to run standard SQL queries without moving the data or setting up any infrastructure. Which service is most appropriate?","Amazon Athena is correct because it runs standard SQL queries directly on data in Amazon S3 without moving data or provisioning infrastructure. It is serverless and designed for ad-hoc exploration. AWS Glue is for ETL not exploration queries. Amazon Redshift requires loading data. Amazon EMR requires launching a cluster.",k-1-2-5,easy,ai-generated,false,C,AWS Glue,false,3
q-1-2-05,TS1.2,mc,"An ML engineer wants to quickly explore the statistical distribution of columns in a raw dataset stored in Amazon S3 before deciding on transformation steps. The engineer needs to run standard SQL queries without moving the data or setting up any infrastructure. Which service is most appropriate?","Amazon Athena is correct because it runs standard SQL queries directly on data in Amazon S3 without moving data or provisioning infrastructure. It is serverless and designed for ad-hoc exploration. AWS Glue is for ETL not exploration queries. Amazon Redshift requires loading data. Amazon EMR requires launching a cluster.",k-1-2-5,easy,ai-generated,false,D,Amazon EMR,false,4
q-1-2-06,TS1.2,mc,"A machine learning team has calculated a complex feature called Customer Lifetime Value that is used both by a batch training job running nightly and a real-time recommendation endpoint serving live traffic. The team is concerned that the two systems are computing this feature differently, causing the model to behave unexpectedly in production. Which AWS service directly solves this problem?","SageMaker Feature Store directly solves training-serving skew by providing both an Online Store for real-time inference and an Offline Store for batch training — both serving the same feature computation. This ensures the model sees consistent feature values during training and serving. AWS Glue is an ETL service. Amazon Athena is a query service. SageMaker Data Wrangler is for data preparation not feature serving.",k-1-2-7,easy,ai-generated,false,A,AWS Glue,false,1
q-1-2-06,TS1.2,mc,"A machine learning team has calculated a complex feature called Customer Lifetime Value that is used both by a batch training job running nightly and a real-time recommendation endpoint serving live traffic. The team is concerned that the two systems are computing this feature differently, causing the model to behave unexpectedly in production. Which AWS service directly solves this problem?","SageMaker Feature Store directly solves training-serving skew by providing both an Online Store for real-time inference and an Offline Store for batch training — both serving the same feature computation. This ensures the model sees consistent feature values during training and serving. AWS Glue is an ETL service. Amazon Athena is a query service. SageMaker Data Wrangler is for data preparation not feature serving.",k-1-2-7,easy,ai-generated,false,B,Amazon Athena,false,2
q-1-2-06,TS1.2,mc,"A machine learning team has calculated a complex feature called Customer Lifetime Value that is used both by a batch training job running nightly and a real-time recommendation endpoint serving live traffic. The team is concerned that the two systems are computing this feature differently, causing the model to behave unexpectedly in production. Which AWS service directly solves this problem?","SageMaker Feature Store directly solves training-serving skew by providing both an Online Store for real-time inference and an Offline Store for batch training — both serving the same feature computation. This ensures the model sees consistent feature values during training and serving. AWS Glue is an ETL service. Amazon Athena is a query service. SageMaker Data Wrangler is for data preparation not feature serving.",k-1-2-7,easy,ai-generated,false,C,Amazon SageMaker Feature Store,true,3
q-1-2-06,TS1.2,mc,"A machine learning team has calculated a complex feature called Customer Lifetime Value that is used both by a batch training job running nightly and a real-time recommendation endpoint serving live traffic. The team is concerned that the two systems are computing this feature differently, causing the model to behave unexpectedly in production. Which AWS service directly solves this problem?","SageMaker Feature Store directly solves training-serving skew by providing both an Online Store for real-time inference and an Offline Store for batch training — both serving the same feature computation. This ensures the model sees consistent feature values during training and serving. AWS Glue is an ETL service. Amazon Athena is a query service. SageMaker Data Wrangler is for data preparation not feature serving.",k-1-2-7,easy,ai-generated,false,D,Amazon SageMaker Data Wrangler,false,4
q-1-2-07,TS1.2,mr,"A company needs to build an end-to-end data pipeline that: automatically discovers the schema of CSV files arriving in Amazon S3, enables data analysts to run SQL queries on the raw data without loading it into a database, and transforms data using custom Python code before loading it into Amazon Redshift. Which TWO services handle the transformation and querying steps? (Select TWO)","AWS Glue handles custom Python-based ETL transformations at scale in a serverless environment. Amazon Athena enables SQL queries directly on S3 data using the Glue Data Catalog schema. AWS Glue DataBrew is visual no-code not custom Python code. Amazon EMR requires cluster provisioning. Amazon Redshift is the destination not a query-in-place service.",k-1-2-1|k-1-2-5,medium,ai-generated,false,A,AWS Glue,true,1
q-1-2-07,TS1.2,mr,"A company needs to build an end-to-end data pipeline that: automatically discovers the schema of CSV files arriving in Amazon S3, enables data analysts to run SQL queries on the raw data without loading it into a database, and transforms data using custom Python code before loading it into Amazon Redshift. Which TWO services handle the transformation and querying steps? (Select TWO)","AWS Glue handles custom Python-based ETL transformations at scale in a serverless environment. Amazon Athena enables SQL queries directly on S3 data using the Glue Data Catalog schema. AWS Glue DataBrew is visual no-code not custom Python code. Amazon EMR requires cluster provisioning. Amazon Redshift is the destination not a query-in-place service.",k-1-2-1|k-1-2-5,medium,ai-generated,false,B,Amazon Athena,true,2
q-1-2-07,TS1.2,mr,"A company needs to build an end-to-end data pipeline that: automatically discovers the schema of CSV files arriving in Amazon S3, enables data analysts to run SQL queries on the raw data without loading it into a database, and transforms data using custom Python code before loading it into Amazon Redshift. Which TWO services handle the transformation and querying steps? (Select TWO)","AWS Glue handles custom Python-based ETL transformations at scale in a serverless environment. Amazon Athena enables SQL queries directly on S3 data using the Glue Data Catalog schema. AWS Glue DataBrew is visual no-code not custom Python code. Amazon EMR requires cluster provisioning. Amazon Redshift is the destination not a query-in-place service.",k-1-2-1|k-1-2-5,medium,ai-generated,false,C,AWS Glue DataBrew,false,3
q-1-2-07,TS1.2,mr,"A company needs to build an end-to-end data pipeline that: automatically discovers the schema of CSV files arriving in Amazon S3, enables data analysts to run SQL queries on the raw data without loading it into a database, and transforms data using custom Python code before loading it into Amazon Redshift. Which TWO services handle the transformation and querying steps? (Select TWO)","AWS Glue handles custom Python-based ETL transformations at scale in a serverless environment. Amazon Athena enables SQL queries directly on S3 data using the Glue Data Catalog schema. AWS Glue DataBrew is visual no-code not custom Python code. Amazon EMR requires cluster provisioning. Amazon Redshift is the destination not a query-in-place service.",k-1-2-1|k-1-2-5,medium,ai-generated,false,D,Amazon EMR,false,4
q-1-2-07,TS1.2,mr,"A company needs to build an end-to-end data pipeline that: automatically discovers the schema of CSV files arriving in Amazon S3, enables data analysts to run SQL queries on the raw data without loading it into a database, and transforms data using custom Python code before loading it into Amazon Redshift. Which TWO services handle the transformation and querying steps? (Select TWO)","AWS Glue handles custom Python-based ETL transformations at scale in a serverless environment. Amazon Athena enables SQL queries directly on S3 data using the Glue Data Catalog schema. AWS Glue DataBrew is visual no-code not custom Python code. Amazon EMR requires cluster provisioning. Amazon Redshift is the destination not a query-in-place service.",k-1-2-1|k-1-2-5,medium,ai-generated,false,E,Amazon Redshift,false,5
q-1-2-08,TS1.2,mc,"An ML engineer is deciding between one-hot encoding and label encoding for a categorical feature representing customer regions such as North America, Europe, and Asia Pacific. The feature has no natural ordering. The model being trained is a logistic regression. Which encoding technique should be used and why?","One-hot encoding is correct for nominal categorical features with no natural ordering when using linear models. Label encoding assigns arbitrary integers (e.g. 0,1,2) which implies a false ordinal relationship that linear models will exploit incorrectly — the model would interpret Asia Pacific as mathematically twice Europe. One-hot encoding creates separate binary columns per category eliminating this false relationship.",k-1-2-6,medium,ai-generated,false,A,"Label encoding, because logistic regression requires integer inputs",false,1
q-1-2-08,TS1.2,mc,"An ML engineer is deciding between one-hot encoding and label encoding for a categorical feature representing customer regions such as North America, Europe, and Asia Pacific. The feature has no natural ordering. The model being trained is a logistic regression. Which encoding technique should be used and why?","One-hot encoding is correct for nominal categorical features with no natural ordering when using linear models. Label encoding assigns arbitrary integers (e.g. 0,1,2) which implies a false ordinal relationship that linear models will exploit incorrectly — the model would interpret Asia Pacific as mathematically twice Europe. One-hot encoding creates separate binary columns per category eliminating this false relationship.",k-1-2-6,medium,ai-generated,false,B,"One-hot encoding, because the feature has no natural ordering and label encoding would introduce false ordinal relationships",true,2
q-1-2-08,TS1.2,mc,"An ML engineer is deciding between one-hot encoding and label encoding for a categorical feature representing customer regions such as North America, Europe, and Asia Pacific. The feature has no natural ordering. The model being trained is a logistic regression. Which encoding technique should be used and why?","One-hot encoding is correct for nominal categorical features with no natural ordering when using linear models. Label encoding assigns arbitrary integers (e.g. 0,1,2) which implies a false ordinal relationship that linear models will exploit incorrectly — the model would interpret Asia Pacific as mathematically twice Europe. One-hot encoding creates separate binary columns per category eliminating this false relationship.",k-1-2-6,medium,ai-generated,false,C,"Label encoding, because it reduces the dimensionality of the feature space for linear models",false,3
q-1-2-08,TS1.2,mc,"An ML engineer is deciding between one-hot encoding and label encoding for a categorical feature representing customer regions such as North America, Europe, and Asia Pacific. The feature has no natural ordering. The model being trained is a logistic regression. Which encoding technique should be used and why?","One-hot encoding is correct for nominal categorical features with no natural ordering when using linear models. Label encoding assigns arbitrary integers (e.g. 0,1,2) which implies a false ordinal relationship that linear models will exploit incorrectly — the model would interpret Asia Pacific as mathematically twice Europe. One-hot encoding creates separate binary columns per category eliminating this false relationship.",k-1-2-6,medium,ai-generated,false,D,"One-hot encoding, because logistic regression cannot process string values directly",false,4
q-1-2-09,TS1.2,mc,"A dataset contains a feature representing annual customer income with values ranging from $10,000 to $10,000,000. The distribution is heavily right-skewed with most customers earning under $100,000 and a small number of high-value outliers. A linear regression model is being trained. Which transformation should the ML engineer apply to this feature?","Log transformation reduces right skewness by compressing the range of large values and expanding small ones. This stabilizes variance and helps linear models that assume normally distributed features. Normalization and standardization scale the data but do not fix the underlying skewness. Binning loses information and is not the right choice for a regression target feature.",k-1-2-6,medium,ai-generated,false,A,Apply min-max normalization to scale the feature to the range 0 to 1,false,1
q-1-2-09,TS1.2,mc,"A dataset contains a feature representing annual customer income with values ranging from $10,000 to $10,000,000. The distribution is heavily right-skewed with most customers earning under $100,000 and a small number of high-value outliers. A linear regression model is being trained. Which transformation should the ML engineer apply to this feature?","Log transformation reduces right skewness by compressing the range of large values and expanding small ones. This stabilizes variance and helps linear models that assume normally distributed features. Normalization and standardization scale the data but do not fix the underlying skewness. Binning loses information and is not the right choice for a regression target feature.",k-1-2-6,medium,ai-generated,false,B,Apply a log transformation to reduce skewness and stabilize variance,true,2
q-1-2-09,TS1.2,mc,"A dataset contains a feature representing annual customer income with values ranging from $10,000 to $10,000,000. The distribution is heavily right-skewed with most customers earning under $100,000 and a small number of high-value outliers. A linear regression model is being trained. Which transformation should the ML engineer apply to this feature?","Log transformation reduces right skewness by compressing the range of large values and expanding small ones. This stabilizes variance and helps linear models that assume normally distributed features. Normalization and standardization scale the data but do not fix the underlying skewness. Binning loses information and is not the right choice for a regression target feature.",k-1-2-6,medium,ai-generated,false,C,Apply z-score standardization to center the feature at mean 0,false,3
q-1-2-09,TS1.2,mc,"A dataset contains a feature representing annual customer income with values ranging from $10,000 to $10,000,000. The distribution is heavily right-skewed with most customers earning under $100,000 and a small number of high-value outliers. A linear regression model is being trained. Which transformation should the ML engineer apply to this feature?","Log transformation reduces right skewness by compressing the range of large values and expanding small ones. This stabilizes variance and helps linear models that assume normally distributed features. Normalization and standardization scale the data but do not fix the underlying skewness. Binning loses information and is not the right choice for a regression target feature.",k-1-2-6,medium,ai-generated,false,D,Apply binning to convert income into five discrete income brackets,false,4
q-1-2-10,TS1.2,mr,"A retail company needs to prepare customer purchase data for a recommendation model. A data scientist will visually profile the data quality and clean it using a no-code interface. The cleaned features must then be exported directly into a SageMaker Pipeline for automated model retraining. Which TWO services form the correct architecture for this workflow? (Select TWO)","SageMaker Data Wrangler is the no-code visual tool that integrates directly with SageMaker Pipelines for export. SageMaker Feature Store stores the resulting features for both training and inference. AWS Glue DataBrew is visual no-code but outputs to general analytics destinations not SageMaker Pipelines. AWS Glue requires custom code. Amazon Athena is for SQL queries not visual preparation.",k-1-2-4|k-1-2-7,medium,ai-generated,false,A,Amazon SageMaker Data Wrangler,true,1
q-1-2-10,TS1.2,mr,"A retail company needs to prepare customer purchase data for a recommendation model. A data scientist will visually profile the data quality and clean it using a no-code interface. The cleaned features must then be exported directly into a SageMaker Pipeline for automated model retraining. Which TWO services form the correct architecture for this workflow? (Select TWO)","SageMaker Data Wrangler is the no-code visual tool that integrates directly with SageMaker Pipelines for export. SageMaker Feature Store stores the resulting features for both training and inference. AWS Glue DataBrew is visual no-code but outputs to general analytics destinations not SageMaker Pipelines. AWS Glue requires custom code. Amazon Athena is for SQL queries not visual preparation.",k-1-2-4|k-1-2-7,medium,ai-generated,false,B,Amazon SageMaker Feature Store,true,2
q-1-2-10,TS1.2,mr,"A retail company needs to prepare customer purchase data for a recommendation model. A data scientist will visually profile the data quality and clean it using a no-code interface. The cleaned features must then be exported directly into a SageMaker Pipeline for automated model retraining. Which TWO services form the correct architecture for this workflow? (Select TWO)","SageMaker Data Wrangler is the no-code visual tool that integrates directly with SageMaker Pipelines for export. SageMaker Feature Store stores the resulting features for both training and inference. AWS Glue DataBrew is visual no-code but outputs to general analytics destinations not SageMaker Pipelines. AWS Glue requires custom code. Amazon Athena is for SQL queries not visual preparation.",k-1-2-4|k-1-2-7,medium,ai-generated,false,C,AWS Glue DataBrew,false,3
q-1-2-10,TS1.2,mr,"A retail company needs to prepare customer purchase data for a recommendation model. A data scientist will visually profile the data quality and clean it using a no-code interface. The cleaned features must then be exported directly into a SageMaker Pipeline for automated model retraining. Which TWO services form the correct architecture for this workflow? (Select TWO)","SageMaker Data Wrangler is the no-code visual tool that integrates directly with SageMaker Pipelines for export. SageMaker Feature Store stores the resulting features for both training and inference. AWS Glue DataBrew is visual no-code but outputs to general analytics destinations not SageMaker Pipelines. AWS Glue requires custom code. Amazon Athena is for SQL queries not visual preparation.",k-1-2-4|k-1-2-7,medium,ai-generated,false,D,AWS Glue,false,4
q-1-2-10,TS1.2,mr,"A retail company needs to prepare customer purchase data for a recommendation model. A data scientist will visually profile the data quality and clean it using a no-code interface. The cleaned features must then be exported directly into a SageMaker Pipeline for automated model retraining. Which TWO services form the correct architecture for this workflow? (Select TWO)","SageMaker Data Wrangler is the no-code visual tool that integrates directly with SageMaker Pipelines for export. SageMaker Feature Store stores the resulting features for both training and inference. AWS Glue DataBrew is visual no-code but outputs to general analytics destinations not SageMaker Pipelines. AWS Glue requires custom code. Amazon Athena is for SQL queries not visual preparation.",k-1-2-4|k-1-2-7,medium,ai-generated,false,E,Amazon Athena,false,5
q-1-2-11,TS1.2,mc,"A company runs a K-Nearest Neighbors model to classify customer support tickets. The feature set includes numeric fields such as response time in seconds, ticket priority score from 1 to 5, and days since last contact ranging from 0 to 365. The model performs poorly and the ML engineer suspects the large difference in feature ranges is the cause. Which transformation should be applied?","Min-max normalization scales all features to the same range (0 to 1) which is essential for distance-based algorithms like K-Nearest Neighbors. Features with larger ranges dominate the distance calculation making other features irrelevant. Z-score standardization also works but min-max is the classic choice for distance algorithms. Log transformation addresses skewness not range differences. One-hot encoding is for categorical features.",k-1-2-6,medium,ai-generated,false,A,Apply log transformation to each numeric feature,false,1
q-1-2-11,TS1.2,mc,"A company runs a K-Nearest Neighbors model to classify customer support tickets. The feature set includes numeric fields such as response time in seconds, ticket priority score from 1 to 5, and days since last contact ranging from 0 to 365. The model performs poorly and the ML engineer suspects the large difference in feature ranges is the cause. Which transformation should be applied?","Min-max normalization scales all features to the same range (0 to 1) which is essential for distance-based algorithms like K-Nearest Neighbors. Features with larger ranges dominate the distance calculation making other features irrelevant. Z-score standardization also works but min-max is the classic choice for distance algorithms. Log transformation addresses skewness not range differences. One-hot encoding is for categorical features.",k-1-2-6,medium,ai-generated,false,B,Apply one-hot encoding to convert numeric features to binary vectors,false,2
q-1-2-11,TS1.2,mc,"A company runs a K-Nearest Neighbors model to classify customer support tickets. The feature set includes numeric fields such as response time in seconds, ticket priority score from 1 to 5, and days since last contact ranging from 0 to 365. The model performs poorly and the ML engineer suspects the large difference in feature ranges is the cause. Which transformation should be applied?","Min-max normalization scales all features to the same range (0 to 1) which is essential for distance-based algorithms like K-Nearest Neighbors. Features with larger ranges dominate the distance calculation making other features irrelevant. Z-score standardization also works but min-max is the classic choice for distance algorithms. Log transformation addresses skewness not range differences. One-hot encoding is for categorical features.",k-1-2-6,medium,ai-generated,false,C,Apply min-max normalization to scale all features to the same range,true,3
q-1-2-11,TS1.2,mc,"A company runs a K-Nearest Neighbors model to classify customer support tickets. The feature set includes numeric fields such as response time in seconds, ticket priority score from 1 to 5, and days since last contact ranging from 0 to 365. The model performs poorly and the ML engineer suspects the large difference in feature ranges is the cause. Which transformation should be applied?","Min-max normalization scales all features to the same range (0 to 1) which is essential for distance-based algorithms like K-Nearest Neighbors. Features with larger ranges dominate the distance calculation making other features irrelevant. Z-score standardization also works but min-max is the classic choice for distance algorithms. Log transformation addresses skewness not range differences. One-hot encoding is for categorical features.",k-1-2-6,medium,ai-generated,false,D,Apply binning to convert each numeric feature into discrete buckets,false,4
q-1-2-12,TS1.2,mc,"An ML team stores raw event data in Amazon S3 as Parquet files. The team wants to use a Glue Crawler to automatically register the schema in the Glue Data Catalog and then allow data scientists to run SQL queries against it. Which service do the data scientists use to query the cataloged data without any additional infrastructure?","Amazon Athena uses the Glue Data Catalog as its schema source and runs SQL queries directly against data in Amazon S3. No ETL or loading is required. This is the standard S3 to Glue Catalog to Athena pipeline. Amazon Redshift requires loading the Parquet data. AWS Glue is for ETL not querying. Amazon EMR can query but requires cluster provisioning.",k-1-2-5|s-1-2-2,medium,ai-generated,false,A,Amazon Redshift Spectrum,false,1
q-1-2-12,TS1.2,mc,"An ML team stores raw event data in Amazon S3 as Parquet files. The team wants to use a Glue Crawler to automatically register the schema in the Glue Data Catalog and then allow data scientists to run SQL queries against it. Which service do the data scientists use to query the cataloged data without any additional infrastructure?","Amazon Athena uses the Glue Data Catalog as its schema source and runs SQL queries directly against data in Amazon S3. No ETL or loading is required. This is the standard S3 to Glue Catalog to Athena pipeline. Amazon Redshift requires loading the Parquet data. AWS Glue is for ETL not querying. Amazon EMR can query but requires cluster provisioning.",k-1-2-5|s-1-2-2,medium,ai-generated,false,B,Amazon Athena,true,2
q-1-2-12,TS1.2,mc,"An ML team stores raw event data in Amazon S3 as Parquet files. The team wants to use a Glue Crawler to automatically register the schema in the Glue Data Catalog and then allow data scientists to run SQL queries against it. Which service do the data scientists use to query the cataloged data without any additional infrastructure?","Amazon Athena uses the Glue Data Catalog as its schema source and runs SQL queries directly against data in Amazon S3. No ETL or loading is required. This is the standard S3 to Glue Catalog to Athena pipeline. Amazon Redshift requires loading the Parquet data. AWS Glue is for ETL not querying. Amazon EMR can query but requires cluster provisioning.",k-1-2-5|s-1-2-2,medium,ai-generated,false,C,AWS Glue ETL Job,false,3
q-1-2-12,TS1.2,mc,"An ML team stores raw event data in Amazon S3 as Parquet files. The team wants to use a Glue Crawler to automatically register the schema in the Glue Data Catalog and then allow data scientists to run SQL queries against it. Which service do the data scientists use to query the cataloged data without any additional infrastructure?","Amazon Athena uses the Glue Data Catalog as its schema source and runs SQL queries directly against data in Amazon S3. No ETL or loading is required. This is the standard S3 to Glue Catalog to Athena pipeline. Amazon Redshift requires loading the Parquet data. AWS Glue is for ETL not querying. Amazon EMR can query but requires cluster provisioning.",k-1-2-5|s-1-2-2,medium,ai-generated,false,D,Amazon EMR with Hive,false,4
q-1-2-13,TS1.2,mc,"A company needs to apply target encoding to a high-cardinality categorical feature representing product categories before training a gradient boosting model. The transformation must integrate directly with an existing SageMaker training pipeline. Which tool should the ML engineer use?","SageMaker Data Wrangler includes target encoding as a built-in ML-specific transform and can export the transformation directly to a SageMaker Pipeline as a Processing Job. AWS Glue DataBrew does not support target encoding. Custom Lambda functions are not integrated with SageMaker Pipelines natively. AWS Glue requires writing custom PySpark code to implement target encoding.",k-1-2-4|k-1-2-6,medium,ai-generated,false,A,AWS Glue DataBrew,false,1
q-1-2-13,TS1.2,mc,"A company needs to apply target encoding to a high-cardinality categorical feature representing product categories before training a gradient boosting model. The transformation must integrate directly with an existing SageMaker training pipeline. Which tool should the ML engineer use?","SageMaker Data Wrangler includes target encoding as a built-in ML-specific transform and can export the transformation directly to a SageMaker Pipeline as a Processing Job. AWS Glue DataBrew does not support target encoding. Custom Lambda functions are not integrated with SageMaker Pipelines natively. AWS Glue requires writing custom PySpark code to implement target encoding.",k-1-2-4|k-1-2-6,medium,ai-generated,false,B,Amazon SageMaker Data Wrangler,true,2
q-1-2-13,TS1.2,mc,"A company needs to apply target encoding to a high-cardinality categorical feature representing product categories before training a gradient boosting model. The transformation must integrate directly with an existing SageMaker training pipeline. Which tool should the ML engineer use?","SageMaker Data Wrangler includes target encoding as a built-in ML-specific transform and can export the transformation directly to a SageMaker Pipeline as a Processing Job. AWS Glue DataBrew does not support target encoding. Custom Lambda functions are not integrated with SageMaker Pipelines natively. AWS Glue requires writing custom PySpark code to implement target encoding.",k-1-2-4|k-1-2-6,medium,ai-generated,false,C,AWS Glue with custom PySpark code,false,3
q-1-2-13,TS1.2,mc,"A company needs to apply target encoding to a high-cardinality categorical feature representing product categories before training a gradient boosting model. The transformation must integrate directly with an existing SageMaker training pipeline. Which tool should the ML engineer use?","SageMaker Data Wrangler includes target encoding as a built-in ML-specific transform and can export the transformation directly to a SageMaker Pipeline as a Processing Job. AWS Glue DataBrew does not support target encoding. Custom Lambda functions are not integrated with SageMaker Pipelines natively. AWS Glue requires writing custom PySpark code to implement target encoding.",k-1-2-4|k-1-2-6,medium,ai-generated,false,D,AWS Lambda custom function,false,4
q-1-2-14,TS1.2,mc,"An ML engineer is building a feature pipeline for a fraud detection model. Features are computed from transaction data and must be available both for model training on historical data and for real-time scoring of live transactions with millisecond latency. Which component of SageMaker Feature Store serves each use case?","The Offline Store is backed by Amazon S3 and is designed for batch training jobs that need historical feature data. The Online Store uses Amazon DynamoDB for millisecond read latency required by real-time inference. Both stores are synchronized from the same feature computation ensuring consistent features across training and serving. This is the exact architecture that prevents training-serving skew.",k-1-2-7,medium,ai-generated,false,A,"Offline Store for training, Online Store for real-time inference",true,1
q-1-2-14,TS1.2,mc,"An ML engineer is building a feature pipeline for a fraud detection model. Features are computed from transaction data and must be available both for model training on historical data and for real-time scoring of live transactions with millisecond latency. Which component of SageMaker Feature Store serves each use case?","The Offline Store is backed by Amazon S3 and is designed for batch training jobs that need historical feature data. The Online Store uses Amazon DynamoDB for millisecond read latency required by real-time inference. Both stores are synchronized from the same feature computation ensuring consistent features across training and serving. This is the exact architecture that prevents training-serving skew.",k-1-2-7,medium,ai-generated,false,B,"Online Store for training, Offline Store for real-time inference",false,2
q-1-2-14,TS1.2,mc,"An ML engineer is building a feature pipeline for a fraud detection model. Features are computed from transaction data and must be available both for model training on historical data and for real-time scoring of live transactions with millisecond latency. Which component of SageMaker Feature Store serves each use case?","The Offline Store is backed by Amazon S3 and is designed for batch training jobs that need historical feature data. The Online Store uses Amazon DynamoDB for millisecond read latency required by real-time inference. Both stores are synchronized from the same feature computation ensuring consistent features across training and serving. This is the exact architecture that prevents training-serving skew.",k-1-2-7,medium,ai-generated,false,C,Both stores serve both training and inference with no distinction,false,3
q-1-2-14,TS1.2,mc,"An ML engineer is building a feature pipeline for a fraud detection model. Features are computed from transaction data and must be available both for model training on historical data and for real-time scoring of live transactions with millisecond latency. Which component of SageMaker Feature Store serves each use case?","The Offline Store is backed by Amazon S3 and is designed for batch training jobs that need historical feature data. The Online Store uses Amazon DynamoDB for millisecond read latency required by real-time inference. Both stores are synchronized from the same feature computation ensuring consistent features across training and serving. This is the exact architecture that prevents training-serving skew.",k-1-2-7,medium,ai-generated,false,D,Offline Store for inference because it has lower latency than the Online Store,false,4
q-1-2-15,TS1.2,mc,"A company has a 10-node Apache Spark cluster running on-premises processing petabyte-scale genomics data. The data science team wants to migrate this workload to AWS with the ability to choose specific memory-optimized EC2 instance types and tune Spark executor configurations. Which AWS service should the ML engineer recommend?","Amazon EMR is the correct choice when the workload requires specific EC2 instance type selection and Spark-level cluster tuning. It runs the same Spark code as the on-premises cluster with full configuration control. AWS Glue is serverless and does not allow EC2 instance selection or Spark executor tuning. AWS Glue DataBrew is visual no-code. Amazon Athena is a SQL query service.",k-1-2-2,hard,ai-generated,false,A,AWS Glue with a custom worker type,false,1
q-1-2-15,TS1.2,mc,"A company has a 10-node Apache Spark cluster running on-premises processing petabyte-scale genomics data. The data science team wants to migrate this workload to AWS with the ability to choose specific memory-optimized EC2 instance types and tune Spark executor configurations. Which AWS service should the ML engineer recommend?","Amazon EMR is the correct choice when the workload requires specific EC2 instance type selection and Spark-level cluster tuning. It runs the same Spark code as the on-premises cluster with full configuration control. AWS Glue is serverless and does not allow EC2 instance selection or Spark executor tuning. AWS Glue DataBrew is visual no-code. Amazon Athena is a SQL query service.",k-1-2-2,hard,ai-generated,false,B,Amazon EMR with memory-optimized EC2 instances,true,2
q-1-2-15,TS1.2,mc,"A company has a 10-node Apache Spark cluster running on-premises processing petabyte-scale genomics data. The data science team wants to migrate this workload to AWS with the ability to choose specific memory-optimized EC2 instance types and tune Spark executor configurations. Which AWS service should the ML engineer recommend?","Amazon EMR is the correct choice when the workload requires specific EC2 instance type selection and Spark-level cluster tuning. It runs the same Spark code as the on-premises cluster with full configuration control. AWS Glue is serverless and does not allow EC2 instance selection or Spark executor tuning. AWS Glue DataBrew is visual no-code. Amazon Athena is a SQL query service.",k-1-2-2,hard,ai-generated,false,C,AWS Glue DataBrew with custom recipe,false,3
q-1-2-15,TS1.2,mc,"A company has a 10-node Apache Spark cluster running on-premises processing petabyte-scale genomics data. The data science team wants to migrate this workload to AWS with the ability to choose specific memory-optimized EC2 instance types and tune Spark executor configurations. Which AWS service should the ML engineer recommend?","Amazon EMR is the correct choice when the workload requires specific EC2 instance type selection and Spark-level cluster tuning. It runs the same Spark code as the on-premises cluster with full configuration control. AWS Glue is serverless and does not allow EC2 instance selection or Spark executor tuning. AWS Glue DataBrew is visual no-code. Amazon Athena is a SQL query service.",k-1-2-2,hard,ai-generated,false,D,Amazon Athena with federated queries,false,4
q-1-2-16,TS1.2,mc,"An ML engineer needs to choose between AWS Glue and Amazon EMR for a new Spark ETL workload. The workload involves 50 TB of daily customer behavior data, requires serverless operation with no cluster provisioning, and uses standard PySpark transformations with no custom cluster-level configuration. Which service should be chosen and what is the deciding factor?","AWS Glue is correct because the requirements explicitly state serverless operation with no cluster provisioning. The workload uses standard PySpark which Glue supports natively. The absence of custom cluster configuration requirements means EMR's advantages are irrelevant. EMR would require provisioning EC2 instances and managing the cluster. The deciding factor is serverless versus managed cluster.",k-1-2-1|k-1-2-2|s-1-2-1,hard,ai-generated,false,A,"Amazon EMR, because it handles petabyte-scale data better than AWS Glue",false,1
q-1-2-16,TS1.2,mc,"An ML engineer needs to choose between AWS Glue and Amazon EMR for a new Spark ETL workload. The workload involves 50 TB of daily customer behavior data, requires serverless operation with no cluster provisioning, and uses standard PySpark transformations with no custom cluster-level configuration. Which service should be chosen and what is the deciding factor?","AWS Glue is correct because the requirements explicitly state serverless operation with no cluster provisioning. The workload uses standard PySpark which Glue supports natively. The absence of custom cluster configuration requirements means EMR's advantages are irrelevant. EMR would require provisioning EC2 instances and managing the cluster. The deciding factor is serverless versus managed cluster.",k-1-2-1|k-1-2-2|s-1-2-1,hard,ai-generated,false,B,"AWS Glue, because serverless operation is required and no custom cluster configuration is needed",true,2
q-1-2-16,TS1.2,mc,"An ML engineer needs to choose between AWS Glue and Amazon EMR for a new Spark ETL workload. The workload involves 50 TB of daily customer behavior data, requires serverless operation with no cluster provisioning, and uses standard PySpark transformations with no custom cluster-level configuration. Which service should be chosen and what is the deciding factor?","AWS Glue is correct because the requirements explicitly state serverless operation with no cluster provisioning. The workload uses standard PySpark which Glue supports natively. The absence of custom cluster configuration requirements means EMR's advantages are irrelevant. EMR would require provisioning EC2 instances and managing the cluster. The deciding factor is serverless versus managed cluster.",k-1-2-1|k-1-2-2|s-1-2-1,hard,ai-generated,false,C,"Amazon EMR, because it is more cost-efficient for daily batch workloads",false,3
q-1-2-16,TS1.2,mc,"An ML engineer needs to choose between AWS Glue and Amazon EMR for a new Spark ETL workload. The workload involves 50 TB of daily customer behavior data, requires serverless operation with no cluster provisioning, and uses standard PySpark transformations with no custom cluster-level configuration. Which service should be chosen and what is the deciding factor?","AWS Glue is correct because the requirements explicitly state serverless operation with no cluster provisioning. The workload uses standard PySpark which Glue supports natively. The absence of custom cluster configuration requirements means EMR's advantages are irrelevant. EMR would require provisioning EC2 instances and managing the cluster. The deciding factor is serverless versus managed cluster.",k-1-2-1|k-1-2-2|s-1-2-1,hard,ai-generated,false,D,"AWS Glue, because it supports Hadoop natively while EMR does not",false,4
q-1-2-17,TS1.2,mc,"A company has two ML teams. The product team uses SageMaker Data Wrangler to clean user behavior data and needs to share the resulting engineered features with the fraud team who trains a separate model. Both teams must use identical feature definitions to avoid inconsistencies. What is the correct architectural pattern to implement this?","SageMaker Feature Store is the correct service for sharing features between teams. Team A writes cleaned features from Data Wrangler into Feature Store. Team B reads those same features from the Offline Store for their training job. This ensures both teams use identical feature definitions and eliminates inconsistency. Copying files to S3 manually creates duplication and inconsistency risk. Glue Data Catalog stores schemas not feature values.",k-1-2-4|k-1-2-7|s-1-2-2,hard,ai-generated,false,A,Each team maintains its own separate feature computation pipeline in Amazon S3,false,1
q-1-2-17,TS1.2,mc,"A company has two ML teams. The product team uses SageMaker Data Wrangler to clean user behavior data and needs to share the resulting engineered features with the fraud team who trains a separate model. Both teams must use identical feature definitions to avoid inconsistencies. What is the correct architectural pattern to implement this?","SageMaker Feature Store is the correct service for sharing features between teams. Team A writes cleaned features from Data Wrangler into Feature Store. Team B reads those same features from the Offline Store for their training job. This ensures both teams use identical feature definitions and eliminates inconsistency. Copying files to S3 manually creates duplication and inconsistency risk. Glue Data Catalog stores schemas not feature values.",k-1-2-4|k-1-2-7|s-1-2-2,hard,ai-generated,false,B,Export features from Data Wrangler to SageMaker Feature Store so both teams read from the same feature group,true,2
q-1-2-17,TS1.2,mc,"A company has two ML teams. The product team uses SageMaker Data Wrangler to clean user behavior data and needs to share the resulting engineered features with the fraud team who trains a separate model. Both teams must use identical feature definitions to avoid inconsistencies. What is the correct architectural pattern to implement this?","SageMaker Feature Store is the correct service for sharing features between teams. Team A writes cleaned features from Data Wrangler into Feature Store. Team B reads those same features from the Offline Store for their training job. This ensures both teams use identical feature definitions and eliminates inconsistency. Copying files to S3 manually creates duplication and inconsistency risk. Glue Data Catalog stores schemas not feature values.",k-1-2-4|k-1-2-7|s-1-2-2,hard,ai-generated,false,C,Have the product team copy cleaned feature files to an S3 bucket that the fraud team reads from,false,3
q-1-2-17,TS1.2,mc,"A company has two ML teams. The product team uses SageMaker Data Wrangler to clean user behavior data and needs to share the resulting engineered features with the fraud team who trains a separate model. Both teams must use identical feature definitions to avoid inconsistencies. What is the correct architectural pattern to implement this?","SageMaker Feature Store is the correct service for sharing features between teams. Team A writes cleaned features from Data Wrangler into Feature Store. Team B reads those same features from the Offline Store for their training job. This ensures both teams use identical feature definitions and eliminates inconsistency. Copying files to S3 manually creates duplication and inconsistency risk. Glue Data Catalog stores schemas not feature values.",k-1-2-4|k-1-2-7|s-1-2-2,hard,ai-generated,false,D,Register the feature schema in the AWS Glue Data Catalog so both teams can independently compute the same features,false,4
q-1-2-18,TS1.2,mr,"A company's ML platform team is designing a reusable feature engineering system. Requirements are: (1) data scientists use a visual no-code interface for ML-specific transformations inside SageMaker, (2) computed features are stored centrally so multiple models can reuse them without recomputing, and (3) the same feature values are served to both training jobs and real-time inference endpoints. Which TWO services satisfy ALL three requirements? (Select TWO)","SageMaker Data Wrangler satisfies requirement 1 — it is a visual ML-specific no-code tool inside SageMaker Studio. SageMaker Feature Store satisfies requirements 2 and 3 — it stores features centrally in both the Offline Store for training reuse and the Online Store for real-time serving. AWS Glue DataBrew is visual but not ML-specific and not integrated with Feature Store. Amazon Athena is a query service. Amazon S3 is storage not a feature serving system.",k-1-2-4|k-1-2-7,hard,ai-generated,false,A,Amazon SageMaker Data Wrangler,true,1
q-1-2-18,TS1.2,mr,"A company's ML platform team is designing a reusable feature engineering system. Requirements are: (1) data scientists use a visual no-code interface for ML-specific transformations inside SageMaker, (2) computed features are stored centrally so multiple models can reuse them without recomputing, and (3) the same feature values are served to both training jobs and real-time inference endpoints. Which TWO services satisfy ALL three requirements? (Select TWO)","SageMaker Data Wrangler satisfies requirement 1 — it is a visual ML-specific no-code tool inside SageMaker Studio. SageMaker Feature Store satisfies requirements 2 and 3 — it stores features centrally in both the Offline Store for training reuse and the Online Store for real-time serving. AWS Glue DataBrew is visual but not ML-specific and not integrated with Feature Store. Amazon Athena is a query service. Amazon S3 is storage not a feature serving system.",k-1-2-4|k-1-2-7,hard,ai-generated,false,B,Amazon SageMaker Feature Store,true,2
q-1-2-18,TS1.2,mr,"A company's ML platform team is designing a reusable feature engineering system. Requirements are: (1) data scientists use a visual no-code interface for ML-specific transformations inside SageMaker, (2) computed features are stored centrally so multiple models can reuse them without recomputing, and (3) the same feature values are served to both training jobs and real-time inference endpoints. Which TWO services satisfy ALL three requirements? (Select TWO)","SageMaker Data Wrangler satisfies requirement 1 — it is a visual ML-specific no-code tool inside SageMaker Studio. SageMaker Feature Store satisfies requirements 2 and 3 — it stores features centrally in both the Offline Store for training reuse and the Online Store for real-time serving. AWS Glue DataBrew is visual but not ML-specific and not integrated with Feature Store. Amazon Athena is a query service. Amazon S3 is storage not a feature serving system.",k-1-2-4|k-1-2-7,hard,ai-generated,false,C,AWS Glue DataBrew,false,3
q-1-2-18,TS1.2,mr,"A company's ML platform team is designing a reusable feature engineering system. Requirements are: (1) data scientists use a visual no-code interface for ML-specific transformations inside SageMaker, (2) computed features are stored centrally so multiple models can reuse them without recomputing, and (3) the same feature values are served to both training jobs and real-time inference endpoints. Which TWO services satisfy ALL three requirements? (Select TWO)","SageMaker Data Wrangler satisfies requirement 1 — it is a visual ML-specific no-code tool inside SageMaker Studio. SageMaker Feature Store satisfies requirements 2 and 3 — it stores features centrally in both the Offline Store for training reuse and the Online Store for real-time serving. AWS Glue DataBrew is visual but not ML-specific and not integrated with Feature Store. Amazon Athena is a query service. Amazon S3 is storage not a feature serving system.",k-1-2-4|k-1-2-7,hard,ai-generated,false,D,Amazon Athena,false,4
q-1-2-18,TS1.2,mr,"A company's ML platform team is designing a reusable feature engineering system. Requirements are: (1) data scientists use a visual no-code interface for ML-specific transformations inside SageMaker, (2) computed features are stored centrally so multiple models can reuse them without recomputing, and (3) the same feature values are served to both training jobs and real-time inference endpoints. Which TWO services satisfy ALL three requirements? (Select TWO)","SageMaker Data Wrangler satisfies requirement 1 — it is a visual ML-specific no-code tool inside SageMaker Studio. SageMaker Feature Store satisfies requirements 2 and 3 — it stores features centrally in both the Offline Store for training reuse and the Online Store for real-time serving. AWS Glue DataBrew is visual but not ML-specific and not integrated with Feature Store. Amazon Athena is a query service. Amazon S3 is storage not a feature serving system.",k-1-2-4|k-1-2-7,hard,ai-generated,false,E,Amazon S3 with versioning,false,5
q-1-2-19,TS1.2,mc,"A credit scoring model shows high accuracy during training and validation but significantly lower performance when deployed to production. Investigation reveals that the real-time inference pipeline computes the debt-to-income ratio feature using the applicant's current balance while the training pipeline used the balance at loan origination. What is the root cause and the correct solution?","This is a classic training-serving skew — two different computations of the same feature. The solution is SageMaker Feature Store which ensures both training and inference read from the same feature group. The Online Store serves real-time inference and the Offline Store serves training, but both are populated from the same computation. Retraining does not fix the skew if the pipelines still compute features differently.",k-1-2-7|s-1-2-2,hard,ai-generated,false,A,The model is overfitting — apply L2 regularization and retrain with more data,false,1
q-1-2-19,TS1.2,mc,"A credit scoring model shows high accuracy during training and validation but significantly lower performance when deployed to production. Investigation reveals that the real-time inference pipeline computes the debt-to-income ratio feature using the applicant's current balance while the training pipeline used the balance at loan origination. What is the root cause and the correct solution?","This is a classic training-serving skew — two different computations of the same feature. The solution is SageMaker Feature Store which ensures both training and inference read from the same feature group. The Online Store serves real-time inference and the Offline Store serves training, but both are populated from the same computation. Retraining does not fix the skew if the pipelines still compute features differently.",k-1-2-7|s-1-2-2,hard,ai-generated,false,B,"Training-serving skew — centralize feature computation in SageMaker Feature Store so both training and inference read from the same feature group",true,2
q-1-2-19,TS1.2,mc,"A credit scoring model shows high accuracy during training and validation but significantly lower performance when deployed to production. Investigation reveals that the real-time inference pipeline computes the debt-to-income ratio feature using the applicant's current balance while the training pipeline used the balance at loan origination. What is the root cause and the correct solution?","This is a classic training-serving skew — two different computations of the same feature. The solution is SageMaker Feature Store which ensures both training and inference read from the same feature group. The Online Store serves real-time inference and the Offline Store serves training, but both are populated from the same computation. Retraining does not fix the skew if the pipelines still compute features differently.",k-1-2-7|s-1-2-2,hard,ai-generated,false,C,Data drift — deploy SageMaker Model Monitor to detect when input distributions change,false,3
q-1-2-19,TS1.2,mc,"A credit scoring model shows high accuracy during training and validation but significantly lower performance when deployed to production. Investigation reveals that the real-time inference pipeline computes the debt-to-income ratio feature using the applicant's current balance while the training pipeline used the balance at loan origination. What is the root cause and the correct solution?","This is a classic training-serving skew — two different computations of the same feature. The solution is SageMaker Feature Store which ensures both training and inference read from the same feature group. The Online Store serves real-time inference and the Offline Store serves training, but both are populated from the same computation. Retraining does not fix the skew if the pipelines still compute features differently.",k-1-2-7|s-1-2-2,hard,ai-generated,false,D,Class imbalance — apply SMOTE resampling and retrain the model,false,4
q-1-2-20,TS1.2,mr,"An ML engineer is designing a data transformation architecture. A marketing analyst needs to visually clean and deduplicate a customer demographics dataset using a no-code interface and deliver it to a business intelligence dashboard. Simultaneously, a data scientist needs to engineer ML-specific features from the same raw data and automatically push those features into a retraining pipeline. Which TWO services map CORRECTLY to these two distinct workflows? (Select TWO)","AWS Glue DataBrew is the correct tool for the marketing analyst — visual no-code interface with over 250 transformations delivering to general analytics destinations like S3 for BI dashboards. SageMaker Data Wrangler is the correct tool for the data scientist — ML-specific transforms inside SageMaker Studio that export directly to SageMaker Pipelines. These are the two distinct use cases that separate DataBrew from Data Wrangler.",k-1-2-3|k-1-2-4|s-1-2-1,hard,ai-generated,false,A,"AWS Glue DataBrew for the marketing analyst — visual no-code interface delivering to general analytics",true,1
q-1-2-20,TS1.2,mr,"An ML engineer is designing a data transformation architecture. A marketing analyst needs to visually clean and deduplicate a customer demographics dataset using a no-code interface and deliver it to a business intelligence dashboard. Simultaneously, a data scientist needs to engineer ML-specific features from the same raw data and automatically push those features into a retraining pipeline. Which TWO services map CORRECTLY to these two distinct workflows? (Select TWO)","AWS Glue DataBrew is the correct tool for the marketing analyst — visual no-code interface with over 250 transformations delivering to general analytics destinations like S3 for BI dashboards. SageMaker Data Wrangler is the correct tool for the data scientist — ML-specific transforms inside SageMaker Studio that export directly to SageMaker Pipelines. These are the two distinct use cases that separate DataBrew from Data Wrangler.",k-1-2-3|k-1-2-4|s-1-2-1,hard,ai-generated,false,B,"Amazon SageMaker Data Wrangler for the data scientist — ML-specific feature engineering exporting to SageMaker Pipeline",true,2
q-1-2-20,TS1.2,mr,"An ML engineer is designing a data transformation architecture. A marketing analyst needs to visually clean and deduplicate a customer demographics dataset using a no-code interface and deliver it to a business intelligence dashboard. Simultaneously, a data scientist needs to engineer ML-specific features from the same raw data and automatically push those features into a retraining pipeline. Which TWO services map CORRECTLY to these two distinct workflows? (Select TWO)","AWS Glue DataBrew is the correct tool for the marketing analyst — visual no-code interface with over 250 transformations delivering to general analytics destinations like S3 for BI dashboards. SageMaker Data Wrangler is the correct tool for the data scientist — ML-specific transforms inside SageMaker Studio that export directly to SageMaker Pipelines. These are the two distinct use cases that separate DataBrew from Data Wrangler.",k-1-2-3|k-1-2-4|s-1-2-1,hard,ai-generated,false,C,"AWS Glue DataBrew for the data scientist — it supports target encoding for ML models",false,3
q-1-2-20,TS1.2,mr,"An ML engineer is designing a data transformation architecture. A marketing analyst needs to visually clean and deduplicate a customer demographics dataset using a no-code interface and deliver it to a business intelligence dashboard. Simultaneously, a data scientist needs to engineer ML-specific features from the same raw data and automatically push those features into a retraining pipeline. Which TWO services map CORRECTLY to these two distinct workflows? (Select TWO)","AWS Glue DataBrew is the correct tool for the marketing analyst — visual no-code interface with over 250 transformations delivering to general analytics destinations like S3 for BI dashboards. SageMaker Data Wrangler is the correct tool for the data scientist — ML-specific transforms inside SageMaker Studio that export directly to SageMaker Pipelines. These are the two distinct use cases that separate DataBrew from Data Wrangler.",k-1-2-3|k-1-2-4|s-1-2-1,hard,ai-generated,false,D,"Amazon SageMaker Data Wrangler for the marketing analyst — it has the best visual profiling interface",false,4
q-1-2-20,TS1.2,mr,"An ML engineer is designing a data transformation architecture. A marketing analyst needs to visually clean and deduplicate a customer demographics dataset using a no-code interface and deliver it to a business intelligence dashboard. Simultaneously, a data scientist needs to engineer ML-specific features from the same raw data and automatically push those features into a retraining pipeline. Which TWO services map CORRECTLY to these two distinct workflows? (Select TWO)","AWS Glue DataBrew is the correct tool for the marketing analyst — visual no-code interface with over 250 transformations delivering to general analytics destinations like S3 for BI dashboards. SageMaker Data Wrangler is the correct tool for the data scientist — ML-specific transforms inside SageMaker Studio that export directly to SageMaker Pipelines. These are the two distinct use cases that separate DataBrew from Data Wrangler.",k-1-2-3|k-1-2-4|s-1-2-1,hard,ai-generated,false,E,"AWS Glue for the marketing analyst — it is simpler than DataBrew for non-programmers",false,5
q-1-2-21,TS1.2,matching,"Match each data transformation scenario to the correct AWS service.","AWS Glue = serverless custom PySpark ETL. EMR = cluster control for existing Hadoop/Spark workloads. DataBrew = visual no-code for analysts with general output. Data Wrangler = visual ML-specific for SageMaker pipelines. Athena = SQL queries in place on S3. These five distinctions are the core of the Transform Data learning objective.",k-1-2-1|k-1-2-2|k-1-2-3|k-1-2-4|k-1-2-5|s-1-2-1,hard,ai-generated,false,L1,Write custom PySpark code to transform data without managing any servers,R2,1
q-1-2-21,TS1.2,matching,"Match each data transformation scenario to the correct AWS service.","AWS Glue = serverless custom PySpark ETL. EMR = cluster control for existing Hadoop/Spark workloads. DataBrew = visual no-code for analysts with general output. Data Wrangler = visual ML-specific for SageMaker pipelines. Athena = SQL queries in place on S3. These five distinctions are the core of the Transform Data learning objective.",k-1-2-1|k-1-2-2|k-1-2-3|k-1-2-4|k-1-2-5|s-1-2-1,hard,ai-generated,false,L2,Migrate an existing on-premises Hadoop cluster with full EC2 instance control,R1,2
q-1-2-21,TS1.2,matching,"Match each data transformation scenario to the correct AWS service.","AWS Glue = serverless custom PySpark ETL. EMR = cluster control for existing Hadoop/Spark workloads. DataBrew = visual no-code for analysts with general output. Data Wrangler = visual ML-specific for SageMaker pipelines. Athena = SQL queries in place on S3. These five distinctions are the core of the Transform Data learning objective.",k-1-2-1|k-1-2-2|k-1-2-3|k-1-2-4|k-1-2-5|s-1-2-1,hard,ai-generated,false,L3,No-code visual cleaning for a non-programmer analyst delivering to a BI dashboard,R3,3
q-1-2-21,TS1.2,matching,"Match each data transformation scenario to the correct AWS service.","AWS Glue = serverless custom PySpark ETL. EMR = cluster control for existing Hadoop/Spark workloads. DataBrew = visual no-code for analysts with general output. Data Wrangler = visual ML-specific for SageMaker pipelines. Athena = SQL queries in place on S3. These five distinctions are the core of the Transform Data learning objective.",k-1-2-1|k-1-2-2|k-1-2-3|k-1-2-4|k-1-2-5|s-1-2-1,hard,ai-generated,false,L4,Visual ML feature engineering that exports transformation steps directly to a SageMaker Pipeline,R4,4
q-1-2-21,TS1.2,matching,"Match each data transformation scenario to the correct AWS service.","AWS Glue = serverless custom PySpark ETL. EMR = cluster control for existing Hadoop/Spark workloads. DataBrew = visual no-code for analysts with general output. Data Wrangler = visual ML-specific for SageMaker pipelines. Athena = SQL queries in place on S3. These five distinctions are the core of the Transform Data learning objective.",k-1-2-1|k-1-2-2|k-1-2-3|k-1-2-4|k-1-2-5|s-1-2-1,hard,ai-generated,false,L5,Run SQL queries on Parquet files in Amazon S3 without loading or moving the data,R5,5
q-1-2-21,TS1.2,matching,"Match each data transformation scenario to the correct AWS service.","AWS Glue = serverless custom PySpark ETL. EMR = cluster control for existing Hadoop/Spark workloads. DataBrew = visual no-code for analysts with general output. Data Wrangler = visual ML-specific for SageMaker pipelines. Athena = SQL queries in place on S3. These five distinctions are the core of the Transform Data learning objective.",k-1-2-1|k-1-2-2|k-1-2-3|k-1-2-4|k-1-2-5|s-1-2-1,hard,ai-generated,false,R1,Amazon EMR,,6
q-1-2-21,TS1.2,matching,"Match each data transformation scenario to the correct AWS service.","AWS Glue = serverless custom PySpark ETL. EMR = cluster control for existing Hadoop/Spark workloads. DataBrew = visual no-code for analysts with general output. Data Wrangler = visual ML-specific for SageMaker pipelines. Athena = SQL queries in place on S3. These five distinctions are the core of the Transform Data learning objective.",k-1-2-1|k-1-2-2|k-1-2-3|k-1-2-4|k-1-2-5|s-1-2-1,hard,ai-generated,false,R2,AWS Glue,,7
q-1-2-21,TS1.2,matching,"Match each data transformation scenario to the correct AWS service.","AWS Glue = serverless custom PySpark ETL. EMR = cluster control for existing Hadoop/Spark workloads. DataBrew = visual no-code for analysts with general output. Data Wrangler = visual ML-specific for SageMaker pipelines. Athena = SQL queries in place on S3. These five distinctions are the core of the Transform Data learning objective.",k-1-2-1|k-1-2-2|k-1-2-3|k-1-2-4|k-1-2-5|s-1-2-1,hard,ai-generated,false,R3,AWS Glue DataBrew,,8
q-1-2-21,TS1.2,matching,"Match each data transformation scenario to the correct AWS service.","AWS Glue = serverless custom PySpark ETL. EMR = cluster control for existing Hadoop/Spark workloads. DataBrew = visual no-code for analysts with general output. Data Wrangler = visual ML-specific for SageMaker pipelines. Athena = SQL queries in place on S3. These five distinctions are the core of the Transform Data learning objective.",k-1-2-1|k-1-2-2|k-1-2-3|k-1-2-4|k-1-2-5|s-1-2-1,hard,ai-generated,false,R4,Amazon SageMaker Data Wrangler,,9
q-1-2-21,TS1.2,matching,"Match each data transformation scenario to the correct AWS service.","AWS Glue = serverless custom PySpark ETL. EMR = cluster control for existing Hadoop/Spark workloads. DataBrew = visual no-code for analysts with general output. Data Wrangler = visual ML-specific for SageMaker pipelines. Athena = SQL queries in place on S3. These five distinctions are the core of the Transform Data learning objective.",k-1-2-1|k-1-2-2|k-1-2-3|k-1-2-4|k-1-2-5|s-1-2-1,hard,ai-generated,false,R5,Amazon Athena,,10
q-1-2-22,TS1.2,matching,"Match each feature engineering technique to its correct use case.","One-hot encoding is for nominal categories with no order. Label encoding is for ordinal categories or tree models. Log transform fixes right skew. Min-max normalization is for distance-based algorithms. Z-score standardization is for linear models and PCA. These are the five core encoding and scaling decisions tested in this area.",k-1-2-6,hard,ai-generated,false,L1,Nominal category column with no natural ordering used in a logistic regression model,R2,1
q-1-2-22,TS1.2,matching,"Match each feature engineering technique to its correct use case.","One-hot encoding is for nominal categories with no order. Label encoding is for ordinal categories or tree models. Log transform fixes right skew. Min-max normalization is for distance-based algorithms. Z-score standardization is for linear models and PCA. These are the five core encoding and scaling decisions tested in this area.",k-1-2-6,hard,ai-generated,false,L2,Ordinal category column representing education level from high school to PhD used in a decision tree,R1,2
q-1-2-22,TS1.2,matching,"Match each feature engineering technique to its correct use case.","One-hot encoding is for nominal categories with no order. Label encoding is for ordinal categories or tree models. Log transform fixes right skew. Min-max normalization is for distance-based algorithms. Z-score standardization is for linear models and PCA. These are the five core encoding and scaling decisions tested in this area.",k-1-2-6,hard,ai-generated,false,L3,Numeric column with heavy right skew representing customer transaction amounts,R3,3
q-1-2-22,TS1.2,matching,"Match each feature engineering technique to its correct use case.","One-hot encoding is for nominal categories with no order. Label encoding is for ordinal categories or tree models. Log transform fixes right skew. Min-max normalization is for distance-based algorithms. Z-score standardization is for linear models and PCA. These are the five core encoding and scaling decisions tested in this area.",k-1-2-6,hard,ai-generated,false,L4,Numeric features with different ranges fed into a K-Nearest Neighbors model,R4,4
q-1-2-22,TS1.2,matching,"Match each feature engineering technique to its correct use case.","One-hot encoding is for nominal categories with no order. Label encoding is for ordinal categories or tree models. Log transform fixes right skew. Min-max normalization is for distance-based algorithms. Z-score standardization is for linear models and PCA. These are the five core encoding and scaling decisions tested in this area.",k-1-2-6,hard,ai-generated,false,L5,Numeric features being reduced with Principal Component Analysis,R5,5
q-1-2-22,TS1.2,matching,"Match each feature engineering technique to its correct use case.","One-hot encoding is for nominal categories with no order. Label encoding is for ordinal categories or tree models. Log transform fixes right skew. Min-max normalization is for distance-based algorithms. Z-score standardization is for linear models and PCA. These are the five core encoding and scaling decisions tested in this area.",k-1-2-6,hard,ai-generated,false,R1,Label encoding — assigns integers to preserve ordinal meaning,,6
q-1-2-22,TS1.2,matching,"Match each feature engineering technique to its correct use case.","One-hot encoding is for nominal categories with no order. Label encoding is for ordinal categories or tree models. Log transform fixes right skew. Min-max normalization is for distance-based algorithms. Z-score standardization is for linear models and PCA. These are the five core encoding and scaling decisions tested in this area.",k-1-2-6,hard,ai-generated,false,R2,One-hot encoding — creates binary columns eliminating false ordinal relationships,,7
q-1-2-22,TS1.2,matching,"Match each feature engineering technique to its correct use case.","One-hot encoding is for nominal categories with no order. Label encoding is for ordinal categories or tree models. Log transform fixes right skew. Min-max normalization is for distance-based algorithms. Z-score standardization is for linear models and PCA. These are the five core encoding and scaling decisions tested in this area.",k-1-2-6,hard,ai-generated,false,R3,Log transformation — compresses large values to reduce skewness,,8
q-1-2-22,TS1.2,matching,"Match each feature engineering technique to its correct use case.","One-hot encoding is for nominal categories with no order. Label encoding is for ordinal categories or tree models. Log transform fixes right skew. Min-max normalization is for distance-based algorithms. Z-score standardization is for linear models and PCA. These are the five core encoding and scaling decisions tested in this area.",k-1-2-6,hard,ai-generated,false,R4,Min-max normalization — scales all features to the same range for distance algorithms,,9
q-1-2-22,TS1.2,matching,"Match each feature engineering technique to its correct use case.","One-hot encoding is for nominal categories with no order. Label encoding is for ordinal categories or tree models. Log transform fixes right skew. Min-max normalization is for distance-based algorithms. Z-score standardization is for linear models and PCA. These are the five core encoding and scaling decisions tested in this area.",k-1-2-6,hard,ai-generated,false,R5,Z-score standardization — centers at mean zero with unit variance for linear models and PCA,,10
q-1-2-23,TS1.2,matching,"Match each Feature Store component to its correct role in an ML pipeline.","Online Store = millisecond reads for real-time inference backed by DynamoDB. Offline Store = historical feature data for training backed by S3. Point-in-time query = prevents data leakage in training. Feature group = logical container for related features. These are the four Feature Store concepts most commonly tested.",k-1-2-7,hard,ai-generated,false,L1,Serves real-time inference with millisecond latency,R1,1
q-1-2-23,TS1.2,matching,"Match each Feature Store component to its correct role in an ML pipeline.","Online Store = millisecond reads for real-time inference backed by DynamoDB. Offline Store = historical feature data for training backed by S3. Point-in-time query = prevents data leakage in training. Feature group = logical container for related features. These are the four Feature Store concepts most commonly tested.",k-1-2-7,hard,ai-generated,false,L2,Provides historical feature data for batch model training jobs,R2,2
q-1-2-23,TS1.2,matching,"Match each Feature Store component to its correct role in an ML pipeline.","Online Store = millisecond reads for real-time inference backed by DynamoDB. Offline Store = historical feature data for training backed by S3. Point-in-time query = prevents data leakage in training. Feature group = logical container for related features. These are the four Feature Store concepts most commonly tested.",k-1-2-7,hard,ai-generated,false,L3,Retrieves feature values as they existed at a specific past timestamp to prevent data leakage,R3,3
q-1-2-23,TS1.2,matching,"Match each Feature Store component to its correct role in an ML pipeline.","Online Store = millisecond reads for real-time inference backed by DynamoDB. Offline Store = historical feature data for training backed by S3. Point-in-time query = prevents data leakage in training. Feature group = logical container for related features. These are the four Feature Store concepts most commonly tested.",k-1-2-7,hard,ai-generated,false,L4,Logical container that groups related feature columns for a specific ML use case,R4,4
q-1-2-23,TS1.2,matching,"Match each Feature Store component to its correct role in an ML pipeline.","Online Store = millisecond reads for real-time inference backed by DynamoDB. Offline Store = historical feature data for training backed by S3. Point-in-time query = prevents data leakage in training. Feature group = logical container for related features. These are the four Feature Store concepts most commonly tested.",k-1-2-7,hard,ai-generated,false,R1,Online Store — backed by Amazon DynamoDB for sub-millisecond reads,,5
q-1-2-23,TS1.2,matching,"Match each Feature Store component to its correct role in an ML pipeline.","Online Store = millisecond reads for real-time inference backed by DynamoDB. Offline Store = historical feature data for training backed by S3. Point-in-time query = prevents data leakage in training. Feature group = logical container for related features. These are the four Feature Store concepts most commonly tested.",k-1-2-7,hard,ai-generated,false,R2,Offline Store — backed by Amazon S3 in Parquet format for batch training,,6
q-1-2-23,TS1.2,matching,"Match each Feature Store component to its correct role in an ML pipeline.","Online Store = millisecond reads for real-time inference backed by DynamoDB. Offline Store = historical feature data for training backed by S3. Point-in-time query = prevents data leakage in training. Feature group = logical container for related features. These are the four Feature Store concepts most commonly tested.",k-1-2-7,hard,ai-generated,false,R3,Point-in-time query — returns feature values as of a specified timestamp,,7
q-1-2-23,TS1.2,matching,"Match each Feature Store component to its correct role in an ML pipeline.","Online Store = millisecond reads for real-time inference backed by DynamoDB. Offline Store = historical feature data for training backed by S3. Point-in-time query = prevents data leakage in training. Feature group = logical container for related features. These are the four Feature Store concepts most commonly tested.",k-1-2-7,hard,ai-generated,false,R4,Feature group — organizes related features with a defined schema and record identifier,,8
q-1-2-24,TS1.2,mc,"A company processes raw sensor data from manufacturing equipment using an AWS Glue ETL job. The transformed features are written to Amazon S3 and then read by a SageMaker training job. A separate real-time inference endpoint reads features from a different S3 path computed by a Lambda function. The ML team notices that predictions from the deployed model are less accurate than expected. What is the most likely root cause?","The training job and inference endpoint are computing features from different code paths and potentially using different logic. This is training-serving skew. The solution is to centralize feature computation in SageMaker Feature Store so both the training job and the inference endpoint read from the same feature definitions. The AWS Glue job writes to the Offline Store and the Lambda function reads from the Online Store.",k-1-2-7|k-1-2-1|s-1-2-2,hard,ai-generated,false,A,The AWS Glue ETL job has incorrect transformation logic that should be rewritten in PySpark,false,1
q-1-2-24,TS1.2,mc,"A company processes raw sensor data from manufacturing equipment using an AWS Glue ETL job. The transformed features are written to Amazon S3 and then read by a SageMaker training job. A separate real-time inference endpoint reads features from a different S3 path computed by a Lambda function. The ML team notices that predictions from the deployed model are less accurate than expected. What is the most likely root cause?","The training job and inference endpoint are computing features from different code paths and potentially using different logic. This is training-serving skew. The solution is to centralize feature computation in SageMaker Feature Store so both the training job and the inference endpoint read from the same feature definitions. The AWS Glue job writes to the Offline Store and the Lambda function reads from the Online Store.",k-1-2-7|k-1-2-1|s-1-2-2,hard,ai-generated,false,B,"Training-serving skew — the training and inference pipelines compute features with different logic, and centralizing them in SageMaker Feature Store would resolve this",true,2
q-1-2-24,TS1.2,mc,"A company processes raw sensor data from manufacturing equipment using an AWS Glue ETL job. The transformed features are written to Amazon S3 and then read by a SageMaker training job. A separate real-time inference endpoint reads features from a different S3 path computed by a Lambda function. The ML team notices that predictions from the deployed model are less accurate than expected. What is the most likely root cause?","The training job and inference endpoint are computing features from different code paths and potentially using different logic. This is training-serving skew. The solution is to centralize feature computation in SageMaker Feature Store so both the training job and the inference endpoint read from the same feature definitions. The AWS Glue job writes to the Offline Store and the Lambda function reads from the Online Store.",k-1-2-7|k-1-2-1|s-1-2-2,hard,ai-generated,false,C,The SageMaker training job is using the wrong instance type causing numerical precision errors,false,3
q-1-2-24,TS1.2,mc,"A company processes raw sensor data from manufacturing equipment using an AWS Glue ETL job. The transformed features are written to Amazon S3 and then read by a SageMaker training job. A separate real-time inference endpoint reads features from a different S3 path computed by a Lambda function. The ML team notices that predictions from the deployed model are less accurate than expected. What is the most likely root cause?","The training job and inference endpoint are computing features from different code paths and potentially using different logic. This is training-serving skew. The solution is to centralize feature computation in SageMaker Feature Store so both the training job and the inference endpoint read from the same feature definitions. The AWS Glue job writes to the Offline Store and the Lambda function reads from the Online Store.",k-1-2-7|k-1-2-1|s-1-2-2,hard,ai-generated,false,D,The model is underfitting because the training dataset is too small,false,4
q-1-2-25,TS1.2,mc,"An ML engineer is building a feature engineering pipeline for a natural language processing model. A raw datetime column in the format YYYY-MM-DD HH:MM:SS needs to be converted into separate features: day of week, hour of day, and is_weekend flag. Which technique describes this transformation?","Feature splitting or feature extraction is the term for decomposing a compound field into its constituent parts. A datetime column contains multiple independent signals (day of week, hour, month) that the model can learn from independently. One-hot encoding is for categorical features. Normalization is for scaling numeric ranges. Binning is for discretizing continuous values into buckets.",k-1-2-6,hard,ai-generated,false,A,Apply one-hot encoding to convert the datetime string into binary vectors,false,1
q-1-2-25,TS1.2,mc,"An ML engineer is building a feature engineering pipeline for a natural language processing model. A raw datetime column in the format YYYY-MM-DD HH:MM:SS needs to be converted into separate features: day of week, hour of day, and is_weekend flag. Which technique describes this transformation?","Feature splitting or feature extraction is the term for decomposing a compound field into its constituent parts. A datetime column contains multiple independent signals (day of week, hour, month) that the model can learn from independently. One-hot encoding is for categorical features. Normalization is for scaling numeric ranges. Binning is for discretizing continuous values into buckets.",k-1-2-6,hard,ai-generated,false,B,Apply feature splitting to extract individual time components as separate numeric features,true,2
q-1-2-25,TS1.2,mc,"An ML engineer is building a feature engineering pipeline for a natural language processing model. A raw datetime column in the format YYYY-MM-DD HH:MM:SS needs to be converted into separate features: day of week, hour of day, and is_weekend flag. Which technique describes this transformation?","Feature splitting or feature extraction is the term for decomposing a compound field into its constituent parts. A datetime column contains multiple independent signals (day of week, hour, month) that the model can learn from independently. One-hot encoding is for categorical features. Normalization is for scaling numeric ranges. Binning is for discretizing continuous values into buckets.",k-1-2-6,hard,ai-generated,false,C,Apply min-max normalization to scale the datetime values to the 0 to 1 range,false,3
q-1-2-25,TS1.2,mc,"An ML engineer is building a feature engineering pipeline for a natural language processing model. A raw datetime column in the format YYYY-MM-DD HH:MM:SS needs to be converted into separate features: day of week, hour of day, and is_weekend flag. Which technique describes this transformation?","Feature splitting or feature extraction is the term for decomposing a compound field into its constituent parts. A datetime column contains multiple independent signals (day of week, hour, month) that the model can learn from independently. One-hot encoding is for categorical features. Normalization is for scaling numeric ranges. Binning is for discretizing continuous values into buckets.",k-1-2-6,hard,ai-generated,false,D,Apply binning to group timestamps into hourly buckets,false,4
q-1-2-26,TS1.2,mc,"A company stores 200 TB of raw customer data in Amazon S3 as JSON files. The data science team wants to use the data for both ad-hoc SQL exploration by data analysts and for serverless PySpark-based ETL transformations that prepare features for model training. A Glue Crawler has already cataloged the data. Which architecture satisfies both use cases?","Amazon Athena handles the SQL exploration use case by querying the JSON data in S3 using the Glue Catalog schema. AWS Glue handles the serverless PySpark ETL use case using the same catalog. Both services share the Glue Data Catalog as their schema source and neither requires loading or moving data. This is the standard two-service pattern for explore-then-transform workloads.",k-1-2-1|k-1-2-5|s-1-2-1,hard,ai-generated,false,A,Use Amazon EMR for both SQL exploration and PySpark ETL for consistency,false,1
q-1-2-26,TS1.2,mc,"A company stores 200 TB of raw customer data in Amazon S3 as JSON files. The data science team wants to use the data for both ad-hoc SQL exploration by data analysts and for serverless PySpark-based ETL transformations that prepare features for model training. A Glue Crawler has already cataloged the data. Which architecture satisfies both use cases?","Amazon Athena handles the SQL exploration use case by querying the JSON data in S3 using the Glue Catalog schema. AWS Glue handles the serverless PySpark ETL use case using the same catalog. Both services share the Glue Data Catalog as their schema source and neither requires loading or moving data. This is the standard two-service pattern for explore-then-transform workloads.",k-1-2-1|k-1-2-5|s-1-2-1,hard,ai-generated,false,B,Use Amazon Athena for SQL exploration and AWS Glue for serverless PySpark ETL — both reading from the same Glue Data Catalog,true,2
q-1-2-26,TS1.2,mc,"A company stores 200 TB of raw customer data in Amazon S3 as JSON files. The data science team wants to use the data for both ad-hoc SQL exploration by data analysts and for serverless PySpark-based ETL transformations that prepare features for model training. A Glue Crawler has already cataloged the data. Which architecture satisfies both use cases?","Amazon Athena handles the SQL exploration use case by querying the JSON data in S3 using the Glue Catalog schema. AWS Glue handles the serverless PySpark ETL use case using the same catalog. Both services share the Glue Data Catalog as their schema source and neither requires loading or moving data. This is the standard two-service pattern for explore-then-transform workloads.",k-1-2-1|k-1-2-5|s-1-2-1,hard,ai-generated,false,C,Load all data into Amazon Redshift first then use Redshift for both exploration and ETL,false,3
q-1-2-26,TS1.2,mc,"A company stores 200 TB of raw customer data in Amazon S3 as JSON files. The data science team wants to use the data for both ad-hoc SQL exploration by data analysts and for serverless PySpark-based ETL transformations that prepare features for model training. A Glue Crawler has already cataloged the data. Which architecture satisfies both use cases?","Amazon Athena handles the SQL exploration use case by querying the JSON data in S3 using the Glue Catalog schema. AWS Glue handles the serverless PySpark ETL use case using the same catalog. Both services share the Glue Data Catalog as their schema source and neither requires loading or moving data. This is the standard two-service pattern for explore-then-transform workloads.",k-1-2-1|k-1-2-5|s-1-2-1,hard,ai-generated,false,D,Use AWS Glue DataBrew for both exploration and ETL since it supports both use cases,false,4
q-1-2-27,TS1.2,mr,"An ML engineer is reviewing a feature engineering pipeline. The pipeline has the following steps: (1) raw purchase data lands in Amazon S3, (2) a Glue Crawler scans and catalogs the schema, (3) a data analyst runs SQL to explore data quality, (4) a data scientist visually engineers ML features inside SageMaker Studio and outputs them to a central store, (5) both the nightly training job and the real-time scoring endpoint read features from that central store. Which TWO services handle steps 3 and 4 respectively? (Select TWO)","Amazon Athena handles step 3 — SQL queries on S3 data using the Glue Catalog, no infrastructure needed. SageMaker Data Wrangler handles step 4 — visual ML feature engineering inside SageMaker Studio with export to the SageMaker ecosystem. AWS Glue DataBrew is visual but outputs to general analytics not SageMaker. Amazon Redshift requires data loading for step 3. AWS Glue requires PySpark code for step 4.",k-1-2-5|k-1-2-4|s-1-2-2,hard,ai-generated,false,A,Amazon Athena for step 3,true,1
q-1-2-27,TS1.2,mr,"An ML engineer is reviewing a feature engineering pipeline. The pipeline has the following steps: (1) raw purchase data lands in Amazon S3, (2) a Glue Crawler scans and catalogs the schema, (3) a data analyst runs SQL to explore data quality, (4) a data scientist visually engineers ML features inside SageMaker Studio and outputs them to a central store, (5) both the nightly training job and the real-time scoring endpoint read features from that central store. Which TWO services handle steps 3 and 4 respectively? (Select TWO)","Amazon Athena handles step 3 — SQL queries on S3 data using the Glue Catalog, no infrastructure needed. SageMaker Data Wrangler handles step 4 — visual ML feature engineering inside SageMaker Studio with export to the SageMaker ecosystem. AWS Glue DataBrew is visual but outputs to general analytics not SageMaker. Amazon Redshift requires data loading for step 3. AWS Glue requires PySpark code for step 4.",k-1-2-5|k-1-2-4|s-1-2-2,hard,ai-generated,false,B,Amazon SageMaker Data Wrangler for step 4,true,2
q-1-2-27,TS1.2,mr,"An ML engineer is reviewing a feature engineering pipeline. The pipeline has the following steps: (1) raw purchase data lands in Amazon S3, (2) a Glue Crawler scans and catalogs the schema, (3) a data analyst runs SQL to explore data quality, (4) a data scientist visually engineers ML features inside SageMaker Studio and outputs them to a central store, (5) both the nightly training job and the real-time scoring endpoint read features from that central store. Which TWO services handle steps 3 and 4 respectively? (Select TWO)","Amazon Athena handles step 3 — SQL queries on S3 data using the Glue Catalog, no infrastructure needed. SageMaker Data Wrangler handles step 4 — visual ML feature engineering inside SageMaker Studio with export to the SageMaker ecosystem. AWS Glue DataBrew is visual but outputs to general analytics not SageMaker. Amazon Redshift requires data loading for step 3. AWS Glue requires PySpark code for step 4.",k-1-2-5|k-1-2-4|s-1-2-2,hard,ai-generated,false,C,AWS Glue DataBrew for step 4,false,3
q-1-2-27,TS1.2,mr,"An ML engineer is reviewing a feature engineering pipeline. The pipeline has the following steps: (1) raw purchase data lands in Amazon S3, (2) a Glue Crawler scans and catalogs the schema, (3) a data analyst runs SQL to explore data quality, (4) a data scientist visually engineers ML features inside SageMaker Studio and outputs them to a central store, (5) both the nightly training job and the real-time scoring endpoint read features from that central store. Which TWO services handle steps 3 and 4 respectively? (Select TWO)","Amazon Athena handles step 3 — SQL queries on S3 data using the Glue Catalog, no infrastructure needed. SageMaker Data Wrangler handles step 4 — visual ML feature engineering inside SageMaker Studio with export to the SageMaker ecosystem. AWS Glue DataBrew is visual but outputs to general analytics not SageMaker. Amazon Redshift requires data loading for step 3. AWS Glue requires PySpark code for step 4.",k-1-2-5|k-1-2-4|s-1-2-2,hard,ai-generated,false,D,Amazon Redshift for step 3,false,4
q-1-2-27,TS1.2,mr,"An ML engineer is reviewing a feature engineering pipeline. The pipeline has the following steps: (1) raw purchase data lands in Amazon S3, (2) a Glue Crawler scans and catalogs the schema, (3) a data analyst runs SQL to explore data quality, (4) a data scientist visually engineers ML features inside SageMaker Studio and outputs them to a central store, (5) both the nightly training job and the real-time scoring endpoint read features from that central store. Which TWO services handle steps 3 and 4 respectively? (Select TWO)","Amazon Athena handles step 3 — SQL queries on S3 data using the Glue Catalog, no infrastructure needed. SageMaker Data Wrangler handles step 4 — visual ML feature engineering inside SageMaker Studio with export to the SageMaker ecosystem. AWS Glue DataBrew is visual but outputs to general analytics not SageMaker. Amazon Redshift requires data loading for step 3. AWS Glue requires PySpark code for step 4.",k-1-2-5|k-1-2-4|s-1-2-2,hard,ai-generated,false,E,AWS Glue for step 4,false,5
q-1-2-28,TS1.2,mc,"A retail company ingests 100 million daily transactions via Amazon Kinesis Data Streams. A Flink application aggregates these events into hourly purchase frequency features per customer. These features need to be available for a real-time fraud scoring endpoint within 10 milliseconds and for weekly model retraining jobs. An ML engineer is choosing where to store the computed features. Which service architecture best meets both latency requirements?","SageMaker Feature Store is the correct architecture. The Flink application writes computed features to Feature Store. The Online Store provides sub-10-millisecond reads for real-time fraud scoring. The Offline Store provides historical feature data for weekly retraining. This is the exact use case Feature Store was designed for — bridging real-time serving and batch training from a single feature computation.",k-1-2-7|s-1-2-2,hard,ai-generated,false,A,Write features to Amazon S3 for retraining and recalculate them in the Lambda inference function for real-time scoring,false,1
q-1-2-28,TS1.2,mc,"A retail company ingests 100 million daily transactions via Amazon Kinesis Data Streams. A Flink application aggregates these events into hourly purchase frequency features per customer. These features need to be available for a real-time fraud scoring endpoint within 10 milliseconds and for weekly model retraining jobs. An ML engineer is choosing where to store the computed features. Which service architecture best meets both latency requirements?","SageMaker Feature Store is the correct architecture. The Flink application writes computed features to Feature Store. The Online Store provides sub-10-millisecond reads for real-time fraud scoring. The Offline Store provides historical feature data for weekly retraining. This is the exact use case Feature Store was designed for — bridging real-time serving and batch training from a single feature computation.",k-1-2-7|s-1-2-2,hard,ai-generated,false,B,Write features to SageMaker Feature Store — the Online Store serves the real-time endpoint and the Offline Store serves the retraining job,true,2
q-1-2-28,TS1.2,mc,"A retail company ingests 100 million daily transactions via Amazon Kinesis Data Streams. A Flink application aggregates these events into hourly purchase frequency features per customer. These features need to be available for a real-time fraud scoring endpoint within 10 milliseconds and for weekly model retraining jobs. An ML engineer is choosing where to store the computed features. Which service architecture best meets both latency requirements?","SageMaker Feature Store is the correct architecture. The Flink application writes computed features to Feature Store. The Online Store provides sub-10-millisecond reads for real-time fraud scoring. The Offline Store provides historical feature data for weekly retraining. This is the exact use case Feature Store was designed for — bridging real-time serving and batch training from a single feature computation.",k-1-2-7|s-1-2-2,hard,ai-generated,false,C,Write features to Amazon DynamoDB for real-time scoring and Amazon Redshift for retraining,false,3
q-1-2-28,TS1.2,mc,"A retail company ingests 100 million daily transactions via Amazon Kinesis Data Streams. A Flink application aggregates these events into hourly purchase frequency features per customer. These features need to be available for a real-time fraud scoring endpoint within 10 milliseconds and for weekly model retraining jobs. An ML engineer is choosing where to store the computed features. Which service architecture best meets both latency requirements?","SageMaker Feature Store is the correct architecture. The Flink application writes computed features to Feature Store. The Online Store provides sub-10-millisecond reads for real-time fraud scoring. The Offline Store provides historical feature data for weekly retraining. This is the exact use case Feature Store was designed for — bridging real-time serving and batch training from a single feature computation.",k-1-2-7|s-1-2-2,hard,ai-generated,false,D,Write features to Amazon ElastiCache for real-time scoring and Amazon S3 for retraining,false,4
q-1-2-29,TS1.2,mr,"A company is designing a complete data preparation architecture for a machine learning use case. The requirements are: a non-technical analyst profiles and cleans customer data using a spreadsheet-like visual interface for a business intelligence report, a data scientist engineers ML-specific features using a visual tool inside SageMaker that outputs to an automated pipeline, features must be consistently available for both training and real-time inference without recomputation, and an ML engineer runs SQL queries to validate data quality on raw S3 data without moving data. Which THREE services collectively satisfy all requirements? (Select THREE)","AWS Glue DataBrew satisfies the analyst requirement — visual no-code with 250+ transforms for non-technical users, output to general BI destinations. SageMaker Data Wrangler satisfies the data scientist requirement — ML-specific visual tool inside SageMaker Studio exporting to pipelines. SageMaker Feature Store satisfies the consistent feature serving requirement — Online Store for inference and Offline Store for training. Amazon Athena satisfies the SQL validation requirement. AWS Glue requires PySpark code. Amazon EMR requires cluster provisioning.",k-1-2-3|k-1-2-4|k-1-2-7|s-1-2-1,hard,ai-generated,false,A,AWS Glue DataBrew,true,1
q-1-2-29,TS1.2,mr,"A company is designing a complete data preparation architecture for a machine learning use case. The requirements are: a non-technical analyst profiles and cleans customer data using a spreadsheet-like visual interface for a business intelligence report, a data scientist engineers ML-specific features using a visual tool inside SageMaker that outputs to an automated pipeline, features must be consistently available for both training and real-time inference without recomputation, and an ML engineer runs SQL queries to validate data quality on raw S3 data without moving data. Which THREE services collectively satisfy all requirements? (Select THREE)","AWS Glue DataBrew satisfies the analyst requirement — visual no-code with 250+ transforms for non-technical users, output to general BI destinations. SageMaker Data Wrangler satisfies the data scientist requirement — ML-specific visual tool inside SageMaker Studio exporting to pipelines. SageMaker Feature Store satisfies the consistent feature serving requirement — Online Store for inference and Offline Store for training. Amazon Athena satisfies the SQL validation requirement. AWS Glue requires PySpark code. Amazon EMR requires cluster provisioning.",k-1-2-3|k-1-2-4|k-1-2-7|s-1-2-1,hard,ai-generated,false,B,Amazon SageMaker Data Wrangler,true,2
q-1-2-29,TS1.2,mr,"A company is designing a complete data preparation architecture for a machine learning use case. The requirements are: a non-technical analyst profiles and cleans customer data using a spreadsheet-like visual interface for a business intelligence report, a data scientist engineers ML-specific features using a visual tool inside SageMaker that outputs to an automated pipeline, features must be consistently available for both training and real-time inference without recomputation, and an ML engineer runs SQL queries to validate data quality on raw S3 data without moving data. Which THREE services collectively satisfy all requirements? (Select THREE)","AWS Glue DataBrew satisfies the analyst requirement — visual no-code with 250+ transforms for non-technical users, output to general BI destinations. SageMaker Data Wrangler satisfies the data scientist requirement — ML-specific visual tool inside SageMaker Studio exporting to pipelines. SageMaker Feature Store satisfies the consistent feature serving requirement — Online Store for inference and Offline Store for training. Amazon Athena satisfies the SQL validation requirement. AWS Glue requires PySpark code. Amazon EMR requires cluster provisioning.",k-1-2-3|k-1-2-4|k-1-2-7|s-1-2-1,hard,ai-generated,false,C,Amazon SageMaker Feature Store,true,3
q-1-2-29,TS1.2,mr,"A company is designing a complete data preparation architecture for a machine learning use case. The requirements are: a non-technical analyst profiles and cleans customer data using a spreadsheet-like visual interface for a business intelligence report, a data scientist engineers ML-specific features using a visual tool inside SageMaker that outputs to an automated pipeline, features must be consistently available for both training and real-time inference without recomputation, and an ML engineer runs SQL queries to validate data quality on raw S3 data without moving data. Which THREE services collectively satisfy all requirements? (Select THREE)","AWS Glue DataBrew satisfies the analyst requirement — visual no-code with 250+ transforms for non-technical users, output to general BI destinations. SageMaker Data Wrangler satisfies the data scientist requirement — ML-specific visual tool inside SageMaker Studio exporting to pipelines. SageMaker Feature Store satisfies the consistent feature serving requirement — Online Store for inference and Offline Store for training. Amazon Athena satisfies the SQL validation requirement. AWS Glue requires PySpark code. Amazon EMR requires cluster provisioning.",k-1-2-3|k-1-2-4|k-1-2-7|s-1-2-1,hard,ai-generated,false,D,AWS Glue,false,4
q-1-2-29,TS1.2,mr,"A company is designing a complete data preparation architecture for a machine learning use case. The requirements are: a non-technical analyst profiles and cleans customer data using a spreadsheet-like visual interface for a business intelligence report, a data scientist engineers ML-specific features using a visual tool inside SageMaker that outputs to an automated pipeline, features must be consistently available for both training and real-time inference without recomputation, and an ML engineer runs SQL queries to validate data quality on raw S3 data without moving data. Which THREE services collectively satisfy all requirements? (Select THREE)","AWS Glue DataBrew satisfies the analyst requirement — visual no-code with 250+ transforms for non-technical users, output to general BI destinations. SageMaker Data Wrangler satisfies the data scientist requirement — ML-specific visual tool inside SageMaker Studio exporting to pipelines. SageMaker Feature Store satisfies the consistent feature serving requirement — Online Store for inference and Offline Store for training. Amazon Athena satisfies the SQL validation requirement. AWS Glue requires PySpark code. Amazon EMR requires cluster provisioning.",k-1-2-3|k-1-2-4|k-1-2-7|s-1-2-1,hard,ai-generated,false,E,Amazon EMR,false,5
q-1-2-30,TS1.2,mc,"An ML engineer is auditing a feature engineering pipeline. The pipeline ingests raw user activity data via Amazon Kinesis Data Streams, uses an AWS Glue job to aggregate daily user metrics, stores the result in Amazon S3, and the inference Lambda function independently recalculates user metrics at scoring time using the same raw Kinesis stream. Model performance has degraded over the past month. CloudWatch shows no infrastructure anomalies. What is the most likely cause and recommended solution?","The training pipeline (Glue aggregating to S3) and inference pipeline (Lambda recalculating from Kinesis) compute the same features through different code paths. Even small differences in aggregation windows, rounding, or missing value handling create training-serving skew. The correct solution is to centralize feature computation in SageMaker Feature Store — the Glue job writes to Feature Store, the Offline Store serves training, and the Online Store serves real-time inference. Both paths then use identical feature values.",k-1-2-7|k-1-2-1|s-1-2-2,hard,ai-generated,false,A,The AWS Glue job is timing out — increase the maximum capacity DPU allocation,false,1
q-1-2-30,TS1.2,mc,"An ML engineer is auditing a feature engineering pipeline. The pipeline ingests raw user activity data via Amazon Kinesis Data Streams, uses an AWS Glue job to aggregate daily user metrics, stores the result in Amazon S3, and the inference Lambda function independently recalculates user metrics at scoring time using the same raw Kinesis stream. Model performance has degraded over the past month. CloudWatch shows no infrastructure anomalies. What is the most likely cause and recommended solution?","The training pipeline (Glue aggregating to S3) and inference pipeline (Lambda recalculating from Kinesis) compute the same features through different code paths. Even small differences in aggregation windows, rounding, or missing value handling create training-serving skew. The correct solution is to centralize feature computation in SageMaker Feature Store — the Glue job writes to Feature Store, the Offline Store serves training, and the Online Store serves real-time inference. Both paths then use identical feature values.",k-1-2-7|k-1-2-1|s-1-2-2,hard,ai-generated,false,B,"Training-serving skew caused by different feature computation logic in training and inference pipelines — centralize features in SageMaker Feature Store",true,2
q-1-2-30,TS1.2,mc,"An ML engineer is auditing a feature engineering pipeline. The pipeline ingests raw user activity data via Amazon Kinesis Data Streams, uses an AWS Glue job to aggregate daily user metrics, stores the result in Amazon S3, and the inference Lambda function independently recalculates user metrics at scoring time using the same raw Kinesis stream. Model performance has degraded over the past month. CloudWatch shows no infrastructure anomalies. What is the most likely cause and recommended solution?","The training pipeline (Glue aggregating to S3) and inference pipeline (Lambda recalculating from Kinesis) compute the same features through different code paths. Even small differences in aggregation windows, rounding, or missing value handling create training-serving skew. The correct solution is to centralize feature computation in SageMaker Feature Store — the Glue job writes to Feature Store, the Offline Store serves training, and the Online Store serves real-time inference. Both paths then use identical feature values.",k-1-2-7|k-1-2-1|s-1-2-2,hard,ai-generated,false,C,The Kinesis Data Stream is losing events — increase the shard count to handle the load,false,3
q-1-2-30,TS1.2,mc,"An ML engineer is auditing a feature engineering pipeline. The pipeline ingests raw user activity data via Amazon Kinesis Data Streams, uses an AWS Glue job to aggregate daily user metrics, stores the result in Amazon S3, and the inference Lambda function independently recalculates user metrics at scoring time using the same raw Kinesis stream. Model performance has degraded over the past month. CloudWatch shows no infrastructure anomalies. What is the most likely cause and recommended solution?","The training pipeline (Glue aggregating to S3) and inference pipeline (Lambda recalculating from Kinesis) compute the same features through different code paths. Even small differences in aggregation windows, rounding, or missing value handling create training-serving skew. The correct solution is to centralize feature computation in SageMaker Feature Store — the Glue job writes to Feature Store, the Offline Store serves training, and the Online Store serves real-time inference. Both paths then use identical feature values.",k-1-2-7|k-1-2-1|s-1-2-2,hard,ai-generated,false,D,The model has drifted — deploy SageMaker Model Monitor with a Data Quality baseline to detect distribution shifts,false,4
