question_ref,lo_code,question_type,question_text,explanation,subtopic_codes,difficulty,source,verified,option_key,option_text,answer_value,sort_order
q-2-2-01,TS2.2,mc,"A company runs nightly SageMaker training jobs on ml.p3.2xlarge instances. Each job takes approximately 3 hours and the team can tolerate occasional interruptions as long as training progress is not lost. The company wants to reduce training costs significantly. Which solution should the ML engineer implement?","Managed Spot Training uses EC2 Spot Instances which provide up to 90% cost savings compared to on-demand. Checkpointing to S3 is mandatory because Spot Instances can be interrupted at any time — without checkpointing an interrupted job loses all progress and must restart from the beginning. With checkpointing the job resumes from the last saved checkpoint. Reserved Instances reduce cost by 30-72% but require a 1 or 3-year commitment with upfront payment. Larger instances increase cost. Reducing batch size affects convergence not cost.",k-2-2-1,easy,ai-generated,false,A,Switch to Reserved Instances with a 1-year commitment,false,1
q-2-2-01,TS2.2,mc,"A company runs nightly SageMaker training jobs on ml.p3.2xlarge instances. Each job takes approximately 3 hours and the team can tolerate occasional interruptions as long as training progress is not lost. The company wants to reduce training costs significantly. Which solution should the ML engineer implement?","Managed Spot Training uses EC2 Spot Instances which provide up to 90% cost savings compared to on-demand. Checkpointing to S3 is mandatory because Spot Instances can be interrupted at any time — without checkpointing an interrupted job loses all progress and must restart from the beginning. With checkpointing the job resumes from the last saved checkpoint. Reserved Instances reduce cost by 30-72% but require a 1 or 3-year commitment with upfront payment. Larger instances increase cost. Reducing batch size affects convergence not cost.",k-2-2-1,easy,ai-generated,false,B,Enable Managed Spot Training with checkpointing to Amazon S3,true,2
q-2-2-01,TS2.2,mc,"A company runs nightly SageMaker training jobs on ml.p3.2xlarge instances. Each job takes approximately 3 hours and the team can tolerate occasional interruptions as long as training progress is not lost. The company wants to reduce training costs significantly. Which solution should the ML engineer implement?","Managed Spot Training uses EC2 Spot Instances which provide up to 90% cost savings compared to on-demand. Checkpointing to S3 is mandatory because Spot Instances can be interrupted at any time — without checkpointing an interrupted job loses all progress and must restart from the beginning. With checkpointing the job resumes from the last saved checkpoint. Reserved Instances reduce cost by 30-72% but require a 1 or 3-year commitment with upfront payment. Larger instances increase cost. Reducing batch size affects convergence not cost.",k-2-2-1,easy,ai-generated,false,C,Upgrade to ml.p3.16xlarge instances to complete training faster,false,3
q-2-2-01,TS2.2,mc,"A company runs nightly SageMaker training jobs on ml.p3.2xlarge instances. Each job takes approximately 3 hours and the team can tolerate occasional interruptions as long as training progress is not lost. The company wants to reduce training costs significantly. Which solution should the ML engineer implement?","Managed Spot Training uses EC2 Spot Instances which provide up to 90% cost savings compared to on-demand. Checkpointing to S3 is mandatory because Spot Instances can be interrupted at any time — without checkpointing an interrupted job loses all progress and must restart from the beginning. With checkpointing the job resumes from the last saved checkpoint. Reserved Instances reduce cost by 30-72% but require a 1 or 3-year commitment with upfront payment. Larger instances increase cost. Reducing batch size affects convergence not cost.",k-2-2-1,easy,ai-generated,false,D,Reduce the training batch size to lower GPU memory usage and cost,false,4
q-2-2-02,TS2.2,mc,"An ML engineer wants to automatically find the best learning rate, regularization strength, and number of layers for a neural network without manually testing combinations. Which SageMaker feature automates this process?","SageMaker Automatic Model Tuning (also called Hyperparameter Tuning) automatically searches the hyperparameter space using strategies like Bayesian optimization or random search to find the configuration that optimizes a specified objective metric. SageMaker Debugger monitors training runs for issues like vanishing gradients but does not tune hyperparameters. SageMaker Experiments tracks and compares runs but you must manually define the hyperparameters to try. SageMaker Autopilot automates the entire ML pipeline for tabular data but is not general-purpose hyperparameter tuning for custom models.",k-2-2-2,easy,ai-generated,false,A,Amazon SageMaker Debugger,false,1
q-2-2-02,TS2.2,mc,"An ML engineer wants to automatically find the best learning rate, regularization strength, and number of layers for a neural network without manually testing combinations. Which SageMaker feature automates this process?","SageMaker Automatic Model Tuning (also called Hyperparameter Tuning) automatically searches the hyperparameter space using strategies like Bayesian optimization or random search to find the configuration that optimizes a specified objective metric. SageMaker Debugger monitors training runs for issues like vanishing gradients but does not tune hyperparameters. SageMaker Experiments tracks and compares runs but you must manually define the hyperparameters to try. SageMaker Autopilot automates the entire ML pipeline for tabular data but is not general-purpose hyperparameter tuning for custom models.",k-2-2-2,easy,ai-generated,false,B,Amazon SageMaker Automatic Model Tuning,true,2
q-2-2-02,TS2.2,mc,"An ML engineer wants to automatically find the best learning rate, regularization strength, and number of layers for a neural network without manually testing combinations. Which SageMaker feature automates this process?","SageMaker Automatic Model Tuning (also called Hyperparameter Tuning) automatically searches the hyperparameter space using strategies like Bayesian optimization or random search to find the configuration that optimizes a specified objective metric. SageMaker Debugger monitors training runs for issues like vanishing gradients but does not tune hyperparameters. SageMaker Experiments tracks and compares runs but you must manually define the hyperparameters to try. SageMaker Autopilot automates the entire ML pipeline for tabular data but is not general-purpose hyperparameter tuning for custom models.",k-2-2-2,easy,ai-generated,false,C,Amazon SageMaker Experiments,false,3
q-2-2-02,TS2.2,mc,"An ML engineer wants to automatically find the best learning rate, regularization strength, and number of layers for a neural network without manually testing combinations. Which SageMaker feature automates this process?","SageMaker Automatic Model Tuning (also called Hyperparameter Tuning) automatically searches the hyperparameter space using strategies like Bayesian optimization or random search to find the configuration that optimizes a specified objective metric. SageMaker Debugger monitors training runs for issues like vanishing gradients but does not tune hyperparameters. SageMaker Experiments tracks and compares runs but you must manually define the hyperparameters to try. SageMaker Autopilot automates the entire ML pipeline for tabular data but is not general-purpose hyperparameter tuning for custom models.",k-2-2-2,easy,ai-generated,false,D,Amazon SageMaker Autopilot,false,4
q-2-2-03,TS2.2,mc,"A deep learning model shows high accuracy on the training set but performs significantly worse on the validation set. The gap between training and validation accuracy increases as training continues. What does this pattern indicate and what is the most effective remedy?","A large and growing gap between training and validation performance is the classic symptom of overfitting — the model has memorized training examples rather than learning generalizable patterns. Adding dropout layers randomly disables neurons during training which prevents co-adaptation and forces the model to learn more robust distributed representations. L1 or L2 regularization penalizes large weights. Underfitting is the opposite pattern where both training and validation performance are poor. Increasing model size makes overfitting worse not better.",k-2-2-4,easy,ai-generated,false,A,The model is underfitting — increase the number of layers and neurons,false,1
q-2-2-03,TS2.2,mc,"A deep learning model shows high accuracy on the training set but performs significantly worse on the validation set. The gap between training and validation accuracy increases as training continues. What does this pattern indicate and what is the most effective remedy?","A large and growing gap between training and validation performance is the classic symptom of overfitting — the model has memorized training examples rather than learning generalizable patterns. Adding dropout layers randomly disables neurons during training which prevents co-adaptation and forces the model to learn more robust distributed representations. L1 or L2 regularization penalizes large weights. Underfitting is the opposite pattern where both training and validation performance are poor. Increasing model size makes overfitting worse not better.",k-2-2-4,easy,ai-generated,false,B,The model is overfitting — add dropout regularization and reduce model complexity,true,2
q-2-2-03,TS2.2,mc,"A deep learning model shows high accuracy on the training set but performs significantly worse on the validation set. The gap between training and validation accuracy increases as training continues. What does this pattern indicate and what is the most effective remedy?","A large and growing gap between training and validation performance is the classic symptom of overfitting — the model has memorized training examples rather than learning generalizable patterns. Adding dropout layers randomly disables neurons during training which prevents co-adaptation and forces the model to learn more robust distributed representations. L1 or L2 regularization penalizes large weights. Underfitting is the opposite pattern where both training and validation performance are poor. Increasing model size makes overfitting worse not better.",k-2-2-4,easy,ai-generated,false,C,The model is overfitting — increase the number of training epochs,false,3
q-2-2-03,TS2.2,mc,"A deep learning model shows high accuracy on the training set but performs significantly worse on the validation set. The gap between training and validation accuracy increases as training continues. What does this pattern indicate and what is the most effective remedy?","A large and growing gap between training and validation performance is the classic symptom of overfitting — the model has memorized training examples rather than learning generalizable patterns. Adding dropout layers randomly disables neurons during training which prevents co-adaptation and forces the model to learn more robust distributed representations. L1 or L2 regularization penalizes large weights. Underfitting is the opposite pattern where both training and validation performance are poor. Increasing model size makes overfitting worse not better.",k-2-2-4,easy,ai-generated,false,D,The model is underfitting — reduce the learning rate and train for more epochs,false,4
q-2-2-04,TS2.2,mc,"A SageMaker training job is using a large language model with 7 billion parameters. Each parameter requires 4 bytes in float32 format. The team is using ml.p3.8xlarge instances with 4 GPUs each having 16 GB of memory. The model weights alone require approximately 28 GB which exceeds a single GPU's memory. Which distributed training strategy should the ML engineer use?","Model parallelism is correct when the model itself is too large to fit in a single GPU's memory. The model's layers are split across multiple GPUs — each GPU holds a portion of the model. Data parallelism would not help because each replica of the model still needs to fit on one GPU. Increasing batch size increases memory requirements. Using fp16 (half precision) reduces the 28GB to about 14GB which might fit on a single GPU but model parallelism is the standard solution when the model exceeds GPU memory.",k-2-2-3,easy,ai-generated,false,A,Use data parallelism to distribute the training data across multiple GPUs,false,1
q-2-2-04,TS2.2,mc,"A SageMaker training job is using a large language model with 7 billion parameters. Each parameter requires 4 bytes in float32 format. The team is using ml.p3.8xlarge instances with 4 GPUs each having 16 GB of memory. The model weights alone require approximately 28 GB which exceeds a single GPU's memory. Which distributed training strategy should the ML engineer use?","Model parallelism is correct when the model itself is too large to fit in a single GPU's memory. The model's layers are split across multiple GPUs — each GPU holds a portion of the model. Data parallelism would not help because each replica of the model still needs to fit on one GPU. Increasing batch size increases memory requirements. Using fp16 (half precision) reduces the 28GB to about 14GB which might fit on a single GPU but model parallelism is the standard solution when the model exceeds GPU memory.",k-2-2-3,easy,ai-generated,false,B,Use model parallelism to split model layers across multiple GPUs,true,2
q-2-2-04,TS2.2,mc,"A SageMaker training job is using a large language model with 7 billion parameters. Each parameter requires 4 bytes in float32 format. The team is using ml.p3.8xlarge instances with 4 GPUs each having 16 GB of memory. The model weights alone require approximately 28 GB which exceeds a single GPU's memory. Which distributed training strategy should the ML engineer use?","Model parallelism is correct when the model itself is too large to fit in a single GPU's memory. The model's layers are split across multiple GPUs — each GPU holds a portion of the model. Data parallelism would not help because each replica of the model still needs to fit on one GPU. Increasing batch size increases memory requirements. Using fp16 (half precision) reduces the 28GB to about 14GB which might fit on a single GPU but model parallelism is the standard solution when the model exceeds GPU memory.",k-2-2-3,easy,ai-generated,false,C,Increase the batch size to use GPU memory more efficiently,false,3
q-2-2-04,TS2.2,mc,"A SageMaker training job is using a large language model with 7 billion parameters. Each parameter requires 4 bytes in float32 format. The team is using ml.p3.8xlarge instances with 4 GPUs each having 16 GB of memory. The model weights alone require approximately 28 GB which exceeds a single GPU's memory. Which distributed training strategy should the ML engineer use?","Model parallelism is correct when the model itself is too large to fit in a single GPU's memory. The model's layers are split across multiple GPUs — each GPU holds a portion of the model. Data parallelism would not help because each replica of the model still needs to fit on one GPU. Increasing batch size increases memory requirements. Using fp16 (half precision) reduces the 28GB to about 14GB which might fit on a single GPU but model parallelism is the standard solution when the model exceeds GPU memory.",k-2-2-3,easy,ai-generated,false,D,Switch to a single ml.p4d.24xlarge instance with 8 GPUs,false,4
q-2-2-05,TS2.2,mc,"An ML engineer is building a linear regression model to predict house prices. The model has 200 features and is severely overfitting. The engineer suspects many features are irrelevant. Which regularization technique should be applied to simultaneously reduce overfitting and perform automatic feature selection by driving irrelevant feature weights to exactly zero?","L1 regularization (Lasso) adds a penalty equal to the absolute value of weights to the loss function. This has the mathematical property of driving some weights to exactly zero which effectively removes the corresponding features from the model. This performs automatic feature selection. L2 regularization (Ridge) shrinks all weights toward zero but never exactly to zero so all features remain in the model. Dropout is a neural network technique not for linear regression. Early stopping halts training when validation loss stops improving but does not perform feature selection.",k-2-2-4,easy,ai-generated,false,A,L2 regularization (Ridge),false,1
q-2-2-05,TS2.2,mc,"An ML engineer is building a linear regression model to predict house prices. The model has 200 features and is severely overfitting. The engineer suspects many features are irrelevant. Which regularization technique should be applied to simultaneously reduce overfitting and perform automatic feature selection by driving irrelevant feature weights to exactly zero?","L1 regularization (Lasso) adds a penalty equal to the absolute value of weights to the loss function. This has the mathematical property of driving some weights to exactly zero which effectively removes the corresponding features from the model. This performs automatic feature selection. L2 regularization (Ridge) shrinks all weights toward zero but never exactly to zero so all features remain in the model. Dropout is a neural network technique not for linear regression. Early stopping halts training when validation loss stops improving but does not perform feature selection.",k-2-2-4,easy,ai-generated,false,B,L1 regularization (Lasso),true,2
q-2-2-05,TS2.2,mc,"An ML engineer is building a linear regression model to predict house prices. The model has 200 features and is severely overfitting. The engineer suspects many features are irrelevant. Which regularization technique should be applied to simultaneously reduce overfitting and perform automatic feature selection by driving irrelevant feature weights to exactly zero?","L1 regularization (Lasso) adds a penalty equal to the absolute value of weights to the loss function. This has the mathematical property of driving some weights to exactly zero which effectively removes the corresponding features from the model. This performs automatic feature selection. L2 regularization (Ridge) shrinks all weights toward zero but never exactly to zero so all features remain in the model. Dropout is a neural network technique not for linear regression. Early stopping halts training when validation loss stops improving but does not perform feature selection.",k-2-2-4,easy,ai-generated,false,C,Dropout regularization,false,3
q-2-2-05,TS2.2,mc,"An ML engineer is building a linear regression model to predict house prices. The model has 200 features and is severely overfitting. The engineer suspects many features are irrelevant. Which regularization technique should be applied to simultaneously reduce overfitting and perform automatic feature selection by driving irrelevant feature weights to exactly zero?","L1 regularization (Lasso) adds a penalty equal to the absolute value of weights to the loss function. This has the mathematical property of driving some weights to exactly zero which effectively removes the corresponding features from the model. This performs automatic feature selection. L2 regularization (Ridge) shrinks all weights toward zero but never exactly to zero so all features remain in the model. Dropout is a neural network technique not for linear regression. Early stopping halts training when validation loss stops improving but does not perform feature selection.",k-2-2-4,easy,ai-generated,false,D,Early stopping,false,4
q-2-2-06,TS2.2,mc,"An ML engineer enables Managed Spot Training for a SageMaker training job but does not configure checkpointing. The spot instance is interrupted after 2 hours of a 4-hour training job. What happens to the training job?","Without checkpointing, a Spot Instance interruption causes the entire training job to restart from the beginning because no intermediate state was saved. All 2 hours of training progress are lost. Checkpointing saves model weights to S3 at regular intervals so an interrupted job can resume from the last checkpoint rather than starting over. The training job does not automatically switch to on-demand — it waits for spot capacity to become available or fails depending on the configuration.",k-2-2-1,medium,ai-generated,false,A,The job automatically continues on an on-demand instance at no extra charge,false,1
q-2-2-06,TS2.2,mc,"An ML engineer enables Managed Spot Training for a SageMaker training job but does not configure checkpointing. The spot instance is interrupted after 2 hours of a 4-hour training job. What happens to the training job?","Without checkpointing, a Spot Instance interruption causes the entire training job to restart from the beginning because no intermediate state was saved. All 2 hours of training progress are lost. Checkpointing saves model weights to S3 at regular intervals so an interrupted job can resume from the last checkpoint rather than starting over. The training job does not automatically switch to on-demand — it waits for spot capacity to become available or fails depending on the configuration.",k-2-2-1,medium,ai-generated,false,B,The job resumes from the 2-hour mark when a new spot instance becomes available,false,2
q-2-2-06,TS2.2,mc,"An ML engineer enables Managed Spot Training for a SageMaker training job but does not configure checkpointing. The spot instance is interrupted after 2 hours of a 4-hour training job. What happens to the training job?","Without checkpointing, a Spot Instance interruption causes the entire training job to restart from the beginning because no intermediate state was saved. All 2 hours of training progress are lost. Checkpointing saves model weights to S3 at regular intervals so an interrupted job can resume from the last checkpoint rather than starting over. The training job does not automatically switch to on-demand — it waits for spot capacity to become available or fails depending on the configuration.",k-2-2-1,medium,ai-generated,false,C,The job restarts from the beginning and loses all 2 hours of training progress,true,3
q-2-2-06,TS2.2,mc,"An ML engineer enables Managed Spot Training for a SageMaker training job but does not configure checkpointing. The spot instance is interrupted after 2 hours of a 4-hour training job. What happens to the training job?","Without checkpointing, a Spot Instance interruption causes the entire training job to restart from the beginning because no intermediate state was saved. All 2 hours of training progress are lost. Checkpointing saves model weights to S3 at regular intervals so an interrupted job can resume from the last checkpoint rather than starting over. The training job does not automatically switch to on-demand — it waits for spot capacity to become available or fails depending on the configuration.",k-2-2-1,medium,ai-generated,false,D,SageMaker automatically saves the model state and completes training on a new spot instance,false,4
q-2-2-07,TS2.2,mc,"A team is training a deep learning model on a large dataset across 8 GPU instances. The model architecture fits on a single GPU but training is slow because only one instance processes data at a time. Which distributed training approach should the ML engineer use to speed up training?","Data parallelism is correct when the model fits on a single GPU but training needs to be faster by processing more data simultaneously. Each GPU holds a complete copy of the model and trains on a different batch of data. Gradients are synchronized across all GPUs after each step. Model parallelism splits model layers across GPUs which is for when the model does not fit on one GPU — that is not the case here. Increasing batch size alone without distributing does not leverage multiple instances. Sequential training on each GPU one at a time provides no speedup.",k-2-2-3,medium,ai-generated,false,A,Use model parallelism to split model layers across the 8 GPU instances,false,1
q-2-2-07,TS2.2,mc,"A team is training a deep learning model on a large dataset across 8 GPU instances. The model architecture fits on a single GPU but training is slow because only one instance processes data at a time. Which distributed training approach should the ML engineer use to speed up training?","Data parallelism is correct when the model fits on a single GPU but training needs to be faster by processing more data simultaneously. Each GPU holds a complete copy of the model and trains on a different batch of data. Gradients are synchronized across all GPUs after each step. Model parallelism splits model layers across GPUs which is for when the model does not fit on one GPU — that is not the case here. Increasing batch size alone without distributing does not leverage multiple instances. Sequential training on each GPU one at a time provides no speedup.",k-2-2-3,medium,ai-generated,false,B,Use data parallelism so each GPU trains on a different batch and gradients are synchronized,true,2
q-2-2-07,TS2.2,mc,"A team is training a deep learning model on a large dataset across 8 GPU instances. The model architecture fits on a single GPU but training is slow because only one instance processes data at a time. Which distributed training approach should the ML engineer use to speed up training?","Data parallelism is correct when the model fits on a single GPU but training needs to be faster by processing more data simultaneously. Each GPU holds a complete copy of the model and trains on a different batch of data. Gradients are synchronized across all GPUs after each step. Model parallelism splits model layers across GPUs which is for when the model does not fit on one GPU — that is not the case here. Increasing batch size alone without distributing does not leverage multiple instances. Sequential training on each GPU one at a time provides no speedup.",k-2-2-3,medium,ai-generated,false,C,Run training sequentially on each GPU to avoid gradient conflicts,false,3
q-2-2-07,TS2.2,mc,"A team is training a deep learning model on a large dataset across 8 GPU instances. The model architecture fits on a single GPU but training is slow because only one instance processes data at a time. Which distributed training approach should the ML engineer use to speed up training?","Data parallelism is correct when the model fits on a single GPU but training needs to be faster by processing more data simultaneously. Each GPU holds a complete copy of the model and trains on a different batch of data. Gradients are synchronized across all GPUs after each step. Model parallelism splits model layers across GPUs which is for when the model does not fit on one GPU — that is not the case here. Increasing batch size alone without distributing does not leverage multiple instances. Sequential training on each GPU one at a time provides no speedup.",k-2-2-3,medium,ai-generated,false,D,Increase the batch size on a single instance to use more memory,false,4
q-2-2-08,TS2.2,mc,"An ML engineer is using SageMaker Automatic Model Tuning to optimize an XGBoost model. The tuning job runs many parallel training jobs and the engineer wants the algorithm to intelligently use the results of completed jobs to select better hyperparameter values for the next batch of jobs. Which tuning strategy should be selected?","Bayesian optimization is correct because it builds a probabilistic model of the relationship between hyperparameter values and the objective metric. It uses the results of completed training jobs to intelligently select the most promising hyperparameter combinations for the next jobs. Random search samples hyperparameter values randomly without using previous results making it less efficient for finding optima. Hyperband combines early stopping with random search. Grid search exhaustively tests all combinations which is computationally expensive.",k-2-2-2,medium,ai-generated,false,A,Random search,false,1
q-2-2-08,TS2.2,mc,"An ML engineer is using SageMaker Automatic Model Tuning to optimize an XGBoost model. The tuning job runs many parallel training jobs and the engineer wants the algorithm to intelligently use the results of completed jobs to select better hyperparameter values for the next batch of jobs. Which tuning strategy should be selected?","Bayesian optimization is correct because it builds a probabilistic model of the relationship between hyperparameter values and the objective metric. It uses the results of completed training jobs to intelligently select the most promising hyperparameter combinations for the next jobs. Random search samples hyperparameter values randomly without using previous results making it less efficient for finding optima. Hyperband combines early stopping with random search. Grid search exhaustively tests all combinations which is computationally expensive.",k-2-2-2,medium,ai-generated,false,B,Bayesian optimization,true,2
q-2-2-08,TS2.2,mc,"An ML engineer is using SageMaker Automatic Model Tuning to optimize an XGBoost model. The tuning job runs many parallel training jobs and the engineer wants the algorithm to intelligently use the results of completed jobs to select better hyperparameter values for the next batch of jobs. Which tuning strategy should be selected?","Bayesian optimization is correct because it builds a probabilistic model of the relationship between hyperparameter values and the objective metric. It uses the results of completed training jobs to intelligently select the most promising hyperparameter combinations for the next jobs. Random search samples hyperparameter values randomly without using previous results making it less efficient for finding optima. Hyperband combines early stopping with random search. Grid search exhaustively tests all combinations which is computationally expensive.",k-2-2-2,medium,ai-generated,false,C,Hyperband,false,3
q-2-2-08,TS2.2,mc,"An ML engineer is using SageMaker Automatic Model Tuning to optimize an XGBoost model. The tuning job runs many parallel training jobs and the engineer wants the algorithm to intelligently use the results of completed jobs to select better hyperparameter values for the next batch of jobs. Which tuning strategy should be selected?","Bayesian optimization is correct because it builds a probabilistic model of the relationship between hyperparameter values and the objective metric. It uses the results of completed training jobs to intelligently select the most promising hyperparameter combinations for the next jobs. Random search samples hyperparameter values randomly without using previous results making it less efficient for finding optima. Hyperband combines early stopping with random search. Grid search exhaustively tests all combinations which is computationally expensive.",k-2-2-2,medium,ai-generated,false,D,Grid search,false,4
q-2-2-09,TS2.2,mc,"A company fine-tunes a pre-trained image classification model on a proprietary manufacturing defect dataset. After deployment the model performs well on defect classification but its accuracy on the original ImageNet benchmark has dropped significantly compared to the base model. What problem has occurred and what technique addresses it?","Catastrophic forgetting occurs when fine-tuning on a new task overwrites the weights the model learned during original pre-training causing it to lose performance on the original task. Elastic Weight Consolidation (EWC) addresses this by adding a regularization term that penalizes changes to weights that were important for the original task. Dropout addresses overfitting not catastrophic forgetting. L2 regularization penalizes all large weights equally not specifically weights important to previous tasks. Data augmentation adds variety to training data but does not prevent forgetting.",k-2-2-5,medium,ai-generated,false,A,Overfitting — apply dropout regularization during fine-tuning,false,1
q-2-2-09,TS2.2,mc,"A company fine-tunes a pre-trained image classification model on a proprietary manufacturing defect dataset. After deployment the model performs well on defect classification but its accuracy on the original ImageNet benchmark has dropped significantly compared to the base model. What problem has occurred and what technique addresses it?","Catastrophic forgetting occurs when fine-tuning on a new task overwrites the weights the model learned during original pre-training causing it to lose performance on the original task. Elastic Weight Consolidation (EWC) addresses this by adding a regularization term that penalizes changes to weights that were important for the original task. Dropout addresses overfitting not catastrophic forgetting. L2 regularization penalizes all large weights equally not specifically weights important to previous tasks. Data augmentation adds variety to training data but does not prevent forgetting.",k-2-2-5,medium,ai-generated,false,B,Catastrophic forgetting — use Elastic Weight Consolidation to preserve important pre-trained weights,true,2
q-2-2-09,TS2.2,mc,"A company fine-tunes a pre-trained image classification model on a proprietary manufacturing defect dataset. After deployment the model performs well on defect classification but its accuracy on the original ImageNet benchmark has dropped significantly compared to the base model. What problem has occurred and what technique addresses it?","Catastrophic forgetting occurs when fine-tuning on a new task overwrites the weights the model learned during original pre-training causing it to lose performance on the original task. Elastic Weight Consolidation (EWC) addresses this by adding a regularization term that penalizes changes to weights that were important for the original task. Dropout addresses overfitting not catastrophic forgetting. L2 regularization penalizes all large weights equally not specifically weights important to previous tasks. Data augmentation adds variety to training data but does not prevent forgetting.",k-2-2-5,medium,ai-generated,false,C,Class imbalance — apply SMOTE to balance defect and non-defect training examples,false,3
q-2-2-09,TS2.2,mc,"A company fine-tunes a pre-trained image classification model on a proprietary manufacturing defect dataset. After deployment the model performs well on defect classification but its accuracy on the original ImageNet benchmark has dropped significantly compared to the base model. What problem has occurred and what technique addresses it?","Catastrophic forgetting occurs when fine-tuning on a new task overwrites the weights the model learned during original pre-training causing it to lose performance on the original task. Elastic Weight Consolidation (EWC) addresses this by adding a regularization term that penalizes changes to weights that were important for the original task. Dropout addresses overfitting not catastrophic forgetting. L2 regularization penalizes all large weights equally not specifically weights important to previous tasks. Data augmentation adds variety to training data but does not prevent forgetting.",k-2-2-5,medium,ai-generated,false,D,Underfitting — train for more epochs with a larger learning rate,false,4
q-2-2-10,TS2.2,mr,"An ML engineer is designing a training strategy for a large NLP model. The requirements are: (1) reduce training cost by at least 70% compared to on-demand instances, (2) ensure training progress is never fully lost if an instance is interrupted, and (3) automatically find the best learning rate and warmup steps. Which TWO configurations address requirements 1 and 2? (Select TWO)","Managed Spot Training uses EC2 Spot Instances providing up to 90% cost reduction satisfying requirement 1. Configuring checkpointing to S3 saves model weights periodically so an interrupted spot job resumes from the last checkpoint rather than restarting from scratch satisfying requirement 2. SageMaker Automatic Model Tuning addresses requirement 3 but is not asked here. Reserved Instances reduce cost by 30-72% but require upfront commitment. Increasing the number of training instances increases cost.",k-2-2-1,medium,ai-generated,false,A,Enable Managed Spot Training on the SageMaker training job,true,1
q-2-2-10,TS2.2,mr,"An ML engineer is designing a training strategy for a large NLP model. The requirements are: (1) reduce training cost by at least 70% compared to on-demand instances, (2) ensure training progress is never fully lost if an instance is interrupted, and (3) automatically find the best learning rate and warmup steps. Which TWO configurations address requirements 1 and 2? (Select TWO)","Managed Spot Training uses EC2 Spot Instances providing up to 90% cost reduction satisfying requirement 1. Configuring checkpointing to S3 saves model weights periodically so an interrupted spot job resumes from the last checkpoint rather than restarting from scratch satisfying requirement 2. SageMaker Automatic Model Tuning addresses requirement 3 but is not asked here. Reserved Instances reduce cost by 30-72% but require upfront commitment. Increasing the number of training instances increases cost.",k-2-2-1,medium,ai-generated,false,B,Configure checkpointing to save model weights to Amazon S3 at regular intervals,true,2
q-2-2-10,TS2.2,mr,"An ML engineer is designing a training strategy for a large NLP model. The requirements are: (1) reduce training cost by at least 70% compared to on-demand instances, (2) ensure training progress is never fully lost if an instance is interrupted, and (3) automatically find the best learning rate and warmup steps. Which TWO configurations address requirements 1 and 2? (Select TWO)","Managed Spot Training uses EC2 Spot Instances providing up to 90% cost reduction satisfying requirement 1. Configuring checkpointing to S3 saves model weights periodically so an interrupted spot job resumes from the last checkpoint rather than restarting from scratch satisfying requirement 2. SageMaker Automatic Model Tuning addresses requirement 3 but is not asked here. Reserved Instances reduce cost by 30-72% but require upfront commitment. Increasing the number of training instances increases cost.",k-2-2-1,medium,ai-generated,false,C,Purchase 1-year Reserved Instances for the training cluster,false,3
q-2-2-10,TS2.2,mr,"An ML engineer is designing a training strategy for a large NLP model. The requirements are: (1) reduce training cost by at least 70% compared to on-demand instances, (2) ensure training progress is never fully lost if an instance is interrupted, and (3) automatically find the best learning rate and warmup steps. Which TWO configurations address requirements 1 and 2? (Select TWO)","Managed Spot Training uses EC2 Spot Instances providing up to 90% cost reduction satisfying requirement 1. Configuring checkpointing to S3 saves model weights periodically so an interrupted spot job resumes from the last checkpoint rather than restarting from scratch satisfying requirement 2. SageMaker Automatic Model Tuning addresses requirement 3 but is not asked here. Reserved Instances reduce cost by 30-72% but require upfront commitment. Increasing the number of training instances increases cost.",k-2-2-1,medium,ai-generated,false,D,Enable SageMaker Automatic Model Tuning for hyperparameter optimization,false,4
q-2-2-10,TS2.2,mr,"An ML engineer is designing a training strategy for a large NLP model. The requirements are: (1) reduce training cost by at least 70% compared to on-demand instances, (2) ensure training progress is never fully lost if an instance is interrupted, and (3) automatically find the best learning rate and warmup steps. Which TWO configurations address requirements 1 and 2? (Select TWO)","Managed Spot Training uses EC2 Spot Instances providing up to 90% cost reduction satisfying requirement 1. Configuring checkpointing to S3 saves model weights periodically so an interrupted spot job resumes from the last checkpoint rather than restarting from scratch satisfying requirement 2. SageMaker Automatic Model Tuning addresses requirement 3 but is not asked here. Reserved Instances reduce cost by 30-72% but require upfront commitment. Increasing the number of training instances increases cost.",k-2-2-1,medium,ai-generated,false,E,Increase the number of training instances to complete jobs faster,false,5
q-2-2-11,TS2.2,mc,"An ML engineer is monitoring a training job using SageMaker Debugger. The tool reports that gradients in the first few layers of the neural network are approaching zero while gradients in later layers are normal. The training loss stops decreasing after a few epochs. What problem has occurred and what is the standard remedy?","Vanishing gradients occur when gradients become very small in early layers during backpropagation preventing those layers from learning. This is diagnosed by SageMaker Debugger's built-in vanishing gradient rule. Solutions include using ReLU or Leaky ReLU activation functions instead of sigmoid or tanh, using batch normalization to normalize layer inputs, or better weight initialization strategies like He or Xavier initialization. Increasing the learning rate makes vanishing gradients worse. Dropout addresses overfitting not gradient flow. Adding more layers without fixing gradient flow worsens the problem.",k-2-2-5|s-2-2-1,medium,ai-generated,false,A,Exploding gradients — apply gradient clipping to limit gradient magnitude,false,1
q-2-2-11,TS2.2,mc,"An ML engineer is monitoring a training job using SageMaker Debugger. The tool reports that gradients in the first few layers of the neural network are approaching zero while gradients in later layers are normal. The training loss stops decreasing after a few epochs. What problem has occurred and what is the standard remedy?","Vanishing gradients occur when gradients become very small in early layers during backpropagation preventing those layers from learning. This is diagnosed by SageMaker Debugger's built-in vanishing gradient rule. Solutions include using ReLU or Leaky ReLU activation functions instead of sigmoid or tanh, using batch normalization to normalize layer inputs, or better weight initialization strategies like He or Xavier initialization. Increasing the learning rate makes vanishing gradients worse. Dropout addresses overfitting not gradient flow. Adding more layers without fixing gradient flow worsens the problem.",k-2-2-5|s-2-2-1,medium,ai-generated,false,B,Vanishing gradients — switch to ReLU activations and use batch normalization,true,2
q-2-2-11,TS2.2,mc,"An ML engineer is monitoring a training job using SageMaker Debugger. The tool reports that gradients in the first few layers of the neural network are approaching zero while gradients in later layers are normal. The training loss stops decreasing after a few epochs. What problem has occurred and what is the standard remedy?","Vanishing gradients occur when gradients become very small in early layers during backpropagation preventing those layers from learning. This is diagnosed by SageMaker Debugger's built-in vanishing gradient rule. Solutions include using ReLU or Leaky ReLU activation functions instead of sigmoid or tanh, using batch normalization to normalize layer inputs, or better weight initialization strategies like He or Xavier initialization. Increasing the learning rate makes vanishing gradients worse. Dropout addresses overfitting not gradient flow. Adding more layers without fixing gradient flow worsens the problem.",k-2-2-5|s-2-2-1,medium,ai-generated,false,C,Overfitting — add dropout layers and reduce model capacity,false,3
q-2-2-11,TS2.2,mc,"An ML engineer is monitoring a training job using SageMaker Debugger. The tool reports that gradients in the first few layers of the neural network are approaching zero while gradients in later layers are normal. The training loss stops decreasing after a few epochs. What problem has occurred and what is the standard remedy?","Vanishing gradients occur when gradients become very small in early layers during backpropagation preventing those layers from learning. This is diagnosed by SageMaker Debugger's built-in vanishing gradient rule. Solutions include using ReLU or Leaky ReLU activation functions instead of sigmoid or tanh, using batch normalization to normalize layer inputs, or better weight initialization strategies like He or Xavier initialization. Increasing the learning rate makes vanishing gradients worse. Dropout addresses overfitting not gradient flow. Adding more layers without fixing gradient flow worsens the problem.",k-2-2-5|s-2-2-1,medium,ai-generated,false,D,Underfitting — increase the learning rate and add more layers,false,4
q-2-2-12,TS2.2,mc,"A data science team has trained five separate neural network models on the same dataset. Each model achieves similar accuracy individually but makes different types of errors. The team wants to combine these models to achieve better overall accuracy than any single model. Which technique should be applied?","Ensembling combines predictions from multiple independent models to reduce variance and improve accuracy. When individual models make different errors the ensemble corrects those errors through averaging or voting. Since each model achieves similar accuracy but makes different errors an ensemble is ideal. Boosting trains models sequentially where each model corrects the previous model's errors — this is different from combining already-trained models. Dropout is a training regularization technique applied within a single model. Early stopping halts training of a single model.",k-2-2-5,medium,ai-generated,false,A,Apply boosting to train the five models sequentially,false,1
q-2-2-12,TS2.2,mc,"A data science team has trained five separate neural network models on the same dataset. Each model achieves similar accuracy individually but makes different types of errors. The team wants to combine these models to achieve better overall accuracy than any single model. Which technique should be applied?","Ensembling combines predictions from multiple independent models to reduce variance and improve accuracy. When individual models make different errors the ensemble corrects those errors through averaging or voting. Since each model achieves similar accuracy but makes different errors an ensemble is ideal. Boosting trains models sequentially where each model corrects the previous model's errors — this is different from combining already-trained models. Dropout is a training regularization technique applied within a single model. Early stopping halts training of a single model.",k-2-2-5,medium,ai-generated,false,B,Ensemble the five models by averaging their predictions,true,2
q-2-2-12,TS2.2,mc,"A data science team has trained five separate neural network models on the same dataset. Each model achieves similar accuracy individually but makes different types of errors. The team wants to combine these models to achieve better overall accuracy than any single model. Which technique should be applied?","Ensembling combines predictions from multiple independent models to reduce variance and improve accuracy. When individual models make different errors the ensemble corrects those errors through averaging or voting. Since each model achieves similar accuracy but makes different errors an ensemble is ideal. Boosting trains models sequentially where each model corrects the previous model's errors — this is different from combining already-trained models. Dropout is a training regularization technique applied within a single model. Early stopping halts training of a single model.",k-2-2-5,medium,ai-generated,false,C,Apply dropout to each model independently during inference,false,3
q-2-2-12,TS2.2,mc,"A data science team has trained five separate neural network models on the same dataset. Each model achieves similar accuracy individually but makes different types of errors. The team wants to combine these models to achieve better overall accuracy than any single model. Which technique should be applied?","Ensembling combines predictions from multiple independent models to reduce variance and improve accuracy. When individual models make different errors the ensemble corrects those errors through averaging or voting. Since each model achieves similar accuracy but makes different errors an ensemble is ideal. Boosting trains models sequentially where each model corrects the previous model's errors — this is different from combining already-trained models. Dropout is a training regularization technique applied within a single model. Early stopping halts training of a single model.",k-2-2-5,medium,ai-generated,false,D,Apply early stopping to all five models with a shared validation set,false,4
q-2-2-13,TS2.2,mc,"An ML engineer wants to track and compare multiple SageMaker training experiments. Each run uses different hyperparameter configurations and the engineer needs to compare validation metrics, parameter values, and artifact locations across all runs in a structured way. Which SageMaker feature provides this capability?","SageMaker Experiments is the correct feature for tracking, organizing, and comparing multiple training runs. It automatically logs hyperparameters, metrics, and artifacts for each run and provides a comparison view across runs. SageMaker Debugger monitors individual training runs for issues but does not compare across experiments. SageMaker Automatic Model Tuning runs multiple jobs automatically to find optimal hyperparameters but viewing and comparing arbitrary experiment runs requires Experiments. SageMaker Pipelines orchestrates multi-step ML workflows but does not specifically provide experiment comparison dashboards.",k-2-2-2|s-2-2-1,medium,ai-generated,false,A,Amazon SageMaker Debugger,false,1
q-2-2-13,TS2.2,mc,"An ML engineer wants to track and compare multiple SageMaker training experiments. Each run uses different hyperparameter configurations and the engineer needs to compare validation metrics, parameter values, and artifact locations across all runs in a structured way. Which SageMaker feature provides this capability?","SageMaker Experiments is the correct feature for tracking, organizing, and comparing multiple training runs. It automatically logs hyperparameters, metrics, and artifacts for each run and provides a comparison view across runs. SageMaker Debugger monitors individual training runs for issues but does not compare across experiments. SageMaker Automatic Model Tuning runs multiple jobs automatically to find optimal hyperparameters but viewing and comparing arbitrary experiment runs requires Experiments. SageMaker Pipelines orchestrates multi-step ML workflows but does not specifically provide experiment comparison dashboards.",k-2-2-2|s-2-2-1,medium,ai-generated,false,B,Amazon SageMaker Experiments,true,2
q-2-2-13,TS2.2,mc,"An ML engineer wants to track and compare multiple SageMaker training experiments. Each run uses different hyperparameter configurations and the engineer needs to compare validation metrics, parameter values, and artifact locations across all runs in a structured way. Which SageMaker feature provides this capability?","SageMaker Experiments is the correct feature for tracking, organizing, and comparing multiple training runs. It automatically logs hyperparameters, metrics, and artifacts for each run and provides a comparison view across runs. SageMaker Debugger monitors individual training runs for issues but does not compare across experiments. SageMaker Automatic Model Tuning runs multiple jobs automatically to find optimal hyperparameters but viewing and comparing arbitrary experiment runs requires Experiments. SageMaker Pipelines orchestrates multi-step ML workflows but does not specifically provide experiment comparison dashboards.",k-2-2-2|s-2-2-1,medium,ai-generated,false,C,Amazon SageMaker Automatic Model Tuning,false,3
q-2-2-13,TS2.2,mc,"An ML engineer wants to track and compare multiple SageMaker training experiments. Each run uses different hyperparameter configurations and the engineer needs to compare validation metrics, parameter values, and artifact locations across all runs in a structured way. Which SageMaker feature provides this capability?","SageMaker Experiments is the correct feature for tracking, organizing, and comparing multiple training runs. It automatically logs hyperparameters, metrics, and artifacts for each run and provides a comparison view across runs. SageMaker Debugger monitors individual training runs for issues but does not compare across experiments. SageMaker Automatic Model Tuning runs multiple jobs automatically to find optimal hyperparameters but viewing and comparing arbitrary experiment runs requires Experiments. SageMaker Pipelines orchestrates multi-step ML workflows but does not specifically provide experiment comparison dashboards.",k-2-2-2|s-2-2-1,medium,ai-generated,false,D,Amazon SageMaker Pipelines,false,4
q-2-2-14,TS2.2,mc,"A model is both performing poorly on training data and validation data with similar low accuracy on both. The loss curves show both training and validation loss are high and converging slowly. What does this pattern indicate and what is the correct approach?","When both training and validation performance are poor and similar this is underfitting — the model has insufficient capacity to learn the patterns in the data. The model is too simple relative to the complexity of the problem. The correct approach is to increase model capacity by adding more layers or neurons, train for more epochs, or reduce regularization strength if regularization is constraining learning. Overfitting has high training accuracy and low validation accuracy. Adding dropout reduces model capacity making underfitting worse. Reducing the training dataset makes underfitting worse.",k-2-2-4|s-2-2-1,hard,ai-generated,false,A,Overfitting — add L2 regularization and apply dropout to reduce model complexity,false,1
q-2-2-14,TS2.2,mc,"A model is both performing poorly on training data and validation data with similar low accuracy on both. The loss curves show both training and validation loss are high and converging slowly. What does this pattern indicate and what is the correct approach?","When both training and validation performance are poor and similar this is underfitting — the model has insufficient capacity to learn the patterns in the data. The model is too simple relative to the complexity of the problem. The correct approach is to increase model capacity by adding more layers or neurons, train for more epochs, or reduce regularization strength if regularization is constraining learning. Overfitting has high training accuracy and low validation accuracy. Adding dropout reduces model capacity making underfitting worse. Reducing the training dataset makes underfitting worse.",k-2-2-4|s-2-2-1,hard,ai-generated,false,B,Underfitting — increase model capacity and train for more epochs,true,2
q-2-2-14,TS2.2,mc,"A model is both performing poorly on training data and validation data with similar low accuracy on both. The loss curves show both training and validation loss are high and converging slowly. What does this pattern indicate and what is the correct approach?","When both training and validation performance are poor and similar this is underfitting — the model has insufficient capacity to learn the patterns in the data. The model is too simple relative to the complexity of the problem. The correct approach is to increase model capacity by adding more layers or neurons, train for more epochs, or reduce regularization strength if regularization is constraining learning. Overfitting has high training accuracy and low validation accuracy. Adding dropout reduces model capacity making underfitting worse. Reducing the training dataset makes underfitting worse.",k-2-2-4|s-2-2-1,hard,ai-generated,false,C,Overfitting — collect more training data and apply early stopping,false,3
q-2-2-14,TS2.2,mc,"A model is both performing poorly on training data and validation data with similar low accuracy on both. The loss curves show both training and validation loss are high and converging slowly. What does this pattern indicate and what is the correct approach?","When both training and validation performance are poor and similar this is underfitting — the model has insufficient capacity to learn the patterns in the data. The model is too simple relative to the complexity of the problem. The correct approach is to increase model capacity by adding more layers or neurons, train for more epochs, or reduce regularization strength if regularization is constraining learning. Overfitting has high training accuracy and low validation accuracy. Adding dropout reduces model capacity making underfitting worse. Reducing the training dataset makes underfitting worse.",k-2-2-4|s-2-2-1,hard,ai-generated,false,D,Underfitting — add dropout regularization and reduce the training dataset size,false,4
q-2-2-15,TS2.2,mc,"A team wants to reduce the size of a large deep learning model for deployment on edge devices with limited memory. The model currently uses float32 precision for all weights. The team is willing to accept a small accuracy trade-off in exchange for significantly reduced model size and faster inference. Which technique achieves this?","Quantization converts model weights from float32 (4 bytes per weight) to a lower precision format such as float16 or int8 (1-2 bytes per weight) reducing model size by 50-75% and improving inference speed. The accuracy loss is typically small with int8 quantization. Pruning removes connections with near-zero weights but requires a retraining step. Knowledge distillation trains a smaller student model to mimic a larger teacher model which is more complex than quantization. Ensembling increases model size by combining multiple models which is the opposite of what is needed.",k-2-2-5,hard,ai-generated,false,A,Apply model pruning to remove neurons with near-zero activations,false,1
q-2-2-15,TS2.2,mc,"A team wants to reduce the size of a large deep learning model for deployment on edge devices with limited memory. The model currently uses float32 precision for all weights. The team is willing to accept a small accuracy trade-off in exchange for significantly reduced model size and faster inference. Which technique achieves this?","Quantization converts model weights from float32 (4 bytes per weight) to a lower precision format such as float16 or int8 (1-2 bytes per weight) reducing model size by 50-75% and improving inference speed. The accuracy loss is typically small with int8 quantization. Pruning removes connections with near-zero weights but requires a retraining step. Knowledge distillation trains a smaller student model to mimic a larger teacher model which is more complex than quantization. Ensembling increases model size by combining multiple models which is the opposite of what is needed.",k-2-2-5,hard,ai-generated,false,B,Apply quantization to convert float32 weights to lower precision,true,2
q-2-2-15,TS2.2,mc,"A team wants to reduce the size of a large deep learning model for deployment on edge devices with limited memory. The model currently uses float32 precision for all weights. The team is willing to accept a small accuracy trade-off in exchange for significantly reduced model size and faster inference. Which technique achieves this?","Quantization converts model weights from float32 (4 bytes per weight) to a lower precision format such as float16 or int8 (1-2 bytes per weight) reducing model size by 50-75% and improving inference speed. The accuracy loss is typically small with int8 quantization. Pruning removes connections with near-zero weights but requires a retraining step. Knowledge distillation trains a smaller student model to mimic a larger teacher model which is more complex than quantization. Ensembling increases model size by combining multiple models which is the opposite of what is needed.",k-2-2-5,hard,ai-generated,false,C,Apply knowledge distillation to train a student model,false,3
q-2-2-15,TS2.2,mc,"A team wants to reduce the size of a large deep learning model for deployment on edge devices with limited memory. The model currently uses float32 precision for all weights. The team is willing to accept a small accuracy trade-off in exchange for significantly reduced model size and faster inference. Which technique achieves this?","Quantization converts model weights from float32 (4 bytes per weight) to a lower precision format such as float16 or int8 (1-2 bytes per weight) reducing model size by 50-75% and improving inference speed. The accuracy loss is typically small with int8 quantization. Pruning removes connections with near-zero weights but requires a retraining step. Knowledge distillation trains a smaller student model to mimic a larger teacher model which is more complex than quantization. Ensembling increases model size by combining multiple models which is the opposite of what is needed.",k-2-2-5,hard,ai-generated,false,D,Apply ensembling to combine float32 models for better accuracy,false,4
q-2-2-16,TS2.2,mc,"A company trains a fraud detection XGBoost model on data from North American markets. The model achieves 95% AUC-ROC. It is then deployed globally but performs significantly worse on European and Asian transactions. Adding L2 regularization and more training epochs does not improve global performance. What is the most likely root cause and the correct solution?","The model was trained exclusively on North American transaction patterns which differ from European and Asian patterns in terms of merchant categories, transaction amounts, timing, and fraud vectors. This is a data distribution problem not a regularization or optimization problem. The solution is to collect labeled training data from European and Asian markets and retrain or fine-tune the model on the combined global dataset. L2 regularization and more training address model complexity and convergence but cannot help the model learn patterns it has never seen.",k-2-2-5|s-2-2-1,hard,ai-generated,false,A,The model is overfitting — apply stronger L1 regularization and reduce the number of trees,false,1
q-2-2-16,TS2.2,mc,"A company trains a fraud detection XGBoost model on data from North American markets. The model achieves 95% AUC-ROC. It is then deployed globally but performs significantly worse on European and Asian transactions. Adding L2 regularization and more training epochs does not improve global performance. What is the most likely root cause and the correct solution?","The model was trained exclusively on North American transaction patterns which differ from European and Asian patterns in terms of merchant categories, transaction amounts, timing, and fraud vectors. This is a data distribution problem not a regularization or optimization problem. The solution is to collect labeled training data from European and Asian markets and retrain or fine-tune the model on the combined global dataset. L2 regularization and more training address model complexity and convergence but cannot help the model learn patterns it has never seen.",k-2-2-5|s-2-2-1,hard,ai-generated,false,B,The training data does not represent global transaction patterns — retrain with data from European and Asian markets,true,2
q-2-2-16,TS2.2,mc,"A company trains a fraud detection XGBoost model on data from North American markets. The model achieves 95% AUC-ROC. It is then deployed globally but performs significantly worse on European and Asian transactions. Adding L2 regularization and more training epochs does not improve global performance. What is the most likely root cause and the correct solution?","The model was trained exclusively on North American transaction patterns which differ from European and Asian patterns in terms of merchant categories, transaction amounts, timing, and fraud vectors. This is a data distribution problem not a regularization or optimization problem. The solution is to collect labeled training data from European and Asian markets and retrain or fine-tune the model on the combined global dataset. L2 regularization and more training address model complexity and convergence but cannot help the model learn patterns it has never seen.",k-2-2-5|s-2-2-1,hard,ai-generated,false,C,The learning rate is too high — use SageMaker Automatic Model Tuning to find the optimal learning rate,false,3
q-2-2-16,TS2.2,mc,"A company trains a fraud detection XGBoost model on data from North American markets. The model achieves 95% AUC-ROC. It is then deployed globally but performs significantly worse on European and Asian transactions. Adding L2 regularization and more training epochs does not improve global performance. What is the most likely root cause and the correct solution?","The model was trained exclusively on North American transaction patterns which differ from European and Asian patterns in terms of merchant categories, transaction amounts, timing, and fraud vectors. This is a data distribution problem not a regularization or optimization problem. The solution is to collect labeled training data from European and Asian markets and retrain or fine-tune the model on the combined global dataset. L2 regularization and more training address model complexity and convergence but cannot help the model learn patterns it has never seen.",k-2-2-5|s-2-2-1,hard,ai-generated,false,D,The model needs more capacity — increase the number of XGBoost estimators and tree depth,false,4
q-2-2-17,TS2.2,mr,"An ML engineer is designing a training strategy for a 10-billion-parameter language model. The model must be trained at minimal cost with progress protected against interruptions, and the optimal batch size and learning rate must be found automatically. Which THREE configurations correctly address all three requirements? (Select THREE)","Managed Spot Training addresses the cost requirement — up to 90% savings versus on-demand. Checkpointing to S3 addresses the interruption protection requirement — the job resumes from the last checkpoint not from scratch. SageMaker Automatic Model Tuning addresses the hyperparameter optimization requirement — it automatically searches for optimal batch size and learning rate. Model parallelism is required for a 10B parameter model but was not listed as one of the three requirements asked. Reserved Instances do not provide 90% savings — they provide up to 72% with upfront commitment.",k-2-2-1|k-2-2-2|k-2-2-3,hard,ai-generated,false,A,Enable Managed Spot Training for up to 90% cost savings,true,1
q-2-2-17,TS2.2,mr,"An ML engineer is designing a training strategy for a 10-billion-parameter language model. The model must be trained at minimal cost with progress protected against interruptions, and the optimal batch size and learning rate must be found automatically. Which THREE configurations correctly address all three requirements? (Select THREE)","Managed Spot Training addresses the cost requirement — up to 90% savings versus on-demand. Checkpointing to S3 addresses the interruption protection requirement — the job resumes from the last checkpoint not from scratch. SageMaker Automatic Model Tuning addresses the hyperparameter optimization requirement — it automatically searches for optimal batch size and learning rate. Model parallelism is required for a 10B parameter model but was not listed as one of the three requirements asked. Reserved Instances do not provide 90% savings — they provide up to 72% with upfront commitment.",k-2-2-1|k-2-2-2|k-2-2-3,hard,ai-generated,false,B,Configure checkpointing to Amazon S3 at regular epoch intervals,true,2
q-2-2-17,TS2.2,mr,"An ML engineer is designing a training strategy for a 10-billion-parameter language model. The model must be trained at minimal cost with progress protected against interruptions, and the optimal batch size and learning rate must be found automatically. Which THREE configurations correctly address all three requirements? (Select THREE)","Managed Spot Training addresses the cost requirement — up to 90% savings versus on-demand. Checkpointing to S3 addresses the interruption protection requirement — the job resumes from the last checkpoint not from scratch. SageMaker Automatic Model Tuning addresses the hyperparameter optimization requirement — it automatically searches for optimal batch size and learning rate. Model parallelism is required for a 10B parameter model but was not listed as one of the three requirements asked. Reserved Instances do not provide 90% savings — they provide up to 72% with upfront commitment.",k-2-2-1|k-2-2-2|k-2-2-3,hard,ai-generated,false,C,Use SageMaker Automatic Model Tuning with Bayesian optimization to find optimal batch size and learning rate,true,3
q-2-2-17,TS2.2,mr,"An ML engineer is designing a training strategy for a 10-billion-parameter language model. The model must be trained at minimal cost with progress protected against interruptions, and the optimal batch size and learning rate must be found automatically. Which THREE configurations correctly address all three requirements? (Select THREE)","Managed Spot Training addresses the cost requirement — up to 90% savings versus on-demand. Checkpointing to S3 addresses the interruption protection requirement — the job resumes from the last checkpoint not from scratch. SageMaker Automatic Model Tuning addresses the hyperparameter optimization requirement — it automatically searches for optimal batch size and learning rate. Model parallelism is required for a 10B parameter model but was not listed as one of the three requirements asked. Reserved Instances do not provide 90% savings — they provide up to 72% with upfront commitment.",k-2-2-1|k-2-2-2|k-2-2-3,hard,ai-generated,false,D,Purchase 3-year Reserved Instances for maximum cost reduction,false,4
q-2-2-17,TS2.2,mr,"An ML engineer is designing a training strategy for a 10-billion-parameter language model. The model must be trained at minimal cost with progress protected against interruptions, and the optimal batch size and learning rate must be found automatically. Which THREE configurations correctly address all three requirements? (Select THREE)","Managed Spot Training addresses the cost requirement — up to 90% savings versus on-demand. Checkpointing to S3 addresses the interruption protection requirement — the job resumes from the last checkpoint not from scratch. SageMaker Automatic Model Tuning addresses the hyperparameter optimization requirement — it automatically searches for optimal batch size and learning rate. Model parallelism is required for a 10B parameter model but was not listed as one of the three requirements asked. Reserved Instances do not provide 90% savings — they provide up to 72% with upfront commitment.",k-2-2-1|k-2-2-2|k-2-2-3,hard,ai-generated,false,E,Train on a single ml.p4d.24xlarge to avoid distributed training complexity,false,5
q-2-2-18,TS2.2,mc,"A company compresses a large text classification model for mobile deployment using quantization from float32 to int8. After quantization the model accuracy drops from 94.2% to 87.1% which is below the acceptable threshold of 90%. The team wants to recover accuracy while still keeping the model compressed. Which approach should the ML engineer try?","Quantization-aware training re-trains the model while simulating the quantization during the forward pass. The model learns to be robust to the quantization noise resulting in better accuracy after quantization compared to post-training quantization. Increasing float32 precision is the opposite of the goal. Applying L2 regularization addresses overfitting not quantization accuracy loss. Adding more training epochs without quantization-aware training will produce the same post-quantization accuracy drop.",k-2-2-5,hard,ai-generated,false,A,Increase the model back to float32 precision and accept the larger model size,false,1
q-2-2-18,TS2.2,mc,"A company compresses a large text classification model for mobile deployment using quantization from float32 to int8. After quantization the model accuracy drops from 94.2% to 87.1% which is below the acceptable threshold of 90%. The team wants to recover accuracy while still keeping the model compressed. Which approach should the ML engineer try?","Quantization-aware training re-trains the model while simulating the quantization during the forward pass. The model learns to be robust to the quantization noise resulting in better accuracy after quantization compared to post-training quantization. Increasing float32 precision is the opposite of the goal. Applying L2 regularization addresses overfitting not quantization accuracy loss. Adding more training epochs without quantization-aware training will produce the same post-quantization accuracy drop.",k-2-2-5,hard,ai-generated,false,B,Apply quantization-aware training so the model learns to be robust to int8 precision during training,true,2
q-2-2-18,TS2.2,mc,"A company compresses a large text classification model for mobile deployment using quantization from float32 to int8. After quantization the model accuracy drops from 94.2% to 87.1% which is below the acceptable threshold of 90%. The team wants to recover accuracy while still keeping the model compressed. Which approach should the ML engineer try?","Quantization-aware training re-trains the model while simulating the quantization during the forward pass. The model learns to be robust to the quantization noise resulting in better accuracy after quantization compared to post-training quantization. Increasing float32 precision is the opposite of the goal. Applying L2 regularization addresses overfitting not quantization accuracy loss. Adding more training epochs without quantization-aware training will produce the same post-quantization accuracy drop.",k-2-2-5,hard,ai-generated,false,C,Apply L2 regularization to the float32 model before re-quantizing,false,3
q-2-2-18,TS2.2,mc,"A company compresses a large text classification model for mobile deployment using quantization from float32 to int8. After quantization the model accuracy drops from 94.2% to 87.1% which is below the acceptable threshold of 90%. The team wants to recover accuracy while still keeping the model compressed. Which approach should the ML engineer try?","Quantization-aware training re-trains the model while simulating the quantization during the forward pass. The model learns to be robust to the quantization noise resulting in better accuracy after quantization compared to post-training quantization. Increasing float32 precision is the opposite of the goal. Applying L2 regularization addresses overfitting not quantization accuracy loss. Adding more training epochs without quantization-aware training will produce the same post-quantization accuracy drop.",k-2-2-5,hard,ai-generated,false,D,Add more training epochs to the float32 model before applying quantization,false,4
q-2-2-19,TS2.2,mc,"An ML engineer is running SageMaker Automatic Model Tuning with 100 total training jobs and wants to run as many parallel jobs as possible to find the optimal hyperparameters faster. However the team is using Bayesian optimization. What is the key trade-off of running too many parallel jobs with Bayesian optimization?","Bayesian optimization works by using the results of completed jobs to select better hyperparameter combinations for subsequent jobs. When many jobs run in parallel there are few completed jobs available to inform the selection of the next batch. This reduces the intelligence of the search — it behaves more like random search. Fewer parallel jobs means each new batch has more completed results to learn from resulting in smarter candidate selection. The trade-off is wall clock time (fewer parallel jobs take longer) versus search intelligence.",k-2-2-2,hard,ai-generated,false,A,Running too many parallel jobs increases the chance of overfitting the hyperparameter search space,false,1
q-2-2-19,TS2.2,mc,"An ML engineer is running SageMaker Automatic Model Tuning with 100 total training jobs and wants to run as many parallel jobs as possible to find the optimal hyperparameters faster. However the team is using Bayesian optimization. What is the key trade-off of running too many parallel jobs with Bayesian optimization?","Bayesian optimization works by using the results of completed jobs to select better hyperparameter combinations for subsequent jobs. When many jobs run in parallel there are few completed jobs available to inform the selection of the next batch. This reduces the intelligence of the search — it behaves more like random search. Fewer parallel jobs means each new batch has more completed results to learn from resulting in smarter candidate selection. The trade-off is wall clock time (fewer parallel jobs take longer) versus search intelligence.",k-2-2-2,hard,ai-generated,false,B,Too many parallel jobs reduce the effectiveness of Bayesian optimization because each job has fewer completed results to learn from,true,2
q-2-2-19,TS2.2,mc,"An ML engineer is running SageMaker Automatic Model Tuning with 100 total training jobs and wants to run as many parallel jobs as possible to find the optimal hyperparameters faster. However the team is using Bayesian optimization. What is the key trade-off of running too many parallel jobs with Bayesian optimization?","Bayesian optimization works by using the results of completed jobs to select better hyperparameter combinations for subsequent jobs. When many jobs run in parallel there are few completed jobs available to inform the selection of the next batch. This reduces the intelligence of the search — it behaves more like random search. Fewer parallel jobs means each new batch has more completed results to learn from resulting in smarter candidate selection. The trade-off is wall clock time (fewer parallel jobs take longer) versus search intelligence.",k-2-2-2,hard,ai-generated,false,C,Too many parallel jobs cause memory overflow on the hyperparameter optimization server,false,3
q-2-2-19,TS2.2,mc,"An ML engineer is running SageMaker Automatic Model Tuning with 100 total training jobs and wants to run as many parallel jobs as possible to find the optimal hyperparameters faster. However the team is using Bayesian optimization. What is the key trade-off of running too many parallel jobs with Bayesian optimization?","Bayesian optimization works by using the results of completed jobs to select better hyperparameter optimization server. When many jobs run in parallel there are few completed jobs available to inform the selection of the next batch. This reduces the intelligence of the search — it behaves more like random search. Fewer parallel jobs means each new batch has more completed results to learn from resulting in smarter candidate selection. The trade-off is wall clock time (fewer parallel jobs take longer) versus search intelligence.",k-2-2-2,hard,ai-generated,false,D,Bayesian optimization requires sequential execution and does not support any parallel jobs,false,4
q-2-2-20,TS2.2,mc,"A team is training a ResNet-50 image classification model on 50000 custom product images. The model reaches 98% training accuracy but only 72% validation accuracy. The gap is large and does not improve after 50 epochs. The team tries the following: (A) adding L2 regularization, (B) adding dropout between fully connected layers, (C) adding data augmentation with random flips and rotations. Which combination most effectively addresses the problem?","All three techniques address overfitting and together provide the strongest regularization. L2 regularization penalizes large weights reducing model complexity. Dropout randomly disables neurons forcing the model to learn redundant representations. Data augmentation artificially expands the training set with transformed examples teaching the model to be invariant to flips and rotations. The combination of all three is significantly more effective than any single technique because they address overfitting from different angles — weight penalty, neuron co-adaptation, and training data variety.",k-2-2-4|k-2-2-5,hard,ai-generated,false,A,Apply only L2 regularization as the primary overfitting solution,false,1
q-2-2-20,TS2.2,mc,"A team is training a ResNet-50 image classification model on 50000 custom product images. The model reaches 98% training accuracy but only 72% validation accuracy. The gap is large and does not improve after 50 epochs. The team tries the following: (A) adding L2 regularization, (B) adding dropout between fully connected layers, (C) adding data augmentation with random flips and rotations. Which combination most effectively addresses the problem?","All three techniques address overfitting and together provide the strongest regularization. L2 regularization penalizes large weights reducing model complexity. Dropout randomly disables neurons forcing the model to learn redundant representations. Data augmentation artificially expands the training set with transformed examples teaching the model to be invariant to flips and rotations. The combination of all three is significantly more effective than any single technique because they address overfitting from different angles — weight penalty, neuron co-adaptation, and training data variety.",k-2-2-4|k-2-2-5,hard,ai-generated,false,B,Apply all three techniques together — L2 regularization and dropout reduce model complexity while data augmentation expands effective training set size,true,2
q-2-2-20,TS2.2,mc,"A team is training a ResNet-50 image classification model on 50000 custom product images. The model reaches 98% training accuracy but only 72% validation accuracy. The gap is large and does not improve after 50 epochs. The team tries the following: (A) adding L2 regularization, (B) adding dropout between fully connected layers, (C) adding data augmentation with random flips and rotations. Which combination most effectively addresses the problem?","All three techniques address overfitting and together provide the strongest regularization. L2 regularization penalizes large weights reducing model complexity. Dropout randomly disables neurons forcing the model to learn redundant representations. Data augmentation artificially expands the training set with transformed examples teaching the model to be invariant to flips and rotations. The combination of all three is significantly more effective than any single technique because they address overfitting from different angles — weight penalty, neuron co-adaptation, and training data variety.",k-2-2-4|k-2-2-5,hard,ai-generated,false,C,Apply only data augmentation — regularization techniques like dropout harm image model performance,false,3
q-2-2-20,TS2.2,mc,"A team is training a ResNet-50 image classification model on 50000 custom product images. The model reaches 98% training accuracy but only 72% validation accuracy. The gap is large and does not improve after 50 epochs. The team tries the following: (A) adding L2 regularization, (B) adding dropout between fully connected layers, (C) adding data augmentation with random flips and rotations. Which combination most effectively addresses the problem?","All three techniques address overfitting and together provide the strongest regularization. L2 regularization penalizes large weights reducing model complexity. Dropout randomly disables neurons forcing the model to learn redundant representations. Data augmentation artificially expands the training set with transformed examples teaching the model to be invariant to flips and rotations. The combination of all three is significantly more effective than any single technique because they address overfitting from different angles — weight penalty, neuron co-adaptation, and training data variety.",k-2-2-4|k-2-2-5,hard,ai-generated,false,D,Apply only dropout — L2 regularization and data augmentation conflict with each other in deep learning,false,4
q-2-2-21,TS2.2,matching,"Match each training challenge to the correct solution or technique.","Spot Training + checkpointing = cost savings with interruption protection. Model parallelism = model too large for one GPU. Data parallelism = fast training with model that fits on one GPU. Vanishing gradients = ReLU + batch normalization. Overfitting = dropout + regularization. These five represent the core training configuration decisions.",k-2-2-1|k-2-2-3|k-2-2-4|k-2-2-5,hard,ai-generated,false,L1,Reduce training cost by 80% while protecting against job interruption,R2,1
q-2-2-21,TS2.2,matching,"Match each training challenge to the correct solution or technique.","Spot Training + checkpointing = cost savings with interruption protection. Model parallelism = model too large for one GPU. Data parallelism = fast training with model that fits on one GPU. Vanishing gradients = ReLU + batch normalization. Overfitting = dropout + regularization. These five represent the core training configuration decisions.",k-2-2-1|k-2-2-3|k-2-2-4|k-2-2-5,hard,ai-generated,false,L2,Model weights require 40 GB of memory but each GPU has only 16 GB,R1,2
q-2-2-21,TS2.2,matching,"Match each training challenge to the correct solution or technique.","Spot Training + checkpointing = cost savings with interruption protection. Model parallelism = model too large for one GPU. Data parallelism = fast training with model that fits on one GPU. Vanishing gradients = ReLU + batch normalization. Overfitting = dropout + regularization. These five represent the core training configuration decisions.",k-2-2-1|k-2-2-3|k-2-2-4|k-2-2-5,hard,ai-generated,false,L3,Speed up training of a model that fits on one GPU by using 8 GPU instances simultaneously,R3,3
q-2-2-21,TS2.2,matching,"Match each training challenge to the correct solution or technique.","Spot Training + checkpointing = cost savings with interruption protection. Model parallelism = model too large for one GPU. Data parallelism = fast training with model that fits on one GPU. Vanishing gradients = ReLU + batch normalization. Overfitting = dropout + regularization. These five represent the core training configuration decisions.",k-2-2-1|k-2-2-3|k-2-2-4|k-2-2-5,hard,ai-generated,false,L4,Gradients approach zero in early network layers and training loss stops decreasing,R4,4
q-2-2-21,TS2.2,matching,"Match each training challenge to the correct solution or technique.","Spot Training + checkpointing = cost savings with interruption protection. Model parallelism = model too large for one GPU. Data parallelism = fast training with model that fits on one GPU. Vanishing gradients = ReLU + batch normalization. Overfitting = dropout + regularization. These five represent the core training configuration decisions.",k-2-2-1|k-2-2-3|k-2-2-4|k-2-2-5,hard,ai-generated,false,L5,Model achieves 97% training accuracy but only 71% validation accuracy,R5,5
q-2-2-21,TS2.2,matching,"Match each training challenge to the correct solution or technique.","Spot Training + checkpointing = cost savings with interruption protection. Model parallelism = model too large for one GPU. Data parallelism = fast training with model that fits on one GPU. Vanishing gradients = ReLU + batch normalization. Overfitting = dropout + regularization. These five represent the core training configuration decisions.",k-2-2-1|k-2-2-3|k-2-2-4|k-2-2-5,hard,ai-generated,false,R1,Model parallelism — split model layers across multiple GPUs,,6
q-2-2-21,TS2.2,matching,"Match each training challenge to the correct solution or technique.","Spot Training + checkpointing = cost savings with interruption protection. Model parallelism = model too large for one GPU. Data parallelism = fast training with model that fits on one GPU. Vanishing gradients = ReLU + batch normalization. Overfitting = dropout + regularization. These five represent the core training configuration decisions.",k-2-2-1|k-2-2-3|k-2-2-4|k-2-2-5,hard,ai-generated,false,R2,Managed Spot Training with checkpointing to Amazon S3,,7
q-2-2-21,TS2.2,matching,"Match each training challenge to the correct solution or technique.","Spot Training + checkpointing = cost savings with interruption protection. Model parallelism = model too large for one GPU. Data parallelism = fast training with model that fits on one GPU. Vanishing gradients = ReLU + batch normalization. Overfitting = dropout + regularization. These five represent the core training configuration decisions.",k-2-2-1|k-2-2-3|k-2-2-4|k-2-2-5,hard,ai-generated,false,R3,Data parallelism — each GPU trains on a different data batch with gradient synchronization,,8
q-2-2-21,TS2.2,matching,"Match each training challenge to the correct solution or technique.","Spot Training + checkpointing = cost savings with interruption protection. Model parallelism = model too large for one GPU. Data parallelism = fast training with model that fits on one GPU. Vanishing gradients = ReLU + batch normalization. Overfitting = dropout + regularization. These five represent the core training configuration decisions.",k-2-2-1|k-2-2-3|k-2-2-4|k-2-2-5,hard,ai-generated,false,R4,Switch to ReLU activations and add batch normalization,,9
q-2-2-21,TS2.2,matching,"Match each training challenge to the correct solution or technique.","Spot Training + checkpointing = cost savings with interruption protection. Model parallelism = model too large for one GPU. Data parallelism = fast training with model that fits on one GPU. Vanishing gradients = ReLU + batch normalization. Overfitting = dropout + regularization. These five represent the core training configuration decisions.",k-2-2-1|k-2-2-3|k-2-2-4|k-2-2-5,hard,ai-generated,false,R5,Add dropout regularization and reduce model complexity,,10
q-2-2-22,TS2.2,matching,"Match each regularization technique to its key characteristic.","L1 = drives weights to exactly zero (feature selection). L2 = shrinks weights toward zero (keeps all features). Dropout = randomly disables neurons during training. Early stopping = halts training when validation metric plateaus. Batch normalization = normalizes layer inputs to stabilize training.",k-2-2-4,hard,ai-generated,false,L1,Adds a penalty proportional to the absolute value of weights — drives irrelevant feature weights to exactly zero,R1,1
q-2-2-22,TS2.2,matching,"Match each regularization technique to its key characteristic.","L1 = drives weights to exactly zero (feature selection). L2 = shrinks weights toward zero (keeps all features). Dropout = randomly disables neurons during training. Early stopping = halts training when validation metric plateaus. Batch normalization = normalizes layer inputs to stabilize training.",k-2-2-4,hard,ai-generated,false,L2,Adds a penalty proportional to the squared magnitude of weights — shrinks weights toward zero but not exactly to zero,R2,2
q-2-2-22,TS2.2,matching,"Match each regularization technique to its key characteristic.","L1 = drives weights to exactly zero (feature selection). L2 = shrinks weights toward zero (keeps all features). Dropout = randomly disables neurons during training. Early stopping = halts training when validation metric plateaus. Batch normalization = normalizes layer inputs to stabilize training.",k-2-2-4,hard,ai-generated,false,L3,Randomly deactivates a fraction of neurons during each training step to prevent co-adaptation,R3,3
q-2-2-22,TS2.2,matching,"Match each regularization technique to its key characteristic.","L1 = drives weights to exactly zero (feature selection). L2 = shrinks weights toward zero (keeps all features). Dropout = randomly disables neurons during training. Early stopping = halts training when validation metric plateaus. Batch normalization = normalizes layer inputs to stabilize training.",k-2-2-4,hard,ai-generated,false,L4,Monitors validation metric and stops training when improvement plateaus,R4,4
q-2-2-22,TS2.2,matching,"Match each regularization technique to its key characteristic.","L1 = drives weights to exactly zero (feature selection). L2 = shrinks weights toward zero (keeps all features). Dropout = randomly disables neurons during training. Early stopping = halts training when validation metric plateaus. Batch normalization = normalizes layer inputs to stabilize training.",k-2-2-4,hard,ai-generated,false,L5,Normalizes the activations of each layer to reduce internal covariate shift and accelerate training,R5,5
q-2-2-22,TS2.2,matching,"Match each regularization technique to its key characteristic.","L1 = drives weights to exactly zero (feature selection). L2 = shrinks weights toward zero (keeps all features). Dropout = randomly disables neurons during training. Early stopping = halts training when validation metric plateaus. Batch normalization = normalizes layer inputs to stabilize training.",k-2-2-4,hard,ai-generated,false,R1,L1 regularization (Lasso),,6
q-2-2-22,TS2.2,matching,"Match each regularization technique to its key characteristic.","L1 = drives weights to exactly zero (feature selection). L2 = shrinks weights toward zero (keeps all features). Dropout = randomly disables neurons during training. Early stopping = halts training when validation metric plateaus. Batch normalization = normalizes layer inputs to stabilize training.",k-2-2-4,hard,ai-generated,false,R2,L2 regularization (Ridge),,7
q-2-2-22,TS2.2,matching,"Match each regularization technique to its key characteristic.","L1 = drives weights to exactly zero (feature selection). L2 = shrinks weights toward zero (keeps all features). Dropout = randomly disables neurons during training. Early stopping = halts training when validation metric plateaus. Batch normalization = normalizes layer inputs to stabilize training.",k-2-2-4,hard,ai-generated,false,R3,Dropout,,8
q-2-2-22,TS2.2,matching,"Match each regularization technique to its key characteristic.","L1 = drives weights to exactly zero (feature selection). L2 = shrinks weights toward zero (keeps all features). Dropout = randomly disables neurons during training. Early stopping = halts training when validation metric plateaus. Batch normalization = normalizes layer inputs to stabilize training.",k-2-2-4,hard,ai-generated,false,R4,Early stopping,,9
q-2-2-22,TS2.2,matching,"Match each regularization technique to its key characteristic.","L1 = drives weights to exactly zero (feature selection). L2 = shrinks weights toward zero (keeps all features). Dropout = randomly disables neurons during training. Early stopping = halts training when validation metric plateaus. Batch normalization = normalizes layer inputs to stabilize training.",k-2-2-4,hard,ai-generated,false,R5,Batch normalization,,10
q-2-2-23,TS2.2,mc,"A company trains a deep learning recommendation model on GPU instances. Training takes 18 hours and costs $500 per run. The ML team runs multiple experiments weekly to test new architectures. The team can tolerate occasional job interruptions as long as progress is saved every 30 minutes. They want to cut weekly training costs by at least 80%. Which configuration achieves this?","Managed Spot Training provides up to 90% cost savings — significantly exceeding the 80% target. Checkpointing every 30 minutes to S3 satisfies the requirement that progress is saved and jobs resume from the last checkpoint on interruption. Together this combination achieves the cost goal while protecting training progress. Reserved Instances provide 30-72% savings not 80%. On-demand with larger instances increases cost. Reducing training frequency affects the team's productivity not the per-run cost.",k-2-2-1,hard,ai-generated,false,A,Switch to Reserved Instances with a 1-year commitment for 50% cost reduction,false,1
q-2-2-23,TS2.2,mc,"A company trains a deep learning recommendation model on GPU instances. Training takes 18 hours and costs $500 per run. The ML team runs multiple experiments weekly to test new architectures. The team can tolerate occasional job interruptions as long as progress is saved every 30 minutes. They want to cut weekly training costs by at least 80%. Which configuration achieves this?","Managed Spot Training provides up to 90% cost savings — significantly exceeding the 80% target. Checkpointing every 30 minutes to S3 satisfies the requirement that progress is saved and jobs resume from the last checkpoint on interruption. Together this combination achieves the cost goal while protecting training progress. Reserved Instances provide 30-72% savings not 80%. On-demand with larger instances increases cost. Reducing training frequency affects the team's productivity not the per-run cost.",k-2-2-1,hard,ai-generated,false,B,Enable Managed Spot Training with checkpointing to S3 every 30 minutes,true,2
q-2-2-23,TS2.2,mc,"A company trains a deep learning recommendation model on GPU instances. Training takes 18 hours and costs $500 per run. The ML team runs multiple experiments weekly to test new architectures. The team can tolerate occasional job interruptions as long as progress is saved every 30 minutes. They want to cut weekly training costs by at least 80%. Which configuration achieves this?","Managed Spot Training provides up to 90% cost savings — significantly exceeding the 80% target. Checkpointing every 30 minutes to S3 satisfies the requirement that progress is saved and jobs resume from the last checkpoint on interruption. Together this combination achieves the cost goal while protecting training progress. Reserved Instances provide 30-72% savings not 80%. On-demand with larger instances increases cost. Reducing training frequency affects the team's productivity not the per-run cost.",k-2-2-1,hard,ai-generated,false,C,Use on-demand instances but with larger ml.p4d.24xlarge to complete training in 4 hours instead of 18,false,3
q-2-2-23,TS2.2,mc,"A company trains a deep learning recommendation model on GPU instances. Training takes 18 hours and costs $500 per run. The ML team runs multiple experiments weekly to test new architectures. The team can tolerate occasional job interruptions as long as progress is saved every 30 minutes. They want to cut weekly training costs by at least 80%. Which configuration achieves this?","Managed Spot Training provides up to 90% cost savings — significantly exceeding the 80% target. Checkpointing every 30 minutes to S3 satisfies the requirement that progress is saved and jobs resume from the last checkpoint on interruption. Together this combination achieves the cost goal while protecting training progress. Reserved Instances provide 30-72% savings not 80%. On-demand with larger instances increases cost. Reducing training frequency affects the team's productivity not the per-run cost.",k-2-2-1,hard,ai-generated,false,D,Reduce experiment frequency to once per week to limit total training spend,false,4
q-2-2-24,TS2.2,mc,"A company is training a transformer-based model with 13 billion parameters using 16 ml.p4d.24xlarge instances each with 8 A100 GPUs. SageMaker Debugger reports that GPU utilization is around 30% on all instances and inter-node communication accounts for 65% of total training time. What is the most likely cause and recommended solution?","High inter-node communication overhead with low GPU utilization indicates that gradient synchronization across 16 instances is the bottleneck. For data parallelism at this scale gradient compression techniques or gradient accumulation can reduce communication volume. Pipeline parallelism using SageMaker Model Parallel can reduce communication by pipelining micro-batches. Alternatively reviewing the micro-batch size and gradient accumulation steps optimizes the compute-to-communication ratio. Increasing the number of instances makes the communication problem worse. Reducing batch size reduces compute time but does not reduce the communication overhead ratio.",k-2-2-3|s-2-2-1,hard,ai-generated,false,A,Add more ml.p4d.24xlarge instances to increase parallelism and compensate for communication overhead,false,1
q-2-2-24,TS2.2,mc,"A company is training a transformer-based model with 13 billion parameters using 16 ml.p4d.24xlarge instances each with 8 A100 GPUs. SageMaker Debugger reports that GPU utilization is around 30% on all instances and inter-node communication accounts for 65% of total training time. What is the most likely cause and recommended solution?","High inter-node communication overhead with low GPU utilization indicates that gradient synchronization across 16 instances is the bottleneck. For data parallelism at this scale gradient compression techniques or gradient accumulation can reduce communication volume. Pipeline parallelism using SageMaker Model Parallel can reduce communication by pipelining micro-batches. Alternatively reviewing the micro-batch size and gradient accumulation steps optimizes the compute-to-communication ratio. Increasing the number of instances makes the communication problem worse. Reducing batch size reduces compute time but does not reduce the communication overhead ratio.",k-2-2-3|s-2-2-1,hard,ai-generated,false,B,The training is communication-bound — apply pipeline parallelism or gradient accumulation to reduce inter-node synchronization overhead,true,2
q-2-2-24,TS2.2,mc,"A company is training a transformer-based model with 13 billion parameters using 16 ml.p4d.24xlarge instances each with 8 A100 GPUs. SageMaker Debugger reports that GPU utilization is around 30% on all instances and inter-node communication accounts for 65% of total training time. What is the most likely cause and recommended solution?","High inter-node communication overhead with low GPU utilization indicates that gradient synchronization across 16 instances is the bottleneck. For data parallelism at this scale gradient compression techniques or gradient accumulation can reduce communication volume. Pipeline parallelism using SageMaker Model Parallel can reduce communication by pipelining micro-batches. Alternatively reviewing the micro-batch size and gradient accumulation steps optimizes the compute-to-communication ratio. Increasing the number of instances makes the communication problem worse. Reducing batch size reduces compute time but does not reduce the communication overhead ratio.",k-2-2-3|s-2-2-1,hard,ai-generated,false,C,The model is too small for the cluster — train a larger 100B parameter model to better utilize GPU memory,false,3
q-2-2-24,TS2.2,mc,"A company is training a transformer-based model with 13 billion parameters using 16 ml.p4d.24xlarge instances each with 8 A100 GPUs. SageMaker Debugger reports that GPU utilization is around 30% on all instances and inter-node communication accounts for 65% of total training time. What is the most likely cause and recommended solution?","High inter-node communication overhead with low GPU utilization indicates that gradient synchronization across 16 instances is the bottleneck. For data parallelism at this scale gradient compression techniques or gradient accumulation can reduce communication volume. Pipeline parallelism using SageMaker Model Parallel can reduce communication by pipelining micro-batches. Alternatively reviewing the micro-batch size and gradient accumulation steps optimizes the compute-to-communication ratio. Increasing the number of instances makes the communication problem worse. Reducing batch size reduces compute time but does not reduce the communication overhead ratio.",k-2-2-3|s-2-2-1,hard,ai-generated,false,D,Reduce the batch size to give GPUs less work per step and improve utilization,false,4
q-2-2-25,TS2.2,mc,"An ML engineer is tuning an XGBoost model using SageMaker Automatic Model Tuning. After 50 training jobs the best validation AUC-ROC has not improved in the last 20 jobs. The learning rate range is set to 0.01 to 0.3 and the max depth range is set to 3 to 10. What should the engineer do to improve the tuning efficiency for the next 50 jobs?","When the tuning job stagnates it indicates that either the optimal hyperparameters are outside the current search ranges or the search space is not granular enough near the discovered optimum. The engineer should narrow the search ranges around the best values found so far — for example if the best learning rate was 0.05 then search 0.01 to 0.1 for the next round. This focuses the Bayesian optimization on the most promising region. Adding more training jobs with the same ranges is unlikely to help if the space has already been explored. Switching to random search with the same ranges provides no benefit.",k-2-2-2,hard,ai-generated,false,A,Switch from Bayesian optimization to random search for the next 50 jobs,false,1
q-2-2-25,TS2.2,mc,"An ML engineer is tuning an XGBoost model using SageMaker Automatic Model Tuning. After 50 training jobs the best validation AUC-ROC has not improved in the last 20 jobs. The learning rate range is set to 0.01 to 0.3 and the max depth range is set to 3 to 10. What should the engineer do to improve the tuning efficiency for the next 50 jobs?","When the tuning job stagnates it indicates that either the optimal hyperparameters are outside the current search ranges or the search space is not granular enough near the discovered optimum. The engineer should narrow the search ranges around the best values found so far — for example if the best learning rate was 0.05 then search 0.01 to 0.1 for the next round. This focuses the Bayesian optimization on the most promising region. Adding more training jobs with the same ranges is unlikely to help if the space has already been explored. Switching to random search with the same ranges provides no benefit.",k-2-2-2,hard,ai-generated,false,B,Narrow the hyperparameter search ranges around the best values found in the first 50 jobs,true,2
q-2-2-25,TS2.2,mc,"An ML engineer is tuning an XGBoost model using SageMaker Automatic Model Tuning. After 50 training jobs the best validation AUC-ROC has not improved in the last 20 jobs. The learning rate range is set to 0.01 to 0.3 and the max depth range is set to 3 to 10. What should the engineer do to improve the tuning efficiency for the next 50 jobs?","When the tuning job stagnates it indicates that either the optimal hyperparameters are outside the current search ranges or the search space is not granular enough near the discovered optimum. The engineer should narrow the search ranges around the best values found so far — for example if the best learning rate was 0.05 then search 0.01 to 0.1 for the next round. This focuses the Bayesian optimization on the most promising region. Adding more training jobs with the same ranges is unlikely to help if the space has already been explored. Switching to random search with the same ranges provides no benefit.",k-2-2-2,hard,ai-generated,false,C,Increase the total tuning budget to 200 jobs with the same hyperparameter ranges,false,3
q-2-2-25,TS2.2,mc,"An ML engineer is tuning an XGBoost model using SageMaker Automatic Model Tuning. After 50 training jobs the best validation AUC-ROC has not improved in the last 20 jobs. The learning rate range is set to 0.01 to 0.3 and the max depth range is set to 3 to 10. What should the engineer do to improve the tuning efficiency for the next 50 jobs?","When the tuning job stagnates it indicates that either the optimal hyperparameters are outside the current search ranges or the search space is not granular enough near the discovered optimum. The engineer should narrow the search ranges around the best values found so far — for example if the best learning rate was 0.05 then search 0.01 to 0.1 for the next round. This focuses the Bayesian optimization on the most promising region. Adding more training jobs with the same ranges is unlikely to help if the space has already been explored. Switching to random search with the same ranges provides no benefit.",k-2-2-2,hard,ai-generated,false,D,Maximize parallel job execution to run all 50 remaining jobs simultaneously,false,4
q-2-2-26,TS2.2,mc,"A company wants to deploy a very large BERT-based text classification model to production but the model is 1.2 GB which is too large for the target deployment hardware. The team trains a smaller 3-layer transformer model using the large BERT model's outputs as soft targets instead of the original hard labels. The small model achieves similar accuracy to the large model at one-tenth the size. What technique did the team use?","Knowledge distillation is the technique where a smaller student model is trained to mimic the output distributions (soft targets) of a larger teacher model. The soft targets contain richer information than hard labels — they encode the relative probabilities the teacher assigns to all classes which helps the student learn the decision boundaries more efficiently. Quantization converts weight precision and does not involve training a separate smaller model. Pruning removes connections from the existing large model rather than training a new small model. Model parallelism is about distributing training across hardware not creating a smaller model.",k-2-2-5,hard,ai-generated,false,A,Model quantization — converting weights to int8 reduces the model to one-tenth the size,false,1
q-2-2-26,TS2.2,mc,"A company wants to deploy a very large BERT-based text classification model to production but the model is 1.2 GB which is too large for the target deployment hardware. The team trains a smaller 3-layer transformer model using the large BERT model's outputs as soft targets instead of the original hard labels. The small model achieves similar accuracy to the large model at one-tenth the size. What technique did the team use?","Knowledge distillation is the technique where a smaller student model is trained to mimic the output distributions (soft targets) of a larger teacher model. The soft targets contain richer information than hard labels — they encode the relative probabilities the teacher assigns to all classes which helps the student learn the decision boundaries more efficiently. Quantization converts weight precision and does not involve training a separate smaller model. Pruning removes connections from the existing large model rather than training a new small model. Model parallelism is about distributing training across hardware not creating a smaller model.",k-2-2-5,hard,ai-generated,false,B,Knowledge distillation — the small student model learns from the large teacher model's soft probability outputs,true,2
q-2-2-26,TS2.2,mc,"A company wants to deploy a very large BERT-based text classification model to production but the model is 1.2 GB which is too large for the target deployment hardware. The team trains a smaller 3-layer transformer model using the large BERT model's outputs as soft targets instead of the original hard labels. The small model achieves similar accuracy to the large model at one-tenth the size. What technique did the team use?","Knowledge distillation is the technique where a smaller student model is trained to mimic the output distributions (soft targets) of a larger teacher model. The soft targets contain richer information than hard labels — they encode the relative probabilities the teacher assigns to all classes which helps the student learn the decision boundaries more efficiently. Quantization converts weight precision and does not involve training a separate smaller model. Pruning removes connections from the existing large model rather than training a new small model. Model parallelism is about distributing training across hardware not creating a smaller model.",k-2-2-5,hard,ai-generated,false,C,Weight pruning — zero-weight connections in the large model are removed to reduce its size,false,3
q-2-2-26,TS2.2,mc,"A company wants to deploy a very large BERT-based text classification model to production but the model is 1.2 GB which is too large for the target deployment hardware. The team trains a smaller 3-layer transformer model using the large BERT model's outputs as soft targets instead of the original hard labels. The small model achieves similar accuracy to the large model at one-tenth the size. What technique did the team use?","Knowledge distillation is the technique where a smaller student model is trained to mimic the output distributions (soft targets) of a larger teacher model. The soft targets contain richer information than hard labels — they encode the relative probabilities the teacher assigns to all classes which helps the student learn the decision boundaries more efficiently. Quantization converts weight precision and does not involve training a separate smaller model. Pruning removes connections from the existing large model rather than training a new small model. Model parallelism is about distributing training across hardware not creating a smaller model.",k-2-2-5,hard,ai-generated,false,D,Model parallelism — the large model is split across multiple GPUs for faster deployment,false,4
q-2-2-27,TS2.2,mr,"A team is comparing four model improvement approaches for a binary classification problem: (A) training 10 different models with different architectures and averaging predictions, (B) training models sequentially where each model focuses on examples the previous model got wrong, (C) training a model on one task then fine-tuning on a related task, and (D) combining predictions using a meta-model that takes the outputs of base models as inputs. Which TWO techniques from this list are forms of boosting and stacking respectively? (Select TWO)","Boosting trains models sequentially where each new model focuses on correcting the errors of the previous model — this is technique B. XGBoost and AdaBoost are boosting algorithms. Stacking uses a meta-model (second-level learner) that takes the predictions of multiple base models as inputs and learns to combine them optimally — this is technique D. Technique A is bagging or ensembling through averaging. Technique C is transfer learning or fine-tuning not a form of ensembling.",k-2-2-5,hard,ai-generated,false,A,Technique A (averaging predictions from multiple models) is boosting,false,1
q-2-2-27,TS2.2,mr,"A team is comparing four model improvement approaches for a binary classification problem: (A) training 10 different models with different architectures and averaging predictions, (B) training models sequentially where each model focuses on examples the previous model got wrong, (C) training a model on one task then fine-tuning on a related task, and (D) combining predictions using a meta-model that takes the outputs of base models as inputs. Which TWO techniques from this list are forms of boosting and stacking respectively? (Select TWO)","Boosting trains models sequentially where each new model focuses on correcting the errors of the previous model — this is technique B. XGBoost and AdaBoost are boosting algorithms. Stacking uses a meta-model (second-level learner) that takes the predictions of multiple base models as inputs and learns to combine them optimally — this is technique D. Technique A is bagging or ensembling through averaging. Technique C is transfer learning or fine-tuning not a form of ensembling.",k-2-2-5,hard,ai-generated,false,B,Technique B (sequential training where each model corrects previous errors) is boosting,true,2
q-2-2-27,TS2.2,mr,"A team is comparing four model improvement approaches for a binary classification problem: (A) training 10 different models with different architectures and averaging predictions, (B) training models sequentially where each model focuses on examples the previous model got wrong, (C) training a model on one task then fine-tuning on a related task, and (D) combining predictions using a meta-model that takes the outputs of base models as inputs. Which TWO techniques from this list are forms of boosting and stacking respectively? (Select TWO)","Boosting trains models sequentially where each new model focuses on correcting the errors of the previous model — this is technique B. XGBoost and AdaBoost are boosting algorithms. Stacking uses a meta-model (second-level learner) that takes the predictions of multiple base models as inputs and learns to combine them optimally — this is technique D. Technique A is bagging or ensembling through averaging. Technique C is transfer learning or fine-tuning not a form of ensembling.",k-2-2-5,hard,ai-generated,false,C,Technique C (fine-tuning on a related task) is stacking,false,3
q-2-2-27,TS2.2,mr,"A team is comparing four model improvement approaches for a binary classification problem: (A) training 10 different models with different architectures and averaging predictions, (B) training models sequentially where each model focuses on examples the previous model got wrong, (C) training a model on one task then fine-tuning on a related task, and (D) combining predictions using a meta-model that takes the outputs of base models as inputs. Which TWO techniques from this list are forms of boosting and stacking respectively? (Select TWO)","Boosting trains models sequentially where each new model focuses on correcting the errors of the previous model — this is technique B. XGBoost and AdaBoost are boosting algorithms. Stacking uses a meta-model (second-level learner) that takes the predictions of multiple base models as inputs and learns to combine them optimally — this is technique D. Technique A is bagging or ensembling through averaging. Technique C is transfer learning or fine-tuning not a form of ensembling.",k-2-2-5,hard,ai-generated,false,D,Technique D (meta-model learning from base model outputs) is stacking,true,4
q-2-2-27,TS2.2,mr,"A team is comparing four model improvement approaches for a binary classification problem: (A) training 10 different models with different architectures and averaging predictions, (B) training models sequentially where each model focuses on examples the previous model got wrong, (C) training a model on one task then fine-tuning on a related task, and (D) combining predictions using a meta-model that takes the outputs of base models as inputs. Which TWO techniques from this list are forms of boosting and stacking respectively? (Select TWO)","Boosting trains models sequentially where each new model focuses on correcting the errors of the previous model — this is technique B. XGBoost and AdaBoost are boosting algorithms. Stacking uses a meta-model (second-level learner) that takes the predictions of multiple base models as inputs and learns to combine them optimally — this is technique D. Technique A is bagging or ensembling through averaging. Technique C is transfer learning or fine-tuning not a form of ensembling.",k-2-2-5,hard,ai-generated,false,E,Technique A (averaging predictions) is stacking,false,5
q-2-2-28,TS2.2,mc,"An ML engineer trains a neural network for sentiment analysis. Training loss decreases steadily but validation loss starts increasing after epoch 15. The engineer wants to stop training at the optimal point automatically without having to monitor the training job manually. Which technique should be configured?","Early stopping automatically halts training when the validation metric stops improving for a specified number of epochs (patience parameter). In this case training would stop around epoch 15-20 when validation loss starts increasing. This saves compute cost and prevents the model from overfitting further. SageMaker Debugger can detect overfitting and stop training but early stopping configured in the training script is the more standard approach for this scenario. Increasing the learning rate after validation loss increases makes training less stable. Switching to a larger model makes overfitting worse when validation loss is already increasing.",k-2-2-4|s-2-2-1,hard,ai-generated,false,A,Increase the learning rate after epoch 15 to help the model escape the local minimum,false,1
q-2-2-28,TS2.2,mc,"An ML engineer trains a neural network for sentiment analysis. Training loss decreases steadily but validation loss starts increasing after epoch 15. The engineer wants to stop training at the optimal point automatically without having to monitor the training job manually. Which technique should be configured?","Early stopping automatically halts training when the validation metric stops improving for a specified number of epochs (patience parameter). In this case training would stop around epoch 15-20 when validation loss starts increasing. This saves compute cost and prevents the model from overfitting further. SageMaker Debugger can detect overfitting and stop training but early stopping configured in the training script is the more standard approach for this scenario. Increasing the learning rate after validation loss increases makes training less stable. Switching to a larger model makes overfitting worse when validation loss is already increasing.",k-2-2-4|s-2-2-1,hard,ai-generated,false,B,Configure early stopping with a patience parameter to halt training when validation loss stops improving,true,2
q-2-2-28,TS2.2,mc,"An ML engineer trains a neural network for sentiment analysis. Training loss decreases steadily but validation loss starts increasing after epoch 15. The engineer wants to stop training at the optimal point automatically without having to monitor the training job manually. Which technique should be configured?","Early stopping automatically halts training when the validation metric stops improving for a specified number of epochs (patience parameter). In this case training would stop around epoch 15-20 when validation loss starts increasing. This saves compute cost and prevents the model from overfitting further. SageMaker Debugger can detect overfitting and stop training but early stopping configured in the training script is the more standard approach for this scenario. Increasing the learning rate after validation loss increases makes training less stable. Switching to a larger model makes overfitting worse when validation loss is already increasing.",k-2-2-4|s-2-2-1,hard,ai-generated,false,C,Switch to a larger model architecture to increase model capacity and reduce the validation loss,false,3
q-2-2-28,TS2.2,mc,"An ML engineer trains a neural network for sentiment analysis. Training loss decreases steadily but validation loss starts increasing after epoch 15. The engineer wants to stop training at the optimal point automatically without having to monitor the training job manually. Which technique should be configured?","Early stopping automatically halts training when the validation metric stops improving for a specified number of epochs (patience parameter). In this case training would stop around epoch 15-20 when validation loss starts increasing. This saves compute cost and prevents the model from overfitting further. SageMaker Debugger can detect overfitting and stop training but early stopping configured in the training script is the more standard approach for this scenario. Increasing the learning rate after validation loss increases makes training less stable. Switching to a larger model makes overfitting worse when validation loss is already increasing.",k-2-2-4|s-2-2-1,hard,ai-generated,false,D,Train for 100 more epochs — the validation loss will eventually converge with the training loss,false,4
q-2-2-29,TS2.2,mc,"A company needs to train a large language model (LLM) with 20 billion parameters. The model is too large for any single GPU instance but the training dataset fits entirely in memory. The team is using SageMaker and wants to minimize training time while staying within a GPU memory budget. Which distributed training architecture should the ML engineer design?","Pipeline parallelism (a form of model parallelism implemented in SageMaker Model Parallel) splits the model's layers across multiple GPU instances into stages. Each stage holds a portion of the model layers. Micro-batches flow through the pipeline with different stages processing different micro-batches simultaneously improving GPU utilization. This directly addresses the model-too-large-for-one-GPU constraint. Data parallelism alone does not solve the memory problem — each worker still needs the full model. Increasing batch size increases memory requirements further. Spot Training without the correct distributed strategy still fails due to memory constraints.",k-2-2-3,hard,ai-generated,false,A,Use data parallelism across 32 ml.p4d.24xlarge instances,false,1
q-2-2-29,TS2.2,mc,"A company needs to train a large language model (LLM) with 20 billion parameters. The model is too large for any single GPU instance but the training dataset fits entirely in memory. The team is using SageMaker and wants to minimize training time while staying within a GPU memory budget. Which distributed training architecture should the ML engineer design?","Pipeline parallelism (a form of model parallelism implemented in SageMaker Model Parallel) splits the model's layers across multiple GPU instances into stages. Each stage holds a portion of the model layers. Micro-batches flow through the pipeline with different stages processing different micro-batches simultaneously improving GPU utilization. This directly addresses the model-too-large-for-one-GPU constraint. Data parallelism alone does not solve the memory problem — each worker still needs the full model. Increasing batch size increases memory requirements further. Spot Training without the correct distributed strategy still fails due to memory constraints.",k-2-2-3,hard,ai-generated,false,B,Use SageMaker Model Parallel with pipeline parallelism to split model layers across instances,true,2
q-2-2-29,TS2.2,mc,"A company needs to train a large language model (LLM) with 20 billion parameters. The model is too large for any single GPU instance but the training dataset fits entirely in memory. The team is using SageMaker and wants to minimize training time while staying within a GPU memory budget. Which distributed training architecture should the ML engineer design?","Pipeline parallelism (a form of model parallelism implemented in SageMaker Model Parallel) splits the model's layers across multiple GPU instances into stages. Each stage holds a portion of the model layers. Micro-batches flow through the pipeline with different stages processing different micro-batches simultaneously improving GPU utilization. This directly addresses the model-too-large-for-one-GPU constraint. Data parallelism alone does not solve the memory problem — each worker still needs the full model. Increasing batch size increases memory requirements further. Spot Training without the correct distributed strategy still fails due to memory constraints.",k-2-2-3,hard,ai-generated,false,C,Enable Managed Spot Training to reduce cost while running on a single large instance,false,3
q-2-2-29,TS2.2,mc,"A company needs to train a large language model (LLM) with 20 billion parameters. The model is too large for any single GPU instance but the training dataset fits entirely in memory. The team is using SageMaker and wants to minimize training time while staying within a GPU memory budget. Which distributed training architecture should the ML engineer design?","Pipeline parallelism (a form of model parallelism implemented in SageMaker Model Parallel) splits the model's layers across multiple GPU instances into stages. Each stage holds a portion of the model layers. Micro-batches flow through the pipeline with different stages processing different micro-batches simultaneously improving GPU utilization. This directly addresses the model-too-large-for-one-GPU constraint. Data parallelism alone does not solve the memory problem — each worker still needs the full model. Increasing batch size increases memory requirements further. Spot Training without the correct distributed strategy still fails due to memory constraints.",k-2-2-3,hard,ai-generated,false,D,Increase batch size to fill GPU memory completely and train on a single instance,false,4
q-2-2-30,TS2.2,mc,"An ML engineer reviews the training history of a neural network. The training loss curve decreases smoothly. The validation loss curve decreases initially but then increases sharply starting at epoch 20. The gap between training and validation loss grows wider each epoch after that. SageMaker Debugger does not report vanishing or exploding gradients. The team has already applied L2 regularization. Which additional actions are most likely to reduce the overfitting? (Select the BEST single answer)","The scenario shows classic overfitting with no gradient issues. L2 regularization is already applied. The most effective additional steps are: (1) add dropout to reduce co-adaptation between neurons, (2) collect more training data to give the model more examples to generalize from, and (3) implement early stopping to halt training before validation loss diverges further at epoch 20. These three actions attack overfitting from different angles. Increasing model depth makes overfitting worse. Switching to Bayesian optimization is for hyperparameter search not for addressing an overfitting model. Disabling L2 removes an existing protection.",k-2-2-4|k-2-2-5|s-2-2-1,hard,ai-generated,false,A,Increase model depth and add more neurons to increase learning capacity,false,1
q-2-2-30,TS2.2,mc,"An ML engineer reviews the training history of a neural network. The training loss curve decreases smoothly. The validation loss curve decreases initially but then increases sharply starting at epoch 20. The gap between training and validation loss grows wider each epoch after that. SageMaker Debugger does not report vanishing or exploding gradients. The team has already applied L2 regularization. Which additional actions are most likely to reduce the overfitting? (Select the BEST single answer)","The scenario shows classic overfitting with no gradient issues. L2 regularization is already applied. The most effective additional steps are: (1) add dropout to reduce co-adaptation between neurons, (2) collect more training data to give the model more examples to generalize from, and (3) implement early stopping to halt training before validation loss diverges further at epoch 20. These three actions attack overfitting from different angles. Increasing model depth makes overfitting worse. Switching to Bayesian optimization is for hyperparameter search not for addressing an overfitting model. Disabling L2 removes an existing protection.",k-2-2-4|k-2-2-5|s-2-2-1,hard,ai-generated,false,B,Add dropout regularization and collect more training data and configure early stopping at epoch 20,true,2
q-2-2-30,TS2.2,mc,"An ML engineer reviews the training history of a neural network. The training loss curve decreases smoothly. The validation loss curve decreases initially but then increases sharply starting at epoch 20. The gap between training and validation loss grows wider each epoch after that. SageMaker Debugger does not report vanishing or exploding gradients. The team has already applied L2 regularization. Which additional actions are most likely to reduce the overfitting? (Select the BEST single answer)","The scenario shows classic overfitting with no gradient issues. L2 regularization is already applied. The most effective additional steps are: (1) add dropout to reduce co-adaptation between neurons, (2) collect more training data to give the model more examples to generalize from, and (3) implement early stopping to halt training before validation loss diverges further at epoch 20. These three actions attack overfitting from different angles. Increasing model depth makes overfitting worse. Switching to Bayesian optimization is for hyperparameter search not for addressing an overfitting model. Disabling L2 removes an existing protection.",k-2-2-4|k-2-2-5|s-2-2-1,hard,ai-generated,false,C,Switch to Bayesian hyperparameter optimization to automatically find better regularization parameters,false,3
q-2-2-30,TS2.2,mc,"An ML engineer reviews the training history of a neural network. The training loss curve decreases smoothly. The validation loss curve decreases initially but then increases sharply starting at epoch 20. The gap between training and validation loss grows wider each epoch after that. SageMaker Debugger does not report vanishing or exploding gradients. The team has already applied L2 regularization. Which additional actions are most likely to reduce the overfitting? (Select the BEST single answer)","The scenario shows classic overfitting with no gradient issues. L2 regularization is already applied. The most effective additional steps are: (1) add dropout to reduce co-adaptation between neurons, (2) collect more training data to give the model more examples to generalize from, and (3) implement early stopping to halt training before validation loss diverges further at epoch 20. These three actions attack overfitting from different angles. Increasing model depth makes overfitting worse. Switching to Bayesian optimization is for hyperparameter search not for addressing an overfitting model. Disabling L2 removes an existing protection.",k-2-2-4|k-2-2-5|s-2-2-1,hard,ai-generated,false,D,Disable L2 regularization and rely only on dropout for regularization,false,4
