question_ref,lo_code,question_type,question_text,explanation,subtopic_codes,difficulty,source,verified,option_key,option_text,answer_value,sort_order
q-2-3-01,TS2.3,mc,"A company builds a regression model to predict house prices. The model needs to be evaluated on how well it predicts prices and the team wants a metric that is expressed in the same unit as the target variable (dollars) and that penalizes large prediction errors more heavily than small ones. Which metric should the ML engineer use?","RMSE (Root Mean Square Error) is expressed in the same units as the target variable (dollars) and penalizes large errors more heavily because it squares the errors before averaging. This makes it sensitive to outliers which is useful when large price prediction errors are especially costly. MAE (Mean Absolute Error) is also in the same unit but treats all errors equally rather than penalizing large errors more. R-squared is dimensionless (0 to 1) not in dollars. MAPE is a percentage not in dollars.",k-2-3-1,easy,ai-generated,false,A,Mean Absolute Error (MAE),false,1
q-2-3-01,TS2.3,mc,"A company builds a regression model to predict house prices. The model needs to be evaluated on how well it predicts prices and the team wants a metric that is expressed in the same unit as the target variable (dollars) and that penalizes large prediction errors more heavily than small ones. Which metric should the ML engineer use?","RMSE (Root Mean Square Error) is expressed in the same units as the target variable (dollars) and penalizes large errors more heavily because it squares the errors before averaging. This makes it sensitive to outliers which is useful when large price prediction errors are especially costly. MAE (Mean Absolute Error) is also in the same unit but treats all errors equally rather than penalizing large errors more. R-squared is dimensionless (0 to 1) not in dollars. MAPE is a percentage not in dollars.",k-2-3-1,easy,ai-generated,false,B,Root Mean Square Error (RMSE),true,2
q-2-3-01,TS2.3,mc,"A company builds a regression model to predict house prices. The model needs to be evaluated on how well it predicts prices and the team wants a metric that is expressed in the same unit as the target variable (dollars) and that penalizes large prediction errors more heavily than small ones. Which metric should the ML engineer use?","RMSE (Root Mean Square Error) is expressed in the same units as the target variable (dollars) and penalizes large errors more heavily because it squares the errors before averaging. This makes it sensitive to outliers which is useful when large price prediction errors are especially costly. MAE (Mean Absolute Error) is also in the same unit but treats all errors equally rather than penalizing large errors more. R-squared is dimensionless (0 to 1) not in dollars. MAPE is a percentage not in dollars.",k-2-3-1,easy,ai-generated,false,C,R-squared (R²),false,3
q-2-3-01,TS2.3,mc,"A company builds a regression model to predict house prices. The model needs to be evaluated on how well it predicts prices and the team wants a metric that is expressed in the same unit as the target variable (dollars) and that penalizes large prediction errors more heavily than small ones. Which metric should the ML engineer use?","RMSE (Root Mean Square Error) is expressed in the same units as the target variable (dollars) and penalizes large errors more heavily because it squares the errors before averaging. This makes it sensitive to outliers which is useful when large price prediction errors are especially costly. MAE (Mean Absolute Error) is also in the same unit but treats all errors equally rather than penalizing large errors more. R-squared is dimensionless (0 to 1) not in dollars. MAPE is a percentage not in dollars.",k-2-3-1,easy,ai-generated,false,D,Mean Absolute Percentage Error (MAPE),false,4
q-2-3-02,TS2.3,mc,"A medical imaging model classifies X-rays as showing signs of tuberculosis or not. Missing a tuberculosis case (false negative) is far more dangerous than incorrectly flagging a healthy patient (false positive). Which metric should the ML engineer optimize to minimize the number of missed tuberculosis cases?","Recall (also called Sensitivity or True Positive Rate) measures the proportion of actual positive cases (tuberculosis) that the model correctly identifies. Maximizing recall minimizes false negatives — missed tuberculosis cases. Precision measures how many predicted positives are actually positive — it focuses on false positives not false negatives. Accuracy is misleading on imbalanced datasets and does not specifically target false negatives. F1 Score balances precision and recall but does not specifically prioritize minimizing false negatives.",k-2-3-2,easy,ai-generated,false,A,Precision,false,1
q-2-3-02,TS2.3,mc,"A medical imaging model classifies X-rays as showing signs of tuberculosis or not. Missing a tuberculosis case (false negative) is far more dangerous than incorrectly flagging a healthy patient (false positive). Which metric should the ML engineer optimize to minimize the number of missed tuberculosis cases?","Recall (also called Sensitivity or True Positive Rate) measures the proportion of actual positive cases (tuberculosis) that the model correctly identifies. Maximizing recall minimizes false negatives — missed tuberculosis cases. Precision measures how many predicted positives are actually positive — it focuses on false positives not false negatives. Accuracy is misleading on imbalanced datasets and does not specifically target false negatives. F1 Score balances precision and recall but does not specifically prioritize minimizing false negatives.",k-2-3-2,easy,ai-generated,false,B,Recall,true,2
q-2-3-02,TS2.3,mc,"A medical imaging model classifies X-rays as showing signs of tuberculosis or not. Missing a tuberculosis case (false negative) is far more dangerous than incorrectly flagging a healthy patient (false positive). Which metric should the ML engineer optimize to minimize the number of missed tuberculosis cases?","Recall (also called Sensitivity or True Positive Rate) measures the proportion of actual positive cases (tuberculosis) that the model correctly identifies. Maximizing recall minimizes false negatives — missed tuberculosis cases. Precision measures how many predicted positives are actually positive — it focuses on false positives not false negatives. Accuracy is misleading on imbalanced datasets and does not specifically target false negatives. F1 Score balances precision and recall but does not specifically prioritize minimizing false negatives.",k-2-3-2,easy,ai-generated,false,C,Accuracy,false,3
q-2-3-02,TS2.3,mc,"A medical imaging model classifies X-rays as showing signs of tuberculosis or not. Missing a tuberculosis case (false negative) is far more dangerous than incorrectly flagging a healthy patient (false positive). Which metric should the ML engineer optimize to minimize the number of missed tuberculosis cases?","Recall (also called Sensitivity or True Positive Rate) measures the proportion of actual positive cases (tuberculosis) that the model correctly identifies. Maximizing recall minimizes false negatives — missed tuberculosis cases. Precision measures how many predicted positives are actually positive — it focuses on false positives not false negatives. Accuracy is misleading on imbalanced datasets and does not specifically target false negatives. F1 Score balances precision and recall but does not specifically prioritize minimizing false negatives.",k-2-3-2,easy,ai-generated,false,D,F1 Score,false,4
q-2-3-03,TS2.3,mc,"An email spam filter classifies emails as spam or not spam. Incorrectly marking a legitimate important email as spam is very costly — users miss important messages. False negatives (spam that gets through) are acceptable. Which metric should the ML engineer prioritize?","Precision measures the proportion of emails flagged as spam that are actually spam — it directly minimizes false positives (legitimate emails incorrectly marked as spam). High precision means when the model says spam it is almost always right. Recall maximizes detection of actual spam at the cost of more false positives which is the wrong trade-off for this use case. Accuracy is misleading on imbalanced email datasets. RMSE is a regression metric not for classification.",k-2-3-2,easy,ai-generated,false,A,Precision,true,1
q-2-3-03,TS2.3,mc,"An email spam filter classifies emails as spam or not spam. Incorrectly marking a legitimate important email as spam is very costly — users miss important messages. False negatives (spam that gets through) are acceptable. Which metric should the ML engineer prioritize?","Precision measures the proportion of emails flagged as spam that are actually spam — it directly minimizes false positives (legitimate emails incorrectly marked as spam). High precision means when the model says spam it is almost always right. Recall maximizes detection of actual spam at the cost of more false positives which is the wrong trade-off for this use case. Accuracy is misleading on imbalanced email datasets. RMSE is a regression metric not for classification.",k-2-3-2,easy,ai-generated,false,B,Recall,false,2
q-2-3-03,TS2.3,mc,"An email spam filter classifies emails as spam or not spam. Incorrectly marking a legitimate important email as spam is very costly — users miss important messages. False negatives (spam that gets through) are acceptable. Which metric should the ML engineer prioritize?","Precision measures the proportion of emails flagged as spam that are actually spam — it directly minimizes false positives (legitimate emails incorrectly marked as spam). High precision means when the model says spam it is almost always right. Recall maximizes detection of actual spam at the cost of more false positives which is the wrong trade-off for this use case. Accuracy is misleading on imbalanced email datasets. RMSE is a regression metric not for classification.",k-2-3-2,easy,ai-generated,false,C,Accuracy,false,3
q-2-3-03,TS2.3,mc,"An email spam filter classifies emails as spam or not spam. Incorrectly marking a legitimate important email as spam is very costly — users miss important messages. False negatives (spam that gets through) are acceptable. Which metric should the ML engineer prioritize?","Precision measures the proportion of emails flagged as spam that are actually spam — it directly minimizes false positives (legitimate emails incorrectly marked as spam). High precision means when the model says spam it is almost always right. Recall maximizes detection of actual spam at the cost of more false positives which is the wrong trade-off for this use case. Accuracy is misleading on imbalanced email datasets. RMSE is a regression metric not for classification.",k-2-3-2,easy,ai-generated,false,D,Root Mean Square Error (RMSE),false,4
q-2-3-04,TS2.3,mc,"A fraud detection model is trained on a dataset where 99% of transactions are legitimate and 1% are fraudulent. The model predicts every transaction as legitimate and achieves 99% accuracy. What is wrong with using accuracy as the evaluation metric and which metric is more appropriate?","Accuracy is misleading on imbalanced datasets because a naive model that predicts the majority class for every example achieves high accuracy without learning anything useful. In this case predicting legitimate for every transaction achieves 99% accuracy while detecting zero fraud. F1 Score combines precision and recall and is specifically designed for imbalanced classification — it punishes models that ignore the minority class. AUC-ROC is also a good choice. Precision alone focuses on false positives not the complete picture. RMSE is a regression metric.",k-2-3-2,easy,ai-generated,false,A,Accuracy is appropriate — 99% is an excellent result,false,1
q-2-3-04,TS2.3,mc,"A fraud detection model is trained on a dataset where 99% of transactions are legitimate and 1% are fraudulent. The model predicts every transaction as legitimate and achieves 99% accuracy. What is wrong with using accuracy as the evaluation metric and which metric is more appropriate?","Accuracy is misleading on imbalanced datasets because a naive model that predicts the majority class for every example achieves high accuracy without learning anything useful. In this case predicting legitimate for every transaction achieves 99% accuracy while detecting zero fraud. F1 Score combines precision and recall and is specifically designed for imbalanced classification — it punishes models that ignore the minority class. AUC-ROC is also a good choice. Precision alone focuses on false positives not the complete picture. RMSE is a regression metric.",k-2-3-2,easy,ai-generated,false,B,Accuracy is misleading on imbalanced data — use F1 Score which balances precision and recall across classes,true,2
q-2-3-04,TS2.3,mc,"A fraud detection model is trained on a dataset where 99% of transactions are legitimate and 1% are fraudulent. The model predicts every transaction as legitimate and achieves 99% accuracy. What is wrong with using accuracy as the evaluation metric and which metric is more appropriate?","Accuracy is misleading on imbalanced datasets because a naive model that predicts the majority class for every example achieves high accuracy without learning anything useful. In this case predicting legitimate for every transaction achieves 99% accuracy while detecting zero fraud. F1 Score combines precision and recall and is specifically designed for imbalanced classification — it punishes models that ignore the minority class. AUC-ROC is also a good choice. Precision alone focuses on false positives not the complete picture. RMSE is a regression metric.",k-2-3-2,easy,ai-generated,false,C,Accuracy is misleading — use Precision to maximize the fraction of correctly flagged fraud cases,false,3
q-2-3-04,TS2.3,mc,"A fraud detection model is trained on a dataset where 99% of transactions are legitimate and 1% are fraudulent. The model predicts every transaction as legitimate and achieves 99% accuracy. What is wrong with using accuracy as the evaluation metric and which metric is more appropriate?","Accuracy is misleading on imbalanced datasets because a naive model that predicts the majority class for every example achieves high accuracy without learning anything useful. In this case predicting legitimate for every transaction achieves 99% accuracy while detecting zero fraud. F1 Score combines precision and recall and is specifically designed for imbalanced classification — it punishes models that ignore the minority class. AUC-ROC is also a good choice. Precision alone focuses on false positives not the complete picture. RMSE is a regression metric.",k-2-3-2,easy,ai-generated,false,D,Accuracy is misleading — use RMSE to measure prediction error distance from true labels,false,4
q-2-3-05,TS2.3,mc,"An ML engineer trains two binary classifiers — Model A and Model B — and wants to compare their overall discrimination ability independent of any specific classification threshold. Model A achieves 88% accuracy and Model B achieves 84% accuracy at default threshold. Which metric provides a threshold-independent comparison of the two models?","AUC-ROC (Area Under the Receiver Operating Characteristic Curve) measures a model's ability to discriminate between classes across all possible classification thresholds. A higher AUC-ROC indicates better overall discrimination regardless of which specific threshold is used. Accuracy is threshold-dependent (usually 0.5 default) so comparing accuracy at default threshold may not represent the true relative performance. F1 Score is also threshold-dependent. RMSE is a regression metric not for binary classification comparison.",k-2-3-2,easy,ai-generated,false,A,Accuracy at default threshold,false,1
q-2-3-05,TS2.3,mc,"An ML engineer trains two binary classifiers — Model A and Model B — and wants to compare their overall discrimination ability independent of any specific classification threshold. Model A achieves 88% accuracy and Model B achieves 84% accuracy at default threshold. Which metric provides a threshold-independent comparison of the two models?","AUC-ROC (Area Under the Receiver Operating Characteristic Curve) measures a model's ability to discriminate between classes across all possible classification thresholds. A higher AUC-ROC indicates better overall discrimination regardless of which specific threshold is used. Accuracy is threshold-dependent (usually 0.5 default) so comparing accuracy at default threshold may not represent the true relative performance. F1 Score is also threshold-dependent. RMSE is a regression metric not for binary classification comparison.",k-2-3-2,easy,ai-generated,false,B,AUC-ROC,true,2
q-2-3-05,TS2.3,mc,"An ML engineer trains two binary classifiers — Model A and Model B — and wants to compare their overall discrimination ability independent of any specific classification threshold. Model A achieves 88% accuracy and Model B achieves 84% accuracy at default threshold. Which metric provides a threshold-independent comparison of the two models?","AUC-ROC (Area Under the Receiver Operating Characteristic Curve) measures a model's ability to discriminate between classes across all possible classification thresholds. A higher AUC-ROC indicates better overall discrimination regardless of which specific threshold is used. Accuracy is threshold-dependent (usually 0.5 default) so comparing accuracy at default threshold may not represent the true relative performance. F1 Score is also threshold-dependent. RMSE is a regression metric not for binary classification comparison.",k-2-3-2,easy,ai-generated,false,C,F1 Score,false,3
q-2-3-05,TS2.3,mc,"An ML engineer trains two binary classifiers — Model A and Model B — and wants to compare their overall discrimination ability independent of any specific classification threshold. Model A achieves 88% accuracy and Model B achieves 84% accuracy at default threshold. Which metric provides a threshold-independent comparison of the two models?","AUC-ROC (Area Under the Receiver Operating Characteristic Curve) measures a model's ability to discriminate between classes across all possible classification thresholds. A higher AUC-ROC indicates better overall discrimination regardless of which specific threshold is used. Accuracy is threshold-dependent (usually 0.5 default) so comparing accuracy at default threshold may not represent the true relative performance. F1 Score is also threshold-dependent. RMSE is a regression metric not for binary classification comparison.",k-2-3-2,easy,ai-generated,false,D,Root Mean Square Error (RMSE),false,4
q-2-3-06,TS2.3,mc,"A new version of a SageMaker recommendation model is ready for testing. The team wants to validate the new model against real production traffic without any risk of exposing users to potentially worse recommendations. The new model's output should be logged and compared to the production model but users should only receive recommendations from the current production model. Which deployment strategy should the ML engineer use?","Shadow testing (also called shadow mode deployment) is correct because it mirrors all production traffic to the new model in parallel but only serves users the production model's responses. The new model's outputs are logged for offline comparison. This provides validation against real traffic with zero user impact. A/B testing (production variants) exposes real users to both models which creates risk if the new model performs worse. Blue/Green deployment switches all traffic to the new model at once. Canary deployment gradually shifts real user traffic to the new model.",s-2-3-1,easy,ai-generated,false,A,A/B testing with a 50/50 traffic split between old and new models,false,1
q-2-3-06,TS2.3,mc,"A new version of a SageMaker recommendation model is ready for testing. The team wants to validate the new model against real production traffic without any risk of exposing users to potentially worse recommendations. The new model's output should be logged and compared to the production model but users should only receive recommendations from the current production model. Which deployment strategy should the ML engineer use?","Shadow testing (also called shadow mode deployment) is correct because it mirrors all production traffic to the new model in parallel but only serves users the production model's responses. The new model's outputs are logged for offline comparison. This provides validation against real traffic with zero user impact. A/B testing (production variants) exposes real users to both models which creates risk if the new model performs worse. Blue/Green deployment switches all traffic to the new model at once. Canary deployment gradually shifts real user traffic to the new model.",s-2-3-1,easy,ai-generated,false,B,Shadow testing where production traffic is mirrored to the new model but only the old model's responses are served to users,true,2
q-2-3-06,TS2.3,mc,"A new version of a SageMaker recommendation model is ready for testing. The team wants to validate the new model against real production traffic without any risk of exposing users to potentially worse recommendations. The new model's output should be logged and compared to the production model but users should only receive recommendations from the current production model. Which deployment strategy should the ML engineer use?","Shadow testing (also called shadow mode deployment) is correct because it mirrors all production traffic to the new model in parallel but only serves users the production model's responses. The new model's outputs are logged for offline comparison. This provides validation against real traffic with zero user impact. A/B testing (production variants) exposes real users to both models which creates risk if the new model performs worse. Blue/Green deployment switches all traffic to the new model at once. Canary deployment gradually shifts real user traffic to the new model.",s-2-3-1,easy,ai-generated,false,C,Blue/Green deployment switching all traffic to the new model immediately,false,3
q-2-3-06,TS2.3,mc,"A new version of a SageMaker recommendation model is ready for testing. The team wants to validate the new model against real production traffic without any risk of exposing users to potentially worse recommendations. The new model's output should be logged and compared to the production model but users should only receive recommendations from the current production model. Which deployment strategy should the ML engineer use?","Shadow testing (also called shadow mode deployment) is correct because it mirrors all production traffic to the new model in parallel but only serves users the production model's responses. The new model's outputs are logged for offline comparison. This provides validation against real traffic with zero user impact. A/B testing (production variants) exposes real users to both models which creates risk if the new model performs worse. Blue/Green deployment switches all traffic to the new model at once. Canary deployment gradually shifts real user traffic to the new model.",s-2-3-1,easy,ai-generated,false,D,Canary deployment routing 5% of real user traffic to the new model,false,4
q-2-3-07,TS2.3,mc,"A product team has validated a new recommendation model through shadow testing and confirmed it outperforms the current production model. They now want to measure the new model's impact on real business metrics such as click-through rate and purchase conversion. The test must use real users and measure actual business outcomes. Which strategy should the ML engineer implement?","A/B testing using SageMaker production variants is correct because it routes a percentage of real user traffic to both models simultaneously and measures actual business metrics from real user behavior. Shadow testing already completed validation against logs. A/B testing moves to the business impact measurement phase with live users. Shadow testing only logs outputs without measuring real user response. Blue/Green switches all traffic at once without controlled comparison. Offline backtesting uses historical data not future user behavior.",s-2-3-1,medium,ai-generated,false,A,Shadow testing to continue validating model outputs before exposing to real users,false,1
q-2-3-07,TS2.3,mc,"A product team has validated a new recommendation model through shadow testing and confirmed it outperforms the current production model. They now want to measure the new model's impact on real business metrics such as click-through rate and purchase conversion. The test must use real users and measure actual business outcomes. Which strategy should the ML engineer implement?","A/B testing using SageMaker production variants is correct because it routes a percentage of real user traffic to both models simultaneously and measures actual business metrics from real user behavior. Shadow testing already completed validation against logs. A/B testing moves to the business impact measurement phase with live users. Shadow testing only logs outputs without measuring real user response. Blue/Green switches all traffic at once without controlled comparison. Offline backtesting uses historical data not future user behavior.",s-2-3-1,medium,ai-generated,false,B,A/B testing using SageMaker production variants to split live traffic between old and new models,true,2
q-2-3-07,TS2.3,mc,"A product team has validated a new recommendation model through shadow testing and confirmed it outperforms the current production model. They now want to measure the new model's impact on real business metrics such as click-through rate and purchase conversion. The test must use real users and measure actual business outcomes. Which strategy should the ML engineer implement?","A/B testing using SageMaker production variants is correct because it routes a percentage of real user traffic to both models simultaneously and measures actual business metrics from real user behavior. Shadow testing already completed validation against logs. A/B testing moves to the business impact measurement phase with live users. Shadow testing only logs outputs without measuring real user response. Blue/Green switches all traffic at once without controlled comparison. Offline backtesting uses historical data not future user behavior.",s-2-3-1,medium,ai-generated,false,C,Continue shadow testing until the team has 6 months of log data,false,3
q-2-3-07,TS2.3,mc,"A product team has validated a new recommendation model through shadow testing and confirmed it outperforms the current production model. They now want to measure the new model's impact on real business metrics such as click-through rate and purchase conversion. The test must use real users and measure actual business outcomes. Which strategy should the ML engineer implement?","A/B testing using SageMaker production variants is correct because it routes a percentage of real user traffic to both models simultaneously and measures actual business metrics from real user behavior. Shadow testing already completed validation against logs. A/B testing moves to the business impact measurement phase with live users. Shadow testing only logs outputs without measuring real user response. Blue/Green switches all traffic at once without controlled comparison. Offline backtesting uses historical data not future user behavior.",s-2-3-1,medium,ai-generated,false,D,Offline backtesting the new model against historical user interaction logs,false,4
q-2-3-08,TS2.3,mc,"A binary classification model for credit card fraud achieves the following: precision = 0.92, recall = 0.41, F1 score = 0.57. The fraud team is concerned that many actual fraud cases are being missed. Which statement correctly describes the model's behavior and the appropriate action?","A recall of 0.41 means the model is correctly identifying only 41% of actual fraud cases — 59% of real fraud goes undetected. The precision of 0.92 means that when the model does flag something as fraud it is right 92% of the time. The team is right to be concerned. To increase recall the classification threshold should be lowered so more transactions are flagged as fraud. This will increase recall but will lower precision — the team must decide the acceptable trade-off. The F1 score of 0.57 confirms the model is not balanced.",k-2-3-2,medium,ai-generated,false,A,The model is performing well — precision of 92% means it rarely makes mistakes,false,1
q-2-3-08,TS2.3,mc,"A binary classification model for credit card fraud achieves the following: precision = 0.92, recall = 0.41, F1 score = 0.57. The fraud team is concerned that many actual fraud cases are being missed. Which statement correctly describes the model's behavior and the appropriate action?","A recall of 0.41 means the model is correctly identifying only 41% of actual fraud cases — 59% of real fraud goes undetected. The precision of 0.92 means that when the model does flag something as fraud it is right 92% of the time. The team is right to be concerned. To increase recall the classification threshold should be lowered so more transactions are flagged as fraud. This will increase recall but will lower precision — the team must decide the acceptable trade-off. The F1 score of 0.57 confirms the model is not balanced.",k-2-3-2,medium,ai-generated,false,B,The model has low recall meaning it is missing 59% of actual fraud cases — lower the classification threshold to flag more transactions as fraud,true,2
q-2-3-08,TS2.3,mc,"A binary classification model for credit card fraud achieves the following: precision = 0.92, recall = 0.41, F1 score = 0.57. The fraud team is concerned that many actual fraud cases are being missed. Which statement correctly describes the model's behavior and the appropriate action?","A recall of 0.41 means the model is correctly identifying only 41% of actual fraud cases — 59% of real fraud goes undetected. The precision of 0.92 means that when the model does flag something as fraud it is right 92% of the time. The team is right to be concerned. To increase recall the classification threshold should be lowered so more transactions are flagged as fraud. This will increase recall but will lower precision — the team must decide the acceptable trade-off. The F1 score of 0.57 confirms the model is not balanced.",k-2-3-2,medium,ai-generated,false,C,The model has low recall because the training dataset was too small — collect more labeled fraud examples,false,3
q-2-3-08,TS2.3,mc,"A binary classification model for credit card fraud achieves the following: precision = 0.92, recall = 0.41, F1 score = 0.57. The fraud team is concerned that many actual fraud cases are being missed. Which statement correctly describes the model's behavior and the appropriate action?","A recall of 0.41 means the model is correctly identifying only 41% of actual fraud cases — 59% of real fraud goes undetected. The precision of 0.92 means that when the model does flag something as fraud it is right 92% of the time. The team is right to be concerned. To increase recall the classification threshold should be lowered so more transactions are flagged as fraud. This will increase recall but will lower precision — the team must decide the acceptable trade-off. The F1 score of 0.57 confirms the model is not balanced.",k-2-3-2,medium,ai-generated,false,D,The model has low recall because precision and recall cannot both be high simultaneously — no action is possible,false,4
q-2-3-09,TS2.3,mc,"An ML engineer trains two models on the same dataset. Model A achieves AUC-ROC of 0.91. Model B achieves AUC-ROC of 0.79. The team plans to deploy the model at a very high precision threshold (0.95) to minimize false alarms. Which statement is correct about using AUC-ROC for this decision?","AUC-ROC measures overall model performance across all thresholds. When deploying at a specific operating point (high precision threshold) the relevant comparison is the Precision-Recall curve at that specific threshold not the overall AUC-ROC. A model with lower AUC-ROC could outperform a higher AUC-ROC model at a specific high-precision operating point. The team should compare the models specifically at the 0.95 precision threshold using the Precision-Recall curve. AUC-ROC alone does not answer which model is better at a specific operating threshold.",k-2-3-2|s-2-3-1,medium,ai-generated,false,A,Model A is definitively better because 0.91 AUC-ROC is significantly higher than 0.79,false,1
q-2-3-09,TS2.3,mc,"An ML engineer trains two models on the same dataset. Model A achieves AUC-ROC of 0.91. Model B achieves AUC-ROC of 0.79. The team plans to deploy the model at a very high precision threshold (0.95) to minimize false alarms. Which statement is correct about using AUC-ROC for this decision?","AUC-ROC measures overall model performance across all thresholds. When deploying at a specific operating point (high precision threshold) the relevant comparison is the Precision-Recall curve at that specific threshold not the overall AUC-ROC. A model with lower AUC-ROC could outperform a higher AUC-ROC model at a specific high-precision operating point. The team should compare the models specifically at the 0.95 precision threshold using the Precision-Recall curve. AUC-ROC alone does not answer which model is better at a specific operating threshold.",k-2-3-2|s-2-3-1,medium,ai-generated,false,B,AUC-ROC measures overall performance across all thresholds — the team should also compare Precision-Recall curves at the 0.95 precision operating point before deciding,true,2
q-2-3-09,TS2.3,mc,"An ML engineer trains two models on the same dataset. Model A achieves AUC-ROC of 0.91. Model B achieves AUC-ROC of 0.79. The team plans to deploy the model at a very high precision threshold (0.95) to minimize false alarms. Which statement is correct about using AUC-ROC for this decision?","AUC-ROC measures overall model performance across all thresholds. When deploying at a specific operating point (high precision threshold) the relevant comparison is the Precision-Recall curve at that specific threshold not the overall AUC-ROC. A model with lower AUC-ROC could outperform a higher AUC-ROC model at a specific high-precision operating point. The team should compare the models specifically at the 0.95 precision threshold using the Precision-Recall curve. AUC-ROC alone does not answer which model is better at a specific operating threshold.",k-2-3-2|s-2-3-1,medium,ai-generated,false,C,AUC-ROC of 0.91 guarantees Model A will have higher recall at the 0.95 precision threshold,false,3
q-2-3-09,TS2.3,mc,"An ML engineer trains two models on the same dataset. Model A achieves AUC-ROC of 0.91. Model B achieves AUC-ROC of 0.79. The team plans to deploy the model at a very high precision threshold (0.95) to minimize false alarms. Which statement is correct about using AUC-ROC for this decision?","AUC-ROC measures overall model performance across all thresholds. When deploying at a specific operating point (high precision threshold) the relevant comparison is the Precision-Recall curve at that specific threshold not the overall AUC-ROC. A model with lower AUC-ROC could outperform a higher AUC-ROC model at a specific high-precision operating point. The team should compare the models specifically at the 0.95 precision threshold using the Precision-Recall curve. AUC-ROC alone does not answer which model is better at a specific operating threshold.",k-2-3-2|s-2-3-1,medium,ai-generated,false,D,AUC-ROC is the wrong metric for binary classification — use F1 Score instead,false,4
q-2-3-10,TS2.3,mc,"A SageMaker training job runs for 6 hours. CloudWatch metrics show that training loss decreases continuously but at each epoch the validation loss is nearly identical to the training loss. Both losses are higher than the team's target. What does this pattern indicate and what should the ML engineer do?","When both training and validation loss are high and similar the model is underfitting — it lacks the capacity to learn the underlying patterns. The similar values for training and validation loss indicate there is no generalization gap, ruling out overfitting. The solution is to increase model capacity (more layers/neurons), reduce regularization strength if any is applied, or train for more epochs. Adding more dropout would further reduce capacity making underfitting worse. Reducing the number of features makes the problem harder for an already underfitting model.",k-2-3-3,medium,ai-generated,false,A,Overfitting — add dropout regularization and collect more training data,false,1
q-2-3-10,TS2.3,mc,"A SageMaker training job runs for 6 hours. CloudWatch metrics show that training loss decreases continuously but at each epoch the validation loss is nearly identical to the training loss. Both losses are higher than the team's target. What does this pattern indicate and what should the ML engineer do?","When both training and validation loss are high and similar the model is underfitting — it lacks the capacity to learn the underlying patterns. The similar values for training and validation loss indicate there is no generalization gap, ruling out overfitting. The solution is to increase model capacity (more layers/neurons), reduce regularization strength if any is applied, or train for more epochs. Adding more dropout would further reduce capacity making underfitting worse. Reducing the number of features makes the problem harder for an already underfitting model.",k-2-3-3,medium,ai-generated,false,B,Underfitting — increase model capacity by adding layers and reduce regularization,true,2
q-2-3-10,TS2.3,mc,"A SageMaker training job runs for 6 hours. CloudWatch metrics show that training loss decreases continuously but at each epoch the validation loss is nearly identical to the training loss. Both losses are higher than the team's target. What does this pattern indicate and what should the ML engineer do?","When both training and validation loss are high and similar the model is underfitting — it lacks the capacity to learn the underlying patterns. The similar values for training and validation loss indicate there is no generalization gap, ruling out overfitting. The solution is to increase model capacity (more layers/neurons), reduce regularization strength if any is applied, or train for more epochs. Adding more dropout would further reduce capacity making underfitting worse. Reducing the number of features makes the problem harder for an already underfitting model.",k-2-3-3,medium,ai-generated,false,C,Good fit — both losses converging means the model is generalizing well,false,3
q-2-3-10,TS2.3,mc,"A SageMaker training job runs for 6 hours. CloudWatch metrics show that training loss decreases continuously but at each epoch the validation loss is nearly identical to the training loss. Both losses are higher than the team's target. What does this pattern indicate and what should the ML engineer do?","When both training and validation loss are high and similar the model is underfitting — it lacks the capacity to learn the underlying patterns. The similar values for training and validation loss indicate there is no generalization gap, ruling out overfitting. The solution is to increase model capacity (more layers/neurons), reduce regularization strength if any is applied, or train for more epochs. Adding more dropout would further reduce capacity making underfitting worse. Reducing the number of features makes the problem harder for an already underfitting model.",k-2-3-3,medium,ai-generated,false,D,Underfitting — reduce the number of input features to simplify the learning problem,false,4
q-2-3-11,TS2.3,mc,"A SageMaker training job for a deep neural network is monitored using SageMaker Debugger. The tool fires a built-in rule reporting that the loss tensor is NaN (not a number) starting from epoch 3. What is the most likely cause and the standard remedy?","Loss becoming NaN is a strong indicator of exploding gradients — gradients become so large during backpropagation that weight updates overflow numerical representation. The standard remedy is gradient clipping which caps gradient magnitude at a maximum threshold before applying updates, preventing the overflow. Vanishing gradients cause loss to stagnate (stop decreasing) not go to NaN. Adding more training data addresses insufficient data not gradient instability. Reducing batch size alone does not prevent gradient explosion.",k-2-3-4,medium,ai-generated,false,A,Vanishing gradients — switch activation functions to ReLU and add batch normalization,false,1
q-2-3-11,TS2.3,mc,"A SageMaker training job for a deep neural network is monitored using SageMaker Debugger. The tool fires a built-in rule reporting that the loss tensor is NaN (not a number) starting from epoch 3. What is the most likely cause and the standard remedy?","Loss becoming NaN is a strong indicator of exploding gradients — gradients become so large during backpropagation that weight updates overflow numerical representation. The standard remedy is gradient clipping which caps gradient magnitude at a maximum threshold before applying updates, preventing the overflow. Vanishing gradients cause loss to stagnate (stop decreasing) not go to NaN. Adding more training data addresses insufficient data not gradient instability. Reducing batch size alone does not prevent gradient explosion.",k-2-3-4,medium,ai-generated,false,B,Exploding gradients — apply gradient clipping to cap gradient magnitude before weight updates,true,2
q-2-3-11,TS2.3,mc,"A SageMaker training job for a deep neural network is monitored using SageMaker Debugger. The tool fires a built-in rule reporting that the loss tensor is NaN (not a number) starting from epoch 3. What is the most likely cause and the standard remedy?","Loss becoming NaN is a strong indicator of exploding gradients — gradients become so large during backpropagation that weight updates overflow numerical representation. The standard remedy is gradient clipping which caps gradient magnitude at a maximum threshold before applying updates, preventing the overflow. Vanishing gradients cause loss to stagnate (stop decreasing) not go to NaN. Adding more training data addresses insufficient data not gradient instability. Reducing batch size alone does not prevent gradient explosion.",k-2-3-4,medium,ai-generated,false,C,Insufficient training data — collect more labeled examples,false,3
q-2-3-11,TS2.3,mc,"A SageMaker training job for a deep neural network is monitored using SageMaker Debugger. The tool fires a built-in rule reporting that the loss tensor is NaN (not a number) starting from epoch 3. What is the most likely cause and the standard remedy?","Loss becoming NaN is a strong indicator of exploding gradients — gradients become so large during backpropagation that weight updates overflow numerical distribution. The standard remedy is gradient clipping which caps gradient magnitude at a maximum threshold before applying updates, preventing the overflow. Vanishing gradients cause loss to stagnate (stop decreasing) not go to NaN. Adding more training data addresses insufficient data not gradient instability. Reducing batch size alone does not prevent gradient explosion.",k-2-3-4,medium,ai-generated,false,D,Overfitting — reduce the learning rate and add L2 regularization,false,4
q-2-3-12,TS2.3,mc,"A retail company deploys two versions of a product ranking algorithm. Version A has been in production for 6 months. Version B is a new neural approach the team believes will improve conversion rates. The team routes 10% of real user traffic to Version B and 90% to Version A, measuring actual purchase conversion rates over 4 weeks. Which testing strategy is being used and what is its purpose?","This is A/B testing using SageMaker production variants. A/B testing splits real user traffic between model versions and measures actual business outcomes. The 10/90 split is a canary approach to A/B testing — starting with a small percentage of real traffic on the new model reduces risk if the new model performs worse. Shadow testing only mirrors traffic with no real user impact — it does not measure actual business outcomes like conversion rates. A full Blue/Green deployment would switch all traffic at once.",s-2-3-1,medium,ai-generated,false,A,Shadow testing — Version B receives 10% of traffic silently and outputs are logged but not served to users,false,1
q-2-3-12,TS2.3,mc,"A retail company deploys two versions of a product ranking algorithm. Version A has been in production for 6 months. Version B is a new neural approach the team believes will improve conversion rates. The team routes 10% of real user traffic to Version B and 90% to Version A, measuring actual purchase conversion rates over 4 weeks. Which testing strategy is being used and what is its purpose?","This is A/B testing using SageMaker production variants. A/B testing splits real user traffic between model versions and measures actual business outcomes. The 10/90 split is a canary approach to A/B testing — starting with a small percentage of real traffic on the new model reduces risk if the new model performs worse. Shadow testing only mirrors traffic with no real user impact — it does not measure actual business outcomes like conversion rates. A full Blue/Green deployment would switch all traffic at once.",s-2-3-1,medium,ai-generated,false,B,A/B testing — real user traffic is split between both versions to measure actual business impact,true,2
q-2-3-12,TS2.3,mc,"A retail company deploys two versions of a product ranking algorithm. Version A has been in production for 6 months. Version B is a new neural approach the team believes will improve conversion rates. The team routes 10% of real user traffic to Version B and 90% to Version A, measuring actual purchase conversion rates over 4 weeks. Which testing strategy is being used and what is its purpose?","This is A/B testing using SageMaker production variants. A/B testing splits real user traffic between model versions and measures actual business outcomes. The 10/90 split is a canary approach to A/B testing — starting with a small percentage of real traffic on the new model reduces risk if the new model performs worse. Shadow testing only mirrors traffic with no real user impact — it does not measure actual business outcomes like conversion rates. A full Blue/Green deployment would switch all traffic at once.",s-2-3-1,medium,ai-generated,false,C,Blue/Green deployment — Version B replaces Version A with a gradual traffic ramp,false,3
q-2-3-12,TS2.3,mc,"A retail company deploys two versions of a product ranking algorithm. Version A has been in production for 6 months. Version B is a new neural approach the team believes will improve conversion rates. The team routes 10% of real user traffic to Version B and 90% to Version A, measuring actual purchase conversion rates over 4 weeks. Which testing strategy is being used and what is its purpose?","This is A/B testing using SageMaker production variants. A/B testing splits real user traffic between model versions and measures actual business outcomes. The 10/90 split is a canary approach to A/B testing — starting with a small percentage of real traffic on the new model reduces risk if the new model performs worse. Shadow testing only mirrors traffic with no real user impact — it does not measure actual business outcomes like conversion rates. A full Blue/Green deployment would switch all traffic at once.",s-2-3-1,medium,ai-generated,false,D,Offline evaluation — the team is using historical logs from 4 weeks ago to compare model performance,false,4
q-2-3-13,TS2.3,mc,"A demand forecasting model predicts daily unit sales for 500 products. The business team wants to understand model error in percentage terms relative to actual sales so they can compare performance across products with very different sales volumes. A product selling 5 units and a product selling 5000 units should be evaluated on the same relative scale. Which metric is most appropriate?","MAPE (Mean Absolute Percentage Error) expresses prediction error as a percentage of actual values making it scale-invariant. A 10% error on a 5-unit product and a 10% error on a 5000-unit product represent the same relative performance. RMSE is in absolute units making comparisons across very different sales volumes misleading — a 50-unit error on a 5-unit product is catastrophic but minor on a 5000-unit product. MAE has the same scaling problem as RMSE. R-squared measures variance explained not relative error magnitude.",k-2-3-1,medium,ai-generated,false,A,Root Mean Square Error (RMSE),false,1
q-2-3-13,TS2.3,mc,"A demand forecasting model predicts daily unit sales for 500 products. The business team wants to understand model error in percentage terms relative to actual sales so they can compare performance across products with very different sales volumes. A product selling 5 units and a product selling 5000 units should be evaluated on the same relative scale. Which metric is most appropriate?","MAPE (Mean Absolute Percentage Error) expresses prediction error as a percentage of actual values making it scale-invariant. A 10% error on a 5-unit product and a 10% error on a 5000-unit product represent the same relative performance. RMSE is in absolute units making comparisons across very different sales volumes misleading — a 50-unit error on a 5-unit product is catastrophic but minor on a 5000-unit product. MAE has the same scaling problem as RMSE. R-squared measures variance explained not relative error magnitude.",k-2-3-1,medium,ai-generated,false,B,Mean Absolute Percentage Error (MAPE),true,2
q-2-3-13,TS2.3,mc,"A demand forecasting model predicts daily unit sales for 500 products. The business team wants to understand model error in percentage terms relative to actual sales so they can compare performance across products with very different sales volumes. A product selling 5 units and a product selling 5000 units should be evaluated on the same relative scale. Which metric is most appropriate?","MAPE (Mean Absolute Percentage Error) expresses prediction error as a percentage of actual values making it scale-invariant. A 10% error on a 5-unit product and a 10% error on a 5000-unit product represent the same relative performance. RMSE is in absolute units making comparisons across very different sales volumes misleading — a 50-unit error on a 5-unit product is catastrophic but minor on a 5000-unit product. MAE has the same scaling problem as RMSE. R-squared measures variance explained not relative error magnitude.",k-2-3-1,medium,ai-generated,false,C,Mean Absolute Error (MAE),false,3
q-2-3-13,TS2.3,mc,"A demand forecasting model predicts daily unit sales for 500 products. The business team wants to understand model error in percentage terms relative to actual sales so they can compare performance across products with very different sales volumes. A product selling 5 units and a product selling 5000 units should be evaluated on the same relative scale. Which metric is most appropriate?","MAPE (Mean Absolute Percentage Error) expresses prediction error as a percentage of actual values making it scale-invariant. A 10% error on a 5-unit product and a 10% error on a 5000-unit product represent the same relative performance. RMSE is in absolute units making comparisons across very different sales volumes misleading — a 50-unit error on a 5-unit product is catastrophic but minor on a 5000-unit product. MAE has the same scaling problem as RMSE. R-squared measures variance explained not relative error magnitude.",k-2-3-1,medium,ai-generated,false,D,R-squared (R²),false,4
q-2-3-14,TS2.3,mc,"A bank deploys a loan approval XGBoost model. Regulators require that for every rejected application the bank must provide a written explanation of which factors most strongly contributed to the rejection decision. The bank wants to generate these explanations using a SageMaker-native solution that integrates with their existing endpoint. Which SageMaker service provides individual prediction explanations?","SageMaker Clarify post-training explainability uses SHAP (SHapley Additive exPlanations) values to quantify each feature's contribution to a specific prediction. For each denied loan application Clarify can identify which features (debt-to-income ratio, credit score, employment history) most strongly influenced the rejection. SageMaker Debugger monitors training convergence and detects gradient issues but does not explain individual inference predictions. SageMaker Model Monitor detects data drift and quality degradation but does not explain predictions. SageMaker Experiments tracks training runs not deployment-time explanations.",k-2-3-4,medium,ai-generated,false,A,Amazon SageMaker Debugger with built-in rules for feature attribution,false,1
q-2-3-14,TS2.3,mc,"A bank deploys a loan approval XGBoost model. Regulators require that for every rejected application the bank must provide a written explanation of which factors most strongly contributed to the rejection decision. The bank wants to generate these explanations using a SageMaker-native solution that integrates with their existing endpoint. Which SageMaker service provides individual prediction explanations?","SageMaker Clarify post-training explainability uses SHAP (SHapley Additive exPlanations) values to quantify each feature's contribution to a specific prediction. For each denied loan application Clarify can identify which features (debt-to-income ratio, credit score, employment history) most strongly influenced the rejection. SageMaker Debugger monitors training convergence and detects gradient issues but does not explain individual inference predictions. SageMaker Model Monitor detects data drift and quality degradation but does not explain predictions. SageMaker Experiments tracks training runs not deployment-time explanations.",k-2-3-4,medium,ai-generated,false,B,Amazon SageMaker Clarify post-training explainability with SHAP values,true,2
q-2-3-14,TS2.3,mc,"A bank deploys a loan approval XGBoost model. Regulators require that for every rejected application the bank must provide a written explanation of which factors most strongly contributed to the rejection decision. The bank wants to integrate this using a SageMaker-native solution. Which SageMaker service provides individual prediction explanations?","SageMaker Clarify post-training explainability uses SHAP (SHapley Additive exPlanations) values to quantify each feature's contribution to a specific prediction. For each denied loan application Clarify can identify which features (debt-to-income ratio, credit score, employment history) most strongly influenced the rejection. SageMaker Debugger monitors training convergence and detects gradient issues but does not explain individual inference predictions. SageMaker Model Monitor detects data drift and quality degradation but does not explain predictions. SageMaker Experiments tracks training runs not deployment-time explanations.",k-2-3-4,medium,ai-generated,false,C,Amazon SageMaker Model Monitor with data quality baselines,false,3
q-2-3-14,TS2.3,mc,"A bank deploys a loan approval XGBoost model. Regulators require that for every rejected application the bank must provide a written explanation of which factors most strongly contributed to the rejection decision. The bank wants to integrate this using a SageMaker-native solution. Which SageMaker service provides individual prediction explanations?","SageMaker Clarify post-training explainability uses SHAP (SHapley Additive exPlanations) values to quantify each feature's contribution to a specific prediction. For each denied loan application Clarify can identify which features (debt-to-income ratio, credit score, employment history) most strongly influenced the rejection. SageMaker Debugger monitors training convergence and detects gradient issues but does not explain individual inference predictions. SageMaker Model Monitor detects data drift and quality degradation but does not explain predictions. SageMaker Experiments tracks training runs not deployment-time explanations.",k-2-3-4,medium,ai-generated,false,D,Amazon SageMaker Experiments with metric comparison across runs,false,4
q-2-3-15,TS2.3,mc,"A regression model predicts hospital patient length of stay in days. The model is evaluated on a test set and achieves R-squared of 0.45. A data scientist interprets this as the model explaining 45% of the variance in patient length of stay. Is this interpretation correct and what does it imply about the model?","R-squared of 0.45 means the model explains 45% of the variance in the target variable and 55% of the variance remains unexplained. The interpretation is correct. This indicates moderate predictive power — the model captures some patterns but a large portion of the variability in length of stay is driven by factors not captured in the feature set or by inherent randomness. For healthcare applications 0.45 R-squared would typically be considered insufficient. The model needs more informative features or a more complex architecture.",k-2-3-1,hard,ai-generated,false,A,Incorrect — R-squared of 0.45 means 45% of predictions are correct and 55% are wrong,false,1
q-2-3-15,TS2.3,mc,"A regression model predicts hospital patient length of stay in days. The model is evaluated on a test set and achieves R-squared of 0.45. A data scientist interprets this as the model explaining 45% of the variance in patient length of stay. Is this interpretation correct and what does it imply about the model?","R-squared of 0.45 means the model explains 45% of the variance in the target variable and 55% of the variance remains unexplained. The interpretation is correct. This indicates moderate predictive power — the model captures some patterns but a large portion of the variability in length of stay is driven by factors not captured in the feature set or by inherent randomness. For healthcare applications 0.45 R-squared would typically be considered insufficient. The model needs more informative features or a more complex architecture.",k-2-3-1,hard,ai-generated,false,B,Correct — R-squared of 0.45 means the model explains 45% of variance in patient length of stay and 55% remains unexplained by the model,true,2
q-2-3-15,TS2.3,mc,"A regression model predicts hospital patient length of stay in days. The model is evaluated on a test set and achieves R-squared of 0.45. A data scientist interprets this as the model explaining 45% of the variance in patient length of stay. Is this interpretation correct and what does it imply about the model?","R-squared of 0.45 means the model explains 45% of the variance in the target variable and 55% of the variance remains unexplained. The interpretation is correct. This indicates moderate predictive power — the model captures some patterns but a large portion of the variability in length of stay is driven by factors not captured in the feature set or by inherent randomness. For healthcare applications 0.45 R-squared would typically be considered insufficient. The model needs more informative features or a more complex architecture.",k-2-3-1,hard,ai-generated,false,C,Incorrect — R-squared of 0.45 is equivalent to 45% accuracy for regression tasks,false,3
q-2-3-15,TS2.3,mc,"A regression model predicts hospital patient length of stay in days. The model is evaluated on a test set and achieves R-squared of 0.45. A data scientist interprets this as the model explaining 45% of the variance in patient length of stay. Is this interpretation correct and what does it imply about the model?","R-squared of 0.45 means the model explains 45% of the variance in the target variable and 55% of the variance remains unexplained. The interpretation is correct. This indicates moderate predictive power — the model captures some patterns but a large portion of the variability in length of stay is driven by factors not captured in the feature set or by inherent randomness. For healthcare applications 0.45 R-squared would typically be considered insufficient. The model needs more informative features or a more complex architecture.",k-2-3-1,hard,ai-generated,false,D,Correct — R-squared of 0.45 means the model is 45% better than a baseline mean prediction,false,4
q-2-3-16,TS2.3,mc,"A company builds a content moderation model to classify social media posts as policy violations or compliant. The test set contains 95000 compliant posts and 5000 policy violations. The model achieves 97.2% accuracy but the policy team says it is missing too many real violations. A confusion matrix reveals: TP=1500, TN=94700, FP=300, FN=3500. What is the recall and what does it indicate?","Recall = TP / (TP + FN) = 1500 / (1500 + 3500) = 1500 / 5000 = 0.30 or 30%. The model is only catching 30% of actual policy violations — 70% of real violations are being missed (3500 false negatives out of 5000 actual violations). The high accuracy of 97.2% is misleading because the model is good at identifying the majority class (compliant) but poor at detecting the minority class (violations). The policy team is right to be concerned. This is the classic accuracy paradox on imbalanced datasets.",k-2-3-2,hard,ai-generated,false,A,Recall = 97.2% — the model performs well and the policy team's concern is unfounded,false,1
q-2-3-16,TS2.3,mc,"A company builds a content moderation model to classify social media posts as policy violations or compliant. The test set contains 95000 compliant posts and 5000 policy violations. The model achieves 97.2% accuracy but the policy team says it is missing too many real violations. A confusion matrix reveals: TP=1500, TN=94700, FP=300, FN=3500. What is the recall and what does it indicate?","Recall = TP / (TP + FN) = 1500 / (1500 + 3500) = 1500 / 5000 = 0.30 or 30%. The model is only catching 30% of actual policy violations — 70% of real violations are being missed (3500 false negatives out of 5000 actual violations). The high accuracy of 97.2% is misleading because the model is good at identifying the majority class (compliant) but poor at detecting the minority class (violations). The policy team is right to be concerned. This is the classic accuracy paradox on imbalanced datasets.",k-2-3-2,hard,ai-generated,false,B,Recall = 30% — the model is only catching 30% of actual violations and the policy team's concern is valid,true,2
q-2-3-16,TS2.3,mc,"A company builds a content moderation model to classify social media posts as policy violations or compliant. The test set contains 95000 compliant posts and 5000 policy violations. The model achieves 97.2% accuracy but the policy team says it is missing too many real violations. A confusion matrix reveals: TP=1500, TN=94700, FP=300, FN=3500. What is the recall and what does it indicate?","Recall = TP / (TP + FN) = 1500 / (1500 + 3500) = 1500 / 5000 = 0.30 or 30%. The model is only catching 30% of actual policy violations — 70% of real violations are being missed (3500 false negatives out of 5000 actual violations). The high accuracy of 97.2% is misleading because the model is good at identifying the majority class (compliant) but poor at detecting the minority class (violations). The policy team is right to be concerned. This is the classic accuracy paradox on imbalanced datasets.",k-2-3-2,hard,ai-generated,false,C,Recall = 83.3% — the model is catching 83.3% of violations and performing adequately,false,3
q-2-3-16,TS2.3,mc,"A company builds a content moderation model to classify social media posts as policy violations or compliant. The test set contains 95000 compliant posts and 5000 policy violations. The model achieves 97.2% accuracy but the policy team says it is missing too many real violations. A confusion matrix reveals: TP=1500, TN=94700, FP=300, FN=3500. What is the recall and what does it indicate?","Recall = TP / (TP + FN) = 1500 / (1500 + 3500) = 1500 / 5000 = 0.30 or 30%. The model is only catching 30% of actual policy violations — 70% of real violations are being missed (3500 false negatives out of 5000 actual violations). The high accuracy of 97.2% is misleading because the model is good at identifying the majority class (compliant) but poor at detecting the minority class (violations). The policy team is right to be concerned. This is the classic accuracy paradox on imbalanced datasets.",k-2-3-2,hard,ai-generated,false,D,Recall cannot be calculated without knowing the total number of predictions,false,4
q-2-3-17,TS2.3,mc,"A company uses SageMaker Clarify post-training explainability on their credit risk model. The SHAP analysis reveals that a feature called zip_code has the highest SHAP value across predictions — meaning the model weights zip code more than credit score, income, or debt level when making approval decisions. What should the ML engineer conclude and recommend?","A zip code feature with the highest SHAP value indicates the model has learned to use geography as a primary predictor. Since zip codes are correlated with race, ethnicity, and socioeconomic status this represents potential proxy discrimination — the model may be encoding demographic bias through a geographic variable. This should be investigated and likely remediated. The feature should either be removed or the model retrained with fairness constraints. High SHAP values do not automatically mean the feature is legitimate or that the model is working correctly.",k-2-3-4,hard,ai-generated,false,A,Zip code is a legitimate feature — high SHAP value confirms it is the most predictive feature for credit risk,false,1
q-2-3-17,TS2.3,mc,"A company uses SageMaker Clarify post-training explainability on their credit risk model. The SHAP analysis reveals that a feature called zip_code has the highest SHAP value across predictions — meaning the model weights zip code more than credit score, income, or debt level when making approval decisions. What should the ML engineer conclude and recommend?","A zip code feature with the highest SHAP value indicates the model has learned to use geography as a primary predictor. Since zip codes are correlated with race, ethnicity, and socioeconomic status this represents potential proxy discrimination — the model may be encoding demographic bias through a geographic variable. This should be investigated and likely remediated. The feature should either be removed or the model retrained with fairness constraints. High SHAP values do not automatically mean the feature is legitimate or that the model is working correctly.",k-2-3-4,hard,ai-generated,false,B,Zip code acting as the primary predictor is a potential fairness concern — zip codes correlate with demographics and may represent proxy discrimination,true,2
q-2-3-17,TS2.3,mc,"A company uses SageMaker Clarify post-training explainability on their credit risk model. The SHAP analysis reveals that a feature called zip_code has the highest SHAP value across predictions — meaning the model weights zip code more than credit score, income, or debt level when making approval decisions. What should the ML engineer conclude and recommend?","A zip code feature with the highest SHAP value indicates the model has learned to use geography as a primary predictor. Since zip codes are correlated with race, ethnicity, and socioeconomic status this represents potential proxy discrimination — the model may be encoding demographic bias through a geographic variable. This should be investigated and likely remediated. The feature should either be removed or the model retrained with fairness constraints. High SHAP values do not automatically mean the feature is legitimate or that the model is working correctly.",k-2-3-4,hard,ai-generated,false,C,The model needs more training data — high SHAP value for zip code indicates the other features lack sufficient signal,false,3
q-2-3-17,TS2.3,mc,"A company uses SageMaker Clarify post-training explainability on their credit risk model. The SHAP analysis reveals that a feature called zip_code has the highest SHAP value across predictions — meaning the model weights zip code more than credit score, income, or debt level when making approval decisions. What should the ML engineer conclude and recommend?","A zip code feature with the highest SHAP value indicates the model has learned to use geography as a primary predictor. Since zip codes are correlated with race, ethnicity, and socioeconomic status this represents potential proxy discrimination — the model may be encoding demographic bias through a geographic variable. This should be investigated and likely remediated. The feature should either be removed or the model retrained with fairness constraints. High SHAP values do not automatically mean the feature is legitimate or that the model is working correctly.",k-2-3-4,hard,ai-generated,false,D,SHAP values only measure statistical correlation — zip code being highest is expected and requires no action,false,4
q-2-3-18,TS2.3,mr,"An ML team evaluates a fraud detection model. The confusion matrix on the holdout test set shows: TP=850, TN=98500, FP=1500, FN=150. The team needs to report precision recall and F1 score. Which statements about these metrics are CORRECT? (Select THREE)","Precision = TP/(TP+FP) = 850/(850+1500) = 850/2350 = 0.362 or approximately 36.2%. Recall = TP/(TP+FN) = 850/(850+150) = 850/1000 = 0.85 or 85%. F1 = 2*(Precision*Recall)/(Precision+Recall) = 2*(0.362*0.85)/(0.362+0.85) = 2*0.308/1.212 = 0.508 or approximately 50.8%. The model has high recall (catches 85% of fraud) but low precision (many false alarms — 1500 legitimate transactions flagged). The F1 score of about 51% reflects this imbalance between precision and recall.",k-2-3-2,hard,ai-generated,false,A,Recall is approximately 85% — the model correctly identifies 85% of actual fraud cases,true,1
q-2-3-18,TS2.3,mr,"An ML team evaluates a fraud detection model. The confusion matrix on the holdout test set shows: TP=850, TN=98500, FP=1500, FN=150. The team needs to report precision recall and F1 score. Which statements about these metrics are CORRECT? (Select THREE)","Precision = TP/(TP+FP) = 850/(850+1500) = 850/2350 = 0.362 or approximately 36.2%. Recall = TP/(TP+FN) = 850/(850+150) = 850/1000 = 0.85 or 85%. F1 = 2*(Precision*Recall)/(Precision+Recall) = 2*(0.362*0.85)/(0.362+0.85) = 2*0.308/1.212 = 0.508 or approximately 50.8%. The model has high recall (catches 85% of fraud) but low precision (many false alarms — 1500 legitimate transactions flagged). The F1 score of about 51% reflects this imbalance between precision and recall.",k-2-3-2,hard,ai-generated,false,B,Precision is approximately 36% — only 36% of transactions flagged as fraud are actually fraudulent,true,2
q-2-3-18,TS2.3,mr,"An ML team evaluates a fraud detection model. The confusion matrix on the holdout test set shows: TP=850, TN=98500, FP=1500, FN=150. The team needs to report precision recall and F1 score. Which statements about these metrics are CORRECT? (Select THREE)","Precision = TP/(TP+FP) = 850/(850+1500) = 850/2350 = 0.362 or approximately 36.2%. Recall = TP/(TP+FN) = 850/(850+150) = 850/1000 = 0.85 or 85%. F1 = 2*(Precision*Recall)/(Precision+Recall) = 2*(0.362*0.85)/(0.362+0.85) = 2*0.308/1.212 = 0.508 or approximately 50.8%. The model has high recall (catches 85% of fraud) but low precision (many false alarms — 1500 legitimate transactions flagged). The F1 score of about 51% reflects this imbalance between precision and recall.",k-2-3-2,hard,ai-generated,false,C,The F1 score is approximately 51% reflecting the imbalance between high recall and low precision,true,3
q-2-3-18,TS2.3,mr,"An ML team evaluates a fraud detection model. The confusion matrix on the holdout test set shows: TP=850, TN=98500, FP=1500, FN=150. The team needs to report precision recall and F1 score. Which statements about these metrics are CORRECT? (Select THREE)","Precision = TP/(TP+FP) = 850/(850+1500) = 850/2350 = 0.362 or approximately 36.2%. Recall = TP/(TP+FN) = 850/(850+150) = 850/1000 = 0.85 or 85%. F1 = 2*(Precision*Recall)/(Precision+Recall) = 2*(0.362*0.85)/(0.362+0.85) = 2*0.308/1.212 = 0.508 or approximately 50.8%. The model has high recall (catches 85% of fraud) but low precision (many false alarms — 1500 legitimate transactions flagged). The F1 score of about 51% reflects this imbalance between precision and recall.",k-2-3-2,hard,ai-generated,false,D,Precision is approximately 85% — the model rarely triggers false fraud alerts,false,4
q-2-3-18,TS2.3,mr,"An ML team evaluates a fraud detection model. The confusion matrix on the holdout test set shows: TP=850, TN=98500, FP=1500, FN=150. The team needs to report precision recall and F1 score. Which statements about these metrics are CORRECT? (Select THREE)","Precision = TP/(TP+FP) = 850/(850+1500) = 850/2350 = 0.362 or approximately 36.2%. Recall = TP/(TP+FN) = 850/(850+150) = 850/1000 = 0.85 or 85%. F1 = 2*(Precision*Recall)/(Precision+Recall) = 2*(0.362*0.85)/(0.362+0.85) = 2*0.308/1.212 = 0.508 or approximately 50.8%. The model has high recall (catches 85% of fraud) but low precision (many false alarms — 1500 legitimate transactions flagged). The F1 score of about 51% reflects this imbalance between precision and recall.",k-2-3-2,hard,ai-generated,false,E,Recall is approximately 36% — the model misses most actual fraud cases,false,5
q-2-3-19,TS2.3,mc,"An ML team builds a sentiment analysis model achieving 89% test accuracy. They release it and notice the model consistently misclassifies mixed-sentiment reviews containing both positive and negative phrases. SageMaker Debugger shows no gradient issues during training. The confusion matrix shows high true negatives and true positives but many mixed reviews (labeled neutral) are classified as either positive or negative. What is the most likely root cause?","The model was trained predominantly on clearly positive and clearly negative reviews with few neutral mixed-sentiment examples. The model learned to strongly classify one way or the other but never learned the nuanced mixed sentiment pattern. This is a training data distribution problem — the model cannot generalize to a category underrepresented in training. The solution is to collect more labeled examples of mixed-sentiment reviews and retrain. This is not an overfitting problem (which would show training-validation gap). Debugger shows no gradient issues so architecture is not the problem.",k-2-3-3|k-2-3-4,hard,ai-generated,false,A,The model is overfitting — apply stronger L2 regularization and add dropout layers,false,1
q-2-3-19,TS2.3,mc,"An ML team builds a sentiment analysis model achieving 89% test accuracy. They release it and notice the model consistently misclassifies mixed-sentiment reviews containing both positive and negative phrases. SageMaker Debugger shows no gradient issues during training. The confusion matrix shows high true negatives and true positives but many mixed reviews (labeled neutral) are classified as either positive or negative. What is the most likely root cause?","The model was trained predominantly on clearly positive and clearly negative reviews with few neutral mixed-sentiment examples. The model learned to strongly classify one way or the other but never learned the nuanced mixed sentiment pattern. This is a training data distribution problem — the model cannot generalize to a category underrepresented in training. The solution is to collect more labeled examples of mixed-sentiment reviews and retrain. This is not an overfitting problem (which would show training-validation gap). Debugger shows no gradient issues so architecture is not the problem.",k-2-3-3|k-2-3-4,hard,ai-generated,false,B,The training data contains too few neutral mixed-sentiment examples — the model never learned to distinguish mixed sentiment,true,2
q-2-3-19,TS2.3,mc,"An ML team builds a sentiment analysis model achieving 89% test accuracy. They release it and notice the model consistently misclassifies mixed-sentiment reviews containing both positive and negative phrases. SageMaker Debugger shows no gradient issues during training. The confusion matrix shows high true negatives and true positives but many mixed reviews (labeled neutral) are classified as either positive or negative. What is the most likely root cause?","The model was trained predominantly on clearly positive and clearly negative reviews with few neutral mixed-sentiment examples. The model learned to strongly classify one way or the other but never learned the nuanced mixed sentiment pattern. This is a training data distribution problem — the model cannot generalize to a category underrepresented in training. The solution is to collect more labeled examples of mixed-sentiment reviews and retrain. This is not an overfitting problem (which would show training-validation gap). Debugger shows no gradient issues so architecture is not the problem.",k-2-3-3|k-2-3-4,hard,ai-generated,false,C,The model architecture is too small — increase the number of transformer layers,false,3
q-2-3-19,TS2.3,mc,"An ML team builds a sentiment analysis model achieving 89% test accuracy. They release it and notice the model consistently misclassifies mixed-sentiment reviews containing both positive and negative phrases. SageMaker Debugger shows no gradient issues during training. The confusion matrix shows high true negatives and true positives but many mixed reviews (labeled neutral) are classified as either positive or negative. What is the most likely root cause?","The model was trained predominantly on clearly positive and clearly negative reviews with few neutral mixed-sentiment examples. The model learned to strongly classify one way or the other but never learned the nuanced mixed sentiment pattern. This is a training data distribution problem — the model cannot generalize to a category underrepresented in training. The solution is to collect more labeled examples of mixed-sentiment reviews and retrain. This is not an overfitting problem (which would show training-validation gap). Debugger shows no gradient issues so architecture is not the problem.",k-2-3-3|k-2-3-4,hard,ai-generated,false,D,SageMaker Debugger found vanishing gradients — switch to ReLU activations and batch normalization,false,4
q-2-3-20,TS2.3,mc,"A healthcare company wants to deploy a new cancer detection model to production. The new model has a higher AUC-ROC than the current model. Before exposing any patient to the new model the team wants to verify it performs well against real clinical data without any patient impact. Once validated they want to measure patient outcomes under both models. What is the correct two-phase testing sequence?","The correct sequence is shadow testing first then A/B testing. Shadow testing allows the new model to process real clinical data in parallel with the production model with zero patient impact — outputs are logged and compared. Once the team confirms the new model performs well on real data they move to A/B testing where actual patient cases are allocated to both models to measure clinical outcomes. Going straight to A/B testing without shadow validation exposes patients to an unvalidated model. Offline backtesting uses historical data not current real-world data.",s-2-3-1,hard,ai-generated,false,A,Start with A/B testing to measure patient outcomes immediately then use shadow testing if results are concerning,false,1
q-2-3-20,TS2.3,mc,"A healthcare company wants to deploy a new cancer detection model to production. The new model has a higher AUC-ROC than the current model. Before exposing any patient to the new model the team wants to verify it performs well against real clinical data without any patient impact. Once validated they want to measure patient outcomes under both models. What is the correct two-phase testing sequence?","The correct sequence is shadow testing first then A/B testing. Shadow testing allows the new model to process real clinical data in parallel with the production model with zero patient impact — outputs are logged and compared. Once the team confirms the new model performs well on real data they move to A/B testing where actual patient cases are allocated to both models to measure clinical outcomes. Going straight to A/B testing without shadow validation exposes patients to an unvalidated model. Offline backtesting uses historical data not current real-world data.",s-2-3-1,hard,ai-generated,false,B,Shadow testing first to validate against real data with no patient impact then A/B testing to measure actual clinical outcomes,true,2
q-2-3-20,TS2.3,mc,"A healthcare company wants to deploy a new cancer detection model to production. The new model has a higher AUC-ROC than the current model. Before exposing any patient to the new model the team wants to verify it performs well against real clinical data without any patient impact. Once validated they want to measure patient outcomes under both models. What is the correct two-phase testing sequence?","The correct sequence is shadow testing first then A/B testing. Shadow testing allows the new model to process real clinical data in parallel with the production model with zero patient impact — outputs are logged and compared. Once the team confirms the new model performs well on real data they move to A/B testing where actual patient cases are allocated to both models to measure clinical outcomes. Going straight to A/B testing without shadow validation exposes patients to an unvalidated model. Offline backtesting uses historical data not current real-world data.",s-2-3-1,hard,ai-generated,false,C,Offline backtesting on historical patient records first then Blue/Green deployment to switch all patients to the new model,false,3
q-2-3-20,TS2.3,mc,"A healthcare company wants to deploy a new cancer detection model to production. The new model has a higher AUC-ROC than the current model. Before exposing any patient to the new model the team wants to verify it performs well against real clinical data without any patient impact. Once validated they want to measure patient outcomes under both models. What is the correct two-phase testing sequence?","The correct sequence is shadow testing first then A/B testing. Shadow testing allows the new model to process real clinical data in parallel with the production model with zero patient impact — outputs are logged and compared. Once the team confirms the new model performs well on real data they move to A/B testing where actual patient cases are allocated to both models to measure clinical outcomes. Going straight to A/B testing without shadow validation exposes patients to an unvalidated model. Offline backtesting uses historical data not current real-world data.",s-2-3-1,hard,ai-generated,false,D,Skip shadow testing since the new model has higher AUC-ROC and go directly to full production deployment,false,4
q-2-3-21,TS2.3,matching,"Match each evaluation metric to its primary use case.","RMSE penalizes large errors in same unit as target. MAPE is scale-invariant percentage for cross-product comparison. Precision minimizes false positives. Recall minimizes false negatives. AUC-ROC compares models threshold-independently. These five are the core performance metric choices tested.",k-2-3-1|k-2-3-2,hard,ai-generated,false,L1,Predict house prices and penalize large prediction errors more heavily than small ones,R1,1
q-2-3-21,TS2.3,matching,"Match each evaluation metric to its primary use case.","RMSE penalizes large errors in same unit as target. MAPE is scale-invariant percentage for cross-product comparison. Precision minimizes false positives. Recall minimizes false negatives. AUC-ROC compares models threshold-independently. These five are the core performance metric choices tested.",k-2-3-1|k-2-3-2,hard,ai-generated,false,L2,Compare forecast error across 500 products with very different sales volumes on a relative scale,R2,2
q-2-3-21,TS2.3,matching,"Match each evaluation metric to its primary use case.","RMSE penalizes large errors in same unit as target. MAPE is scale-invariant percentage for cross-product comparison. Precision minimizes false positives. Recall minimizes false negatives. AUC-ROC compares models threshold-independently. These five are the core performance metric choices tested.",k-2-3-1|k-2-3-2,hard,ai-generated,false,L3,Minimize false alarms in a spam filter so legitimate emails are never flagged,R3,3
q-2-3-21,TS2.3,matching,"Match each evaluation metric to its primary use case.","RMSE penalizes large errors in same unit as target. MAPE is scale-invariant percentage for cross-product comparison. Precision minimizes false positives. Recall minimizes false negatives. AUC-ROC compares models threshold-independently. These five are the core performance metric choices tested.",k-2-3-1|k-2-3-2,hard,ai-generated,false,L4,Minimize missed cancer diagnoses where false negatives are the most costly error,R4,4
q-2-3-21,TS2.3,matching,"Match each evaluation metric to its primary use case.","RMSE penalizes large errors in same unit as target. MAPE is scale-invariant percentage for cross-product comparison. Precision minimizes false positives. Recall minimizes false negatives. AUC-ROC compares models threshold-independently. These five are the core performance metric choices tested.",k-2-3-1|k-2-3-2,hard,ai-generated,false,L5,Compare two binary classifiers overall without committing to a specific classification threshold,R5,5
q-2-3-21,TS2.3,matching,"Match each evaluation metric to its primary use case.","RMSE penalizes large errors in same unit as target. MAPE is scale-invariant percentage for cross-product comparison. Precision minimizes false positives. Recall minimizes false negatives. AUC-ROC compares models threshold-independently. These five are the core performance metric choices tested.",k-2-3-1|k-2-3-2,hard,ai-generated,false,R1,RMSE — same units as target penalizes large errors heavily,,6
q-2-3-21,TS2.3,matching,"Match each evaluation metric to its primary use case.","RMSE penalizes large errors in same unit as target. MAPE is scale-invariant percentage for cross-product comparison. Precision minimizes false positives. Recall minimizes false negatives. AUC-ROC compares models threshold-independently. These five are the core performance metric choices tested.",k-2-3-1|k-2-3-2,hard,ai-generated,false,R2,MAPE — scale-invariant percentage error for cross-product comparison,,7
q-2-3-21,TS2.3,matching,"Match each evaluation metric to its primary use case.","RMSE penalizes large errors in same unit as target. MAPE is scale-invariant percentage for cross-product comparison. Precision minimizes false positives. Recall minimizes false negatives. AUC-ROC compares models threshold-independently. These five are the core performance metric choices tested.",k-2-3-1|k-2-3-2,hard,ai-generated,false,R3,Precision — minimizes false positives,,8
q-2-3-21,TS2.3,matching,"Match each evaluation metric to its primary use case.","RMSE penalizes large errors in same unit as target. MAPE is scale-invariant percentage for cross-product comparison. Precision minimizes false positives. Recall minimizes false negatives. AUC-ROC compares models threshold-independently. These five are the core performance metric choices tested.",k-2-3-1|k-2-3-2,hard,ai-generated,false,R4,Recall — minimizes false negatives,,9
q-2-3-21,TS2.3,matching,"Match each evaluation metric to its primary use case.","RMSE penalizes large errors in same unit as target. MAPE is scale-invariant percentage for cross-product comparison. Precision minimizes false positives. Recall minimizes false negatives. AUC-ROC compares models threshold-independently. These five are the core performance metric choices tested.",k-2-3-1|k-2-3-2,hard,ai-generated,false,R5,AUC-ROC — threshold-independent overall discrimination,,10
q-2-3-22,TS2.3,matching,"Match each model testing scenario to the correct deployment strategy.","Shadow testing = zero user impact validation. A/B testing = real user business metric measurement. Blue/Green = instant full traffic switch with rollback. Canary = gradual traffic ramp on new version. These four deployment strategies are the most tested in this area.",s-2-3-1,hard,ai-generated,false,L1,Validate a new recommendation model against real production traffic with absolutely no user impact,R1,1
q-2-3-22,TS2.3,matching,"Match each model testing scenario to the correct deployment strategy.","Shadow testing = zero user impact validation. A/B testing = real user business metric measurement. Blue/Green = instant full traffic switch with rollback. Canary = gradual traffic ramp on new version. These four deployment strategies are the most tested in this area.",s-2-3-1,hard,ai-generated,false,L2,Measure actual click-through rate differences between old and new recommendation models using live users,R2,2
q-2-3-22,TS2.3,matching,"Match each model testing scenario to the correct deployment strategy.","Shadow testing = zero user impact validation. A/B testing = real user business metric measurement. Blue/Green = instant full traffic switch with rollback. Canary = gradual traffic ramp on new version. These four deployment strategies are the most tested in this area.",s-2-3-1,hard,ai-generated,false,L3,Replace the old model with the new model all at once while keeping instant rollback capability,R3,3
q-2-3-22,TS2.3,matching,"Match each model testing scenario to the correct deployment strategy.","Shadow testing = zero user impact validation. A/B testing = real user business metric measurement. Blue/Green = instant full traffic switch with rollback. Canary = gradual traffic ramp on new version. These four deployment strategies are the most tested in this area.",s-2-3-1,hard,ai-generated,false,L4,Route 5% of real user traffic to the new model and gradually increase if performance metrics are healthy,R4,4
q-2-3-22,TS2.3,matching,"Match each model testing scenario to the correct deployment strategy.","Shadow testing = zero user impact validation. A/B testing = real user business metric measurement. Blue/Green = instant full traffic switch with rollback. Canary = gradual traffic ramp on new version. These four deployment strategies are the most tested in this area.",s-2-3-1,hard,ai-generated,false,R1,Shadow testing,,5
q-2-3-22,TS2.3,matching,"Match each model testing scenario to the correct deployment strategy.","Shadow testing = zero user impact validation. A/B testing = real user business metric measurement. Blue/Green = instant full traffic switch with rollback. Canary = gradual traffic ramp on new version. These four deployment strategies are the most tested in this area.",s-2-3-1,hard,ai-generated,false,R2,A/B testing (production variants),,6
q-2-3-22,TS2.3,matching,"Match each model testing scenario to the correct deployment strategy.","Shadow testing = zero user impact validation. A/B testing = real user business metric measurement. Blue/Green = instant full traffic switch with rollback. Canary = gradual traffic ramp on new version. These four deployment strategies are the most tested in this area.",s-2-3-1,hard,ai-generated,false,R3,Blue/Green deployment,,7
q-2-3-22,TS2.3,matching,"Match each model testing scenario to the correct deployment strategy.","Shadow testing = zero user impact validation. A/B testing = real user business metric measurement. Blue/Green = instant full traffic switch with rollback. Canary = gradual traffic ramp on new version. These four deployment strategies are the most tested in this area.",s-2-3-1,hard,ai-generated,false,R4,Canary deployment,,8
q-2-3-23,TS2.3,mc,"A company builds a real-time loan approval model deployed to a SageMaker endpoint. A regulatory audit requires the company to demonstrate that the model does not produce biased outcomes against specific demographic groups after deployment and that the bias measurements are tracked over time. Which SageMaker solution provides ongoing post-deployment bias monitoring?","SageMaker Model Monitor with the Bias Drift Monitor (powered by Clarify) specifically tracks fairness metrics like Class Imbalance and DPL across production inference traffic over time. It compares live predictions against a bias baseline computed from the original training data. SageMaker Debugger monitors training runs and cannot run on deployed production endpoints. Standard Data Quality Monitor tracks feature distribution not demographic fairness metrics. SageMaker Experiments tracks training runs not production predictions.",k-2-3-4,hard,ai-generated,false,A,SageMaker Debugger with custom bias detection rules on the production endpoint,false,1
q-2-3-23,TS2.3,mc,"A company builds a real-time loan approval model deployed to a SageMaker endpoint. A regulatory audit requires the company to demonstrate that the model does not produce biased outcomes against specific demographic groups after deployment and that the bias measurements are tracked over time. Which SageMaker solution provides ongoing post-deployment bias monitoring?","SageMaker Model Monitor with the Bias Drift Monitor (powered by Clarify) specifically tracks fairness metrics like Class Imbalance and DPL across production inference traffic over time. It compares live predictions against a bias baseline computed from the original training data. SageMaker Debugger monitors training runs and cannot run on deployed production endpoints. Standard Data Quality Monitor tracks feature distribution not demographic fairness metrics. SageMaker Experiments tracks training runs not production predictions.",k-2-3-4,hard,ai-generated,false,B,SageMaker Model Monitor with the Bias Drift Monitor to track fairness metrics on production inference traffic,true,2
q-2-3-23,TS2.3,mc,"A company builds a real-time loan approval model deployed to a SageMaker endpoint. A regulatory audit requires the company to demonstrate that the model does not produce biased outcomes against specific demographic groups after deployment and that the bias measurements are tracked over time. Which SageMaker solution provides ongoing post-deployment bias monitoring?","SageMaker Model Monitor with the Bias Drift Monitor (powered by Clarify) specifically tracks fairness metrics like Class Imbalance and DPL across production inference traffic over time. It compares live predictions against a bias baseline computed from the original training data. SageMaker Debugger monitors training runs and cannot run on deployed production endpoints. Standard Data Quality Monitor tracks feature distribution not demographic fairness metrics. SageMaker Experiments tracks training runs not production predictions.",k-2-3-4,hard,ai-generated,false,C,SageMaker Model Monitor Data Quality Monitor to track feature completeness on the endpoint,false,3
q-2-3-23,TS2.3,mc,"A company builds a real-time loan approval model deployed to a SageMaker endpoint. A regulatory audit requires the company to demonstrate that the model does not produce biased outcomes against specific demographic groups after deployment and that the bias measurements are tracked over time. Which SageMaker solution provides ongoing post-deployment bias monitoring?","SageMaker Model Monitor with the Bias Drift Monitor (powered by Clarify) specifically tracks fairness metrics like Class Imbalance and DPL across production inference traffic over time. It compares live predictions against a bias baseline computed from the original training data. SageMaker Debugger monitors training runs and cannot run on deployed production endpoints. Standard Data Quality Monitor tracks feature distribution not demographic fairness metrics. SageMaker Experiments tracks training runs not production predictions.",k-2-3-4,hard,ai-generated,false,D,SageMaker Experiments to log prediction outcomes per demographic group,false,4
q-2-3-24,TS2.3,mc,"An ML engineer is analyzing the performance of a demand forecasting model. The model achieves MAE of 45 units and RMSE of 180 units on the test set. The large gap between MAE and RMSE indicates which data characteristic and what should the engineer investigate?","RMSE penalizes large errors by squaring them before averaging. When RMSE is much larger than MAE it means the model is making a few very large prediction errors on specific examples — outliers in prediction quality. The average error is 45 units (MAE) but some predictions are off by much more (driving RMSE to 180). The engineer should examine the specific products or time periods where the model makes the largest errors. These outliers may indicate missing features or different demand patterns for certain product categories.",k-2-3-1,hard,ai-generated,false,A,The model is underfitting — RMSE higher than MAE confirms the model needs more complexity,false,1
q-2-3-24,TS2.3,mc,"An ML engineer is analyzing the performance of a demand forecasting model. The model achieves MAE of 45 units and RMSE of 180 units on the test set. The large gap between MAE and RMSE indicates which data characteristic and what should the engineer investigate?","RMSE penalizes large errors by squaring them before averaging. When RMSE is much larger than MAE it means the model is making a few very large prediction errors on specific examples — outliers in prediction quality. The average error is 45 units (MAE) but some predictions are off by much more (driving RMSE to 180). The engineer should examine the specific products or time periods where the model makes the largest errors. These outliers may indicate missing features or different demand patterns for certain product categories.",k-2-3-1,hard,ai-generated,false,B,The model makes a few very large prediction errors on specific products — the gap indicates prediction outliers that warrant investigation,true,2
q-2-3-24,TS2.3,mc,"An ML engineer is analyzing the performance of a demand forecasting model. The model achieves MAE of 45 units and RMSE of 180 units on the test set. The large gap between MAE and RMSE indicates which data characteristic and what should the engineer investigate?","RMSE penalizes large errors by squaring them before averaging. When RMSE is much larger than MAE it means the model is making a few very large prediction errors on specific examples — outliers in prediction quality. The average error is 45 units (MAE) but some predictions are off by much more (driving RMSE to 180). The engineer should examine the specific products or time periods where the model makes the largest errors. These outliers may indicate missing features or different demand patterns for certain product categories.",k-2-3-1,hard,ai-generated,false,C,The test set has a data quality issue — MAE and RMSE should always be within 10% of each other for a valid evaluation,false,3
q-2-3-24,TS2.3,mc,"An ML engineer is analyzing the performance of a demand forecasting model. The model achieves MAE of 45 units and RMSE of 180 units on the test set. The large gap between MAE and RMSE indicates which data characteristic and what should the engineer investigate?","RMSE penalizes large errors by squaring them before averaging. When RMSE is much larger than MAE it means the model is making a few very large prediction errors on specific examples — outliers in prediction quality. The average error is 45 units (MAE) but some predictions are off by much more (driving RMSE to 180). The engineer should examine the specific products or time periods where the model makes the largest errors. These outliers may indicate missing features or different demand patterns for certain product categories.",k-2-3-1,hard,ai-generated,false,D,The model has high variance — RMSE larger than MAE always indicates overfitting that requires regularization,false,4
q-2-3-25,TS2.3,mc,"A company wants to use SageMaker Clarify to understand why their XGBoost model approves or denies individual mortgage applications. The ML engineer runs Clarify explainability and receives SHAP values for each feature. The output shows that for a specific application that was denied the feature annual_income has a SHAP value of -0.35. What does this mean?","A SHAP value of -0.35 for annual_income on this specific denied application means that the annual_income feature decreased the probability of approval by 0.35 in this prediction. Negative SHAP values push predictions toward denial (negative class). The magnitude 0.35 indicates how much this feature contributed. SHAP values are local (specific to one prediction) not global feature importances. They can be positive (push toward positive outcome) or negative (push toward denial).",k-2-3-4,hard,ai-generated,false,A,Annual income increased the probability of approval by 35% for this application,false,1
q-2-3-25,TS2.3,mc,"A company wants to use SageMaker Clarify to understand why their XGBoost model approves or denies individual mortgage applications. The ML engineer runs Clarify explainability and receives SHAP values for each feature. The output shows that for a specific application that was denied the feature annual_income has a SHAP value of -0.35. What does this mean?","A SHAP value of -0.35 for annual_income on this specific denied application means that the annual_income feature decreased the probability of approval by 0.35 in this prediction. Negative SHAP values push predictions toward denial (negative class). The magnitude 0.35 indicates how much this feature contributed. SHAP values are local (specific to one prediction) not global feature importances. They can be positive (push toward positive outcome) or negative (push toward denial).",k-2-3-4,hard,ai-generated,false,B,Annual income decreased the probability of approval by 0.35 for this specific denied application,true,2
q-2-3-25,TS2.3,mc,"A company wants to use SageMaker Clarify to understand why their XGBoost model approves or denies individual mortgage applications. The ML engineer runs Clarify explainability and receives SHAP values for each feature. The output shows that for a specific application that was denied the feature annual_income has a SHAP value of -0.35. What does this mean?","A SHAP value of -0.35 for annual_income on this specific denied application means that the annual_income feature decreased the probability of approval by 0.35 in this prediction. Negative SHAP values push predictions toward denial (negative class). The magnitude 0.35 indicates how much this feature contributed. SHAP values are local (specific to one prediction) not global feature importances. They can be positive (push toward positive outcome) or negative (push toward denial).",k-2-3-4,hard,ai-generated,false,C,Annual income is the 35th most important feature globally across all model predictions,false,3
q-2-3-25,TS2.3,mc,"A company wants to use SageMaker Clarify to understand why their XGBoost model approves or denies individual mortgage applications. The ML engineer runs Clarify explainability and receives SHAP values for each feature. The output shows that for a specific application that was denied the feature annual_income has a SHAP value of -0.35. What does this mean?","A SHAP value of -0.35 for annual_income on this specific denied application means that the annual_income feature decreased the probability of approval by 0.35 in this prediction. Negative SHAP values push predictions toward denial (negative class). The magnitude 0.35 indicates how much this feature contributed. SHAP values are local (specific to one prediction) not global feature importances. They can be positive (push toward positive outcome) or negative (push toward denial).",k-2-3-4,hard,ai-generated,false,D,Annual income is negatively correlated with approval across all applications in the training set,false,4
q-2-3-26,TS2.3,mc,"An ML engineer evaluates three regression models for predicting energy consumption: Model A has RMSE=120 and R-squared=0.88. Model B has RMSE=85 and R-squared=0.71. Model C has RMSE=145 and R-squared=0.93. The team wants the model that explains the most variance in energy consumption for reporting to stakeholders even if it makes some larger individual errors. Which model should be selected for this purpose?","Model C has the highest R-squared of 0.93 meaning it explains 93% of the variance in energy consumption — the best among the three for communicating overall model fit to stakeholders. Although it has the highest RMSE (145) meaning individual predictions can be less accurate the requirement specifically asks for the model that best explains variance for stakeholder reporting. R-squared is the appropriate metric for this communication purpose. Model A has lower RMSE but explains only 88% of variance. Model B explains only 71% of variance.",k-2-3-1,hard,ai-generated,false,A,Model A — lowest balanced combination of RMSE and R-squared,false,1
q-2-3-26,TS2.3,mc,"An ML engineer evaluates three regression models for predicting energy consumption: Model A has RMSE=120 and R-squared=0.88. Model B has RMSE=85 and R-squared=0.71. Model C has RMSE=145 and R-squared=0.93. The team wants the model that explains the most variance in energy consumption for reporting to stakeholders even if it makes some larger individual errors. Which model should be selected for this purpose?","Model C has the highest R-squared of 0.93 meaning it explains 93% of the variance in energy consumption — the best among the three for communicating overall model fit to stakeholders. Although it has the highest RMSE (145) meaning individual predictions can be less accurate the requirement specifically asks for the model that best explains variance for stakeholder reporting. R-squared is the appropriate metric for this communication purpose. Model A has lower RMSE but explains only 88% of variance. Model B explains only 71% of variance.",k-2-3-1,hard,ai-generated,false,B,Model B — lowest RMSE means most accurate individual predictions,false,2
q-2-3-26,TS2.3,mc,"An ML engineer evaluates three regression models for predicting energy consumption: Model A has RMSE=120 and R-squared=0.88. Model B has RMSE=85 and R-squared=0.71. Model C has RMSE=145 and R-squared=0.93. The team wants the model that explains the most variance in energy consumption for reporting to stakeholders even if it makes some larger individual errors. Which model should be selected for this purpose?","Model C has the highest R-squared of 0.93 meaning it explains 93% of the variance in energy consumption — the best among the three for communicating overall model fit to stakeholders. Although it has the highest RMSE (145) meaning individual predictions can be less accurate the requirement specifically asks for the model that best explains variance for stakeholder reporting. R-squared is the appropriate metric for this communication purpose. Model A has lower RMSE but explains only 88% of variance. Model B explains only 71% of variance.",k-2-3-1,hard,ai-generated,false,C,Model C — highest R-squared of 0.93 explains the most variance in energy consumption,true,3
q-2-3-26,TS2.3,mc,"An ML engineer evaluates three regression models for predicting energy consumption: Model A has RMSE=120 and R-squared=0.88. Model B has RMSE=85 and R-squared=0.71. Model C has RMSE=145 and R-squared=0.93. The team wants the model that explains the most variance in energy consumption for reporting to stakeholders even if it makes some larger individual errors. Which model should be selected for this purpose?","Model C has the highest R-squared of 0.93 meaning it explains 93% of the variance in energy consumption — the best among the three for communicating overall model fit to stakeholders. Although it has the highest RMSE (145) meaning individual predictions can be less accurate the requirement specifically asks for the model that best explains variance for stakeholder reporting. R-squared is the appropriate metric for this communication purpose. Model A has lower RMSE but explains only 88% of variance. Model B explains only 71% of variance.",k-2-3-1,hard,ai-generated,false,D,All three models should be reported to stakeholders since no single metric captures full performance,false,4
q-2-3-27,TS2.3,mc,"A team trains a neural network on patient clinical data to predict readmission risk. The network has 12 hidden layers and 50 million parameters trained on 8000 patient records. The validation loss starts increasing significantly after epoch 5 while training loss continues decreasing steadily. SageMaker Debugger reports no gradient issues. What is the most accurate description of what is happening and what should be done?","This is textbook overfitting — the model (50M parameters) has far more capacity than the training data (8000 records) can support. The model memorizes training patterns including noise at the expense of generalizable features. The growing gap between training and validation loss confirms this. With 12 layers and 50M parameters for only 8000 records the model is massively overparameterized. Solutions include: reduce model size significantly, add strong dropout and L2 regularization, collect more training data, and implement early stopping at epoch 5.",k-2-3-3,hard,ai-generated,false,A,Underfitting — 50 million parameters are insufficient for complex patient data,false,1
q-2-3-27,TS2.3,mc,"A team trains a neural network on patient clinical data to predict readmission risk. The network has 12 hidden layers and 50 million parameters trained on 8000 patient records. The validation loss starts increasing significantly after epoch 5 while training loss continues decreasing steadily. SageMaker Debugger reports no gradient issues. What is the most accurate description of what is happening and what should be done?","This is textbook overfitting — the model (50M parameters) has far more capacity than the training data (8000 records) can support. The model memorizes training patterns including noise at the expense of generalizable features. The growing gap between training and validation loss confirms this. With 12 layers and 50M parameters for only 8000 records the model is massively overparameterized. Solutions include: reduce model size significantly, add strong dropout and L2 regularization, collect more training data, and implement early stopping at epoch 5.",k-2-3-3,hard,ai-generated,false,B,Overfitting — a 50 million parameter model on 8000 records is massively overparameterized and memorizing training data,true,2
q-2-3-27,TS2.3,mc,"A team trains a neural network on patient clinical data to predict readmission risk. The network has 12 hidden layers and 50 million parameters trained on 8000 patient records. The validation loss starts increasing significantly after epoch 5 while training loss continues decreasing steadily. SageMaker Debugger reports no gradient issues. What is the most accurate description of what is happening and what should be done?","This is textbook overfitting — the model (50M parameters) has far more capacity than the training data (8000 records) can support. The model memorizes training patterns including noise at the expense of generalizable features. The growing gap between training and validation loss confirms this. With 12 layers and 50M parameters for only 8000 records the model is massively overparameterized. Solutions include: reduce model size significantly, add strong dropout and L2 regularization, collect more training data, and implement early stopping at epoch 5.",k-2-3-3,hard,ai-generated,false,C,Good training convergence — validation loss increasing slightly after epoch 5 is normal behavior,false,3
q-2-3-27,TS2.3,mc,"A team trains a neural network on patient clinical data to predict readmission risk. The network has 12 hidden layers and 50 million parameters trained on 8000 patient records. The validation loss starts increasing significantly after epoch 5 while training loss continues decreasing steadily. SageMaker Debugger reports no gradient issues. What is the most accurate description of what is happening and what should be done?","This is textbook overfitting — the model (50M parameters) has far more capacity than the training data (8000 records) can support. The model memorizes training patterns including noise at the expense of generalizable features. The growing gap between training and validation loss confirms this. With 12 layers and 50M parameters for only 8000 records the model is massively overparameterized. Solutions include: reduce model size significantly, add strong dropout and L2 regularization, collect more training data, and implement early stopping at epoch 5.",k-2-3-3,hard,ai-generated,false,D,Class imbalance — hospital readmissions are rare which is causing the validation metric to degrade,false,4
q-2-3-28,TS2.3,mr,"An ML engineer is evaluating model performance for four different business problems and must choose the most appropriate primary evaluation metric for each. Problem 1: predict customer lifetime value in dollars and minimize large forecast errors. Problem 2: detect rare equipment failures where missing a failure is catastrophic. Problem 3: flag social media accounts as bots and avoid incorrectly suspending real users. Problem 4: compare two ad click-through prediction models at all possible decision thresholds. Which FOUR metric choices are correct? (Select FOUR)","RMSE is correct for problem 1 — it is in dollars and penalizes large CLV prediction errors heavily. Recall is correct for problem 2 — maximizing recall minimizes missed equipment failures (false negatives). Precision is correct for problem 3 — maximizing precision minimizes incorrectly suspended real users (false positives). AUC-ROC is correct for problem 4 — it compares models across all thresholds threshold-independently. F1 would balance precision and recall for problem 3 but precision specifically minimizes false positives which is the stated requirement.",k-2-3-1|k-2-3-2,hard,ai-generated,false,A,RMSE for predicting customer lifetime value in dollars,true,1
q-2-3-28,TS2.3,mr,"An ML engineer is evaluating model performance for four different business problems and must choose the most appropriate primary evaluation metric for each. Problem 1: predict customer lifetime value in dollars and minimize large forecast errors. Problem 2: detect rare equipment failures where missing a failure is catastrophic. Problem 3: flag social media accounts as bots and avoid incorrectly suspending real users. Problem 4: compare two ad click-through prediction models at all possible decision thresholds. Which FOUR metric choices are correct? (Select FOUR)","RMSE is correct for problem 1 — it is in dollars and penalizes large CLV prediction errors heavily. Recall is correct for problem 2 — maximizing recall minimizes missed equipment failures (false negatives). Precision is correct for problem 3 — maximizing precision minimizes incorrectly suspended real users (false positives). AUC-ROC is correct for problem 4 — it compares models across all thresholds threshold-independently. F1 would balance precision and recall for problem 3 but precision specifically minimizes false positives which is the stated requirement.",k-2-3-1|k-2-3-2,hard,ai-generated,false,B,Recall for detecting rare equipment failures where false negatives are catastrophic,true,2
q-2-3-28,TS2.3,mr,"An ML engineer is evaluating model performance for four different business problems and must choose the most appropriate primary evaluation metric for each. Problem 1: predict customer lifetime value in dollars and minimize large forecast errors. Problem 2: detect rare equipment failures where missing a failure is catastrophic. Problem 3: flag social media accounts as bots and avoid incorrectly suspending real users. Problem 4: compare two ad click-through prediction models at all possible decision thresholds. Which FOUR metric choices are correct? (Select FOUR)","RMSE is correct for problem 1 — it is in dollars and penalizes large CLV prediction errors heavily. Recall is correct for problem 2 — maximizing recall minimizes missed equipment failures (false negatives). Precision is correct for problem 3 — maximizing precision minimizes incorrectly suspended real users (false positives). AUC-ROC is correct for problem 4 — it compares models across all thresholds threshold-independently. F1 would balance precision and recall for problem 3 but precision specifically minimizes false positives which is the stated requirement.",k-2-3-1|k-2-3-2,hard,ai-generated,false,C,Precision for flagging bot accounts to avoid incorrectly suspending real users,true,3
q-2-3-28,TS2.3,mr,"An ML engineer is evaluating model performance for four different business problems and must choose the most appropriate primary evaluation metric for each. Problem 1: predict customer lifetime value in dollars and minimize large forecast errors. Problem 2: detect rare equipment failures where missing a failure is catastrophic. Problem 3: flag social media accounts as bots and avoid incorrectly suspending real users. Problem 4: compare two ad click-through prediction models at all possible decision thresholds. Which FOUR metric choices are correct? (Select FOUR)","RMSE is correct for problem 1 — it is in dollars and penalizes large CLV prediction errors heavily. Recall is correct for problem 2 — maximizing recall minimizes missed equipment failures (false negatives). Precision is correct for problem 3 — maximizing precision minimizes incorrectly suspended real users (false positives). AUC-ROC is correct for problem 4 — it compares models across all thresholds threshold-independently. F1 would balance precision and recall for problem 3 but precision specifically minimizes false positives which is the stated requirement.",k-2-3-1|k-2-3-2,hard,ai-generated,false,D,AUC-ROC for comparing ad click-through models threshold-independently,true,4
q-2-3-28,TS2.3,mr,"An ML engineer is evaluating model performance for four different business problems and must choose the most appropriate primary evaluation metric for each. Problem 1: predict customer lifetime value in dollars and minimize large forecast errors. Problem 2: detect rare equipment failures where missing a failure is catastrophic. Problem 3: flag social media accounts as bots and avoid incorrectly suspending real users. Problem 4: compare two ad click-through prediction models at all possible decision thresholds. Which FOUR metric choices are correct? (Select FOUR)","RMSE is correct for problem 1 — it is in dollars and penalizes large CLV prediction errors heavily. Recall is correct for problem 2 — maximizing recall minimizes missed equipment failures (false negatives). Precision is correct for problem 3 — maximizing precision minimizes incorrectly suspended real users (false positives). AUC-ROC is correct for problem 4 — it compares models across all thresholds threshold-independently. F1 would balance precision and recall for problem 3 but precision specifically minimizes false positives which is the stated requirement.",k-2-3-1|k-2-3-2,hard,ai-generated,false,E,Accuracy for the equipment failure detection model,false,5
q-2-3-29,TS2.3,mc,"An ML team is comparing two binary classifiers for a clinical trial enrollment model. The team reviews the ROC curves for both models. Model A has AUC-ROC = 0.87 but at the operating point the team will use (very high recall threshold to catch all eligible patients) Model A's precision drops to 0.21. Model B has AUC-ROC = 0.81 but at the same operating threshold Model B's precision is 0.48. For the specific clinical use case which model is actually better?","AUC-ROC measures overall performance across all thresholds but the team has a specific operating requirement — very high recall for catching all eligible patients. At that specific threshold Model B delivers precision of 0.48 versus Model A's 0.21. At the operating point the team will actually use Model B performs better. This illustrates that AUC-ROC is a summary metric — at a specific operating threshold the Precision-Recall curve at that threshold is the definitive comparison. Higher overall AUC-ROC does not guarantee better performance at a specific operating point.",k-2-3-2|s-2-3-1,hard,ai-generated,false,A,Model A because AUC-ROC of 0.87 is definitively better than 0.81,false,1
q-2-3-29,TS2.3,mc,"An ML team is comparing two binary classifiers for a clinical trial enrollment model. The team reviews the ROC curves for both models. Model A has AUC-ROC = 0.87 but at the operating point the team will use (very high recall threshold to catch all eligible patients) Model A's precision drops to 0.21. Model B has AUC-ROC = 0.81 but at the same operating threshold Model B's precision is 0.48. For the specific clinical use case which model is actually better?","AUC-ROC measures overall performance across all thresholds but the team has a specific operating requirement — very high recall for catching all eligible patients. At that specific threshold Model B delivers precision of 0.48 versus Model A's 0.21. At the operating point the team will actually use Model B performs better. This illustrates that AUC-ROC is a summary metric — at a specific operating threshold the Precision-Recall curve at that threshold is the definitive comparison. Higher overall AUC-ROC does not guarantee better performance at a specific operating point.",k-2-3-2|s-2-3-1,hard,ai-generated,false,B,Model B because at the specific operating threshold the team will use Model B delivers more than twice the precision of Model A,true,2
q-2-3-29,TS2.3,mc,"An ML team is comparing two binary classifiers for a clinical trial enrollment model. The team reviews the ROC curves for both models. Model A has AUC-ROC = 0.87 but at the operating point the team will use (very high recall threshold to catch all eligible patients) Model A's precision drops to 0.21. Model B has AUC-ROC = 0.81 but at the same operating threshold Model B's precision is 0.48. For the specific clinical use case which model is actually better?","AUC-ROC measures overall performance across all thresholds but the team has a specific operating requirement — very high recall for catching all eligible patients. At that specific threshold Model B delivers precision of 0.48 versus Model A's 0.21. At the operating point the team will actually use Model B performs better. This illustrates that AUC-ROC is a summary metric — at a specific operating threshold the Precision-Recall curve at that threshold is the definitive comparison. Higher overall AUC-ROC does not guarantee better performance at a specific operating point.",k-2-3-2|s-2-3-1,hard,ai-generated,false,C,Neither model is suitable since both have AUC-ROC below 0.90,false,3
q-2-3-29,TS2.3,mc,"An ML team is comparing two binary classifiers for a clinical trial enrollment model. The team reviews the ROC curves for both models. Model A has AUC-ROC = 0.87 but at the operating point the team will use (very high recall threshold to catch all eligible patients) Model A's precision drops to 0.21. Model B has AUC-ROC = 0.81 but at the same operating threshold Model B's precision is 0.48. For the specific clinical use case which model is actually better?","AUC-ROC measures overall performance across all thresholds but the team has a specific operating requirement — very high recall for catching all eligible patients. At that specific threshold Model B delivers precision of 0.48 versus Model A's 0.21. At the operating point the team will actually use Model B performs better. This illustrates that AUC-ROC is a summary metric — at a specific operating threshold the Precision-Recall curve at that threshold is the definitive comparison. Higher overall AUC-ROC does not guarantee better performance at a specific operating point.",k-2-3-2|s-2-3-1,hard,ai-generated,false,D,Model A because higher AUC-ROC always guarantees better precision at every threshold,false,4
q-2-3-30,TS2.3,mc,"A company operates two SageMaker endpoints serving the same recommendation task. Endpoint A is the current production model. Endpoint B is a new candidate model. The ML engineer configures SageMaker production variants with 95% traffic to Endpoint A and 5% to Endpoint B. Business metrics show Endpoint B has 12% higher click-through rate over 2 weeks. The team now wants to gradually increase traffic to Endpoint B while maintaining the ability to immediately roll back to Endpoint A if metrics degrade. Which SageMaker deployment feature enables this?","SageMaker production variants allow dynamic traffic weight adjustment at any time without downtime. The team can gradually increase Endpoint B's weight from 5% to 10%, 25%, 50%, and 100% while always maintaining the ability to immediately route all traffic back to Endpoint A by setting its weight to 100%. This provides the gradual rollout and instant rollback capability needed. Blue/Green deployment switches all traffic at once without a gradual ramp. Deploying a new endpoint loses the production variant traffic control. Shadow testing does not change which model serves real users.",s-2-3-1,hard,ai-generated,false,A,Deploy a new dedicated SageMaker endpoint for Endpoint B and decommission Endpoint A when ready,false,1
q-2-3-30,TS2.3,mc,"A company operates two SageMaker endpoints serving the same recommendation task. Endpoint A is the current production model. Endpoint B is a new candidate model. The ML engineer configures SageMaker production variants with 95% traffic to Endpoint A and 5% to Endpoint B. Business metrics show Endpoint B has 12% higher click-through rate over 2 weeks. The team now wants to gradually increase traffic to Endpoint B while maintaining the ability to immediately roll back to Endpoint A if metrics degrade. Which SageMaker deployment feature enables this?","SageMaker production variants allow dynamic traffic weight adjustment at any time without downtime. The team can gradually increase Endpoint B's weight from 5% to 10%, 25%, 50%, and 100% while always maintaining the ability to immediately route all traffic back to Endpoint A by setting its weight to 100%. This provides the gradual rollout and instant rollback capability needed. Blue/Green deployment switches all traffic at once without a gradual ramp. Deploying a new endpoint loses the production variant traffic control. Shadow testing does not change which model serves real users.",s-2-3-1,hard,ai-generated,false,B,Adjust the SageMaker production variant traffic weights to gradually increase Endpoint B's share while keeping Endpoint A available for instant rollback,true,2
q-2-3-30,TS2.3,mc,"A company operates two SageMaker endpoints serving the same recommendation task. Endpoint A is the current production model. Endpoint B is a new candidate model. The ML engineer configures SageMaker production variants with 95% traffic to Endpoint A and 5% to Endpoint B. Business metrics show Endpoint B has 12% higher click-through rate over 2 weeks. The team now wants to gradually increase traffic to Endpoint B while maintaining the ability to immediately roll back to Endpoint A if metrics degrade. Which SageMaker deployment feature enables this?","SageMaker production variants allow dynamic traffic weight adjustment at any time without downtime. The team can gradually increase Endpoint B's weight from 5% to 10%, 25%, 50%, and 100% while always maintaining the ability to immediately route all traffic back to Endpoint A by setting its weight to 100%. This provides the gradual rollout and instant rollback capability needed. Blue/Green deployment switches all traffic at once without a gradual ramp. Deploying a new endpoint loses the production variant traffic control. Shadow testing does not change which model serves real users.",s-2-3-1,hard,ai-generated,false,C,Switch to Blue/Green deployment to route all traffic to Endpoint B immediately,false,3
q-2-3-30,TS2.3,mc,"A company operates two SageMaker endpoints serving the same recommendation task. Endpoint A is the current production model. Endpoint B is a new candidate model. The ML engineer configures SageMaker production variants with 95% traffic to Endpoint A and 5% to Endpoint B. Business metrics show Endpoint B has 12% higher click-through rate over 2 weeks. The team now wants to gradually increase traffic to Endpoint B while maintaining the ability to immediately roll back to Endpoint A if metrics degrade. Which SageMaker deployment feature enables this?","SageMaker production variants allow dynamic traffic weight adjustment at any time without downtime. The team can gradually increase Endpoint B's weight from 5% to 10%, 25%, 50%, and 100% while always maintaining the ability to immediately route all traffic back to Endpoint A by setting its weight to 100%. This provides the gradual rollout and instant rollback capability needed. Blue/Green deployment switches all traffic at once without a gradual ramp. Deploying a new endpoint loses the production variant traffic control. Shadow testing does not change which model serves real users.",s-2-3-1,hard,ai-generated,false,D,Configure shadow testing to mirror all traffic to Endpoint B before switching,false,4
